file,folder,inv_date,invoice_no,vendor_name,ship_to,po_raw,ref_no,terms,due_date,tax_rate,n_lines,sales_tax,total,customer_balance,po_key,po_core,match_status,match_how,po_sheet,po_date,po_project,po_creator,po_vendor,po_desc,po_plates,po_driver,gap_days,n_candidates,period,month,due_gap,creator_n,plates_n,project_n,desc_n
186512.pdf,01 - January,2026-01-02,186512,BenQwest LLC,Ship To,7320,1706855,Net 60,2026-03-03,8.25,4,2.14,248.53,65131.26,7320,7320,STRONG,exact,Joey,2026-01-02,ADA 32,Alejandro Esquivel,Texcon,Diesel ,,,0.0,1.0,PRE-MAR1,2026-01,60,Alejandro Esquivel,,ADA 32,diesel
186513.pdf,01 - January,2026-01-02,186513,BenQwest LLC,Ship To,ADA32,1706878,Net 60,2026-03-03,8.25,6,3.31,338.05,65131.26,ADA32,,UNMATCHED,,,,,,,,,,,,PRE-MAR1,2026-01,60,,,,
186514.pdf,01 - January,2026-01-02,186514,BenQwest LLC,Ship To,393,1706922,Net 60,2026-03-03,8.25,3,0.0,259.22,65131.26,393,393,UNMATCHED,,,,,,,,,,,,PRE-MAR1,2026-01,60,,,,
186516.pdf,01 - January,2026-01-02,186516,BenQwest LLC,Ship To,12779,1706973,Net 60,2026-03-03,8.25,1,0.0,43.1,65131.26,12779,12779,VENDOR_MISMATCH,exact,Fer,2026-01-01,Mechanic Shop,Andy Hernandez,Oreilly's,License plate lens,,,1.0,1.0,PRE-MAR1,2026-01,60,Andy Hernandez,,MECHANIC SHOP,license plate lens
186518.pdf,01 - January,2026-01-05,186518,BenQwest LLC,Ship To,7324,1707180,Net 60,2026-03-06,8.25,2,0.0,109.11,66570.79,7324,7324,STRONG,exact,Joey,2026-01-05,ADA 32,Alejandro Esquivel,Texcon ,Diesel ,,,0.0,1.0,PRE-MAR1,2026-01,60,Alejandro Esquivel,,ADA 32,diesel
186519.pdf,01 - January,2026-01-05,186519,BenQwest LLC,Ship To,5434,1707226,Net 60,2026-03-06,8.25,2,0.0,109.08,66570.79,5434,5434,DATE_MISMATCH,exact,Fer,2023-08-24,Mechanic Shop,Rodrigo,Oreilly,Pintura para trailas,,Yard,865.0,1.0,PRE-MAR1,2026-01,60,Rodrigo,,MECHANIC SHOP,pintura para trailas
186520.pdf,01 - January,2026-01-05,186520,BenQwest LLC,Ship To,12783,1707279,Net 60,2026-03-06,8.25,3,0.0,299.7,66570.79,12783,12783,STRONG,exact,Fer,2026-01-05,Mechanic Shop,Ulises Rodriguez,Tex Con,Combustible,,,0.0,1.0,PRE-MAR1,2026-01,60,Ulises Rodriguez,,MECHANIC SHOP,combustible
186521.pdf,01 - January,2026-01-05,186521,BenQwest LLC,Ship To,9350,1707283,Net 60,2026-03-06,8.25,3,1.16,207.81,66570.79,9350,9350,UNMATCHED,,,,,,,,,,,,PRE-MAR1,2026-01,60,,,,
186522.pdf,01 - January,2026-01-05,186522,BenQwest LLC,Ship To,7325,1707296,Net 60,2026-03-06,8.25,1,0.0,49.84,66570.79,7325,7325,STRONG,exact,Joey,2026-01-05,ADA 33,Alejandro Esquivel,Texcon,Diesel ,,,0.0,1.0,PRE-MAR1,2026-01,60,Alejandro Esquivel,,ADA 33,diesel
186526.pdf,01 - January,2026-01-05,186526,BenQwest LLC,Ship To,7309,1707559,Net 60,2026-03-06,8.25,1,0.0,120.0,66570.79,7309,7309,STRONG,exact,Joey,2025-12-29,ADA 32,Alejandro Esquivel ,Texcon,Diesel ,,,7.0,1.0,PRE-MAR1,2026-01,60,Alejandro Esquivel,,ADA 32,diesel
186529.pdf,01 - January,2026-01-05,186529,BenQwest LLC,Ship To,1394,1707632,Net 60,2026-03-06,8.25,2,0.0,294.73,66570.79,1394,1394,DATE_MISMATCH,exact,Mario,2025-01-28,W 38th,Mario Munoz,Leo's,Fuel and Diesel,,Omar Hernandez,342.0,1.0,PRE-MAR1,2026-01,60,Mario Munoz,,W 38TH,fuel and diesel
186530.pdf,01 - January,2026-01-05,186530,BenQwest LLC,Ship To,9351 FARNCO,1707654,Net 60,2026-03-06,8.25,1,0.0,249.26,66570.79,9351 FARNCO,9351,UNMATCHED,,,,,,,,,,,,PRE-MAR1,2026-01,60,,,,
186532.pdf,01 - January,2026-01-06,186532,BenQwest LLC,Ship To,1395,1707679,Net 60,2026-03-07,8.25,7,3.87,373.73,23785.42,1395,1395,DATE_MISMATCH,exact,Mario,2025-01-28,Rosewood Ave,Mario Munoz,Leo's,Fuel and Diesel,,Gerardo Sanchez,343.0,1.0,PRE-MAR1,2026-01,60,Mario Munoz,,ROSEWOOD AVE,fuel and diesel
186533.pdf,01 - January,2026-01-06,186533,BenQwest LLC,Ship To,1199,1707700,Net 60,2026-03-07,8.25,6,7.79,367.24,23785.42,1199,1199,DATE_MISMATCH,exact,Mario,2024-08-28,CPO Menchaca,Mario Muñoz,Ace Contractors Supply,Varios,,MM,496.0,1.0,PRE-MAR1,2026-01,60,Mario Muñoz,,CPO MENCHACA,varios
186534.pdf,01 - January,2026-01-06,186534,BenQwest LLC,Ship To,12787,1707749,Net 60,2026-03-07,8.25,2,0.0,96.53,23785.42,12787,12787,STRONG,exact,Fer,2026-01-06,Mechanic Shop,Andy Hernandez,Tex Con,Combustible Truck VIN #3241,,,0.0,1.0,PRE-MAR1,2026-01,60,Andy Hernandez,,MECHANIC SHOP,combustible truck vin #3241
186535.pdf,01 - January,2026-01-06,186535,BenQwest LLC,Ship To,7330,1707855,Net 60,2026-03-07,8.25,3,0.0,272.04,23785.42,7330,7330,STRONG,exact,Joey,2026-01-06,ADA 33 ,Alejandro Esquivel,Texcon ,Diesel ,,,0.0,1.0,PRE-MAR1,2026-01,60,Alejandro Esquivel,,ADA 33,diesel
186536.pdf,01 - January,2026-01-06,186536,BenQwest LLC,Ship To,7331,1707865,Net 60,2026-03-07,8.25,2,0.0,243.65,23785.42,7331,7331,STRONG,exact,Joey,2026-01-06,ADA 33 ,Alejandro Esquivel ,Texcon ,Diesel ,,,0.0,1.0,PRE-MAR1,2026-01,60,Alejandro Esquivel,,ADA 33,diesel
186543.pdf,01 - January,2026-01-07,186543,BenQwest LLC,Ship To,5430,1708115,Net 60,2026-03-08,8.25,3,0.0,173.16,24928.28,5430,5430,DATE_MISMATCH,exact,Fer,2023-08-23,Mechanic Shop,Abel,Bobcat,Partes para bobcat de Julian,,Julian,868.0,1.0,PRE-MAR1,2026-01,60,Abel,,MECHANIC SHOP,partes para bobcat de julian
186544.pdf,01 - January,2026-01-07,186544,BenQwest LLC,Ship To,9355,1708118,Net 60,2026-03-08,8.25,4,2.54,124.7,24928.28,9355,9355,UNMATCHED,,,,,,,,,,,,PRE-MAR1,2026-01,60,,,,
186546.pdf,01 - January,2026-01-07,186546,BenQwest LLC,Ship To,5433,1708331,Net 60,2026-03-08,8.25,3,0.0,253.77,24928.28,5433,5433,DATE_MISMATCH,exact,Fer,2023-08-24,Mechanic Shop,Rodrigo,Oreilly,Filtros para camioneta de Ulises,,Ulises,867.0,1.0,PRE-MAR1,2026-01,60,Rodrigo,,MECHANIC SHOP,filtros para camioneta de ulises
186548.pdf,01 - January,2026-01-07,186548,BenQwest LLC,Ship To,9357,1708473,Net 60,2026-03-08,8.25,2,0.0,88.2,24928.28,9357,9357,UNMATCHED,,,,,,,,,,,,PRE-MAR1,2026-01,60,,,,
186549.pdf,01 - January,2026-01-07,186549,BenQwest LLC,Ship To,12784,1808507,Net 60,2026-03-08,8.25,3,2.24,140.1,24928.28,12784,12784,VENDOR_MISMATCH,exact,Fer,2026-01-05,Mechanic Shop,Fernando,Bobcat,Service Manual ,,,2.0,1.0,PRE-MAR1,2026-01,60,Fernando,,MECHANIC SHOP,service manual
186550.pdf,01 - January,2026-01-07,186550,BenQwest LLC,Ship To,9358,1708526,Net 60,2026-03-08,8.25,2,0.42,304.93,24928.28,9358,9358,UNMATCHED,,,,,,,,,,,,PRE-MAR1,2026-01,60,,,,
186551.pdf,01 - January,2026-01-08,186551,BenQwest LLC,Ship To,7337,1708628,Net 60,2026-03-09,8.25,3,0.0,224.71,25805.78,7337,7337,STRONG,exact,Joey,2026-01-08,ADA 32,Alejandro Esquivel,Texcon,Diesel ,,,0.0,1.0,PRE-MAR1,2026-01,60,Alejandro Esquivel,,ADA 32,diesel
186554.pdf,01 - January,2026-01-08,186554,BenQwest LLC,Ship To,9356,1708711,Net 60,2026-03-09,8.25,2,0.91,308.14,25805.78,9356,9356,UNMATCHED,,,,,,,,,,,,PRE-MAR1,2026-01,60,,,,
186555.pdf,01 - January,2026-01-08,186555,BenQwest LLC,Ship To,7341,1708805,Net 60,2026-03-09,8.25,1,0.0,118.44,25805.78,7341,7341,VENDOR_MISMATCH,exact,Joey,2026-01-09,ADA 32,Alejandro Esquivel,Elliott Electric,"2"" PVC Pipe",,,-1.0,1.0,PRE-MAR1,2026-01,60,Alejandro Esquivel,,ADA 32,"2"" pvc pipe"
186557.pdf,01 - January,2026-01-08,186557,BenQwest LLC,Ship To,9360,1708925,Net 60,2026-03-09,8.25,1,0.0,226.21,25805.78,9360,9360,UNMATCHED,,,,,,,,,,,,PRE-MAR1,2026-01,60,,,,
186559.pdf,01 - January,2026-01-09,186559,BenQwest LLC,Ship To,12803,1709151,Net 60,2026-03-10,8.25,1,0.0,89.1,26452.9,12803,12803,STRONG,exact,Fer,2026-01-09,Mechanic Shop,Abel,Tex Con,Combustible VIN # 8919,,,0.0,1.0,PRE-MAR1,2026-01,60,Abel,,MECHANIC SHOP,combustible vin # 8919
186561.pdf,01 - January,2026-01-09,186561,BenQwest LLC,Ship To,12804,1709229,Net 60,2026-03-10,8.25,1,0.0,43.03,26452.9,12804,12804,STRONG,exact,Fer,2026-01-09,Mechanic Shop,Andy,Tex Con,Combustible VIN # 3241,,,0.0,1.0,PRE-MAR1,2026-01,60,Andy,,MECHANIC SHOP,combustible vin # 3241
186564.pdf,01 - January,2026-01-09,186564,BenQwest LLC,Ship To,9368,1709303,Net 60,2026-03-10,8.25,2,1.02,254.56,26452.9,9368,9368,UNMATCHED,,,,,,,,,,,,PRE-MAR1,2026-01,60,,,,
186565.pdf,01 - January,2026-01-09,186565,BenQwest LLC,Ship To,9367,1709480,Net 60,2026-03-10,8.25,3,0.0,260.43,26452.9,9367,9367,UNMATCHED,,,,,,,,,,,,PRE-MAR1,2026-01,60,,,,
186568.pdf,01 - January,2026-01-12,186568,BenQwest LLC,Ship To,1407,1709755,Net 60,2026-03-13,8.25,2,0.42,74.21,26872.01,1407,1407,PO_NO_DATE,exact,Mario,,,,,,,,,1.0,PRE-MAR1,2026-01,60,,,,
186570.pdf,01 - January,2026-01-12,186570,BenQwest LLC,Ship To,5441,1709892,Net 60,2026-03-13,8.25,3,0.0,344.9,26872.01,5441,5441,DATE_MISMATCH,exact,Fer,2023-08-28,Mechanic Shop,Rodrigo,Oreilly,Bateria para bobcat de Ruben,200430,Ruben,868.0,1.0,PRE-MAR1,2026-01,60,Rodrigo,200430,MECHANIC SHOP,bateria para bobcat de ruben
186578.pdf,01 - January,2026-01-13,186578,BenQwest LLC,Ship To,5454,1710149,Net 60,2026-03-14,8.25,5,6.94,340.63,28230.59,5454,5454,DATE_MISMATCH,exact,Fer,2023-08-30,Mechanic Shop,Abel,Leif Johnson Ford,Piezas para camioneta de Karla,,Karla,867.0,1.0,PRE-MAR1,2026-01,60,Abel,,MECHANIC SHOP,piezas para camioneta de karla
186579.pdf,01 - January,2026-01-13,186579,BenQwest LLC,Ship To,9371,1710184,Net 60,2026-03-14,8.25,4,1.07,213.43,28230.59,9371,9371,UNMATCHED,,,,,,,,,,,,PRE-MAR1,2026-01,60,,,,
186582.pdf,01 - January,2026-01-13,186582,BenQwest LLC,Ship To,12812,1710273,Net 60,2026-03-14,8.25,3,2.24,137.82,28230.59,12812,12812,STRONG,exact,Fer,2026-01-13,Mechanic Shop,Ulises Rodriguez,Tex Con,Combustible,,,0.0,1.0,PRE-MAR1,2026-01,60,Ulises Rodriguez,,MECHANIC SHOP,combustible
186583.pdf,01 - January,2026-01-13,186583,BenQwest LLC,Ship To,5455,1710275,Net 60,2026-03-14,8.25,4,0.49,289.79,28230.59,5455,5455,DATE_MISMATCH,exact,Fer,2023-08-31,Mechanic Shop,Abel,Bobcat,Piezas para bobcat de Ricardo/Lupe,,Bobcat de Ricardo / Lupe,866.0,1.0,PRE-MAR1,2026-01,60,Abel,,MECHANIC SHOP,piezas para bobcat de ricardo/lupe
186584.pdf,01 - January,2026-01-13,186584,BenQwest LLC,Ship To,12814,1710307,Net 60,2026-03-14,8.25,2,0.0,104.94,28230.59,12814,12814,STRONG,exact,Fer,2026-01-13,Mechanic Shop,Abel,Tex Con,Combustible,,,0.0,1.0,PRE-MAR1,2026-01,60,Abel,,MECHANIC SHOP,combustible
186586.pdf,01 - January,2026-01-13,186586,BenQwest LLC,Ship To,MCNEIL COVERT,1710496,Net 60,2026-03-14,8.25,2,0.0,271.97,28230.59,MCNEIL COVERT,,UNMATCHED,,,,,,,,,,,,PRE-MAR1,2026-01,60,,,,
186588.pdf,01 - January,2026-01-14,186588,BenQwest LLC,Ship To,ADA#32,1710885,Net 60,2026-03-15,8.25,2,0.0,306.78,29172.82,ADA#32,,UNMATCHED,,,,,,,,,,,,PRE-MAR1,2026-01,60,,,,
186589.pdf,01 - January,2026-01-14,186589,BenQwest LLC,Ship To,1411,1710621,Net 60,2026-03-15,8.25,3,0.0,241.92,29172.82,1411,1411,PO_NO_DATE,exact,Mario,,,,,,,,,1.0,PRE-MAR1,2026-01,60,,,,
186590.pdf,01 - January,2026-01-14,186590,BenQwest LLC,Ship To,12804,1710674,Net 60,2026-03-15,8.25,1,0.0,88.8,29172.82,12804,12804,STRONG,exact,Fer,2026-01-09,Mechanic Shop,Andy,Tex Con,Combustible VIN # 3241,,,5.0,1.0,PRE-MAR1,2026-01,60,Andy,,MECHANIC SHOP,combustible vin # 3241
186591.pdf,01 - January,2026-01-14,186591,BenQwest LLC,Ship To,ADA33,1710676,Net 60,2026-03-15,8.25,1,0.0,102.43,29172.82,ADA33,,UNMATCHED,,,,,,,,,,,,PRE-MAR1,2026-01,60,,,,
186593.pdf,01 - January,2026-01-14,186593,BenQwest LLC,Ship To,9374,1710573,Net 60,2026-03-15,8.25,4,0.34,202.3,29172.82,9374,9374,UNMATCHED,,,,,,,,,,,,PRE-MAR1,2026-01,60,,,,
186594.pdf,01 - January,2026-01-15,186594,BenQwest LLC,Ship To,9276,1711132,Net 60,2026-03-16,8.25,3,4.48,549.78,30258.94,9276,9276,UNMATCHED,,,,,,,,,,,,PRE-MAR1,2026-01,60,,,,
186595.pdf,01 - January,2026-01-15,186595,BenQwest LLC,Ship To,9372,1711156,Net 60,2026-03-16,8.25,3,3.49,358.48,30258.94,9372,9372,UNMATCHED,,,,,,,,,,,,PRE-MAR1,2026-01,60,,,,
186596.pdf,01 - January,2026-01-15,186596,BenQwest LLC,Ship To,5463,1711185,Net 60,2026-03-16,8.25,3,2.24,141.88,30258.94,5463,5463,DATE_MISMATCH,exact,Fer,2023-09-01,Mechanic Shop,Abel,Lejft Jonhn Ford ,ABS Module for Julian's truck ,,Julian,867.0,1.0,PRE-MAR1,2026-01,60,Abel,,MECHANIC SHOP,abs module for julian's truck
186597.pdf,01 - January,2026-01-15,186597,BenQwest LLC,Ship To,12828,1711233,Net 60,2026-03-16,8.25,2,0.0,35.98,30258.94,12828,12828,STRONG,exact,Fer,2026-01-15,Mechanic Shop,Andy,Tex Con,Diesel in 2 cans for truck VIN # 8626,,,0.0,1.0,PRE-MAR1,2026-01,60,Andy,,MECHANIC SHOP,diesel in 2 cans for truck vin # 8626
186605.pdf,01 - January,2026-01-16,186605,BenQwest LLC,Ship To,33-2001,1711507,Net 60,2026-03-17,8.25,4,0.42,390.94,31489.49,33-2001,,UNMATCHED,,,,,,,,,,,,PRE-MAR1,2026-01,60,,,,
186606.pdf,01 - January,2026-01-16,186606,BenQwest LLC,Ship To,7337,1711518,Net 60,2026-03-17,8.25,3,0.0,217.06,31489.49,7337,7337,STRONG,exact,Joey,2026-01-08,ADA 32,Alejandro Esquivel,Texcon,Diesel ,,,8.0,1.0,PRE-MAR1,2026-01,60,Alejandro Esquivel,,ADA 32,diesel
186607.pdf,01 - January,2026-01-16,186607,BenQwest LLC,Ship To,9378,1711522,Net 60,2026-03-17,8.25,4,2.24,229.98,31489.49,9378,9378,UNMATCHED,,,,,,,,,,,,PRE-MAR1,2026-01,60,,,,
186612.pdf,01 - January,2026-01-16,186612,BenQwest LLC,Ship To,5469,1711838,Net 60,2026-03-17,8.25,3,4.68,146.08,31489.49,5469,5469,DATE_MISMATCH,exact,Fer,2023-09-06,Mechanic Shop,Ulises,Orreilly ,Bateria para Bobcat de Daniel,,Daniel,863.0,1.0,PRE-MAR1,2026-01,60,Ulises,,MECHANIC SHOP,bateria para bobcat de daniel
186613.pdf,01 - January,2026-01-16,186613,BenQwest LLC,Ship To,12833,1711866,Net 60,2026-03-17,8.25,3,1.82,133.97,31489.49,12833,12833,STRONG,exact,Fer,2026-01-16,Mechanic Shop,Abel Hernandez,Tex Con,Combustible,,,0.0,1.0,PRE-MAR1,2026-01,60,Abel Hernandez,,MECHANIC SHOP,combustible
186614.pdf,01 - January,2026-01-16,186614,BenQwest LLC,Ship To,9377,1711935,Net 60,2026-03-17,8.25,4,0.49,307.19,31796.68,9377,9377,UNMATCHED,,,,,,,,,,,,PRE-MAR1,2026-01,60,,,,
186616.pdf,01 - January,2026-01-19,186616,BenQwest LLC,Ship To,9385,1712121,Net 60,2026-03-20,8.25,2,0.0,122.68,32082.82,9385,9385,UNMATCHED,,,,,,,,,,,,PRE-MAR1,2026-01,60,,,,
186624.pdf,01 - January,2026-01-19,186624,BenQwest LLC,Ship To,7351,1712513,Net 60,2026-03-20,8.25,1,0.0,107.96,32082.82,7351,7351,STRONG,exact,Joey,2026-01-19,ADA 32,Alejandro Esquivel ,Texcon ,Diesel ,,,0.0,1.0,PRE-MAR1,2026-01,60,Alejandro Esquivel,,ADA 32,diesel
186625.pdf,01 - January,2026-01-19,186625,BenQwest LLC,Ship To,7354,1712575,Net 60,2026-03-20,8.25,1,0.0,55.5,32082.82,7354,7354,FUEL_VENDOR_VARIANT,exact,Joey,2026-01-19,ADA 33 ,Alejandro Esquivel ,Leo's Service Station,Fuel ,,,0.0,1.0,PRE-MAR1,2026-01,60,Alejandro Esquivel,,ADA 33,fuel
186626.pdf,01 - January,2026-01-14,186626,BenQwest LLC,Ship To,7345,1710959,Net 60,2026-03-15,8.25,2,3.56,155.79,32700.62,7345,7345,FUEL_VENDOR_VARIANT,exact,Joey,2026-01-15,ADA 33,Hector Manzanares ,Leo's Service Station,Fuel ,,,-1.0,1.0,PRE-MAR1,2026-01,60,Hector Manzanares,,ADA 33,fuel
186627.pdf,01 - January,2026-01-14,186627,BenQwest LLC,Ship To,9375,1710793,Net 60,2026-03-15,8.25,1,0.0,292.63,32700.62,9375,9375,UNMATCHED,,,,,,,,,,,,PRE-MAR1,2026-01,60,,,,
186628.pdf,01 - January,2026-01-14,186628,BenQwest LLC,Ship To,5458,1710999,Net 60,2026-03-15,8.25,4,1.51,169.38,32700.62,5458,5458,DATE_MISMATCH,exact,Fer,2023-09-01,Mechanic Shop,Rodrigo,Lejft Jonhn Ford ,Sway bar link para camioneta de Rudy ,,Rudy,866.0,1.0,PRE-MAR1,2026-01,60,Rodrigo,,MECHANIC SHOP,sway bar link para camioneta de rudy
186630.pdf,01 - January,2026-01-20,186630,BenQwest LLC,Ship To,12841,1712905,Net 60,2026-03-21,8.25,4,10.38,414.23,34264.4,12841,12841,STRONG,exact,Fer,2026-01-21,Mechanic Shop,Andy,Tex Con,Combustible for Shop,,,-1.0,1.0,PRE-MAR1,2026-01,60,Andy,,MECHANIC SHOP,combustible for shop
186632.pdf,01 - January,2026-01-20,186632,BenQwest LLC,Ship To,9389,1713081,Net 60,2026-03-21,8.25,2,3.77,359.98,34264.4,9389,9389,UNMATCHED,,,,,,,,,,,,PRE-MAR1,2026-01,60,,,,
186633.pdf,01 - January,2026-01-20,186633,BenQwest LLC,Ship To,7359,1713085,Net 60,2026-03-21,8.25,4,2.04,235.31,34264.4,7359,7359,STRONG,exact,Joey,2026-01-20,CMTA IDIQ,Alejandro Esquivel ,Texcon,Diesel ,,,0.0,1.0,PRE-MAR1,2026-01,60,Alejandro Esquivel,,CMTA IDIQ,diesel
186634.pdf,01 - January,2026-01-20,186634,BenQwest LLC,Ship To,1420,1712666,Net 60,2026-03-21,8.25,6,5.06,372.43,34264.4,1420,1420,DATE_MISMATCH,exact,Mario,2025-02-11,N Lamar,Mario Munoz,Ace Contractors Supply,Varios,,Isidro Sanchez,343.0,1.0,PRE-MAR1,2026-01,60,Mario Munoz,,N LAMAR,varios
186635.pdf,01 - January,2026-01-20,186635,BenQwest LLC,Ship To,12838,1712767,Net 60,2026-03-21,8.25,1,0.0,42.87,34264.4,12838,12838,STRONG,exact,Fer,2026-01-20,Mechanic Shop,Andy,Tex Con,Combustible Truck VIN # 3241,,,0.0,1.0,PRE-MAR1,2026-01,60,Andy,,MECHANIC SHOP,combustible truck vin # 3241
186639.pdf,01 - January,2026-01-20,186639,BenQwest LLC,Ship To,COLVERT EXTENSI,1712776,Net 60,2026-03-21,8.25,3,3.42,138.96,34264.4,COLVERT EXTENSI,,UNMATCHED,,,,,,,,,,,,PRE-MAR1,2026-01,60,,,,
186641.pdf,01 - January,2026-01-21,186641,BenQwest LLC,Ship To,1422,1713145,Net 60,2026-03-22,8.25,6,11.04,409.3,35950.66,1422,1422,DATE_MISMATCH,exact,Mario,2025-02-14,Cesar Chavez,Mario Munoz,Tex-Con,Fuel and Diesel,,Martin Gonzalez,341.0,1.0,PRE-MAR1,2026-01,60,Mario Munoz,,CESAR CHAVEZ,fuel and diesel
186642.pdf,01 - January,2026-01-21,186642,BenQwest LLC,Ship To,9390,1713156,Net 60,2026-03-22,8.25,4,2.28,164.79,35950.66,9390,9390,UNMATCHED,,,,,,,,,,,,PRE-MAR1,2026-01,60,,,,
186643.pdf,01 - January,2026-01-21,186643,BenQwest LLC,Ship To,ADA-32,1713160,Net 60,2026-03-22,8.25,5,2.85,296.58,35950.66,ADA-32,,UNMATCHED,,,,,,,,,,,,PRE-MAR1,2026-01,60,,,,
186644.pdf,01 - January,2026-01-21,186644,BenQwest LLC,Ship To,7361,1713192,Net 60,2026-03-22,8.25,3,0.0,272.8,35950.66,7361,7361,STRONG,exact,Joey,2026-01-20,ADA 33,Alejandro Esquivel ,Texcon,Diesel ,,,1.0,1.0,PRE-MAR1,2026-01,60,Alejandro Esquivel,,ADA 33,diesel
186646.pdf,01 - January,2026-01-21,186646,BenQwest LLC,Ship To,12841,1713249,Net 60,2026-03-22,8.25,2,0.0,95.79,35950.66,12841,12841,STRONG,exact,Fer,2026-01-21,Mechanic Shop,Andy,Tex Con,Combustible for Shop,,,0.0,1.0,PRE-MAR1,2026-01,60,Andy,,MECHANIC SHOP,combustible for shop
186649.pdf,01 - January,2026-01-21,186649,BenQwest LLC,Ship To,9392,1713488,Net 60,2026-03-22,8.25,3,5.39,447.0,35950.66,9392,9392,UNMATCHED,,,,,,,,,,,,PRE-MAR1,2026-01,60,,,,
186650.pdf,01 - January,2026-01-22,186650,BenQwest LLC,Ship To,7366,1713616,Net 60,2026-03-23,8.25,1,0.0,68.68,36424.19,7366,7366,STRONG,exact,Joey,2026-01-21,ADA 33 ,Alejandro Esquivel,Texcon ,Diesel ,,,1.0,1.0,PRE-MAR1,2026-01,60,Alejandro Esquivel,,ADA 33,diesel
186652.pdf,01 - January,2026-01-22,186652,BenQwest LLC,Ship To,9393,1713828,Net 60,2026-03-23,8.25,2,0.42,404.85,36424.19,9393,9393,UNMATCHED,,,,,,,,,,,,PRE-MAR1,2026-01,60,,,,
186655.pdf,01 - January,2026-01-22,186655,BenQwest LLC,Ship To,9394,1713611,Net 60,2026-03-23,8.25,3,0.0,141.85,36857.5,9394,9394,UNMATCHED,,,,,,,,,,,,PRE-MAR1,2026-01,60,,,,
186656.pdf,01 - January,2026-01-22,186656,BenQwest LLC,Ship To,7368,1713779,Net 60,2026-03-23,8.25,1,0.0,110.83,36857.5,7368,7368,STRONG,exact,Joey,2026-01-22,ADA 33,Alejandro Esquivel ,Texcon,Diesel ,,,0.0,1.0,PRE-MAR1,2026-01,60,Alejandro Esquivel,,ADA 33,diesel
186657.pdf,01 - January,2026-01-22,186657,BenQwest LLC,Ship To,12846,1713964,Net 60,2026-03-23,8.25,2,0.0,119.05,36857.5,12846,12846,STRONG,exact,Fer,2026-01-22,Mechanic Shop,Ulises,Tex Con,Combustible,,,0.0,1.0,PRE-MAR1,2026-01,60,Ulises,,MECHANIC SHOP,combustible
186658.pdf,01 - January,2026-01-22,186658,BenQwest LLC,Ship To,0369,1714068,Net 60,2026-03-23,8.25,1,0.0,61.58,36857.5,0369,0369,UNMATCHED,,,,,,,,,,,,PRE-MAR1,2026-01,60,,,,
186661.pdf,01 - January,2026-01-23,186661,BenQwest LLC,Ship To,7370,1714096,Net 60,2026-03-24,8.25,4,0.38,229.41,39009.49,7370,7370,STRONG,exact,Joey,2026-01-23,ADA 32,Alejandro Esquivel,Texcon ,Diesel ,,,0.0,1.0,PRE-MAR1,2026-01,60,Alejandro Esquivel,,ADA 32,diesel
186662.pdf,01 - January,2026-01-23,186662,BenQwest LLC,Ship To,1425,1714123,Net 60,2026-03-24,8.25,7,3.88,429.12,39009.49,1425,1425,DATE_MISMATCH,exact,Mario,2025-02-17,N Lamar,Mario Munoz,Leo's,Fuel and Diesel,,Isidro Sanchez,340.0,1.0,PRE-MAR1,2026-01,60,Mario Munoz,,N LAMAR,fuel and diesel
186665.pdf,01 - January,2026-01-23,186665,BenQwest LLC,Ship To,7373,1714178,Net 60,2026-03-24,8.25,3,0.91,345.5,39009.49,7373,7373,STRONG,exact,Joey,2026-01-23,Mokan Trail,Mario Munoz,Texcon,Diesel ,,,0.0,1.0,PRE-MAR1,2026-01,60,Mario Munoz,,MOKAN TRAIL,diesel
186667.pdf,01 - January,2026-01-23,186667,BenQwest LLC,Ship To,5485,1714360,Net 60,2026-03-24,8.25,2,0.0,207.22,39009.49,5485,5485,DATE_MISMATCH,exact,Fer,2023-09-08,Mechanic Shop,Rodrigo,Oreilly,Filtros para camioneta de Martin,,Martin,868.0,1.0,PRE-MAR1,2026-01,60,Rodrigo,,MECHANIC SHOP,filtros para camioneta de martin
186668.pdf,01 - January,2026-01-23,186668,BenQwest LLC,Ship To,9403,1714423,Net 60,2026-03-24,8.25,3,0.0,186.19,39009.49,9403,9403,UNMATCHED,,,,,,,,,,,,PRE-MAR1,2026-01,60,,,,
186669.pdf,01 - January,2026-01-23,186669,BenQwest LLC,Ship To,7376,1714445,Net 60,2026-03-24,8.25,2,0.42,57.23,39009.49,7376,7376,STRONG,exact,Joey,2026-01-23,ADA 33,Alejandro Esquivel ,Texcon,Diesel ,,,0.0,1.0,PRE-MAR1,2026-01,60,Alejandro Esquivel,,ADA 33,diesel
186670.pdf,01 - January,2026-01-23,186670,BenQwest LLC,Ship To,9404,1714446,Net 60,2026-03-24,8.25,3,0.0,193.24,39009.49,9404,9404,UNMATCHED,,,,,,,,,,,,PRE-MAR1,2026-01,60,,,,
186671.pdf,01 - January,2026-01-23,186671,BenQwest LLC,Ship To,7377,1714502,Net 60,2026-03-24,8.25,3,0.0,231.74,39009.49,7377,7377,STRONG,exact,Joey,2026-01-23,ADA 33,Alejandro Esquivel ,Texcon ,Diesel ,,,0.0,1.0,PRE-MAR1,2026-01,60,Alejandro Esquivel,,ADA 33,diesel
186672.pdf,01 - January,2026-01-23,186672,BenQwest LLC,Ship To,5480,1714510,Net 60,2026-03-24,8.25,4,0.35,211.3,39009.49,5480,5480,DATE_MISMATCH,exact,Fer,2023-09-08,Mechanic Shop,Abraham,Texcon,Diesel para camion de Abraham,,Abraham  ,868.0,1.0,PRE-MAR1,2026-01,60,Abraham,,MECHANIC SHOP,diesel para camion de abraham
186674.pdf,01 - January,2026-01-27,186674,BenQwest LLC,Ship To,7381,1714651,Net 60,2026-03-28,8.25,1,0.0,96.81,39498.44,7381,7381,STRONG,exact,Joey,2026-01-27,CMTA IDIQ,Alejandro Esquivel ,Texcon ,Diesel ,,,0.0,1.0,PRE-MAR1,2026-01,60,Alejandro Esquivel,,CMTA IDIQ,diesel
186677.pdf,01 - January,2026-01-27,186677,BenQwest LLC,Ship To,7382,1714763,Net 60,2026-03-28,8.25,1,0.0,63.14,39498.44,7382,7382,STRONG,exact,Joey,2026-01-27,CMTA IDIQ,Alejandro Esquivel ,Texcon ,Diesel ,,,0.0,1.0,PRE-MAR1,2026-01,60,Alejandro Esquivel,,CMTA IDIQ,diesel
186678.pdf,01 - January,2026-01-27,186678,BenQwest LLC,Ship To,5487,1714815,Net 60,2026-03-28,8.25,4,5.83,329.0,39498.44,5487,5487,DATE_MISMATCH,exact,Fer,2023-09-11,Mechanic Shop,Abel,Orelly,Baterias para camion de White Dump truck Red River,,Red River,869.0,1.0,PRE-MAR1,2026-01,60,Abel,,MECHANIC SHOP,baterias para camion de white dump truck red river
186680.pdf,01 - January,2026-01-28,186680,BenQwest LLC,Ship To,5488,1714920,Net 60,2026-03-29,8.25,2,0.0,250.15,40546.25,5488,5488,DATE_MISMATCH,exact,Fer,2023-09-11,Mechanic Shop,Abel,Texcon,Diesel para camion de Abel,,Abel,870.0,1.0,PRE-MAR1,2026-01,60,Abel,,MECHANIC SHOP,diesel para camion de abel
186682.pdf,01 - January,2026-01-28,186682,BenQwest LLC,Ship To,7384,1714991,Net 60,2026-03-29,8.25,3,2.07,299.22,40546.25,7384,7384,STRONG,exact,Joey,2026-01-28,CMTA IDIQ,Ivan Muniz,Texcon ,Diesel ,,,0.0,1.0,PRE-MAR1,2026-01,60,Ivan Muniz,,CMTA IDIQ,diesel
186683.pdf,01 - January,2026-01-28,186683,BenQwest LLC,Ship To,12858,1715025,Net 60,2026-03-29,8.25,3,0.42,188.38,40546.25,12858,12858,STRONG,exact,Fer,2026-01-27,Mechanic Shop,Ulises,Tex Con,Combustible,,,1.0,1.0,PRE-MAR1,2026-01,60,Ulises,,MECHANIC SHOP,combustible
186687.pdf,01 - January,2026-01-28,186687,BenQwest LLC,Ship To,12871,1715115,Net 60,2026-03-29,8.25,2,2.24,76.45,40546.25,12871,12871,STRONG,exact,Fer,2026-01-28,Mechanic Shop,Fernando,Tex Con,Combustible truck VIN #3488,,,0.0,1.0,PRE-MAR1,2026-01,60,Fernando,,MECHANIC SHOP,combustible truck vin #3488
186688.pdf,01 - January,2026-01-28,186688,BenQwest LLC,Ship To,7386,1715191,Net 60,2026-03-29,8.25,5,2.51,233.61,40546.25,7386,7386,STRONG,exact,Joey,2026-01-28,ADA 33,Carlos Diaz,Texcon ,Diesel ,,,0.0,1.0,PRE-MAR1,2026-01,60,Carlos Diaz,,ADA 33,diesel
186690.pdf,01 - January,2026-01-29,186690,BenQwest LLC,Ship To,7386,1715219,Net 60,2026-03-30,8.25,3,0.0,173.66,41667.81,7386,7386,STRONG,exact,Joey,2026-01-28,ADA 33,Carlos Diaz,Texcon ,Diesel ,,,1.0,1.0,PRE-MAR1,2026-01,60,Carlos Diaz,,ADA 33,diesel
186691.pdf,01 - January,2026-01-29,186691,BenQwest LLC,Ship To,9408,1715248,Net 60,2026-03-30,8.25,4,11.65,284.73,41667.81,9408,9408,UNMATCHED,,,,,,,,,,,,PRE-MAR1,2026-01,60,,,,
186696.pdf,01 - January,2026-01-29,186696,BenQwest LLC,Ship To,12860-ABEL,1715354,Net 60,2026-03-30,8.25,1,0.0,102.65,41667.81,12860-ABEL,12860,VENDOR_MISMATCH,core,Fer,2026-01-27,Mechanic Shop,Fernando,Bobcat,3 Air Filters / 2 Kit tooth / 10 bolts and 10 nut,,,2.0,1.0,PRE-MAR1,2026-01,60,Fernando,,MECHANIC SHOP,3 air filters / 2 kit tooth / 10 bolts and 10 nut
186698.pdf,01 - January,2026-01-29,186698,BenQwest LLC,Ship To,5493,1715513,Net 60,2026-03-30,8.25,1,0.0,182.5,41667.81,5493,5493,DATE_MISMATCH,exact,Fer,2023-09-11,Mechanic Shop,Abel,Orreily,Aceite Hydraulico ,,Abel,871.0,1.0,PRE-MAR1,2026-01,60,Abel,,MECHANIC SHOP,aceite hydraulico
186699.pdf,01 - January,2026-01-29,186699,BenQwest LLC,Ship To,9410,1715591,Net 60,2026-03-30,8.25,1,0.0,319.97,41667.81,9410,9410,UNMATCHED,,,,,,,,,,,,PRE-MAR1,2026-01,60,,,,
186700.pdf,01 - January,2026-01-29,186700,BenQwest LLC,Ship To,7388,1715632,Net 60,2026-03-30,8.25,1,0.0,58.05,41667.81,7388,7388,STRONG,exact,Joey,2026-01-29,ADA 33,Alejandro Esquivel,Texcon,Fuel ,,,0.0,1.0,PRE-MAR1,2026-01,60,Alejandro Esquivel,,ADA 33,fuel
186701.pdf,01 - January,2026-01-30,186701,BenQwest LLC,Ship To,7387,1715651,Net 60,2026-03-31,8.25,4,18.28,351.11,43996.86,7387,7387,VENDOR_MISMATCH,exact,Joey,2026-01-29,ADA 33,Alejandro Esquivel ,ACE Contractor Supply,"Safety Fence, Plywood",,,1.0,1.0,PRE-MAR1,2026-01,60,Alejandro Esquivel,,ADA 33,"safety fence, plywood"
186702.pdf,01 - January,2026-01-30,186702,BenQwest LLC,Ship To,9411,1715673,Net 60,2026-03-31,8.25,4,1.87,164.88,43996.86,9411,9411,UNMATCHED,,,,,,,,,,,,PRE-MAR1,2026-01,60,,,,
186703.pdf,01 - January,2026-01-30,186703,BenQwest LLC,Ship To,7390,1715714,Net 60,2026-03-31,8.25,2,0.0,92.73,43996.86,7390,7390,STRONG,exact,Joey,2026-01-30,ADA 33,Alejandro Esquivel,Texcon,Diesel ,,,0.0,1.0,PRE-MAR1,2026-01,60,Alejandro Esquivel,,ADA 33,diesel
186704.pdf,01 - January,2026-01-30,186704,BenQwest LLC,Ship To,12877,1715733,Net 60,2026-03-31,8.25,5,31.32,473.57,43996.86,12877,12877,STRONG,exact,Fer,2026-01-30,Mechanic Shop,Fernando,Tex Con,3 Greaser gun / 1 box of grease,,,0.0,1.0,PRE-MAR1,2026-01,60,Fernando,,MECHANIC SHOP,3 greaser gun / 1 box of grease
186705.pdf,01 - January,2026-01-30,186705,BenQwest LLC,Ship To,12878,1715741,Net 60,2026-03-31,8.25,1,0.0,50.57,43996.86,12878,12878,STRONG,exact,Fer,2026-01-30,Mechanic Shop,Andy,Tex Con,Combustible fro truck VIN # 3241,,,0.0,1.0,PRE-MAR1,2026-01,60,Andy,,MECHANIC SHOP,combustible fro truck vin # 3241
186708.pdf,01 - January,2026-01-30,186708,BenQwest LLC,Ship To,9414,1715871,Net 60,2026-03-31,8.25,1,0.0,84.18,43996.86,9414,9414,UNMATCHED,,,,,,,,,,,,PRE-MAR1,2026-01,60,,,,
186709.pdf,01 - January,2026-01-30,186709,BenQwest LLC,Ship To,9412,1715885,Net 60,2026-03-31,8.25,2,2.76,381.13,43996.86,9412,9412,UNMATCHED,,,,,,,,,,,,PRE-MAR1,2026-01,60,,,,
186710.pdf,01 - January,2026-01-30,186710,BenQwest LLC,Ship To,12880,1715886,Net 60,2026-03-31,8.25,2,0.0,58.78,43996.86,12880,12880,STRONG,exact,Fer,2026-01-30,Mechanic Shop,Andy,Tex Con,Combustible for Shop,,,0.0,1.0,PRE-MAR1,2026-01,60,Andy,,MECHANIC SHOP,combustible for shop
186713.pdf,01 - January,2026-01-30,186713,BenQwest LLC,Ship To,7383,1715961,Net 60,2026-03-31,8.25,1,0.0,74.04,43996.86,7383,7383,VENDOR_MISMATCH,exact,Joey,2026-01-27,ADA 32,Alejandro Esquivel,RSS Steel,"Ring of 3/8""",,,3.0,1.0,PRE-MAR1,2026-01,60,Alejandro Esquivel,,ADA 32,"ring of 3/8"""
186716.pdf,01 - January,2026-01-30,186716,BenQwest LLC,Ship To,9415,1716068,Net 60,2026-03-31,8.25,3,0.0,278.04,43996.86,9415,9415,UNMATCHED,,,,,,,,,,,,PRE-MAR1,2026-01,60,,,,
186718.pdf,01 - January,2026-01-31,186718,BenQwest LLC,Ship To,7395,1716170,Net 60,2026-04-01,8.25,3,1.07,320.02,43996.86,7395,7395,STRONG,exact,Joey,2026-01-31,ADA 33,Alejandro Esquivel,Texcon ,Diesel ,,,0.0,1.0,PRE-MAR1,2026-01,60,Alejandro Esquivel,,ADA 33,diesel
186726.pdf,02 - February,2026-02-02,186726,BenQwest LLC,Ship To,9417,1716361,Net 60,2026-04-03,8.25,3,0.0,149.45,45009.96,9417,9417,UNMATCHED,,,,,,,,,,,,PRE-MAR1,2026-02,60,,,,
186734.pdf,02 - February,2026-02-02,186734,BenQwest LLC,Ship To,1427,1716508,Net 60,2026-04-03,8.25,3,0.0,342.41,45009.96,1427,1427,DATE_MISMATCH,exact,Mario,2025-02-19,W 38th,Mario Munoz,Leo's,Fuel and Diesel,,Omar Hernandez,348.0,2.0,PRE-MAR1,2026-02,60,Mario Munoz,,W 38TH,fuel and diesel
186737.pdf,02 - February,2026-02-02,186737,BenQwest LLC,Ship To,9419,1716694,Net 60,2026-04-03,8.25,1,0.0,466.87,45009.96,9419,9419,UNMATCHED,,,,,,,,,,,,PRE-MAR1,2026-02,60,,,,
186738.pdf,02 - February,2026-02-02,186738,BenQwest LLC,Ship To,7388,1716773,Net 60,2026-04-03,8.25,1,0.0,54.37,45009.96,7388,7388,STRONG,exact,Joey,2026-01-29,ADA 33,Alejandro Esquivel,Texcon,Fuel ,,,4.0,1.0,PRE-MAR1,2026-02,60,Alejandro Esquivel,,ADA 33,fuel
186741.pdf,02 - February,2026-02-03,186741,BenQwest LLC,Ship To,9421,1716802,Net 60,2026-04-04,8.25,2,0.0,93.25,47376.89,9421,9421,UNMATCHED,,,,,,,,,,,,PRE-MAR1,2026-02,60,,,,
186742.pdf,02 - February,2026-02-03,186742,BenQwest LLC,Ship To,7398,1716821,Net 60,2026-04-04,8.25,4,0.36,135.7,47376.89,7398,7398,STRONG,exact,Joey,2026-02-03,CMTA IDIQ,Alejandro Esquivel ,Texcon,Diesel ,,,0.0,1.0,PRE-MAR1,2026-02,60,Alejandro Esquivel,,CMTA IDIQ,diesel
186743.pdf,02 - February,2026-02-03,186743,BenQwest LLC,Ship To,7379,1716825,Net 60,2026-04-04,8.25,3,0.0,237.69,47376.89,7379,7379,FUEL_VENDOR_VARIANT,exact,Joey,2026-01-26,ADA 33,Alejandro Esquivel ,Leo's Service Station,Fuel ,,,8.0,1.0,PRE-MAR1,2026-02,60,Alejandro Esquivel,,ADA 33,fuel
186744.pdf,02 - February,2026-02-03,186744,BenQwest LLC,Ship To,1427,1716830,Net 60,2026-04-04,8.25,2,0.0,212.93,47376.89,1427,1427,DATE_MISMATCH,exact,Mario,2025-02-19,W 38th,Mario Munoz,Leo's,Fuel and Diesel,,Omar Hernandez,349.0,2.0,PRE-MAR1,2026-02,60,Mario Munoz,,W 38TH,fuel and diesel
186746.pdf,02 - February,2026-02-03,186746,BenQwest LLC,Ship To,7398,1716915,Net 60,2026-04-04,8.25,2,0.0,191.78,47376.89,7398,7398,STRONG,exact,Joey,2026-02-03,CMTA IDIQ,Alejandro Esquivel ,Texcon,Diesel ,,,0.0,1.0,PRE-MAR1,2026-02,60,Alejandro Esquivel,,CMTA IDIQ,diesel
186747.pdf,02 - February,2026-02-03,186747,BenQwest LLC,Ship To,12887,1716984,Net 60,2026-04-04,8.25,3,2.24,222.25,47376.89,12887,12887,STRONG,exact,Fer,2026-02-03,Mechanic Shop,Ulises Rodriguez,Tex Con,Combustible,,,0.0,1.0,PRE-MAR1,2026-02,60,Ulises Rodriguez,,MECHANIC SHOP,combustible
186748.pdf,02 - February,2026-02-03,186748,BenQwest LLC,Ship To,12890,1717072,Net 60,2026-04-04,8.25,1,0.0,46.13,47376.89,12890,12890,STRONG,exact,Fer,2026-02-04,Mechanic Shop,Andy,Tex Con,Combustible,,,-1.0,1.0,PRE-MAR1,2026-02,60,Andy,,MECHANIC SHOP,combustible
186754.pdf,02 - February,2026-02-03,186754,BenQwest LLC,Ship To,9422,1717265,Net 60,2026-04-04,8.25,3,2.14,83.19,47376.89,9422,9422,UNMATCHED,,,,,,,,,,,,PRE-MAR1,2026-02,60,,,,
186755.pdf,02 - February,2026-02-04,186755,BenQwest LLC,Ship To,FJJ9191,1717319,Net 60,2026-04-05,8.25,2,2.14,109.4,47376.89,FJJ9191,,UNMATCHED,,,,,,,,,,,,PRE-MAR1,2026-02,60,,,,
186758.pdf,02 - February,2026-02-04,186758,BenQwest LLC,Ship To,12893,1717470,Net 60,2026-04-05,8.25,1,0.0,108.92,47376.89,12893,12893,VENDOR_MISMATCH,exact,Fer,2026-02-05,Mechanic Shop,Andy,Anderson Machinery Co,1 Emergency pump Roller VIN # 1739,,,-1.0,1.0,PRE-MAR1,2026-02,60,Andy,,MECHANIC SHOP,1 emergency pump roller vin # 1739
186759.pdf,02 - February,2026-02-04,186759,BenQwest LLC,Ship To,ADA332009,1717586,Net 60,2026-04-05,8.25,2,0.0,324.16,47376.89,ADA332009,,UNMATCHED,,,,,,,,,,,,PRE-MAR1,2026-02,60,,,,
186761.pdf,02 - February,2026-02-05,186761,BenQwest LLC,Ship To,9424,1717832,Net 60,2026-04-06,8.25,1,0.0,312.7,47376.89,9424,9424,UNMATCHED,,,,,,,,,,,,PRE-MAR1,2026-02,60,,,,
186762.pdf,02 - February,2026-02-05,186762,BenQwest LLC,Ship To,7400,1717867,Net 60,2026-04-06,8.25,3,0.0,288.83,47376.89,7400,7400,STRONG,exact,Joey,2026-02-04,ADA 33,Alejandro Esquivel,Texcon,Diesel ,,,1.0,1.0,PRE-MAR1,2026-02,60,Alejandro Esquivel,,ADA 33,diesel
186765.pdf,02 - February,2026-02-05,186765,BenQwest LLC,Ship To,9426,1717767,Net 60,2026-04-06,8.25,8,8.14,265.6,48032.31,9426,9426,UNMATCHED,,,,,,,,,,,,PRE-MAR1,2026-02,60,,,,
186766.pdf,02 - February,2026-02-05,186766,BenQwest LLC,Ship To,7402,1717853,Net 60,2026-04-06,8.25,2,0.0,75.42,48032.31,7402,7402,STRONG,exact,Joey,2026-02-05,ADA 33,Alejandro Esquivel ,Texcon,Diesel ,,,0.0,1.0,PRE-MAR1,2026-02,60,Alejandro Esquivel,,ADA 33,diesel
186767.pdf,02 - February,2026-02-05,186767,BenQwest LLC,Ship To,12892,1717938,Net 60,2026-04-06,8.25,1,0.0,45.65,48032.31,12892,12892,STRONG,exact,Fer,2026-02-05,Mechanic Shop,Andy,Tex Con,Combustible,,,0.0,1.0,PRE-MAR1,2026-02,60,Andy,,MECHANIC SHOP,combustible
186770.pdf,02 - February,2026-02-05,186770,BenQwest LLC,Ship To,5504,1718167,Net 60,2026-04-06,8.25,3,0.0,268.75,48032.31,5504,5504,DATE_MISMATCH,exact,Fer,2023-09-14,Mechanic Shop,Rodrigo,Oreilly,HUB maza para camioneta de Omar,,Omar,875.0,1.0,PRE-MAR1,2026-02,60,Rodrigo,,MECHANIC SHOP,hub maza para camioneta de omar
186773.pdf,02 - February,2026-02-02,186773,BenQwest LLC,Ship To,,,Net 60,2026-04-03,8.25,4,0.0,253.04,48285.35,,,UNMATCHED,,,,,,,,,,,,PRE-MAR1,2026-02,60,,,,
186776.pdf,02 - February,2026-02-06,186776,BenQwest LLC,Ship To,9427,1718289,Net 60,2026-04-07,8.25,3,0.0,215.86,49478.73,9427,9427,UNMATCHED,,,,,,,,,,,,PRE-MAR1,2026-02,60,,,,
186777.pdf,02 - February,2026-02-06,186777,BenQwest LLC,Ship To,1437,1718313,Net 60,2026-04-07,8.25,2,0.0,339.01,49478.73,1437,1437,DATE_MISMATCH,exact,Mario,2025-03-04,CTECC,Mario Munoz,Tex-Con,Fuel and Diesel,,MM,339.0,2.0,PRE-MAR1,2026-02,60,Mario Munoz,,CTECC,fuel and diesel
186780.pdf,02 - February,2026-02-06,186780,BenQwest LLC,Ship To,7407,1718366,Net 60,2026-04-07,8.25,1,0.0,55.85,49478.73,7407,7407,STRONG,exact,Joey,2026-02-06,ADA 33,Alejandro Esquivel,Texcon ,Diesel ,,,0.0,1.0,PRE-MAR1,2026-02,60,Alejandro Esquivel,,ADA 33,diesel
186781.pdf,02 - February,2026-02-06,186781,BenQwest LLC,Ship To,9432,1718381,Net 60,2026-04-07,8.25,4,0.49,177.7,49478.73,9432,9432,UNMATCHED,,,,,,,,,,,,PRE-MAR1,2026-02,60,,,,
186782.pdf,02 - February,2026-02-06,186782,BenQwest LLC,Ship To,7409 MCNEIL RD,1718417,Net 60,2026-04-07,8.25,1,0.0,130.18,49478.73,7409 MCNEIL RD,7409,STRONG,core,Joey,2026-02-06,ADA 33,Ruben Cano,Texcon ,Diesel ,,,0.0,1.0,PRE-MAR1,2026-02,60,Ruben Cano,,ADA 33,diesel
186783.pdf,02 - February,2026-02-06,186783,BenQwest LLC,Ship To,7410,1718442,Net 60,2026-04-07,8.25,1,0.0,58.45,49478.73,7410,7410,STRONG,exact,Joey,2026-02-06,ADA 33,Alejandro Esquivel,Texcon ,Diesel ,,,0.0,1.0,PRE-MAR1,2026-02,60,Alejandro Esquivel,,ADA 33,diesel
186784.pdf,02 - February,2026-02-06,186784,BenQwest LLC,Ship To,12900,1718455,Net 60,2026-04-07,8.25,3,2.11,123.09,49478.73,12900,12900,STRONG,exact,Fer,2026-02-06,Mechanic Shop,Andy,Tex Con,Combustible,,,0.0,1.0,PRE-MAR1,2026-02,60,Andy,,MECHANIC SHOP,combustible
186788.pdf,02 - February,2026-02-06,186788,BenQwest LLC,Ship To,7414,1718643,Net 60,2026-04-07,8.25,2,1.27,93.24,49478.73,7414,7414,STRONG,exact,Joey,2026-02-06,ADA 33,Alejandro Esquivel ,Texcon ,Diesel ,,,0.0,1.0,PRE-MAR1,2026-02,60,Alejandro Esquivel,,ADA 33,diesel
186791.pdf,02 - February,2026-02-07,186791,BenQwest LLC,Ship To,7413,1718682,Net 60,2026-04-08,8.25,2,1.98,161.82,49880.01,7413,7413,STRONG,exact,Joey,2026-02-06,ADA 32,Ivan Muniz,Texcon ,Diesel ,,,1.0,1.0,PRE-MAR1,2026-02,60,Ivan Muniz,,ADA 32,diesel
186792.pdf,02 - February,2026-02-07,186792,BenQwest LLC,Ship To,7415,1718721,Net 60,2026-04-08,8.25,5,0.77,239.46,49880.01,7415,7415,STRONG,exact,Joey,2026-02-07,Local Mobility Projects III,Martin Gonzalez ,Texcon,Diesel ,,,0.0,1.0,PRE-MAR1,2026-02,60,Martin Gonzalez,,LOCAL MOBILITY PROJECTS III,diesel
186793.pdf,02 - February,2026-02-09,186793,BenQwest LLC,Ship To,12904,1719234,Net 60,2026-04-10,8.25,1,0.0,113.38,49993.39,12904,12904,STRONG,exact,Fer,2026-02-09,Mechanic Shop,Abel Hernandez,Tex Con,Combustible,,,0.0,1.0,PRE-MAR1,2026-02,60,Abel Hernandez,,MECHANIC SHOP,combustible
186794.pdf,02 - February,2026-02-09,186794,BenQwest LLC,Ship To,7417,1718854,Net 60,2026-04-10,8.25,2,0.0,128.49,50574.69,7417,7417,STRONG,exact,Joey,2026-02-09,ADA 33,Alejandro Esquivel ,Texcon,Diesel ,,,0.0,1.0,PRE-MAR1,2026-02,60,Alejandro Esquivel,,ADA 33,diesel
186798.pdf,02 - February,2026-02-09,186798,BenQwest LLC,Ship To,9434,1719075,Net 60,2026-04-10,8.25,3,5.7,452.81,50574.69,9434,9434,UNMATCHED,,,,,,,,,,,,PRE-MAR1,2026-02,60,,,,
186804.pdf,02 - February,2026-02-10,186804,BenQwest LLC,Ship To,1433,1719317,Net 60,2026-04-11,8.25,4,0.91,210.1,52348.2,1433,1433,PO_NO_DATE,exact,Tacho,,,,,,,,,2.0,PRE-MAR1,2026-02,60,,,,
186805.pdf,02 - February,2026-02-10,186805,BenQwest LLC,Ship To,9437,1719323,Net 60,2026-04-11,8.25,3,0.0,182.48,52348.2,9437,9437,UNMATCHED,,,,,,,,,,,,PRE-MAR1,2026-02,60,,,,
186806.pdf,02 - February,2026-02-10,186806,BenQwest LLC,Ship To,9436,1719359,Net 60,2026-04-11,8.25,3,2.98,168.38,52348.2,9436,9436,UNMATCHED,,,,,,,,,,,,PRE-MAR1,2026-02,60,,,,
186807.pdf,02 - February,2026-02-10,186807,BenQwest LLC,Ship To,20905,1719385,Net 60,2026-04-11,8.25,3,0.0,327.51,52348.2,20905,20905,UNMATCHED,,,,,,,,,,,,PRE-MAR1,2026-02,60,,,,
186809.pdf,02 - February,2026-02-10,186809,BenQwest LLC,Ship To,9435,1719441,Net 60,2026-04-11,8.25,4,7.37,564.23,52348.2,9435,9435,UNMATCHED,,,,,,,,,,,,PRE-MAR1,2026-02,60,,,,
186810.pdf,02 - February,2026-02-10,186810,BenQwest LLC,Ship To,12906,1719509,Net 60,2026-04-11,8.25,1,0.0,48.62,52348.2,12906,12906,STRONG,exact,Fer,2026-02-10,Mechanic Shop,Andy,Tex Con,Combustible,,,0.0,1.0,PRE-MAR1,2026-02,60,Andy,,MECHANIC SHOP,combustible
186812.pdf,02 - February,2026-02-10,186812,BenQwest LLC,Ship To,1439,1719701,Net 60,2026-04-11,8.25,3,0.0,272.19,52348.2,1439,1439,PO_NO_DATE,exact,Tacho,,,,,,,,,2.0,PRE-MAR1,2026-02,60,,,,
186814.pdf,02 - February,2026-02-11,186814,BenQwest LLC,Ship To,7414,1719773,Net 60,2026-04-12,8.25,3,0.0,281.03,53617.47,7414,7414,STRONG,exact,Joey,2026-02-06,ADA 33,Alejandro Esquivel ,Texcon ,Diesel ,,,5.0,1.0,PRE-MAR1,2026-02,60,Alejandro Esquivel,,ADA 33,diesel
186815.pdf,02 - February,2026-02-11,186815,BenQwest LLC,Ship To,7420,1719765,Net 60,2026-04-12,8.25,1,0.0,70.07,53617.47,7420,7420,STRONG,exact,Joey,2026-02-10,ADA 33 ,Alejandro Esquivel ,Texcon ,Diesel ,,,1.0,1.0,PRE-MAR1,2026-02,60,Alejandro Esquivel,,ADA 33,diesel
186816.pdf,02 - February,2026-02-11,186816,BenQwest LLC,Ship To,9439,1719775,Net 60,2026-04-12,8.25,2,0.0,114.38,53617.47,9439,9439,UNMATCHED,,,,,,,,,,,,PRE-MAR1,2026-02,60,,,,
186817.pdf,02 - February,2026-02-11,186817,BenQwest LLC,Ship To,7424,1719781,Net 60,2026-04-12,8.25,4,0.36,256.28,53617.47,7424,7424,STRONG,exact,Joey,2026-02-11,ADA 32,Alejandro Esquivel,Texcon,Diesel,,,0.0,1.0,PRE-MAR1,2026-02,60,Alejandro Esquivel,,ADA 32,diesel
186818.pdf,02 - February,2026-02-11,186818,BenQwest LLC,Ship To,7421,1719910,Net 60,2026-04-12,8.25,1,0.0,99.76,53617.47,7421,7421,STRONG,exact,Joey,2026-02-10,ADA 32,Alejandro Esquivel,Texcon,Diesel ,,,1.0,1.0,PRE-MAR1,2026-02,60,Alejandro Esquivel,,ADA 32,diesel
186820.pdf,02 - February,2026-02-11,186820,BenQwest LLC,Ship To,12911,1720145,Net 60,2026-04-12,8.25,1,0.0,37.78,53617.47,12911,12911,STRONG,exact,Fer,2026-02-11,Mechanic Shop,Andy,Tex Con,Shop -  Gasoline,,,0.0,1.0,PRE-MAR1,2026-02,60,Andy,,MECHANIC SHOP,shop -  gasoline
186821.pdf,02 - February,2026-02-11,186821,BenQwest LLC,Ship To,9440,1720174,Net 60,2026-04-12,8.25,4,5.75,409.97,53617.47,9440,9440,UNMATCHED,,,,,,,,,,,,PRE-MAR1,2026-02,60,,,,
186822.pdf,02 - February,2026-02-12,186822,BenQwest LLC,Ship To,7432,1720572,Net 60,2026-04-13,8.25,1,0.0,102.08,55094.22,7432,7432,STRONG,exact,Joey,2026-02-12,ADA 32,Uriel Soto,Texcon ,Diesel ,,,0.0,1.0,PRE-MAR1,2026-02,60,Uriel Soto,,ADA 32,diesel
186824.pdf,02 - February,2026-02-12,186824,BenQwest LLC,Ship To,9441,1720618,Net 60,2026-04-13,8.25,3,0.0,241.32,55094.22,9441,9441,UNMATCHED,,,,,,,,,,,,PRE-MAR1,2026-02,60,,,,
186825.pdf,02 - February,2026-02-12,186825,BenQwest LLC,Ship To,7428,1720296,Net 60,2026-04-13,8.25,3,0.0,189.16,55094.22,7428,7428,STRONG,exact,Joey,2026-02-12,ADA 33,Pedro Limon,Texcon,Diesel ,,,0.0,1.0,PRE-MAR1,2026-02,60,Pedro Limon,,ADA 33,diesel
186828.pdf,02 - February,2026-02-12,186828,BenQwest LLC,Ship To,1442,1720430,Net 60,2026-04-13,8.25,3,0.0,325.78,55094.22,1442,1442,DATE_MISMATCH,exact,Mario,2025-03-06,N Lamar,Mario Munoz,Leo's,Fuel and Diesel,,XZ,343.0,2.0,PRE-MAR1,2026-02,60,Mario Munoz,,N LAMAR,fuel and diesel
186829.pdf,02 - February,2026-02-12,186829,BenQwest LLC,Ship To,7431,1720492,Net 60,2026-04-13,8.25,3,2.14,244.65,55094.22,7431,7431,STRONG,exact,Joey,2026-02-12,ADA 32,Ivan Muniz,Texcon ,Diesel ,,,0.0,1.0,PRE-MAR1,2026-02,60,Ivan Muniz,,ADA 32,diesel
186830.pdf,02 - February,2026-02-12,186830,BenQwest LLC,Ship To,5516,1720497,Net 60,2026-04-13,8.25,1,0.0,223.92,55094.22,5516,5516,DATE_MISMATCH,exact,Fer,2023-09-20,Mechanic Shop,Abraham,Bobcat,Partes para bobcat 200423,,Abraham,876.0,1.0,PRE-MAR1,2026-02,60,Abraham,,MECHANIC SHOP,partes para bobcat 200423
186832.pdf,02 - February,2026-02-12,186832,BenQwest LLC,Ship To,9442,1720581,Net 60,2026-04-13,8.25,2,0.0,149.84,55094.22,9442,9442,UNMATCHED,,,,,,,,,,,,PRE-MAR1,2026-02,60,,,,
186838.pdf,02 - February,2026-02-13,186838,BenQwest LLC,Ship To,1444,1720714,Net 60,2026-04-14,8.25,6,3.82,308.66,56872.17,1444,1444,DATE_MISMATCH,exact,Mario,2025-03-07,Rosewood Ave,Mario Munoz,Leo's,Varios,,MM,343.0,2.0,PRE-MAR1,2026-02,60,Mario Munoz,,ROSEWOOD AVE,varios
186841.pdf,02 - February,2026-02-13,186841,BenQwest LLC,Ship To,12919,1720886,Net 60,2026-04-14,8.25,1,0.0,50.35,56872.17,12919,12919,STRONG,exact,Fer,2026-02-13,Mechanic Shop,Fernando,Tex Con,Combustible,,,0.0,1.0,PRE-MAR1,2026-02,60,Fernando,,MECHANIC SHOP,combustible
186848.pdf,02 - February,2026-02-16,186848,BenQwest LLC,Ship To,7429,1721208,Net 60,2026-04-17,8.25,1,0.0,105.53,56872.17,7429,7429,VENDOR_MISMATCH,exact,Joey,2026-02-12,ADA 33,Pedro Limon,ACE Contractor Supply,"Tie Wire, Black Electrical Tape, Empty Orange Poly Bag, Pick Up Pal Magnetic",,,4.0,1.0,PRE-MAR1,2026-02,60,Pedro Limon,,ADA 33,"tie wire, black electrical tape, empty orange poly bag, pick up pal magnetic"
186849.pdf,02 - February,2026-02-16,186849,BenQwest LLC,Ship To,7438,1721252,Net 60,2026-04-17,8.25,5,0.87,236.55,56872.17,7438,7438,STRONG,exact,Joey,2026-02-13,ADA 33,Carlos Diaz,Texcon ,Diesel ,,,3.0,1.0,PRE-MAR1,2026-02,60,Carlos Diaz,,ADA 33,diesel
186853.pdf,02 - February,2026-02-16,186853,BenQwest LLC,Ship To,7441,1721479,Net 60,2026-04-17,8.25,3,0.0,233.17,56872.17,7441,7441,STRONG,exact,Joey,2026-02-16,CMTA IDIQ,Antonio Gonzales,Texcon,Diesel ,,,0.0,1.0,PRE-MAR1,2026-02,60,Antonio Gonzales,,CMTA IDIQ,diesel
186854.pdf,02 - February,2026-02-16,186854,BenQwest LLC,Ship To,9452,1721519,Net 60,2026-04-17,8.25,3,5.29,276.14,56872.17,9452,9452,UNMATCHED,,,,,,,,,,,,PRE-MAR1,2026-02,60,,,,
186855.pdf,02 - February,2026-02-16,186855,BenQwest LLC,Ship To,5520,1721605,Net 60,2026-04-17,8.25,3,0.0,222.59,56872.17,5520,5520,DATE_MISMATCH,exact,Fer,2023-09-22,Mechanic Shop,Ulises,Bobcat,Empaques de Bobcat de Martin,,Martin,878.0,1.0,PRE-MAR1,2026-02,60,Ulises,,MECHANIC SHOP,empaques de bobcat de martin
186856.pdf,02 - February,2026-02-16,186856,BenQwest LLC,Ship To,ADA 32 N LAMAR,1721665,Net 60,2026-04-17,8.25,4,2.24,344.96,56872.17,ADA 32 N LAMAR,,UNMATCHED,,,,,,,,,,,,PRE-MAR1,2026-02,60,,,,
186859.pdf,02 - February,2026-02-17,186859,BenQwest LLC,Ship To,9453,1721727,Net 60,2026-04-18,8.25,3,0.0,238.19,58201.34,9453,9453,UNMATCHED,,,,,,,,,,,,PRE-MAR1,2026-02,60,,,,
186861.pdf,02 - February,2026-02-17,186861,BenQwest LLC,Ship To,12930,1721864,Net 60,2026-04-18,8.25,4,2.24,356.04,58201.34,12930,12930,VENDOR_MISMATCH,exact,Fer,2026-02-16,Mechanic Shop,Fernando,Bobcat,1 Bucket for Carlos's Crew,,,1.0,1.0,PRE-MAR1,2026-02,60,Fernando,,MECHANIC SHOP,1 bucket for carlos's crew
186864.pdf,02 - February,2026-02-17,186864,BenQwest LLC,Ship To,MCNEIL RD ADA 3,1721963,Net 60,2026-04-18,8.25,3,5.65,222.63,58201.34,MCNEIL RD ADA 3,,UNMATCHED,,,,,,,,,,,,PRE-MAR1,2026-02,60,,,,
186865.pdf,02 - February,2026-02-17,186865,BenQwest LLC,Ship To,12935,1721971,Net 60,2026-04-18,8.25,1,0.0,49.33,58201.34,12935,12935,STRONG,exact,Fer,2026-02-17,Mechanic Shop,Fernando,Tex Con,Combustible,,,0.0,1.0,PRE-MAR1,2026-02,60,Fernando,,MECHANIC SHOP,combustible
186867.pdf,02 - February,2026-02-17,186867,BenQwest LLC,Ship To,7451,1722035,Net 60,2026-04-18,8.25,1,0.0,58.55,58201.34,7451,7451,STRONG,exact,Joey,2026-02-17,ADA 33,Alejandro Esquivel,Texcon,Diesel ,,,0.0,1.0,PRE-MAR1,2026-02,60,Alejandro Esquivel,,ADA 33,diesel
186868.pdf,02 - February,2026-02-17,186868,BenQwest LLC,Ship To,9455,1722049,Net 60,2026-04-18,8.25,2,9.4,193.11,58201.34,9455,9455,UNMATCHED,,,,,,,,,,,,PRE-MAR1,2026-02,60,,,,
186869.pdf,02 - February,2026-02-17,186869,BenQwest LLC,Ship To,9456,1722113,Net 60,2026-04-18,8.25,6,3.97,211.32,58201.34,9456,9456,UNMATCHED,,,,,,,,,,,,PRE-MAR1,2026-02,60,,,,
186871.pdf,02 - February,2026-02-18,186871,BenQwest LLC,Ship To,9457,1722233,Net 60,2026-04-19,8.25,1,0.0,505.45,58746.32,9457,9457,UNMATCHED,,,,,,,,,,,,PRE-MAR1,2026-02,60,,,,
186873.pdf,02 - February,2026-02-18,186873,BenQwest LLC,Ship To,12940,1722609,Net 60,2026-04-19,8.25,1,0.0,39.53,58746.32,12940,12940,STRONG,exact,Fer,2026-02-18,Mechanic Shop,Fernando,Tex Con,Combustible,,,0.0,1.0,PRE-MAR1,2026-02,60,Fernando,,MECHANIC SHOP,combustible
186874.pdf,02 - February,2026-02-19,186874,BenQwest LLC,Ship To,9459,1722691,Net 60,2026-04-20,8.25,3,1.07,137.6,59476.96,9459,9459,UNMATCHED,,,,,,,,,,,,PRE-MAR1,2026-02,60,,,,
186875.pdf,02 - February,2026-02-19,186875,BenQwest LLC,Ship To,7457,1722696,Net 60,2026-04-20,8.25,4,0.26,225.06,59476.96,7457,7457,STRONG,exact,Joey,2026-02-18,ADA 33 ,Pedro Limon,Texcon ,Diesel ,,,1.0,1.0,PRE-MAR1,2026-02,60,Pedro Limon,,ADA 33,diesel
186877.pdf,02 - February,2026-02-19,186877,BenQwest LLC,Ship To,7457,1722702,Net 60,2026-04-20,8.25,3,0.0,198.79,59476.96,7457,7457,STRONG,exact,Joey,2026-02-18,ADA 33 ,Pedro Limon,Texcon ,Diesel ,,,1.0,1.0,PRE-MAR1,2026-02,60,Pedro Limon,,ADA 33,diesel
186880.pdf,02 - February,2026-02-19,186880,BenQwest LLC,Ship To,7460,1722976,Net 60,2026-04-20,8.25,3,2.45,169.19,59476.96,7460,7460,VENDOR_MISMATCH,exact,Joey,2026-02-19,Mokan Trail,Ruben Cano,ACE Contractor Supply,Tie Wire,,,0.0,1.0,PRE-MAR1,2026-02,60,Ruben Cano,,MOKAN TRAIL,tie wire
186886.pdf,02 - February,2026-02-20,186886,BenQwest LLC,Ship To,9456,1723212,Net 60,2026-04-21,8.25,3,3.56,413.59,39286.83,9456,9456,UNMATCHED,,,,,,,,,,,,PRE-MAR1,2026-02,60,,,,
186887.pdf,02 - February,2026-02-20,186887,BenQwest LLC,Ship To,12933,1723216,Net 60,2026-04-21,8.25,3,2.24,131.31,39286.83,12933,12933,VENDOR_MISMATCH,exact,Fer,2026-02-17,Mechanic Shop,Andy,Matheson,Refill Oxigen adn Acetylen / Cable for Welder Machine (Abraham) / Filler Metal 7018 / Filler Metal 6011,,,3.0,1.0,PRE-MAR1,2026-02,60,Andy,,MECHANIC SHOP,refill oxigen adn acetylen / cable for welder machine (abraham) / filler metal 7018 / filler metal 6011
186890.pdf,02 - February,2026-02-20,186890,BenQwest LLC,Ship To,9461,1723319,Net 60,2026-04-21,8.25,1,0.0,347.15,39286.83,9461,9461,UNMATCHED,,,,,,,,,,,,PRE-MAR1,2026-02,60,,,,
186892.pdf,02 - February,2026-02-20,186892,BenQwest LLC,Ship To,12948,1723405,Net 60,2026-04-21,8.25,1,0.0,79.95,39286.83,12948,12948,STRONG,exact,Fer,2026-02-20,Mechanic Shop,Andy,Tex Con,Combustible,,,0.0,1.0,PRE-MAR1,2026-02,60,Andy,,MECHANIC SHOP,combustible
186893.pdf,02 - February,2026-02-23,186893,BenQwest LLC,Ship To,1451,1723700,Net 60,2026-04-24,8.25,3,0.0,266.94,40752.0,1451,1451,DATE_MISMATCH,exact,Mario,2025-03-09,N Lamar,Mario Munoz,Tex-Con,Fuel and Diesel,,MM,351.0,2.0,PRE-MAR1,2026-02,60,Mario Munoz,,N LAMAR,fuel and diesel
186894.pdf,02 - February,2026-02-23,186894,BenQwest LLC,Ship To,1452,1723712,Net 60,2026-04-24,8.25,6,2.2,367.13,40752.0,1452,1452,PO_NO_DATE,exact,Tacho,,,,,,,,,2.0,PRE-MAR1,2026-02,60,,,,
186895.pdf,02 - February,2026-02-23,186895,BenQwest LLC,Ship To,7438,1723720,Net 60,2026-04-24,8.25,1,0.0,100.61,40752.0,7438,7438,STRONG,exact,Joey,2026-02-13,ADA 33,Carlos Diaz,Texcon ,Diesel ,,,10.0,1.0,PRE-MAR1,2026-02,60,Carlos Diaz,,ADA 33,diesel
186896.pdf,02 - February,2026-02-23,186896,BenQwest LLC,Ship To,5526,1723745,Net 60,2026-04-24,8.25,4,1.42,180.96,40752.0,5526,5526,DATE_MISMATCH,exact,Fer,2023-09-25,Mechanic Shop,Ulises,Texcon,Diesel para camion de Ulises,,Ulises,882.0,1.0,PRE-MAR1,2026-02,60,Ulises,,MECHANIC SHOP,diesel para camion de ulises
186898.pdf,02 - February,2026-02-23,186898,BenQwest LLC,Ship To,1454,1723807,Net 60,2026-04-24,8.25,1,0.0,74.34,40752.0,1454,1454,PO_NO_DATE,exact,Tacho,,,,,,,,,2.0,PRE-MAR1,2026-02,60,,,,
186899.pdf,02 - February,2026-02-23,186899,BenQwest LLC,Ship To,7445,1723825,Net 60,2026-04-24,8.25,1,0.0,107.42,40752.0,7445,7445,STRONG,exact,Joey,2026-02-16,ADA 33,Jose Julian Gonzalez,Texcon ,Diesel ,,,7.0,1.0,PRE-MAR1,2026-02,60,Jose Julian Gonzalez,,ADA 33,diesel
186905.pdf,02 - February,2026-02-23,186905,BenQwest LLC,Ship To,9470,1724153,Net 60,2026-04-24,8.25,6,3.31,367.77,40752.0,9470,9470,UNMATCHED,,,,,,,,,,,,PRE-MAR1,2026-02,60,,,,
186906.pdf,02 - February,2026-02-24,186906,BenQwest LLC,Ship To,7474,1724238,Net 60,2026-04-25,8.25,2,0.42,119.54,41699.46,7474,7474,STRONG,exact,Joey,2026-02-24,ADA 33,Carlos Diaz,Texcon ,Diesel,,,0.0,1.0,PRE-MAR1,2026-02,60,Carlos Diaz,,ADA 33,diesel
186907.pdf,02 - February,2026-02-24,186907,BenQwest LLC,Ship To,9471,1724296,Net 60,2026-04-25,8.25,1,0.0,95.16,41699.46,9471,9471,UNMATCHED,,,,,,,,,,,,PRE-MAR1,2026-02,60,,,,
186911.pdf,02 - February,2026-02-24,186911,BenQwest LLC,Ship To,7475,1724381,Net 60,2026-04-25,8.25,1,0.0,49.54,41699.46,7475,7475,STRONG,exact,Joey,2026-02-24,Local Mobility Projects III,Martin Gonzalez,Texcon,Diesel,,,0.0,1.0,PRE-MAR1,2026-02,60,Martin Gonzalez,,LOCAL MOBILITY PROJECTS III,diesel
186912.pdf,02 - February,2026-02-24,186912,BenQwest LLC,Ship To,12949,1724448,Net 60,2026-04-25,8.25,6,11.81,337.76,41699.46,12949,12949,STRONG,exact,Fer,2026-02-24,Mechanic Shop,Ulises Rodriguez,Tex Con,Combustible,,,0.0,1.0,PRE-MAR1,2026-02,60,Ulises Rodriguez,,MECHANIC SHOP,combustible
186914.pdf,02 - February,2026-02-24,186914,BenQwest LLC,Ship To,12950,1724525,Net 60,2026-04-25,8.25,1,0.0,117.95,41699.46,12950,12950,STRONG,exact,Fer,2026-02-24,Mechanic Shop,Abel Hernandez,Tex Con,Combustible,,,0.0,1.0,PRE-MAR1,2026-02,60,Abel Hernandez,,MECHANIC SHOP,combustible
186919.pdf,02 - February,2026-02-24,186919,BenQwest LLC,Ship To,12952,1724557,Net 60,2026-04-25,8.25,1,0.0,49.26,41699.46,12952,12952,STRONG,exact,Fer,2026-02-24,Mechanic Shop,Andy,Tex Con,Combustible,,,0.0,1.0,PRE-MAR1,2026-02,60,Andy,,MECHANIC SHOP,combustible
186920.pdf,02 - February,2026-02-24,186920,BenQwest LLC,Ship To,7481,1724632,Net 60,2026-04-25,8.25,2,0.0,178.25,41699.46,7481,7481,STRONG,exact,Joey,2026-02-24,ADA 33,Pedro Limon,Texcon,Diesel,,,0.0,1.0,PRE-MAR1,2026-02,60,Pedro Limon,,ADA 33,diesel
186921.pdf,02 - February,2026-02-25,186921,BenQwest LLC,Ship To,5530,1724678,Net 60,2026-04-26,8.25,5,11.65,393.44,42921.36,5530,5530,DATE_MISMATCH,exact,Fer,2023-09-25,Mechanic Shop,Abel,Bobcat,Partes para tractor de Julian,,Julian,884.0,1.0,PRE-MAR1,2026-02,60,Abel,,MECHANIC SHOP,partes para tractor de julian
186922.pdf,02 - February,2026-02-25,186922,BenQwest LLC,Ship To,ADA32,1724684,Net 60,2026-04-26,8.25,3,0.0,259.11,42921.36,ADA32,,UNMATCHED,,,,,,,,,,,,PRE-MAR1,2026-02,60,,,,
186923.pdf,02 - February,2026-02-25,186923,BenQwest LLC,Ship To,9472,1724691,Net 60,2026-04-26,8.25,3,0.0,235.32,42921.36,9472,9472,UNMATCHED,,,,,,,,,,,,PRE-MAR1,2026-02,60,,,,
186925.pdf,02 - February,2026-02-25,186925,BenQwest LLC,Ship To,9460,1724983,Net 60,2026-04-26,8.25,3,0.0,334.03,42921.36,9460,9460,UNMATCHED,,,,,,,,,,,,PRE-MAR1,2026-02,60,,,,
186928.pdf,02 - February,2026-02-26,186928,BenQwest LLC,Ship To,1456,1725144,Net 60,2026-04-27,8.25,4,2.24,377.8,45088.18,1456,1456,DATE_MISMATCH,exact,Mario,2025-03-19,11th and Red River,Mario Munoz,Tex-Con,Fuel and Diesel,,MM,344.0,2.0,PRE-MAR1,2026-02,60,Mario Munoz,,11TH AND RED RIVER,fuel and diesel
186929.pdf,02 - February,2026-02-26,186929,BenQwest LLC,Ship To,9473,1725147,Net 60,2026-04-27,8.25,10,23.04,569.54,45088.18,9473,9473,UNMATCHED,,,,,,,,,,,,PRE-MAR1,2026-02,60,,,,
186930.pdf,02 - February,2026-02-26,186930,BenQwest LLC,Ship To,7483,1725152,Net 60,2026-04-27,8.25,3,0.0,98.8,45088.18,7483,7483,STRONG,exact,Joey,2026-02-25,ADA 33,Uriel Soto,Texcon,Diesel,,,1.0,1.0,PRE-MAR1,2026-02,60,Uriel Soto,,ADA 33,diesel
186932.pdf,02 - February,2026-02-26,186932,BenQwest LLC,Ship To,9474,1725212,Net 60,2026-04-27,8.25,3,4.11,367.25,45088.18,9474,9474,UNMATCHED,,,,,,,,,,,,PRE-MAR1,2026-02,60,,,,
186935.pdf,02 - February,2026-02-26,186935,BenQwest LLC,Ship To,12959,1725363,Net 60,2026-04-27,8.25,2,29.65,422.48,45088.18,12959,12959,STRONG,exact,Fer,2026-02-26,Mechanic Shop,Fernando,Tex Con,Combustible 13 Gallons for Truck VIN # 3241 / 12 Diesel Filters for Red Diesel  Pump from Trucks,,,0.0,1.0,PRE-MAR1,2026-02,60,Fernando,,MECHANIC SHOP,combustible 13 gallons for truck vin # 3241 / 12 diesel filters for red diesel  pump from trucks
186936.pdf,02 - February,2026-02-26,186936,BenQwest LLC,Ship To,7484,1725365,Net 60,2026-04-27,8.25,6,9.73,330.95,45088.18,7484,7484,STRONG,exact,Joey,2026-02-26,ADA 33,Carlos Diaz,Texcon,Diesel,,,0.0,1.0,PRE-MAR1,2026-02,60,Carlos Diaz,,ADA 33,diesel
186946.pdf,02 - February,2026-02-27,186946,BenQwest LLC,Ship To,1459,1725602,Net 60,2026-04-28,8.25,4,1.2,217.36,45688.35,1459,1459,PO_NO_DATE,exact,Tacho,,,,,,,,,2.0,PRE-MAR1,2026-02,60,,,,
186948.pdf,02 - February,2026-02-27,186948,BenQwest LLC,Ship To,12962,1725713,Net 60,2026-04-28,8.25,3,0.0,280.1,45688.35,12962,12962,STRONG,exact,Fer,2026-02-27,Mechanic Shop,Ulises Rodriguez,Tex Con,Combustible,,,0.0,1.0,PRE-MAR1,2026-02,60,Ulises Rodriguez,,MECHANIC SHOP,combustible
186950.pdf,02 - February,2026-02-27,186950,BenQwest LLC,Ship To,7489,1725732,Net 60,2026-04-28,8.25,1,0.0,102.71,45688.35,7489,7489,FUEL_VENDOR_VARIANT,exact,Joey,2026-02-27,ADA 33,Antonio Gutierrez,Txcon,Diesel,,,0.0,1.0,PRE-MAR1,2026-02,60,Antonio Gutierrez,,ADA 33,diesel
186956.pdf,03 - March,2026-03-02,186956,BenQwest LLC,Ship To,7492,1726196,Net 60,2026-05-01,8.25,3,0.0,183.93,45872.28,7492,7492,STRONG,exact,Joey,2026-03-02,ADA 33,Alvaro Aguirre,Texcon,Fuel,,,0.0,1.0,POST-MAR1,2026-03,60,Alvaro Aguirre,,ADA 33,fuel
186957.pdf,03 - March,2026-03-02,186957,BenQwest LLC,Ship To,9489,1726645,Net 60,2026-05-01,8.25,5,5.41,141.47,46013.75,9489,9489,UNMATCHED,,,,,,,,,,,,POST-MAR1,2026-03,60,,,,
186962.pdf,03 - March,2026-03-02,186962,BenQwest LLC,Ship To,7494,1726465,Net 60,2026-05-01,8.25,2,3.12,455.53,47400.0,7494,7494,STRONG,exact,Joey,2026-03-02,ADA 33,Jose De La Cerda,Texcon,  ,,,0.0,1.0,POST-MAR1,2026-03,60,Jose De La Cerda,,ADA 33,
186963.pdf,03 - March,2026-03-02,186963,BenQwest LLC,Ship To,12969,1726526,Net 60,2026-05-01,8.25,2,0.0,70.98,47400.0,12969,12969,STRONG,exact,Fer,2026-03-02,Mechanic Shop,Fernando,Tex Con,Combustible for Shop,,,0.0,1.0,POST-MAR1,2026-03,60,Fernando,,MECHANIC SHOP,combustible for shop
186964.pdf,03 - March,2026-03-02,186964,BenQwest LLC,Ship To,7495,1726529,Net 60,2026-05-01,8.25,2,0.0,260.32,47400.0,7495,7495,STRONG,exact,Joey,2026-03-02,ADA 33,Alejandro Esquivel,Texcon,Fuel,,,0.0,1.0,POST-MAR1,2026-03,60,Alejandro Esquivel,,ADA 33,fuel
186965.pdf,03 - March,2026-03-02,186965,BenQwest LLC,Ship To,7497,1726587,Net 60,2026-05-01,8.25,5,4.62,421.54,47400.0,7497,7497,STRONG,exact,Joey,2026-03-02,ADA 32,Diego Vazquez,Texcon,Fuel,,,0.0,1.0,POST-MAR1,2026-03,60,Diego Vazquez,,ADA 32,fuel
186967.pdf,03 - March,2026-03-02,186967,BenQwest LLC,Ship To,7498,1726596,Net 60,2026-05-01,8.25,2,0.0,177.88,47400.0,7498,7498,STRONG,exact,Joey,2026-03-02,ADA 33,Pedro Limon,Texcon,Fuel,,,0.0,1.0,POST-MAR1,2026-03,60,Pedro Limon,,ADA 33,fuel
186969.pdf,03 - March,2026-03-03,186969,BenQwest LLC,Ship To,7499,1726762,Net 60,2026-05-02,8.25,4,4.8,278.81,48036.44,7499,7499,STRONG,exact,Joey,2026-03-02,ADA 32,Avisai Jimenez,Texcon,Fuel,,,1.0,1.0,POST-MAR1,2026-03,60,Avisai Jimenez,,ADA 32,fuel
186970.pdf,03 - March,2026-03-03,186970,BenQwest LLC,Ship To,1293,1726964,Net 60,2026-05-02,8.25,1,0.0,56.1,48036.44,1293,1293,DATE_MISMATCH,exact,Mario,2024-11-12,Cesar Chavez,Mario Muñoz,Tex-Con,Fuel and Diesel,,Martin Gonzalez,476.0,1.0,POST-MAR1,2026-03,60,Mario Muñoz,,CESAR CHAVEZ,fuel and diesel
186973.pdf,03 - March,2026-03-03,186973,BenQwest LLC,Ship To,7507,1727125,Net 60,2026-05-02,8.25,3,0.0,301.53,48036.44,7507,7507,FUEL_VENDOR_VARIANT,exact,Joey,2026-03-03,CLMC1093,Alexander Rosales,Leo's Service Station,Fuel,,,0.0,1.0,POST-MAR1,2026-03,60,Alexander Rosales,,CLMC1093,fuel
186976.pdf,03 - March,2026-03-04,186976,BenQwest LLC,Ship To,75012,1727196,Net 60,2026-05-03,8.25,5,2.94,314.8,48976.43,75012,75012,UNMATCHED,,,,,,,,,,,,POST-MAR1,2026-03,60,,,,
186977.pdf,03 - March,2026-03-04,186977,BenQwest LLC,Ship To,12975,1727271,Net 60,2026-05-03,8.25,1,0.0,64.1,48976.43,12975,12975,STRONG,exact,Fer,2026-03-04,Mechanic Shop,Ulises Rodriguez,Tex Con,Combustible - Truck in shop (Spare),VIN #8020,,0.0,1.0,POST-MAR1,2026-03,60,Ulises Rodriguez,VIN#8020,MECHANIC SHOP,combustible - truck in shop (spare)
186978.pdf,03 - March,2026-03-04,186978,BenQwest LLC,Ship To,7511,1727273,Net 60,2026-05-03,8.25,2,0.0,158.37,48976.43,7511,7511,STRONG,exact,Joey,2026-03-04,ADA 33,Pedro Limon,Texcon,Fuel,,,0.0,1.0,POST-MAR1,2026-03,60,Pedro Limon,,ADA 33,fuel
186980.pdf,03 - March,2026-03-04,186980,BenQwest LLC,Ship To,12906,1727322,Net 60,2026-05-03,8.25,1,0.0,110.12,48976.43,12906,12906,STRONG,exact,Fer,2026-02-10,Mechanic Shop,Andy,Tex Con,Combustible,,,22.0,1.0,POST-MAR1,2026-03,60,Andy,,MECHANIC SHOP,combustible
186983.pdf,03 - March,2026-03-04,186983,BenQwest LLC,Ship To,7514,1727388,Net 60,2026-05-03,8.25,3,0.0,292.6,48976.43,7514,7514,FUEL_VENDOR_VARIANT,exact,Joey,2026-03-04,ADA 32,Jose Luis Zamarripa,Leo's Service Station,Fuel,,,0.0,1.0,POST-MAR1,2026-03,60,Jose Luis Zamarripa,,ADA 32,fuel
186984.pdf,03 - March,2026-03-04,186984,BenQwest LLC,Ship To,7519,1727478,Net 60,2026-05-03,8.25,2,0.0,253.95,49230.38,7519,7519,STRONG,exact,Joey,2026-03-04,ADA 32,Jesus G. Rodriguez,Texcon,Fuel,,,0.0,1.0,POST-MAR1,2026-03,60,Jesus G. Rodriguez,,ADA 32,fuel
186985.pdf,03 - March,2026-03-05,186985,BenQwest LLC,Ship To,7525,1727625,Net 60,2026-05-04,8.25,3,0.0,276.51,51904.19,7525,7525,STRONG,exact,Joey,2026-03-04,ADA 32,Uriel Soto,Texcon,Fuel,,,1.0,1.0,POST-MAR1,2026-03,60,Uriel Soto,,ADA 32,fuel
186986.pdf,03 - March,2026-03-05,186986,BenQwest LLC,Ship To,7523,1727630,Net 60,2026-05-04,8.25,3,0.0,209.26,51904.19,7523,7523,STRONG,exact,Joey,2026-03-04,ADA 33,Alvaro Aguirre,Texcon,Fuel,,,1.0,1.0,POST-MAR1,2026-03,60,Alvaro Aguirre,,ADA 33,fuel
186987.pdf,03 - March,2026-03-05,186987,BenQwest LLC,Ship To,7526,1727662,Net 60,2026-05-04,8.25,3,0.0,515.44,51904.19,7526,7526,STRONG,exact,Joey,2026-03-05,ADA 33,Juan Perez,Texcon,Fuel,,,0.0,1.0,POST-MAR1,2026-03,60,Juan Perez,,ADA 33,fuel
186988.pdf,03 - March,2026-03-05,186988,BenQwest LLC,Ship To,7527,1727666,Net 60,2026-05-04,8.25,3,0.98,559.08,51904.19,7527,7527,STRONG,exact,Joey,2026-03-05,ADA 33,Francis Echevestre,Texcon,Fuel,,,0.0,1.0,POST-MAR1,2026-03,60,Francis Echevestre,,ADA 33,fuel
186990.pdf,03 - March,2026-03-05,186990,BenQwest LLC,Ship To,7529,1727712,Net 60,2026-05-04,8.25,2,0.0,191.42,51904.19,7529,7529,STRONG,exact,Joey,2026-03-05,CLMC1107,Ruben Cano,Texcon,Fuel,,,0.0,1.0,POST-MAR1,2026-03,60,Ruben Cano,,CLMC1107,fuel
186994.pdf,03 - March,2026-03-05,186994,BenQwest LLC,Ship To,7531,1727924,Net 60,2026-05-04,8.25,5,0.95,371.42,51904.19,7531,7531,STRONG,exact,Joey,2026-03-05,ADA 32,Jose A. Zamarripa,Texcon,Fuel,,,0.0,1.0,POST-MAR1,2026-03,60,Jose A. Zamarripa,,ADA 32,fuel
186995.pdf,03 - March,2026-03-05,186995,BenQwest LLC,Ship To,12989,1727930,Net 60,2026-05-04,8.25,3,5.24,251.72,51904.19,12989,12989,STRONG,exact,Fer,2026-03-05,Mechanic Shop,Abel Hernandez,Tex Con,Combustible,,,0.0,1.0,POST-MAR1,2026-03,60,Abel Hernandez,,MECHANIC SHOP,combustible
186996.pdf,03 - March,2026-03-05,186996,BenQwest LLC,Ship To,12992,1727970,Net 60,2026-05-04,8.25,2,0.0,132.47,51904.19,12992,12992,STRONG,exact,Fer,2026-03-05,Mechanic Shop,Andy,Tex Con,Combustible for truck and shop,VIN #3241,,0.0,1.0,POST-MAR1,2026-03,60,Andy,VIN#3241,MECHANIC SHOP,combustible for truck and shop
186998.pdf,03 - March,2026-03-06,186998,BenQwest LLC,Ship To,7522,1728084,Net 60,2026-05-05,8.25,1,0.0,139.13,52909.69,7522,7522,STRONG,exact,Joey,2026-03-04,ADA 32,Diego Vazquez,Texcon,Fuel,,,2.0,1.0,POST-MAR1,2026-03,60,Diego Vazquez,,ADA 32,fuel
187001.pdf,03 - March,2026-03-06,187001,BenQwest LLC,Ship To,7536,1728198,Net 60,2026-05-05,8.25,2,0.0,152.33,52909.69,7536,7536,STRONG,exact,Joey,2026-03-06,CMTA IDIQ,Abraham Gonzalez,Texcon,Fuel,,,0.0,1.0,POST-MAR1,2026-03,60,Abraham Gonzalez,,CMTA IDIQ,fuel
187002.pdf,03 - March,2026-03-06,187002,BenQwest LLC,Ship To,7535,1728212,Net 60,2026-05-05,8.25,1,0.0,122.27,52909.69,7535,7535,STRONG,exact,Joey,2026-03-06,ADA 32,Jesus G. Rodriguez,Texcon,Fuel,,,0.0,1.0,POST-MAR1,2026-03,60,Jesus G. Rodriguez,,ADA 32,fuel
187005.pdf,03 - March,2026-03-06,187005,BenQwest LLC,Ship To,7534,1728288,Net 60,2026-05-05,8.25,6,5.59,534.32,52909.69,7534,7534,STRONG,exact,Joey,2026-03-06,ADA 33,Jose Julian Gonzalez,Texcon,Fuel,,,0.0,1.0,POST-MAR1,2026-03,60,Jose Julian Gonzalez,,ADA 33,fuel
187006.pdf,03 - March,2026-03-06,187006,BenQwest LLC,Ship To,7539,1728425,Net 60,2026-05-05,8.25,1,0.0,57.45,52909.69,7539,7539,STRONG,exact,Joey,2026-03-06,CLMC1093,Martin Gonzalez,Texcon,Fuel,,,0.0,1.0,POST-MAR1,2026-03,60,Martin Gonzalez,,CLMC1093,fuel
187009.pdf,03 - March,2026-03-09,187009,BenQwest LLC,Ship To,7547,1728713,Net 60,2026-05-08,8.25,2,2.24,163.23,53749.37,7547,7547,STRONG,exact,Joey,2026-03-09,ADA 33,Jesus G. Rodriguez,Texcon,Fuel,,,0.0,1.0,POST-MAR1,2026-03,60,Jesus G. Rodriguez,,ADA 33,fuel
187013.pdf,03 - March,2026-03-09,187013,BenQwest LLC,Ship To,7551,1728989,Net 60,2026-05-08,8.25,1,0.0,485.35,53749.37,7551,7551,STRONG,exact,Joey,2026-03-09,CLMC1093,Jose De La Cerda,Texcon,Fuel,,,0.0,1.0,POST-MAR1,2026-03,60,Jose De La Cerda,,CLMC1093,fuel
187014.pdf,03 - March,2026-03-09,187014,BenQwest LLC,Ship To,12998,1729065,Net 60,2026-05-08,8.25,3,2.24,171.97,53749.37,12998,12998,STRONG,exact,Fer,2026-03-09,Mechanic Shop,Ulises Rodriguez,Tex Con,Combustible,,,0.0,1.0,POST-MAR1,2026-03,60,Ulises Rodriguez,,MECHANIC SHOP,combustible
187015.pdf,03 - March,2026-03-09,187015,BenQwest LLC,Ship To,12999,1729107,Net 60,2026-05-08,8.25,1,0.0,19.13,53749.37,12999,12999,STRONG,exact,Fer,2026-03-09,Mechanic Shop,Fernando,Tex Con,Combustible (Only 6 gallons the pump does not work),VIN #3241,,0.0,1.0,POST-MAR1,2026-03,60,Fernando,VIN#3241,MECHANIC SHOP,combustible (only 6 gallons the pump does not work)
187016.pdf,03 - March,2026-03-10,187016,BenQwest LLC,Ship To,7560,1729405,Net 60,2026-05-09,8.25,2,0.0,392.88,56631.5,7560,7560,FUEL_VENDOR_VARIANT,exact,Joey,2026-03-10,ADA 33,Avisai Jimenez,Leo's Service Station,Fuel,,,0.0,1.0,POST-MAR1,2026-03,60,Avisai Jimenez,,ADA 33,fuel
187017.pdf,03 - March,2026-03-10,187017,BenQwest LLC,Ship To,7579,1729559,Net 60,2026-05-09,8.25,4,2.09,471.73,56631.5,7579,7579,VENDOR_MISMATCH,exact,Joey,2026-03-11,ADA 33,Jose Luis Zamarripa,Pena's Traffic Services,Materials,,,-1.0,1.0,POST-MAR1,2026-03,60,Jose Luis Zamarripa,,ADA 33,materials
187018.pdf,03 - March,2026-03-10,187018,BenQwest LLC,Ship To,7572,1729565,Net 60,2026-05-09,8.25,3,0.0,295.24,56631.5,7572,7572,STRONG,exact,Joey,2026-03-10,ADA 33,Alvaro Aguirre,Texcon,Fuel,,,0.0,1.0,POST-MAR1,2026-03,60,Alvaro Aguirre,,ADA 33,fuel
187019.pdf,03 - March,2026-03-10,187019,BenQwest LLC,Ship To,7554,1729192,Net 60,2026-05-09,8.25,2,0.0,364.62,56631.5,7554,7554,STRONG,exact,Joey,2026-03-10,ADA 33,Carlos Diaz,Texcon,Fuel,,,0.0,1.0,POST-MAR1,2026-03,60,Carlos Diaz,,ADA 33,fuel
187020.pdf,03 - March,2026-03-10,187020,BenQwest LLC,Ship To,7558,1729238,Net 60,2026-05-09,8.25,3,0.0,353.95,56631.5,7558,7558,STRONG,exact,Joey,2026-03-10,ADA 33,Omar Hernandez,Texcon,Fuel,,,0.0,1.0,POST-MAR1,2026-03,60,Omar Hernandez,,ADA 33,fuel
187021.pdf,03 - March,2026-03-10,187021,BenQwest LLC,Ship To,13002,1729243,Net 60,2026-05-09,8.25,1,0.0,44.32,56631.5,13002,13002,PO_NO_DATE,exact,Fer,,Mechanic Shop,Fernando,Tex Con,Combustible (Complement PO #12999,VIN #3241,,,1.0,POST-MAR1,2026-03,60,Fernando,VIN#3241,MECHANIC SHOP,combustible (complement po #12999
187022.pdf,03 - March,2026-03-10,187022,BenQwest LLC,Ship To,7557,1729247,Net 60,2026-05-09,8.25,3,2.24,170.33,56631.5,7557,7557,STRONG,exact,Joey,2026-03-10,CLMC1093,Ulises Lara,Texcon,Fuel,,,0.0,1.0,POST-MAR1,2026-03,60,Ulises Lara,,CLMC1093,fuel
187023.pdf,03 - March,2026-03-10,187023,BenQwest LLC,Ship To,13001,1729271,Net 60,2026-05-09,8.25,1,0.0,148.46,56631.5,13001,13001,STRONG,exact,Fer,2026-03-10,Mechanic Shop,Abel Hernandez,Tex Con,Combustible,,,0.0,1.0,POST-MAR1,2026-03,60,Abel Hernandez,,MECHANIC SHOP,combustible
187025.pdf,03 - March,2026-03-10,187025,BenQwest LLC,Ship To,7565,1729527,Net 60,2026-05-09,8.25,1,0.0,385.22,56631.5,7565,7565,STRONG,exact,Joey,2026-03-10,CLMC1107,Jose De La Cerda,Texcon,Fuel,,,0.0,1.0,POST-MAR1,2026-03,60,Jose De La Cerda,,CLMC1107,fuel
187027.pdf,03 - March,2026-03-10,187027,BenQwest LLC,Ship To,7555,1729561,Net 60,2026-05-09,8.25,3,2.24,255.38,56631.5,7555,7555,STRONG,exact,Joey,2026-03-10,ADA 33,Isidro Garcia,Texcon,Fuel,,,0.0,1.0,POST-MAR1,2026-03,60,Isidro Garcia,,ADA 33,fuel
187028.pdf,03 - March,2026-03-11,187028,BenQwest LLC,Ship To,7563,1729623,Net 60,2026-05-10,8.25,4,0.81,196.38,57187.16,7563,7563,STRONG,exact,Joey,2026-03-10,CMTA IDIQ,Pedro Limon,Texcon,Fuel,,,1.0,1.0,POST-MAR1,2026-03,60,Pedro Limon,,CMTA IDIQ,fuel
187031.pdf,03 - March,2026-03-11,187031,BenQwest LLC,Ship To,7574,1729809,Net 60,2026-05-10,8.25,3,0.0,359.28,57187.16,7574,7574,STRONG,exact,Joey,2026-03-11,ADA 32,Enrique Alvarado,Texcon,Fuel,,,0.0,1.0,POST-MAR1,2026-03,60,Enrique Alvarado,,ADA 32,fuel
187033.pdf,03 - March,2026-03-12,187033,BenQwest LLC,Ship To,7581,1729983,Net 60,2026-05-11,8.25,5,2.62,474.47,59609.5,7581,7581,STRONG,exact,Joey,2026-03-11,ADA 32,Isidro Sanchez,Texcon,Fuel,,,1.0,1.0,POST-MAR1,2026-03,60,Isidro Sanchez,,ADA 32,fuel
187034.pdf,03 - March,2026-03-12,187034,BenQwest LLC,Ship To,7585,1730001,Net 60,2026-05-11,8.25,3,0.49,141.01,59609.5,7585,7585,STRONG,exact,Joey,2026-03-12,ADA 33,Jesus G. Rodriguez,Texcon,Fuel,,,0.0,1.0,POST-MAR1,2026-03,60,Jesus G. Rodriguez,,ADA 33,fuel
187035.pdf,03 - March,2026-03-12,187035,BenQwest LLC,Ship To,7584,1730005,Net 60,2026-05-11,8.25,1,0.0,117.5,59609.5,7584,7584,STRONG,exact,Joey,2026-03-11,CLMC1093,Uriel Lara,Texcon,Fuel,,,1.0,1.0,POST-MAR1,2026-03,60,Uriel Lara,,CLMC1093,fuel
187036.pdf,03 - March,2026-03-12,187036,BenQwest LLC,Ship To,7582,1730008,Net 60,2026-05-11,8.25,2,0.0,299.97,59609.5,7582,7582,STRONG,exact,Joey,2026-03-11,ADA 33,Uriel Soto ,Texcon,Fuel,,,1.0,1.0,POST-MAR1,2026-03,60,Uriel Soto,,ADA 33,fuel
187040.pdf,03 - March,2026-03-12,187040,BenQwest LLC,Ship To,7589,1730207,Net 60,2026-05-11,8.25,4,1.28,556.55,59609.5,7589,7589,STRONG,exact,Joey,2026-03-12,ADA 33,Gerardo Sanchez,Texcon,Fuel,,,0.0,1.0,POST-MAR1,2026-03,60,Gerardo Sanchez,,ADA 33,fuel
187041.pdf,03 - March,2026-03-12,187041,BenQwest LLC,Ship To,7590,1730259,Net 60,2026-05-11,8.25,3,1.87,832.84,59609.5,7590,7590,STRONG,exact,Joey,2026-03-12,ADA 33,Francis Echevestre,Texcon,Fuel,,,0.0,1.0,POST-MAR1,2026-03,60,Francis Echevestre,,ADA 33,fuel
187046.pdf,03 - March,2026-03-13,187046,BenQwest LLC,Ship To,7592,1730413,Net 60,2026-05-12,8.25,2,0.0,124.43,60234.07,7592,7592,STRONG,exact,Joey,2026-03-12,ADA 33,Alvaro Aguirre,Texcon,Fuel,,,1.0,2.0,POST-MAR1,2026-03,60,Alvaro Aguirre,,ADA 33,fuel
187047.pdf,03 - March,2026-03-12,187047,BenQwest LLC,Ship To,7588,1730170,Net 60,2026-05-11,8.25,1,0.0,130.0,59863.93,7588,7588,STRONG,exact,Joey,2026-03-12,ADA 32,Abraham Gonzalez,Texcon,Fuel,,,0.0,1.0,POST-MAR1,2026-03,60,Abraham Gonzalez,,ADA 32,fuel
187049.pdf,03 - March,2026-03-13,187049,BenQwest LLC,Ship To,13221,1730441,Net 60,2026-05-12,8.25,1,0.0,71.89,60234.07,13221,13221,DATE_MISMATCH,exact,Fer,2026-05-08,Mechanic Shop,Fernando,Leif Johnson Ford,2 Hub / 2 HD Rotor and brake pad kit,VIN #2414,,-56.0,1.0,POST-MAR1,2026-03,60,Fernando,VIN#2414,MECHANIC SHOP,2 hub / 2 hd rotor and brake pad kit
187050.pdf,03 - March,2026-03-13,187050,BenQwest LLC,Ship To,13022,1730527,Net 60,2026-05-12,8.25,3,2.24,189.31,60234.07,13022,13022,STRONG,exact,Fer,2026-03-13,Mechanic Shop,Ulises Rodriguez,Tex Con,Combustible,VIN #0742,,0.0,1.0,POST-MAR1,2026-03,60,Ulises Rodriguez,VIN#0742,MECHANIC SHOP,combustible
187053.pdf,03 - March,2026-03-13,187053,BenQwest LLC,Ship To,7600,1730805,Net 60,2026-05-12,8.25,1,0.0,108.94,60234.07,7600,7600,STRONG,exact,Joey,2026-03-13,ADA 32,Francisco Aguirre,Texcon,Fuel,,,0.0,1.0,POST-MAR1,2026-03,60,Francisco Aguirre,,ADA 32,fuel
187056.pdf,03 - March,2026-03-16,187056,BenQwest LLC,Ship To,7606,1731061,Net 60,2026-05-15,8.25,6,4.54,510.3,61507.13,7606,7606,STRONG,exact,Joey,2026-03-16,ADA 32,Diego Vazquez,Texcon,Fuel,,,0.0,1.0,POST-MAR1,2026-03,60,Diego Vazquez,,ADA 32,fuel
187058.pdf,03 - March,2026-03-16,187058,BenQwest LLC,Ship To,7608,1731101,Net 60,2026-05-15,8.25,2,0.0,142.99,61507.13,7608,7608,STRONG,exact,Joey,2026-03-16,ADA 33,Ulises Lara,Texcon,Fuel,,,0.0,2.0,POST-MAR1,2026-03,60,Ulises Lara,,ADA 33,fuel
187063.pdf,03 - March,2026-03-16,187063,BenQwest LLC,Ship To,7614,1731443,Net 60,2026-05-15,8.25,7,11.39,619.77,61507.13,7614,7614,STRONG,exact,Joey,2026-03-16,ADA 33,Jose Julian Gonzalez,Texcon,Fuel,,,0.0,1.0,POST-MAR1,2026-03,60,Jose Julian Gonzalez,,ADA 33,fuel
187065.pdf,03 - March,2026-03-17,187065,BenQwest LLC,Ship To,7619,1731528,Net 60,2026-05-16,8.25,1,0.0,161.53,62640.9,7619,7619,STRONG,exact,Joey,2026-03-17,ADA 33,Abraham Gonzalez,Texcon,Fuel,,,0.0,1.0,POST-MAR1,2026-03,60,Abraham Gonzalez,,ADA 33,fuel
187066.pdf,03 - March,2026-03-17,187066,BenQwest LLC,Ship To,7621,1731554,Net 60,2026-05-16,8.25,4,2.58,240.28,62640.9,7621,7621,STRONG,exact,Joey,2026-03-17,ADA 32,Ulises Lara,Texcon,Fuel,,,0.0,1.0,POST-MAR1,2026-03,60,Ulises Lara,,ADA 32,fuel
187067.pdf,03 - March,2026-03-17,187067,BenQwest LLC,Ship To,13028,1731586,Net 60,2026-05-16,8.25,2,0.0,159.09,62640.9,13028,13028,STRONG,exact,Fer,2026-03-17,Mechanic Shop,Andy Hernandez,Tex Con,Gasoline for Shop,,,0.0,1.0,POST-MAR1,2026-03,60,Andy Hernandez,,MECHANIC SHOP,gasoline for shop
187069.pdf,03 - March,2026-03-17,187069,BenQwest LLC,Ship To,7626,1731727,Net 60,2026-05-16,8.25,2,5.2,497.35,62640.9,7626,7626,STRONG,exact,Joey,2026-03-17,ADA 33,Jose De La Cerda,Texcon,Fuel,,,0.0,1.0,POST-MAR1,2026-03,60,Jose De La Cerda,,ADA 33,fuel
187071.pdf,03 - March,2026-03-17,187071,BenQwest LLC,Ship To,13029,1731823,Net 60,2026-05-16,8.25,1,0.0,75.52,62640.9,13029,13029,STRONG,exact,Fer,2026-03-17,Mechanic Shop,Andy Hernandez,Tex Con,Combustible,VIN # 5401,,0.0,1.0,POST-MAR1,2026-03,60,Andy Hernandez,VIN#5401,MECHANIC SHOP,combustible
187074.pdf,03 - March,2026-03-18,187074,BenQwest LLC,Ship To,7629,1731959,Net 60,2026-05-17,8.25,4,3.13,229.56,65230.35,7629,7629,STRONG,exact,Joey,2026-03-17,ADA 32,Avisai Jimenez,Texcon,Fuel,,,1.0,1.0,POST-MAR1,2026-03,60,Avisai Jimenez,,ADA 32,fuel
187075.pdf,03 - March,2026-03-18,187075,BenQwest LLC,Ship To,7632,1731960,Net 60,2026-05-17,8.25,3,0.0,219.59,65230.35,7632,7632,STRONG,exact,Joey,2026-03-18,ADA 33,Alvaro Aguirre,Texcon,Fuel,,,0.0,1.0,POST-MAR1,2026-03,60,Alvaro Aguirre,,ADA 33,fuel
187076.pdf,03 - March,2026-03-18,187076,BenQwest LLC,Ship To,7631,1731967,Net 60,2026-05-17,8.25,4,2.33,321.31,65230.35,7631,7631,STRONG,exact,Joey,2026-03-18,ADA 33,Jesus G. Rodriguez,Texcon,Fuel,,,0.0,1.0,POST-MAR1,2026-03,60,Jesus G. Rodriguez,,ADA 33,fuel
187077.pdf,03 - March,2026-03-18,187077,BenQwest LLC,Ship To,7629,1731986,Net 60,2026-05-17,8.25,3,0.0,395.94,65230.35,7629,7629,STRONG,exact,Joey,2026-03-17,ADA 32,Avisai Jimenez,Texcon,Fuel,,,1.0,1.0,POST-MAR1,2026-03,60,Avisai Jimenez,,ADA 32,fuel
187079.pdf,03 - March,2026-03-18,187079,BenQwest LLC,Ship To,7634,1732029,Net 60,2026-05-17,8.25,3,0.0,213.72,65230.35,7634,7634,STRONG,exact,Joey,2026-03-18,CMTA IDIQ,Pedro Limon,Texcon,Fuel,,,0.0,1.0,POST-MAR1,2026-03,60,Pedro Limon,,CMTA IDIQ,fuel
187080.pdf,03 - March,2026-03-18,187080,BenQwest LLC,Ship To,13032,1732055,Net 60,2026-05-17,8.25,4,2.67,196.3,65230.35,13032,13032,STRONG,exact,Fer,2026-03-18,Mechanic Shop,Ulises Rodriguez,Tex Con,Combustible,VIN #8269,,0.0,1.0,POST-MAR1,2026-03,60,Ulises Rodriguez,VIN#8269,MECHANIC SHOP,combustible
187081.pdf,03 - March,2026-03-18,187081,BenQwest LLC,Ship To,7624,1732079,Net 60,2026-05-17,8.25,2,0.0,243.35,65230.35,7624,7624,STRONG,exact,Joey,2026-03-17,ADA 33,Abraham Gonzalez,Texcon,Diesel - Red,,,1.0,1.0,POST-MAR1,2026-03,60,Abraham Gonzalez,,ADA 33,diesel - red
187083.pdf,03 - March,2026-03-18,187083,BenQwest LLC,Ship To,7636,1732062,Net 60,2026-05-17,8.25,2,0.0,505.86,65230.35,7636,7636,STRONG,exact,Joey,2026-03-18,ADA 33,Lupe Juarez,Texcon,Diesel,,,0.0,1.0,POST-MAR1,2026-03,60,Lupe Juarez,,ADA 33,diesel
187084.pdf,03 - March,2026-03-18,187084,BenQwest LLC,Ship To,7633,1732217,Net 60,2026-05-17,8.25,1,0.0,263.82,65230.35,7633,7633,STRONG,exact,Joey,2026-03-18,ADA 32,Jose Antonio Licea,Texcon,Fuel,,,0.0,1.0,POST-MAR1,2026-03,60,Jose Antonio Licea,,ADA 32,fuel
187086.pdf,03 - March,2026-03-19,187086,BenQwest LLC,Ship To,4644,1732439,Net 60,2026-05-18,8.25,2,0.0,187.93,65755.91,4644,4644,DATE_MISMATCH,exact,Jose Luis,2024-06-27,ADA 31 FAIRFIELD,ABISAI JOMENEZ,LEO'S,FUEL,,JLZ,630.0,1.0,POST-MAR1,2026-03,60,Abisai Jomenez,,ADA 31 FAIRFIELD,fuel
187089.pdf,03 - March,2026-03-19,187089,BenQwest LLC,Ship To,13038,1732662,Net 60,2026-05-18,8.25,1,0.0,72.71,65755.91,13038,13038,STRONG,exact,Fer,2026-03-19,Mechanic Shop,Fernando,Tex Con,Combustible,VIN #5773,,0.0,1.0,POST-MAR1,2026-03,60,Fernando,VIN#5773,MECHANIC SHOP,combustible
187090.pdf,03 - March,2026-03-19,187090,BenQwest LLC,Ship To,13041,1732689,Net 60,2026-05-18,8.25,1,0.0,72.64,65755.91,13041,13041,STRONG,exact,Fer,2026-03-19,Mechanic Shop,Fernando,Tex Con,Combustible,VIN #5401,,0.0,1.0,POST-MAR1,2026-03,60,Fernando,VIN#5401,MECHANIC SHOP,combustible
187093.pdf,03 - March,2026-03-19,187093,BenQwest LLC,Ship To,7642,1732823,Net 60,2026-05-18,8.25,2,0.0,192.28,65755.91,7642,7642,STRONG,exact,Joey,2026-03-18,ADA 32,Francisco Aguirre,Texcon,Fuel,,,1.0,1.0,POST-MAR1,2026-03,60,Francisco Aguirre,,ADA 32,fuel
187095.pdf,03 - March,2026-03-20,187095,BenQwest LLC,Ship To,7639,1732922,Net 60,2026-05-19,8.25,2,0.0,484.9,67381.76,7639,7639,STRONG,exact,Joey,2026-03-18,ADA 32,Jose A. Zamarripa,Texcon,Fuel,,,2.0,1.0,POST-MAR1,2026-03,60,Jose A. Zamarripa,,ADA 32,fuel
187096.pdf,03 - March,2026-03-20,187096,BenQwest LLC,Ship To,7658,1732932,Net 60,2026-05-19,8.25,1,0.0,145.68,67381.76,7658,7658,STRONG,exact,Joey,2026-03-20,ADA 32,Ulises Lara,Texcon,Fuel,,,0.0,1.0,POST-MAR1,2026-03,60,Ulises Lara,,ADA 32,fuel
187098.pdf,03 - March,2026-03-20,187098,BenQwest LLC,Ship To,7659,1733017,Net 60,2026-05-19,8.25,2,0.85,140.78,67381.76,7659,7659,STRONG,exact,Joey,2026-03-20,CMTA IDIQ,Pedro Limon,Texcon,Fuel,,,0.0,1.0,POST-MAR1,2026-03,60,Pedro Limon,,CMTA IDIQ,fuel
187100.pdf,03 - March,2026-03-20,187100,BenQwest LLC,Ship To,13044,1733092,Net 60,2026-05-19,8.25,1,0.0,51.5,67381.76,13044,13044,STRONG,exact,Fer,2026-03-20,Mechanic Shop,Fernando,Tex Con,Combustible,VIN #3241,,0.0,1.0,POST-MAR1,2026-03,60,Fernando,VIN#3241,MECHANIC SHOP,combustible
187102.pdf,03 - March,2026-03-20,187102,BenQwest LLC,Ship To,7431,1733156,Net 60,2026-05-19,8.25,2,2.95,366.28,67381.76,7431,7431,STRONG,exact,Joey,2026-02-12,ADA 32,Ivan Muniz,Texcon ,Diesel ,,,36.0,1.0,POST-MAR1,2026-03,60,Ivan Muniz,,ADA 32,diesel
187104.pdf,03 - March,2026-03-20,187104,BenQwest LLC,Ship To,7663,1733293,Net 60,2026-05-19,8.25,6,3.66,436.71,67381.76,7663,7663,STRONG,exact,Joey,2026-03-20,ADA 32,David Molina,Texcon,Fuel,,,0.0,1.0,POST-MAR1,2026-03,60,David Molina,,ADA 32,fuel
187108.pdf,03 - March,2026-03-21,187108,BenQwest LLC,Ship To,7664,1733342,Net 60,2026-05-20,8.25,5,1.32,530.39,67992.63,7664,7664,STRONG,exact,Joey,2026-03-20,ADA 33,Carlos Diaz,Texcon,Fuel,,,1.0,1.0,POST-MAR1,2026-03,60,Carlos Diaz,,ADA 33,fuel
187110.pdf,03 - March,2026-03-23,187110,BenQwest LLC,Ship To,7656,1733479,Net 60,2026-05-22,8.25,3,0.0,585.56,70841.7,7656,7656,STRONG,exact,Joey,2026-03-19,ADA 32,Enrique Alvarado,Texcon,Fuel ,,,4.0,1.0,POST-MAR1,2026-03,60,Enrique Alvarado,,ADA 32,fuel
187111.pdf,03 - March,2026-03-23,187111,BenQwest LLC,Ship To,7666,1733484,Net 60,2026-05-22,8.25,4,2.12,328.19,70841.7,7666,7666,STRONG,exact,Joey,2026-03-23,ADA 33,Alvaro Aguirre,Texcon,Fuel,,,0.0,1.0,POST-MAR1,2026-03,60,Alvaro Aguirre,,ADA 33,fuel
187112.pdf,03 - March,2026-03-23,187112,BenQwest LLC,Ship To,7669,1733564,Net 60,2026-05-22,8.25,2,0.0,343.16,70841.7,7669,7669,STRONG,exact,Joey,2026-03-23,ADA 32,Francisco Aguirre,Texcon,Fuel,,,0.0,1.0,POST-MAR1,2026-03,60,Francisco Aguirre,,ADA 32,fuel
187113.pdf,03 - March,2026-03-23,187113,BenQwest LLC,Ship To,13052,1733584,Net 60,2026-05-22,8.25,3,0.0,587.72,70841.7,13052,13052,STRONG,exact,Fer,2026-03-23,Mechanic Shop,Ulises Rodriguez,Tex Con,Combustible,,,0.0,1.0,POST-MAR1,2026-03,60,Ulises Rodriguez,,MECHANIC SHOP,combustible
187116.pdf,03 - March,2026-03-23,187116,BenQwest LLC,Ship To,7671,1733732,Net 60,2026-05-22,8.25,4,12.63,480.85,70841.7,7671,7671,STRONG,exact,Joey,2026-03-23,ADA 33,Gerardo Sanchez,Texcon,Fuel,,,0.0,1.0,POST-MAR1,2026-03,60,Gerardo Sanchez,,ADA 33,fuel
187118.pdf,03 - March,2026-03-23,187118,BenQwest LLC,Ship To,7674,1733907,Net 60,2026-05-22,8.25,2,0.0,150.6,70841.7,7674,7674,STRONG,exact,Joey,2026-03-23,CMTA IDIQ,Ulises Lara,Texcon,Fuel,,,0.0,1.0,POST-MAR1,2026-03,60,Ulises Lara,,CMTA IDIQ,fuel
187119.pdf,03 - March,2026-03-23,187119,BenQwest LLC,Ship To,7677,1733935,Net 60,2026-05-22,8.25,2,0.0,372.99,70841.7,7677,7677,STRONG,exact,Joey,2026-03-23,ADA 33,Jose Julian Gonzalez,Texcon,Diesel,,,0.0,1.0,POST-MAR1,2026-03,60,Jose Julian Gonzalez,,ADA 33,diesel
187121.pdf,03 - March,2026-03-24,187121,BenQwest LLC,Ship To,7679,1734053,Net 60,2026-05-23,8.25,4,11.55,299.25,72332.04,7679,7679,STRONG,exact,Joey,2026-03-24,ADA 32,Diego Vazquez,Texcon,Fuel,,,0.0,1.0,POST-MAR1,2026-03,60,Diego Vazquez,,ADA 32,fuel
187124.pdf,03 - March,2026-03-24,187124,BenQwest LLC,Ship To,13056,1734113,Net 60,2026-05-23,8.25,1,0.0,62.33,72332.04,13056,13056,STRONG,exact,Fer,2026-03-24,Mechanic Shop,Fernando,Tex Con,Combustible,VIN #5401,,0.0,1.0,POST-MAR1,2026-03,60,Fernando,VIN#5401,MECHANIC SHOP,combustible
187127.pdf,03 - March,2026-03-24,187127,BenQwest LLC,Ship To,13059,1734240,Net 60,2026-05-23,8.25,2,0.0,193.36,72332.04,13059,13059,STRONG,exact,Fer,2026-03-24,Mechanic Shop,Abel Hernandez,Tex Con,Combustible,VIN #8919,,0.0,1.0,POST-MAR1,2026-03,60,Abel Hernandez,VIN#8919,MECHANIC SHOP,combustible
187128.pdf,03 - March,2026-03-24,187128,BenQwest LLC,Ship To,7684,1734351,Net 60,2026-05-23,8.25,1,0.0,289.14,72332.04,7684,7684,STRONG,exact,Joey,2026-03-24,CPO Burnet Corridor,Jose Antonio Licea,Texcon,Diesel,,,0.0,1.0,POST-MAR1,2026-03,60,Jose Antonio Licea,,CPO BURNET CORRIDOR,diesel
187129.pdf,03 - March,2026-03-24,187129,BenQwest LLC,Ship To,7682,1734383,Net 60,2026-05-23,8.25,3,0.0,646.26,72332.04,7682,7682,STRONG,exact,Joey,2026-03-24,ADA 33,Juan Perez,Texcon,Fuel,,,0.0,1.0,POST-MAR1,2026-03,60,Juan Perez,,ADA 33,fuel
187131.pdf,03 - March,2026-03-25,187131,BenQwest LLC,Ship To,7687,1734453,Net 60,2026-05-24,8.25,4,2.24,348.58,51967.96,7687,7687,STRONG,exact,Joey,2026-03-25,CMTA IDIQ,Ulises Lara,Texcon,Fuel,,,0.0,1.0,POST-MAR1,2026-03,60,Ulises Lara,,CMTA IDIQ,fuel
187132.pdf,03 - March,2026-03-25,187132,BenQwest LLC,Ship To,7689,1734563,Net 60,2026-05-24,8.25,4,4.53,1129.14,51967.96,7689,7689,STRONG,exact,Joey,2026-03-25,ADA 33,Rogelio Lopez,Texcon,Fuel,,,0.0,1.0,POST-MAR1,2026-03,60,Rogelio Lopez,,ADA 33,fuel
187134.pdf,03 - March,2026-03-25,187134,BenQwest LLC,Ship To,13061,1734641,Net 60,2026-05-24,8.25,4,3.52,182.43,51967.96,13061,13061,STRONG,exact,Fer,2026-03-25,Mechanic Shop,Ulises Rodriguez,Tex Con,Combustible,VIN #8269,,0.0,1.0,POST-MAR1,2026-03,60,Ulises Rodriguez,VIN#8269,MECHANIC SHOP,combustible
187135.pdf,03 - March,2026-03-25,187135,BenQwest LLC,Ship To,7690,1734642,Net 60,2026-05-24,8.25,2,0.0,347.56,51967.96,7690,7690,STRONG,exact,Joey,2026-03-25,ADA 33,Lupe Juarez,Texcon,Fuel,,,0.0,1.0,POST-MAR1,2026-03,60,Lupe Juarez,,ADA 33,fuel
187137.pdf,03 - March,2026-03-25,187137,BenQwest LLC,Ship To,13062,1734692,Net 60,2026-05-24,8.25,1,0.0,61.92,51967.96,13062,13062,STRONG,exact,Fer,2026-03-25,Mechanic Shop,Fernando,Tex Con,Combustible,VIN #3241,,0.0,1.0,POST-MAR1,2026-03,60,Fernando,VIN#3241,MECHANIC SHOP,combustible
187141.pdf,03 - March,2026-03-25,187141,BenQwest LLC,Ship To,7697,1734851,Net 60,2026-05-24,8.25,1,0.0,338.89,51967.96,7697,7697,STRONG,exact,Joey,2026-03-25,ADA 33,Jose De La Cerda,Texcon,Fuel,,,0.0,1.0,POST-MAR1,2026-03,60,Jose De La Cerda,,ADA 33,fuel
187142.pdf,03 - March,2026-03-26,187142,BenQwest LLC,Ship To,7699,1734926,Net 60,2026-05-25,8.25,1,0.0,133.72,52541.33,7699,7699,STRONG,exact,Joey,2026-03-26,ADA 32,Pedro Limon,Texcon,Fuel,,,0.0,1.0,POST-MAR1,2026-03,60,Pedro Limon,,ADA 32,fuel
187145.pdf,03 - March,2026-03-26,187145,BenQwest LLC,Ship To,7604,1735183,Net 60,2026-05-25,8.25,3,0.0,439.65,52541.33,7604,7604,VENDOR_MISMATCH,exact,Joey,2026-03-16,ADA 33,Isidro Garcia,ACE Contractor Supply,Materials,,,10.0,1.0,POST-MAR1,2026-03,60,Isidro Garcia,,ADA 33,materials
187147.pdf,03 - March,2026-03-27,187147,BenQwest LLC,Ship To,7709,1735407,Net 60,2026-05-26,8.25,3,0.0,280.23,53901.43,7709,7709,STRONG,exact,Joey,2026-03-27,ADA 33,Alvaro Aguirre,Texcon,Fuel,,,0.0,1.0,POST-MAR1,2026-03,60,Alvaro Aguirre,,ADA 33,fuel
187148.pdf,03 - March,2026-03-27,187148,BenQwest LLC,Ship To,7707,1735414,Net 60,2026-05-26,8.25,2,0.0,181.96,53901.43,7707,7707,STRONG,exact,Joey,2026-03-26,ADA 32,Juan Daniel Ortega,Texcon,Fuel,,,1.0,1.0,POST-MAR1,2026-03,60,Juan Daniel Ortega,,ADA 32,fuel
187149.pdf,03 - March,2026-03-27,187149,BenQwest LLC,Ship To,7710,1735419,Net 60,2026-05-26,8.25,4,0.42,337.24,53901.43,7710,7710,STRONG,exact,Joey,2026-03-27,CLMC1093,Jose A. Zamarripa,Texcon,Fuel,,,0.0,1.0,POST-MAR1,2026-03,60,Jose A. Zamarripa,,CLMC1093,fuel
187152.pdf,03 - March,2026-03-27,187152,BenQwest LLC,Ship To,7706,1735470,Net 60,2026-05-26,8.25,4,5.23,339.12,53901.43,7706,7706,STRONG,exact,Joey,2026-03-26,ADA 33,Carlos Diaz,Texcon,Fuel,,,1.0,1.0,POST-MAR1,2026-03,60,Carlos Diaz,,ADA 33,fuel
187155.pdf,03 - March,2026-03-27,187155,BenQwest LLC,Ship To,13059,1735544,Net 60,2026-05-26,8.25,1,0.0,150.22,53901.43,13059,13059,STRONG,exact,Fer,2026-03-24,Mechanic Shop,Abel Hernandez,Tex Con,Combustible,VIN #8919,,3.0,1.0,POST-MAR1,2026-03,60,Abel Hernandez,VIN#8919,MECHANIC SHOP,combustible
187158.pdf,03 - March,2026-03-27,187158,BenQwest LLC,Ship To,13072,1735719,Net 60,2026-05-26,8.25,1,0.0,71.33,53901.43,13072,13072,STRONG,exact,Fer,2026-03-27,Mechanic Shop,Fernando,Tex Con,Combustible,VIN #3241,,0.0,1.0,POST-MAR1,2026-03,60,Fernando,VIN#3241,MECHANIC SHOP,combustible
187159.pdf,03 - March,2026-03-30,187159,BenQwest LLC,Ship To,7722,1736140,Net 60,2026-05-29,8.25,2,0.0,388.23,54289.66,7722,7722,STRONG,exact,Joey,2026-03-30,ADA 33,Abraham Gonzalez,Texcon,Fuel,,,0.0,1.0,POST-MAR1,2026-03,60,Abraham Gonzalez,,ADA 33,fuel
187162.pdf,03 - March,2026-03-30,187162,BenQwest LLC,Ship To,7723,1736178,Net 60,2026-05-29,8.25,2,0.0,189.92,55171.84,7723,7723,STRONG,exact,Joey,2026-03-30,CLMC1093,David Molina,Texcon,Fuel,,,0.0,1.0,POST-MAR1,2026-03,60,David Molina,,CLMC1093,fuel
187164.pdf,03 - March,2026-03-30,187164,BenQwest LLC,Ship To,7729,1736358,Net 60,2026-05-29,8.25,1,0.0,110.6,55171.84,7729,7729,STRONG,exact,Joey,2026-03-30,ADA 32,Andy Hernandez,Texcon,Fuel,,,0.0,1.0,POST-MAR1,2026-03,60,Andy Hernandez,,ADA 32,fuel
187165.pdf,03 - March,2026-03-30,187165,BenQwest LLC,Ship To,322501,1736370,Net 60,2026-05-29,8.25,3,1.28,431.64,55171.84,322501,,UNMATCHED,,,,,,,,,,,,POST-MAR1,2026-03,60,,,,
187166.pdf,03 - March,2026-03-30,187166,BenQwest LLC,Ship To,7731,1736428,Net 60,2026-05-29,8.25,2,0.0,150.02,55171.84,7731,7731,STRONG,exact,Joey,2026-03-30,ADA 33,Ulises Lara,Texcon,Fuel,,,0.0,1.0,POST-MAR1,2026-03,60,Ulises Lara,,ADA 33,fuel
187168.pdf,03 - March,2026-03-31,187168,BenQwest LLC,Ship To,7734,1736489,Net 60,2026-05-30,8.25,3,2.14,513.35,58571.51,7734,7734,STRONG,exact,Joey,2026-03-30,ADA 32,Isidro Sanchez,Texcon,Fuel,,,1.0,1.0,POST-MAR1,2026-03,60,Isidro Sanchez,,ADA 32,fuel
187169.pdf,03 - March,2026-03-31,187169,BenQwest LLC,Ship To,7728,1736526,Net 60,2026-05-30,8.25,3,0.0,467.52,58571.51,7728,7728,STRONG,exact,Joey,2026-03-30,ADA 32,Avisai Jimenez,Texcon,Fuel,,,1.0,1.0,POST-MAR1,2026-03,60,Avisai Jimenez,,ADA 32,fuel
187170.pdf,03 - March,2026-03-31,187170,BenQwest LLC,Ship To,7732,1736531,Net 60,2026-05-30,8.25,3,0.0,467.1,58571.51,7732,7732,STRONG,exact,Joey,2026-03-30,ADA 32,Enrique Alvarado,Texcon,Fuel,,,1.0,1.0,POST-MAR1,2026-03,60,Enrique Alvarado,,ADA 32,fuel
187171.pdf,03 - March,2026-03-31,187171,BenQwest LLC,Ship To,7733,1736538,Net 60,2026-05-30,8.25,3,0.0,546.99,58571.51,7733,7733,STRONG,exact,Joey,2026-03-30,ADA 32,Diego Vazquez,Texcon,Fuel,,,1.0,1.0,POST-MAR1,2026-03,60,Diego Vazquez,,ADA 32,fuel
187172.pdf,03 - March,2026-03-31,187172,BenQwest LLC,Ship To,7737,1736563,Net 60,2026-05-30,8.25,3,0.0,496.15,58571.51,7737,7737,STRONG,exact,Joey,2026-03-31,CPO Burnet Corridor,Isidro Garcia,Texcon,Fuel,,,0.0,1.0,POST-MAR1,2026-03,60,Isidro Garcia,,CPO BURNET CORRIDOR,fuel
187173.pdf,03 - March,2026-03-31,187173,BenQwest LLC,Ship To,7739,1736595,Net 60,2026-05-30,8.25,1,0.0,113.45,58571.51,7739,7739,STRONG,exact,Joey,2026-03-31,CMTA IDIQ,Pedro Limon,Texcon,Fuel,,,0.0,1.0,POST-MAR1,2026-03,60,Pedro Limon,,CMTA IDIQ,fuel
187174.pdf,03 - March,2026-03-31,187174,BenQwest LLC,Ship To,13078,1736677,Net 60,2026-05-30,8.25,1,0.0,106.2,58571.51,13078,13078,VENDOR_MISMATCH,exact,Fer,2026-03-31,Mechanic Shop,Andy,Matheson,Filling Metal #7018 ----- 20 Lb,,,0.0,1.0,POST-MAR1,2026-03,60,Andy,,MECHANIC SHOP,filling metal #7018 ----- 20 lb
187175.pdf,03 - March,2026-03-31,187175,BenQwest LLC,Ship To,13076,1736691,Net 60,2026-05-30,8.25,1,0.0,101.88,58571.51,13076,13076,STRONG,exact,Fer,2026-03-31,Mechanic Shop,Andy,Tex Con,Combustible for workshop,,,0.0,1.0,POST-MAR1,2026-03,60,Andy,,MECHANIC SHOP,combustible for workshop
187179.pdf,03 - March,2026-03-31,187179,BenQwest LLC,Ship To,13080,1736767,Net 60,2026-05-30,8.25,1,0.0,73.01,58571.51,13080,13080,VENDOR_MISMATCH,exact,Fer,2026-03-31,Mechanic Shop,Ulises Rodriguez,Oreilly's,Battery for Mini Excavator,VIN #5010,,0.0,1.0,POST-MAR1,2026-03,60,Ulises Rodriguez,VIN#5010,MECHANIC SHOP,battery for mini excavator
187180.pdf,03 - March,2026-03-31,187180,BenQwest LLC,Ship To,7751,1736876,Net 60,2026-05-30,8.25,1,0.0,514.02,58571.51,7751,7751,STRONG,exact,Joey,2026-03-31,ADA 33,Jose De La Cerda,Texcon,Fuel,,,0.0,1.0,POST-MAR1,2026-03,60,Jose De La Cerda,,ADA 33,fuel
187186.pdf,04 - April,2026-04-01,187186,BenQwest LLC,Ship To,7753,1736982,Net 60,2026-05-31,8.25,6,4.48,619.04,59345.91,7753,7753,STRONG,exact,Joey,2026-04-01,ADA 33,Jose Julian Gonzalez,Texcon,Fuel,,,0.0,1.0,POST-MAR1,2026-04,60,Jose Julian Gonzalez,,ADA 33,fuel
187192.pdf,04 - April,2026-04-01,187192,BenQwest LLC,Ship To,7759,1737353,Net 60,2026-05-31,8.25,1,0.0,155.36,59345.91,7759,7759,STRONG,exact,Joey,2026-04-01,ADA 33,Abraham Gonzalez,Texcon,Fuel,,,0.0,1.0,POST-MAR1,2026-04,60,Abraham Gonzalez,,ADA 33,fuel
187195.pdf,04 - April,2026-04-02,187195,BenQwest LLC,Ship To,7736,1737423,Net 60,2026-06-01,8.25,4,1.45,244.53,63163.84,7736,7736,STRONG,exact,Joey,2026-03-31,ADA 33,Jesus G. Rodriguez,Texcon,Fuel,,,2.0,1.0,POST-MAR1,2026-04,60,Jesus G. Rodriguez,,ADA 33,fuel
187196.pdf,04 - April,2026-04-02,187196,BenQwest LLC,Ship To,7763,1737481,Net 60,2026-06-01,8.25,3,1.94,875.07,63163.84,7763,7763,STRONG,exact,Joey,2026-04-02,ADA 33,Francis Echevestre,Texcon,Fuel,,,0.0,1.0,POST-MAR1,2026-04,60,Francis Echevestre,,ADA 33,fuel
187197.pdf,04 - April,2026-04-02,187197,BenQwest LLC,Ship To,13086,1737486,Net 60,2026-06-01,8.25,4,2.24,530.42,63163.84,13086,13086,STRONG,exact,Fer,2026-04-02,Mechanic Shop,Ulises Rodriguez,Tex Con,Combustible,,,0.0,1.0,POST-MAR1,2026-04,60,Ulises Rodriguez,,MECHANIC SHOP,combustible
187198.pdf,04 - April,2026-04-02,187198,BenQwest LLC,Ship To,7764,1737490,Net 60,2026-06-01,8.25,3,0.0,434.0,63163.84,7764,7764,STRONG,exact,Joey,2026-04-02,ADA 33,Gerardo Sanchez,Texcon,Fuel,,,0.0,1.0,POST-MAR1,2026-04,60,Gerardo Sanchez,,ADA 33,fuel
187201.pdf,04 - April,2026-04-02,187201,BenQwest LLC,Ship To,7766,1737706,Net 60,2026-06-01,8.25,2,0.0,568.2,63163.84,7766,7766,STRONG,exact,Joey,2026-04-02,ADA 33,Lupe Juarez,Texcon,Fuel,,,0.0,1.0,POST-MAR1,2026-04,60,Lupe Juarez,,ADA 33,fuel
187202.pdf,04 - April,2026-04-02,187202,BenQwest LLC,Ship To,13091,1737777,Net 60,2026-06-01,8.25,1,0.0,79.99,63163.84,13091,13091,STRONG,exact,Fer,2026-04-02,Mechanic Shop,Fernando,Tex Con,Combustible,VIN #3241,,0.0,1.0,POST-MAR1,2026-04,60,Fernando,VIN#3241,MECHANIC SHOP,combustible
187203.pdf,04 - April,2026-04-02,187203,BenQwest LLC,Ship To,7758,1737424,Net 60,2026-06-01,8.25,3,0.0,437.01,63163.84,7758,7758,STRONG,exact,Joey,2026-04-01,ADA 33,Alvaro Aguirre,Texcon,Fuel,,,1.0,1.0,POST-MAR1,2026-04,60,Alvaro Aguirre,,ADA 33,fuel
187204.pdf,04 - April,2026-04-02,187204,BenQwest LLC,Ship To,7762,1737453,Net 60,2026-06-01,8.25,4,0.42,513.17,63163.84,7762,7762,STRONG,exact,Joey,2026-04-02,ADA 32,Francisco Aguirre,Texcon,Fuel,,,0.0,1.0,POST-MAR1,2026-04,60,Francisco Aguirre,,ADA 32,fuel
187205.pdf,04 - April,2026-04-02,187205,BenQwest LLC,Ship To,7767,1737735,Net 60,2026-06-01,8.25,1,0.0,135.54,63163.84,7767,7767,STRONG,exact,Joey,2026-04-02,ADA 32,Diego Vazquez,Texcon,Fuel,,,0.0,1.0,POST-MAR1,2026-04,60,Diego Vazquez,,ADA 32,fuel
187208.pdf,04 - April,2026-04-06,187208,BenQwest LLC,Ship To,7778,1738213,Net 60,2026-06-05,8.25,1,0.0,159.41,63711.1,7778,7778,STRONG,exact,Joey,2026-04-06,ADA 33,Abraham Gonzalez,Texcon,Fuel,,,0.0,1.0,POST-MAR1,2026-04,60,Abraham Gonzalez,,ADA 33,fuel
187209.pdf,04 - April,2026-04-06,187209,BenQwest LLC,Ship To,7777,1738225,Net 60,2026-06-05,8.25,3,0.0,387.85,63711.1,7777,7777,STRONG,exact,Joey,2026-04-06,ADA 33,Omar Hernandez,Texcon,Fuel,,,0.0,1.0,POST-MAR1,2026-04,60,Omar Hernandez,,ADA 33,fuel
187215.pdf,04 - April,2026-04-07,187215,BenQwest LLC,Ship To,7991,1738613,Net 60,2026-06-06,8.25,3,0.0,284.75,65739.56,7991,7991,FUEL_VENDOR_VARIANT,exact,Joey,2026-04-29,ADA 33,Simon Martinez,Leo's Service Station,Fuel,,,-22.0,1.0,POST-MAR1,2026-04,60,Simon Martinez,,ADA 33,fuel
187216.pdf,04 - April,2026-04-07,187216,BenQwest LLC,Ship To,7790,1738618,Net 60,2026-06-06,8.25,5,4.65,396.6,65739.56,7790,7790,STRONG,exact,Joey,2026-04-07,ADA 32,Pedro Limon,Texcon,Fuel,,,0.0,1.0,POST-MAR1,2026-04,60,Pedro Limon,,ADA 32,fuel
187217.pdf,04 - April,2026-04-07,187217,BenQwest LLC,Ship To,13105,1738639,Net 60,2026-06-06,8.25,2,0.0,281.81,65739.56,13105,13105,STRONG,exact,Fer,2026-04-07,Mechanic Shop,Ulises Rodriguez,Tex Con,Combustible,VIN #8269,,0.0,1.0,POST-MAR1,2026-04,60,Ulises Rodriguez,VIN#8269,MECHANIC SHOP,combustible
187218.pdf,04 - April,2026-04-07,187218,BenQwest LLC,Ship To,7792,1738647,Net 60,2026-06-06,8.25,1,0.0,43.72,65739.56,7792,7792,STRONG,exact,Joey,2026-04-07,ADA 32,Abraham Gonzalez,Texcon,Fuel,,,0.0,1.0,POST-MAR1,2026-04,60,Abraham Gonzalez,,ADA 32,fuel
187220.pdf,04 - April,2026-04-07,187220,BenQwest LLC,Ship To,7796,1738703,Net 60,2026-06-06,8.25,3,0.0,256.56,65739.56,7796,7796,STRONG,exact,Joey,2026-04-07,ADA 33,Ulises Lara,Texcon,Fuel,,,0.0,1.0,POST-MAR1,2026-04,60,Ulises Lara,,ADA 33,fuel
187221.pdf,04 - April,2026-04-07,187221,BenQwest LLC,Ship To,7798,1738737,Net 60,2026-06-06,8.25,4,2.09,350.89,65739.56,7798,7798,VENDOR_MISMATCH,exact,Joey,2026-04-07,CLMC1093,David Molina,ACE Contractor Supply,Materials,,,0.0,1.0,POST-MAR1,2026-04,60,David Molina,,CLMC1093,materials
187223.pdf,04 - April,2026-04-07,187223,BenQwest LLC,Ship To,7800,1738814,Net 60,2026-06-06,8.25,2,0.0,414.13,65739.56,7800,7800,STRONG,exact,Joey,2026-04-07,CPO Burnet Corridor,Isidro Garcia,Texcon,Fuel,,,0.0,1.0,POST-MAR1,2026-04,60,Isidro Garcia,,CPO BURNET CORRIDOR,fuel
187227.pdf,04 - April,2026-04-08,187227,BenQwest LLC,Ship To,7809,1739062,Net 60,2026-06-07,8.25,4,2.93,389.86,67025.94,7809,7809,STRONG,exact,Joey,2026-04-07,ADA 33,Carlos Diaz,Texcon,Fuel,,,1.0,1.0,POST-MAR1,2026-04,60,Carlos Diaz,,ADA 33,fuel
187228.pdf,04 - April,2026-04-08,187228,BenQwest LLC,Ship To,7812,1739077,Net 60,2026-06-07,8.25,3,0.0,229.28,67025.94,7812,7812,STRONG,exact,Joey,2026-04-08,ADA 33,Jesus G. Rodriguez,Texcon,Fuel,,,0.0,1.0,POST-MAR1,2026-04,60,Jesus G. Rodriguez,,ADA 33,fuel
187229.pdf,04 - April,2026-04-08,187229,BenQwest LLC,Ship To,7810,1739088,Net 60,2026-06-07,8.25,3,0.0,243.8,67025.94,7810,7810,STRONG,exact,Joey,2026-04-07,ADA 33,Alvaro Aguirre,Texcon,Fuel,,,1.0,1.0,POST-MAR1,2026-04,60,Alvaro Aguirre,,ADA 33,fuel
187230.pdf,04 - April,2026-04-08,187230,BenQwest LLC,Ship To,13111,17.9143,Net 60,2026-06-07,8.25,1,0.0,135.36,67025.94,13111,13111,STRONG,exact,Fer,2026-04-08,Mechanic Shop,Andy,Tex Con,Combustible for workshop,,,0.0,1.0,POST-MAR1,2026-04,60,Andy,,MECHANIC SHOP,combustible for workshop
187234.pdf,04 - April,2026-04-08,187234,BenQwest LLC,Ship To,7815,1739251,Net 60,2026-06-07,8.25,1,0.0,141.2,67025.94,7815,7815,STRONG,exact,Joey,2026-04-08,ADA 32,Abraham Gonzalez,Texcon,Fuel,,,0.0,1.0,POST-MAR1,2026-04,60,Abraham Gonzalez,,ADA 32,fuel
187236.pdf,04 - April,2026-04-08,187236,BenQwest LLC,Ship To,7817,1739275,Net 60,2026-06-07,8.25,1,0.0,146.88,67025.94,7817,7817,STRONG,exact,Joey,2026-04-08,ADA 32,Diego Vazquez,Texcon,Fuel,,,0.0,1.0,POST-MAR1,2026-04,60,Diego Vazquez,,ADA 32,fuel
187237.pdf,04 - April,2026-04-09,187237,BenQwest LLC,Ship To,7818,1739629,Net 60,2026-06-08,8.25,4,3.6,583.63,68475.57,7818,7818,STRONG,exact,Joey,2026-04-08,ADA 32,Rogelio Lopez,Texcon,Fuel,,,1.0,1.0,POST-MAR1,2026-04,60,Rogelio Lopez,,ADA 32,fuel
187241.pdf,04 - April,2026-04-09,187241,BenQwest LLC,Ship To,7824,1739762,Net 60,2026-06-08,8.25,3,0.91,505.77,68475.57,7824,7824,STRONG,exact,Joey,2026-04-09,CLMC1107,Ruben Cano,Texcon,Fuel,,,0.0,1.0,POST-MAR1,2026-04,60,Ruben Cano,,CLMC1107,fuel
187242.pdf,04 - April,2026-04-09,187242,BenQwest LLC,Ship To,7826,1739859,Net 60,2026-06-08,8.25,3,4.92,360.23,68475.57,7826,7826,STRONG,exact,Joey,2026-04-09,ADA 33,Lupe Juarez,Texcon,Fuel,,,0.0,1.0,POST-MAR1,2026-04,60,Lupe Juarez,,ADA 33,fuel
187250.pdf,04 - April,2026-04-10,187250,BenQwest LLC,Ship To,7832,1740047,Net 60,2026-06-09,8.25,4,0.57,420.49,72200.78,7832,7832,STRONG,exact,Joey,2026-04-10,CLMC1093,Jose A. Zamarripa,Texcon,Fuel,,,0.0,1.0,POST-MAR1,2026-04,60,Jose A. Zamarripa,,CLMC1093,fuel
187251.pdf,04 - April,2026-04-10,187251,BenQwest LLC,Ship To,7835,1740067,Net 60,2026-06-09,8.25,3,0.0,482.84,72200.78,7835,7835,STRONG,exact,Joey,2026-04-10,ADA 32,Jose Julian Gonzalez,Texcon,Fuel,,,0.0,1.0,POST-MAR1,2026-04,60,Jose Julian Gonzalez,,ADA 32,fuel
187252.pdf,04 - April,2026-04-10,187252,BenQwest LLC,Ship To,7938,1740073,Net 60,2026-06-09,8.25,6,4.44,569.7,72200.78,7938,7938,FUEL_VENDOR_VARIANT,exact,Joey,2026-04-22,ADA 33,Isidro Sanchez,Leo's Service Station,Fuel,,,-12.0,1.0,POST-MAR1,2026-04,60,Isidro Sanchez,,ADA 33,fuel
187253.pdf,04 - April,2026-04-10,187253,BenQwest LLC,Ship To,7837,1740084,Net 60,2026-06-09,8.25,4,4.29,344.5,72200.78,7837,7837,STRONG,exact,Joey,2026-04-10,CMTA IDIQ,Pedro Limon,Texcon,Fuel,,,0.0,1.0,POST-MAR1,2026-04,60,Pedro Limon,,CMTA IDIQ,fuel
187254.pdf,04 - April,2026-04-10,187254,BenQwest LLC,Ship To,7841,1740096,Net 60,2026-06-09,8.25,3,0.0,156.04,72200.78,7841,7841,STRONG,exact,Joey,2026-04-10,ADA 33,Alvaro Aguirre,Texcon,Fuel,,,0.0,1.0,POST-MAR1,2026-04,60,Alvaro Aguirre,,ADA 33,fuel
187255.pdf,04 - April,2026-04-10,187255,BenQwest LLC,Ship To,7840,1740101,Net 60,2026-06-09,8.25,3,0.0,520.31,72200.78,7840,7840,STRONG,exact,Joey,2026-04-10,ADA 32,Abraham Gonzalez,Texcon,Fuel,,,0.0,1.0,POST-MAR1,2026-04,60,Abraham Gonzalez,,ADA 32,fuel
187256.pdf,04 - April,2026-04-10,187256,BenQwest LLC,Ship To,13124,1740109,Net 60,2026-06-09,8.25,2,1.98,452.33,72200.78,13124,13124,STRONG,exact,Fer,2026-04-10,Mechanic Shop,Abel Hernandez,Tex Con,Combustible,VIN #8269,,0.0,1.0,POST-MAR1,2026-04,60,Abel Hernandez,VIN#8269,MECHANIC SHOP,combustible
187259.pdf,04 - April,2026-04-10,187259,BenQwest LLC,Ship To,7845,1740285,Net 60,2026-06-09,8.25,2,0.42,544.85,72200.78,7845,7845,STRONG,exact,Joey,2026-04-10,Mokan Trail,Jose De La Cerda,Texcon,Fuel,,,0.0,1.0,POST-MAR1,2026-04,60,Jose De La Cerda,,MOKAN TRAIL,fuel
187260.pdf,04 - April,2026-04-10,187260,BenQwest LLC,Ship To,13127,1740366,Net 60,2026-06-09,8.25,1,0.0,63.28,72200.78,13127,13127,STRONG,exact,Fer,2026-04-10,Mechanic Shop,Fernando,Tex Con,Combustible,VIN #3241,,0.0,1.0,POST-MAR1,2026-04,60,Fernando,VIN#3241,MECHANIC SHOP,combustible
187261.pdf,04 - April,2026-04-10,187261,BenQwest LLC,Ship To,7839,1740442,Net 60,2026-06-09,8.25,4,4.13,170.87,72200.78,7839,7839,FUEL_VENDOR_VARIANT,exact,Joey,2026-04-10,CPO Burnet Corridor,Isidro Garcia,Leo's Service Station,Fuel,,,0.0,1.0,POST-MAR1,2026-04,60,Isidro Garcia,,CPO BURNET CORRIDOR,fuel
187264.pdf,04 - April,2026-04-13,187264,BenQwest LLC,Ship To,7848,1740590,Net 60,2026-06-12,8.25,5,2.64,656.04,73503.6,7848,7848,STRONG,exact,Joey,2026-04-10,ADA 32,Enrique Alvarado,Texcon,Fuel,,,3.0,1.0,POST-MAR1,2026-04,60,Enrique Alvarado,,ADA 32,fuel
187265.pdf,04 - April,2026-04-13,187265,BenQwest LLC,Ship To,7850,1740673,Net 60,2026-06-12,8.25,1,0.0,143.87,73503.6,7850,7850,STRONG,exact,Joey,2026-04-13,ADA 33,Hervey Quintero,Texcon,Fuel,,,0.0,1.0,POST-MAR1,2026-04,60,Hervey Quintero,,ADA 33,fuel
187267.pdf,04 - April,2026-04-13,187267,BenQwest LLC,Ship To,13130,1740721,Net 60,2026-06-12,8.25,3,0.0,502.91,73503.6,13130,13130,STRONG,exact,Fer,2026-04-13,Mechanic Shop,Ulises Rodriguez,Tex Con,Combustible,VIN #8269,,0.0,1.0,POST-MAR1,2026-04,60,Ulises Rodriguez,VIN#8269,MECHANIC SHOP,combustible
187270.pdf,04 - April,2026-04-14,187270,BenQwest LLC,Ship To,7866,1741043,Net 60,2026-06-13,8.25,2,0.0,311.61,75242.8,7866,7866,STRONG,exact,Joey,2026-04-13,ADA 32,Abraham Gonzalez,Texcon,Fuel,,,1.0,1.0,POST-MAR1,2026-04,60,Abraham Gonzalez,,ADA 32,fuel
187271.pdf,04 - April,2026-04-14,187271,BenQwest LLC,Ship To,7875,1741064,Net 60,2026-06-13,8.25,3,0.0,308.82,75242.8,7875,7875,VENDOR_MISMATCH,exact,Joey,2026-04-14,ADA 33,Alejandro Esquivel,White Cap,Materials,,,0.0,1.0,POST-MAR1,2026-04,60,Alejandro Esquivel,,ADA 33,materials
187272.pdf,04 - April,2026-04-14,187272,BenQwest LLC,Ship To,7871,1741108,Net 60,2026-06-13,8.25,1,0.0,194.71,75242.8,7871,7871,STRONG,exact,Joey,2026-04-14,ADA 33,Abraham Gonzalez,Texcon,Fuel,,,0.0,1.0,POST-MAR1,2026-04,60,Abraham Gonzalez,,ADA 33,fuel
187275.pdf,04 - April,2026-04-14,187275,BenQwest LLC,Ship To,13135,1741155,Net 60,2026-06-13,8.25,1,0.0,46.49,75242.8,13135,13135,STRONG,exact,Fer,2026-04-14,Mechanic Shop,Fernando,Tex Con,Combustible,VIN #3241,,0.0,1.0,POST-MAR1,2026-04,60,Fernando,VIN#3241,MECHANIC SHOP,combustible
187278.pdf,04 - April,2026-04-14,187278,BenQwest LLC,Ship To,7802,1741412,Net 60,2026-06-13,8.25,2,0.0,441.81,75242.8,7802,7802,STRONG,exact,Joey,2026-04-07,ADA 33,Juan Perez,Texcon,Fuel,,,7.0,1.0,POST-MAR1,2026-04,60,Juan Perez,,ADA 33,fuel
187279.pdf,04 - April,2026-04-14,187279,BenQwest LLC,Ship To,7880,1741438,Net 60,2026-06-13,8.25,7,5.04,435.76,75242.8,7880,7880,STRONG,exact,Joey,2026-04-14,ADA 32,Diego Vazquez,Texcon,Fuel,,,0.0,1.0,POST-MAR1,2026-04,60,Diego Vazquez,,ADA 32,fuel
187281.pdf,04 - April,2026-04-15,187281,BenQwest LLC,Ship To,7882,1741476,Net 60,2026-06-14,8.25,2,0.0,90.8,77604.37,7882,7882,STRONG,exact,Joey,2026-04-15,CMTA IDIQ,Pedro Limon,Texcon,Fuel,,,0.0,1.0,POST-MAR1,2026-04,60,Pedro Limon,,CMTA IDIQ,fuel
187282.pdf,04 - April,2026-04-15,187282,BenQwest LLC,Ship To,7885,1741517,Net 60,2026-06-14,8.25,3,0.0,307.39,77604.37,7885,7885,STRONG,exact,Joey,2026-04-15,ADA 33,Alvaro Aguirre,Texcon,Fuel,,,0.0,1.0,POST-MAR1,2026-04,60,Alvaro Aguirre,,ADA 33,fuel
187283.pdf,04 - April,2026-04-15,187283,BenQwest LLC,Ship To,7872,1741547,Net 60,2026-06-14,8.25,1,0.0,722.64,77604.37,7872,7872,STRONG,exact,Joey,2026-04-14,CPO Burnet Corridor,Francis Echevestre,Texcon,Fuel,,,1.0,1.0,POST-MAR1,2026-04,60,Francis Echevestre,,CPO BURNET CORRIDOR,fuel
187285.pdf,04 - April,2026-04-15,187285,BenQwest LLC,Ship To,7888,1741605,Net 60,2026-06-14,8.25,2,0.0,262.65,77604.37,7888,7888,STRONG,exact,Joey,2026-04-15,CPO Burnet Corridor,Isidro Garcia,Texcon,Fuel,,,0.0,1.0,POST-MAR1,2026-04,60,Isidro Garcia,,CPO BURNET CORRIDOR,fuel
187289.pdf,04 - April,2026-04-15,187289,BenQwest LLC,Ship To,7890,1741792,Net 60,2026-06-14,8.25,5,11.17,565.8,77604.37,7890,7890,STRONG,exact,Joey,2026-04-15,ADA 33,Isidro Sanchez,Texcon,Fuel,,,0.0,1.0,POST-MAR1,2026-04,60,Isidro Sanchez,,ADA 33,fuel
187290.pdf,04 - April,2026-04-15,187290,BenQwest LLC,Ship To,7897,1741866,Net 60,2026-06-14,8.25,3,0.0,412.29,77604.37,7897,7897,STRONG,exact,Joey,2026-04-15,ADA 32,Francisco Aguirre,Texcon,Fuel,,,0.0,1.0,POST-MAR1,2026-04,60,Francisco Aguirre,,ADA 32,fuel
187296.pdf,04 - April,2026-04-16,187296,BenQwest LLC,Ship To,7901,1742197,Net 60,2026-06-15,8.25,2,0.0,345.98,78684.62,7901,7901,STRONG,exact,Joey,2026-04-16,ADA 33,Abraham Gonzalez,Texcon,Fuel,,,0.0,1.0,POST-MAR1,2026-04,60,Abraham Gonzalez,,ADA 33,fuel
187297.pdf,04 - April,2026-04-16,187297,BenQwest LLC,Ship To,13141,1742242,Net 60,2026-06-15,8.25,3,2.46,409.2,78684.62,13141,13141,STRONG,exact,Fer,2026-04-16,Mechanic Shop,Ulises Rodriguez,Tex Con,Combustible,VIN #8269,,0.0,1.0,POST-MAR1,2026-04,60,Ulises Rodriguez,VIN#8269,MECHANIC SHOP,combustible
187299.pdf,04 - April,2026-04-16,187299,BenQwest LLC,Ship To,13142,1742307,Net 60,2026-06-15,8.25,1,0.0,94.08,78684.62,13142,13142,STRONG,exact,Fer,2026-04-16,Mechanic Shop,Abel Hernandez,Tex Con,Combustible,,,0.0,1.0,POST-MAR1,2026-04,60,Abel Hernandez,,MECHANIC SHOP,combustible
187301.pdf,04 - April,2026-04-17,187301,BenQwest LLC,Ship To,7907,1742347,Net 60,2026-06-16,8.25,4,0.89,207.47,80580.02,7907,7907,STRONG,exact,Joey,2026-04-16,CLMC1093,Jose A. Zamarripa,Texcon,Fuel,,,1.0,1.0,POST-MAR1,2026-04,60,Jose A. Zamarripa,,CLMC1093,fuel
187303.pdf,04 - April,2026-04-17,187303,BenQwest LLC,Ship To,7911,1742499,Net 60,2026-06-16,8.25,2,0.0,194.16,80580.02,7911,7911,STRONG,exact,Joey,2026-04-17,ADA 33,Abraham Gonzalez,Texcon ,Fuel,,,0.0,1.0,POST-MAR1,2026-04,60,Abraham Gonzalez,,ADA 33,fuel
187308.pdf,04 - April,2026-04-17,187308,BenQwest LLC,Ship To,13145,1742594,Net 60,2026-06-16,8.25,1,0.0,75.81,80580.02,13145,13145,STRONG,exact,Fer,2026-04-17,Mechanic Shop,Fernando,Tex Con,Combustible,VIN #3241,,0.0,1.0,POST-MAR1,2026-04,60,Fernando,VIN#3241,MECHANIC SHOP,combustible
187309.pdf,04 - April,2026-04-17,187309,BenQwest LLC,Ship To,13146,1742631,Net 60,2026-06-16,8.25,1,0.0,73.45,80580.02,13146,13146,STRONG,exact,Fer,2026-04-17,Mechanic Shop,Andy,Tex Con,Combustible,VIN #5773,,0.0,1.0,POST-MAR1,2026-04,60,Andy,VIN#5773,MECHANIC SHOP,combustible
187310.pdf,04 - April,2026-04-17,187310,BenQwest LLC,Ship To,2902,1742689,Net 60,2026-06-16,8.25,2,2.83,571.85,80580.02,2902,2902,UNMATCHED,,,,,,,,,,,,POST-MAR1,2026-04,60,,,,
187311.pdf,04 - April,2026-04-17,187311,BenQwest LLC,Ship To,7913,1742812,Net 60,2026-06-16,8.25,2,0.0,180.97,80580.02,7913,7913,STRONG,exact,Joey,2026-04-17,ADA 32,Francisco Aguirre,Texcon,Fuel,,,0.0,1.0,POST-MAR1,2026-04,60,Francisco Aguirre,,ADA 32,fuel
187312.pdf,04 - April,2026-04-17,187312,BenQwest LLC,Ship To,7914,1742813,Net 60,2026-06-16,8.25,3,5.33,591.69,80580.02,7914,7914,STRONG,exact,Joey,2026-04-17,ADA 32,Jose de la Cerda,Texcon,Fuel,,,0.0,1.0,POST-MAR1,2026-04,60,Jose De La Cerda,,ADA 32,fuel
187315.pdf,04 - April,2026-04-20,187315,BenQwest LLC,Ship To,7824,1743243,Net 60,2026-06-19,8.25,3,0.0,194.63,80774.65,7824,7824,STRONG,exact,Joey,2026-04-09,CLMC1107,Ruben Cano,Texcon,Fuel,,,11.0,1.0,POST-MAR1,2026-04,60,Ruben Cano,,CLMC1107,fuel
187316.pdf,04 - April,2026-04-20,187316,BenQwest LLC,Ship To,7915,1742979,Net 60,2026-06-19,8.25,3,0.0,326.14,81829.11,7915,7915,PO_NO_DATE,exact,Joey,,,,,,,,,1.0,POST-MAR1,2026-04,60,,,,
187317.pdf,04 - April,2026-04-20,187317,BenQwest LLC,Ship To,7918,1743073,Net 60,2026-06-19,8.25,3,0.0,152.41,81829.11,7918,7918,STRONG,exact,Joey,2026-04-20,ADA 33,Ulises Lara,Texcon,Fuel,,,0.0,1.0,POST-MAR1,2026-04,60,Ulises Lara,,ADA 33,fuel
187318.pdf,04 - April,2026-04-20,187318,BenQwest LLC,Ship To,7920,1743098,Net 60,2026-06-19,8.25,4,4.07,575.91,81829.11,7920,7920,STRONG,exact,Joey,2026-04-20,ADA 33,Gerardo Sanchez,Texcon,Fuel,,,0.0,1.0,POST-MAR1,2026-04,60,Gerardo Sanchez,,ADA 33,fuel
187322.pdf,04 - April,2026-04-21,187322,BenQwest LLC,Ship To,7925,1743373,Net 60,2026-06-20,8.25,4,6.53,263.28,82284.5,7925,7925,STRONG,exact,Joey,2026-04-21,CMTA,Pedro Limon ,Texcon ,Fuel,,,0.0,2.0,POST-MAR1,2026-04,60,Pedro Limon,,CMTA,fuel
187325.pdf,04 - April,2026-04-21,187325,BenQwest LLC,Ship To,13157,1743461,Net 60,2026-06-20,8.25,1,0.0,124.56,82284.5,13157,13157,STRONG,exact,Fer,2026-04-21,Mechanic Shop,Andy,Tex Con,Combustible,VIN #3488,,0.0,1.0,POST-MAR1,2026-04,60,Andy,VIN#3488,MECHANIC SHOP,combustible
187328.pdf,04 - April,2026-04-21,187328,BenQwest LLC,Ship To,13158,1743502,Net 60,2026-06-20,8.25,1,0.0,67.55,82284.5,13158,13158,STRONG,exact,Fer,2026-04-21,Mechanic Shop,Fernando,Tex Con,Combustible,VIN #3241,,0.0,1.0,POST-MAR1,2026-04,60,Fernando,VIN#3241,MECHANIC SHOP,combustible
187333.pdf,04 - April,2026-04-22,187333,BenQwest LLC,Ship To,7930,1743617,Net 60,2026-06-21,8.25,4,4.33,389.64,83892.29,7930,7930,STRONG,exact,Joey,2026-04-22,ADA 32,Jose Julian Gonzalez,Texcon,Fuel,,,0.0,1.0,POST-MAR1,2026-04,60,Jose Julian Gonzalez,,ADA 32,fuel
187334.pdf,04 - April,2026-04-22,187334,BenQwest LLC,Ship To,7906,1743629,Net 60,2026-06-21,8.25,6,6.27,564.61,83892.29,7906,7906,STRONG,exact,Joey,2026-04-16,ADA 33,Carlos Diaz,Texcon,Fuel,,,6.0,1.0,POST-MAR1,2026-04,60,Carlos Diaz,,ADA 33,fuel
187336.pdf,04 - April,2026-04-22,187336,BenQwest LLC,Ship To,13160,1743667,Net 60,2026-06-21,8.25,4,2.94,335.33,83892.29,13160,13160,STRONG,exact,Fer,2026-04-22,Mechanic Shop,Ulises Rodriguez,Tex Con,Combustible,VIN #8269,,0.0,1.0,POST-MAR1,2026-04,60,Ulises Rodriguez,VIN#8269,MECHANIC SHOP,combustible
187338.pdf,04 - April,2026-04-22,187338,BenQwest LLC,Ship To,7935,1743801,Net 60,2026-06-21,8.25,3,0.0,318.21,83892.29,7935,7935,STRONG,exact,Joey,2026-04-22,ADA 32,Francisco Aguirre,Texcon,Fuel,,,0.0,1.0,POST-MAR1,2026-04,60,Francisco Aguirre,,ADA 32,fuel
187339.pdf,04 - April,2026-04-23,187339,BenQwest LLC,Ship To,7937,1743895,Net 60,2026-06-22,8.25,5,3.41,454.86,84977.01,7937,7937,STRONG,exact,Joey,2026-04-22,ADA 32,Avisai Jimenez ,Texcon,Fuel,,,1.0,1.0,POST-MAR1,2026-04,60,Avisai Jimenez,,ADA 32,fuel
187340.pdf,04 - April,2026-04-23,187340,BenQwest LLC,Ship To,7941,1743945,Net 60,2026-06-22,8.25,3,0.0,300.61,84977.01,7941,7941,STRONG,exact,Joey,2026-04-23,ADA 33,Ulises Lara,Texcon,Fuel,,,0.0,1.0,POST-MAR1,2026-04,60,Ulises Lara,,ADA 33,fuel
187343.pdf,04 - April,2026-04-23,187343,BenQwest LLC,Ship To,7944,1744035,Net 60,2026-06-22,8.25,2,1.07,146.32,84977.01,7944,7944,STRONG,exact,Joey,2026-04-23,ADA 32,Diego Vazquez,Texcon,Fuel,,,0.0,1.0,POST-MAR1,2026-04,60,Diego Vazquez,,ADA 32,fuel
187344.pdf,04 - April,2026-04-23,187344,BenQwest LLC,Ship To,13163,1744130,Net 60,2026-06-22,8.25,1,0.0,109.61,84977.01,13163,13163,VENDOR_MISMATCH,exact,Fer,2026-04-22,Mechanic Shop,Fernando,Oreilly's,PM Filters - - - -- MFO Truck,VIN #4695,,1.0,1.0,POST-MAR1,2026-04,60,Fernando,VIN#4695,MECHANIC SHOP,pm filters - - - -- mfo truck
187345.pdf,04 - April,2026-04-23,187345,BenQwest LLC,Ship To,13168,1744217,Net 60,2026-06-22,8.25,1,0.0,73.32,84977.01,13168,13168,STRONG,exact,Fer,2026-04-23,Mechanic Shop,Andy,Tex Con,Combustible,VIN #3241,,0.0,1.0,POST-MAR1,2026-04,60,Andy,VIN#3241,MECHANIC SHOP,combustible
187347.pdf,04 - April,2026-04-24,187347,BenQwest LLC,Ship To,7952,1744335,Net 60,2026-06-23,8.25,3,0.0,198.92,48186.05,7952,7952,STRONG,exact,Joey,2026-04-24,ADA 33,Ulises Lara,Texcon,Fuel,,,0.0,1.0,POST-MAR1,2026-04,60,Ulises Lara,,ADA 33,fuel
187348.pdf,04 - April,2026-04-24,187348,BenQwest LLC,Ship To,7948,1744339,Net 60,2026-06-23,8.25,2,0.0,622.33,48186.05,7948,7948,STRONG,exact,Joey,2026-04-23,ADA 33,Abraham Gonzalez,Texcon,Fuel,,,1.0,1.0,POST-MAR1,2026-04,60,Abraham Gonzalez,,ADA 33,fuel
187350.pdf,04 - April,2026-04-24,187350,BenQwest LLC,Ship To,7958,1744473,Net 60,2026-06-23,8.25,3,1.98,540.97,48186.05,7958,7958,STRONG,exact,Joey,2026-04-24,ADA 33,Lupe Juarez,Texcon,Fuel,,,0.0,1.0,POST-MAR1,2026-04,60,Lupe Juarez,,ADA 33,fuel
187352.pdf,04 - April,2026-04-24,187352,BenQwest LLC,Ship To,7956,1744456,Net 60,2026-06-23,8.25,3,0.69,198.08,48186.05,7956,7956,STRONG,exact,Joey,2026-04-24,CLMC1093,Jose A. Zamarripa,Texcon,Fuel,,,0.0,1.0,POST-MAR1,2026-04,60,Jose A. Zamarripa,,CLMC1093,fuel
187353.pdf,04 - April,2026-04-24,187353,BenQwest LLC,Ship To,7140,1744461,Net 60,2026-06-23,8.25,2,0.0,336.34,48186.05,7140,7140,UNMATCHED,,,,,,,,,,,,POST-MAR1,2026-04,60,,,,
187356.pdf,04 - April,2026-04-24,187356,BenQwest LLC,Ship To,13689,1744417,Net 60,2026-06-23,8.25,3,3.42,214.21,48186.05,13689,13689,UNMATCHED,,,,,,,,,,,,POST-MAR1,2026-04,60,,,,
187357.pdf,04 - April,2026-04-24,187357,BenQwest LLC,Ship To,13174,1744621,Net 60,2026-06-23,8.25,2,0.62,144.19,48186.05,13174,13174,STRONG,exact,Fer,2026-04-24,Mechanic Shop,Ulises Rodriguez,Tex Con,Combustible,VIN #8269,,0.0,1.0,POST-MAR1,2026-04,60,Ulises Rodriguez,VIN#8269,MECHANIC SHOP,combustible
187360.pdf,04 - April,2026-04-27,187360,BenQwest LLC,Ship To,7969,1745020,Net 60,2026-06-26,8.25,2,0.0,145.44,48331.49,7969,7969,STRONG,exact,Joey,2026-04-27,ADA 32,Diego Vazquez,Texcon ,Fuel ,,,0.0,1.0,POST-MAR1,2026-04,60,Diego Vazquez,,ADA 32,fuel
187363.pdf,04 - April,2026-04-27,187363,BenQwest LLC,Ship To,7954,1744935,Net 60,2026-06-26,8.25,5,2.08,516.84,49660.41,7954,7954,STRONG,exact,Joey,2026-04-24,ADA 32,Enrique Alvarado,Texcon,Fuel,,,3.0,1.0,POST-MAR1,2026-04,60,Enrique Alvarado,,ADA 32,fuel
187364.pdf,04 - April,2026-04-27,187364,BenQwest LLC,Ship To,7966,1744946,Net 60,2026-06-26,8.25,4,0.63,184.51,49660.41,7966,7966,STRONG,exact,Joey,2026-04-27,ADA 32,Pedro Limon,Texcon ,Fuel ,,,0.0,1.0,POST-MAR1,2026-04,60,Pedro Limon,,ADA 32,fuel
187366.pdf,04 - April,2026-04-27,187366,BenQwest LLC,Ship To,7967,1744991,Net 60,2026-06-26,8.25,2,0.0,370.46,49660.41,7967,7967,STRONG,exact,Joey,2026-04-27,CPO Burnet Corridor,Isidro Garcia,Texcon ,Fuel ,,,0.0,1.0,POST-MAR1,2026-04,60,Isidro Garcia,,CPO BURNET CORRIDOR,fuel
187369.pdf,04 - April,2026-04-27,187369,BenQwest LLC,Ship To,7973,1745097,Net 60,2026-06-26,8.25,2,0.48,196.87,49660.41,7973,7973,STRONG,exact,Joey,2026-04-27,CMTA IDIQ,Hector Manzanares,Texcon ,Fuel ,,,0.0,1.0,POST-MAR1,2026-04,60,Hector Manzanares,,CMTA IDIQ,fuel
187372.pdf,04 - April,2026-04-27,187372,BenQwest LLC,Ship To,13176,1745148,Net 60,2026-06-26,8.25,1,0.0,60.24,49660.41,13176,13176,STRONG,exact,Fer,2026-04-27,Mechanic Shop,Fernando,Tex Con,Combustible,VIN #3241,,0.0,1.0,POST-MAR1,2026-04,60,Fernando,VIN#3241,MECHANIC SHOP,combustible
187381.pdf,04 - April,2026-04-28,187381,BenQwest LLC,Ship To,7980,1745521,Net 60,2026-06-27,8.25,6,10.98,482.21,52536.67,7980,7980,STRONG,exact,Joey,2026-04-28,ADA 33,Abraham Gonzalez,Texcon,Fuel,,,0.0,1.0,POST-MAR1,2026-04,60,Abraham Gonzalez,,ADA 33,fuel
187383.pdf,04 - April,2026-04-28,187383,BenQwest LLC,Ship To,7983,1745599,Net 60,2026-06-27,8.25,5,3.05,615.36,52536.67,7983,7983,STRONG,exact,Joey,2026-04-28,CLMC1107A,Ruben Cano,Texcon,Fuel,,,0.0,1.0,POST-MAR1,2026-04,60,Ruben Cano,,CLMC1107A,fuel
187385.pdf,04 - April,2026-04-28,187385,BenQwest LLC,Ship To,13185,1745657,Net 60,2026-06-27,8.25,1,0.0,315.16,52536.67,13185,13185,STRONG,exact,Fer,2026-04-28,Mechanic Shop,Ulises Rodriguez,Tex Con,Combustible,VIN #8269,,0.0,1.0,POST-MAR1,2026-04,60,Ulises Rodriguez,VIN#8269,MECHANIC SHOP,combustible
187387.pdf,04 - April,2026-04-28,187387,BenQwest LLC,Ship To,7982,1745713,Net 60,2026-06-27,8.25,3,0.0,281.46,52536.67,7982,7982,STRONG,exact,Joey,2026-04-28,ADA 33,Ulises Lara,Texcon,Fuel,,,0.0,1.0,POST-MAR1,2026-04,60,Ulises Lara,,ADA 33,fuel
187388.pdf,04 - April,2026-04-28,187388,BenQwest LLC,Ship To,7971,1745729,Net 60,2026-06-27,8.25,2,0.0,176.09,52536.67,7971,7971,STRONG,exact,Joey,2026-04-27,CLMC1093,Jose A. Zamarripa,Texcon ,Fuel ,,,1.0,1.0,POST-MAR1,2026-04,60,Jose A. Zamarripa,,CLMC1093,fuel
187389.pdf,04 - April,2026-04-28,187389,BenQwest LLC,Ship To,7985,1745736,Net 60,2026-06-27,8.25,2,0.48,170.13,52536.67,7985,7985,STRONG,exact,Joey,2026-04-28,ADA 33,Lupe Juarez,Texcon,Fuel,,,0.0,1.0,POST-MAR1,2026-04,60,Lupe Juarez,,ADA 33,fuel
187391.pdf,04 - April,2026-04-28,187391,BenQwest LLC,Ship To,7988,1745794,Net 60,2026-06-27,8.25,3,1.27,536.66,52536.67,7988,7988,STRONG,exact,Joey,2026-04-28,ADA 33,Jose De La Cerda,Texcon,Fuel,,,0.0,1.0,POST-MAR1,2026-04,60,Jose De La Cerda,,ADA 33,fuel
187392.pdf,04 - April,2026-04-28,187392,BenQwest LLC,Ship To,7977,1745824,Net 60,2026-06-27,8.25,3,0.0,299.19,52536.67,7977,7977,STRONG,exact,Joey,2026-04-28,ADA 32,Francisco Aguirre,Texcon,Fuel,,,0.0,2.0,POST-MAR1,2026-04,60,Francisco Aguirre,,ADA 32,fuel
187395.pdf,04 - April,2026-04-29,187395,BenQwest LLC,Ship To,7992,1746042,Net 60,2026-06-28,8.25,5,17.14,360.02,54077.21,7992,7992,STRONG,exact,Joey,2026-04-29,ADA 32,Diego Vazquez,Texcon,Fuel,,,0.0,1.0,POST-MAR1,2026-04,60,Diego Vazquez,,ADA 32,fuel
187396.pdf,04 - April,2026-04-29,187396,BenQwest LLC,Ship To,13169,1746047,Net 60,2026-06-28,8.25,1,0.0,155.8,54077.21,13169,13169,STRONG,exact,Fer,2026-04-24,Mechanic Shop,Abel Hernandez,Tex Con,Combustible,VIN #8919,,5.0,1.0,POST-MAR1,2026-04,60,Abel Hernandez,VIN#8919,MECHANIC SHOP,combustible
187397.pdf,04 - April,2026-04-29,187397,BenQwest LLC,Ship To,7993,1746057,Net 60,2026-06-28,8.25,1,0.0,95.66,54077.21,7993,7993,STRONG,exact,Joey,2026-04-29,ADA 33,Abraham Gonzalez,Texcon,Fuel,,,0.0,1.0,POST-MAR1,2026-04,60,Abraham Gonzalez,,ADA 33,fuel
187398.pdf,04 - April,2026-04-29,187398,BenQwest LLC,Ship To,7990,1746079,Net 60,2026-06-28,8.25,3,3.76,614.18,54077.21,7990,7990,STRONG,exact,Joey,2026-04-28,ADA 32,Rogelio Lopez,Texcon,Fuel,,,1.0,1.0,POST-MAR1,2026-04,60,Rogelio Lopez,,ADA 32,fuel
187400.pdf,04 - April,2026-04-29,187400,BenQwest LLC,Ship To,13188,1746116,Net 60,2026-06-28,8.25,1,0.0,147.23,54077.21,13188,13188,STRONG,exact,Fer,2026-04-29,Mechanic Shop,Andy,Tex Con,Combustible for truck / Gasoline for Shop,VIN #3241,,0.0,1.0,POST-MAR1,2026-04,60,Andy,VIN#3241,MECHANIC SHOP,combustible for truck / gasoline for shop
187402.pdf,04 - April,2026-04-29,187402,BenQwest LLC,Ship To,13192,1746263,Net 60,2026-06-28,8.25,1,0.0,167.65,54077.21,13192,13192,STRONG,exact,Fer,2026-04-29,Mechanic Shop,Andy,Tex Con,Combustible,VIN #0742,,0.0,1.0,POST-MAR1,2026-04,60,Andy,VIN#0742,MECHANIC SHOP,combustible
187404.pdf,04 - April,2026-04-30,187404,BenQwest LLC,Ship To,8004,1746327,Net 60,2026-06-29,8.25,3,2.09,254.47,55948.94,8004,8004,STRONG,exact,Joey,2026-04-30,ADA 33,Ulises Lara,Texcon,Fuel,,,0.0,1.0,POST-MAR1,2026-04,60,Ulises Lara,,ADA 33,fuel
187406.pdf,04 - April,2026-04-30,187406,BenQwest LLC,Ship To,8006,1746378,Net 60,2026-06-29,8.25,3,1.81,861.31,55948.94,8006,8006,STRONG,exact,Joey,2026-04-30,ADA 32,Francis Echevestre,Texcon,Fuel,,,0.0,1.0,POST-MAR1,2026-04,60,Francis Echevestre,,ADA 32,fuel
187409.pdf,04 - April,2026-04-30,187409,BenQwest LLC,Ship To,8007,1746457,Net 60,2026-06-29,8.25,2,0.0,373.51,55948.94,8007,8007,STRONG,exact,Joey,2026-04-30,ADA 33,Juan Perez,Texcon,Fuel,,,0.0,1.0,POST-MAR1,2026-04,60,Juan Perez,,ADA 33,fuel
187410.pdf,04 - April,2026-04-30,187410,BenQwest LLC,Ship To,8009,1746503,Net 60,2026-06-29,8.25,3,2.46,300.11,55948.94,8009,8009,STRONG,exact,Joey,2026-04-30,ADA 33,Jose Julian Gonzalez,Texcon,Fuel,,,0.0,1.0,POST-MAR1,2026-04,60,Jose Julian Gonzalez,,ADA 33,fuel
187412.pdf,04 - April,2026-04-30,187412,BenQwest LLC,Ship To,8016 HECTOR,1746650,Net 60,2026-06-29,8.25,1,0.0,82.33,57100.37,8016 HECTOR,8016,STRONG,core,Joey,2026-04-30,ADA 32,Hector Manzanares,Texcon,Fuel,,,0.0,1.0,POST-MAR1,2026-04,60,Hector Manzanares,,ADA 32,fuel
187413.pdf,05 - May,2026-05-01,187413,BenQwest LLC,Ship To,8017,1746702,Net 60,2026-06-30,8.25,4,1.53,380.95,57100.37,8017,8017,STRONG,exact,Joey,2026-05-01,ADA 32,David Molina,Texcon,Fuel,,,0.0,1.0,POST-MAR1,2026-05,60,David Molina,,ADA 32,fuel
187415.pdf,05 - May,2026-05-01,187415,BenQwest LLC,Ship To,8012,1746784,Net 60,2026-06-30,8.25,3,2.09,244.49,57100.37,8012,8012,STRONG,exact,Joey,2026-04-30,ADA 33,Gerardo Sanchez,Texcon,Fuel,,,1.0,1.0,POST-MAR1,2026-05,60,Gerardo Sanchez,,ADA 33,fuel
187416.pdf,05 - May,2026-05-01,187416,BenQwest LLC,Ship To,8020,1746824,Net 60,2026-06-30,8.25,2,0.0,118.56,57100.37,8020,8020,STRONG,exact,Joey,2026-05-01,ADA 33,Bryan Lopez,Texcon,Fuel,,,0.0,1.0,POST-MAR1,2026-05,60,Bryan Lopez,,ADA 33,fuel
187417.pdf,05 - May,2026-05-01,187417,BenQwest LLC,Ship To,8022,1746867,Net 60,2026-06-30,8.25,1,0.0,160.84,57100.37,8022,8022,STRONG,exact,Joey,2026-05-01,ADA 32,Lupe Juarez,Texcon,Fuel,,,0.0,1.0,POST-MAR1,2026-05,60,Lupe Juarez,,ADA 32,fuel
187418.pdf,05 - May,2026-05-01,187418,BenQwest LLC,Ship To,8010,1746876,Net 60,2026-06-30,8.25,3,0.0,246.59,57100.37,8010,8010,STRONG,exact,Joey,2026-04-30,ADA 33,Jesus G. Rodriguez,Texcon,Materials,,,1.0,1.0,POST-MAR1,2026-05,60,Jesus G. Rodriguez,,ADA 33,materials
187419.pdf,05 - May,2026-05-02,187419,BenQwest LLC,Ship To,8018,1746945,Net 60,2026-07-01,8.25,1,0.0,108.16,57208.53,8018,8018,STRONG,exact,Joey,2026-05-01,ADA 33,Abraham Gonzalez,Texcon,Fuel,,,1.0,1.0,POST-MAR1,2026-05,60,Abraham Gonzalez,,ADA 33,fuel
187427.pdf,05 - May,2026-05-04,187427,BenQwest LLC,Ship To,8027,1747278,Net 60,2026-07-03,8.25,2,0.0,103.61,58375.59,8027,8027,STRONG,exact,Joey,2026-05-04,CLMC1093,Ulises Lara,Texcon,Fuel,,,0.0,1.0,POST-MAR1,2026-05,60,Ulises Lara,,CLMC1093,fuel
187428.pdf,05 - May,2026-05-04,187428,BenQwest LLC,Ship To,8030,1747362,Net 60,2026-07-03,8.25,4,2.09,268.5,58375.59,8030,8030,STRONG,exact,Joey,2026-05-04,CLMC1093,Jose A. Zamarripa,Texcon,Fuel,,,0.0,1.0,POST-MAR1,2026-05,60,Jose A. Zamarripa,,CLMC1093,fuel
187429.pdf,05 - May,2026-05-04,187429,BenQwest LLC,Ship To,13201,1747461,Net 60,2026-07-03,8.25,1,0.0,67.66,58375.59,13201,13201,STRONG,exact,Fer,2026-05-04,Mechanic Shop,Fernando,Tex Con,Combustible,VIN #3241,,0.0,1.0,POST-MAR1,2026-05,60,Fernando,VIN#3241,MECHANIC SHOP,combustible
187430.pdf,05 - May,2026-05-04,187430,BenQwest LLC,Ship To,8032,1747478,Net 60,2026-07-03,8.25,1,0.0,325.76,58375.59,8032,8032,STRONG,exact,Joey,2026-05-04,ADA 32,Jose De La Cerda,Texcon,Fuel,,,0.0,1.0,POST-MAR1,2026-05,60,Jose De La Cerda,,ADA 32,fuel
187431.pdf,05 - May,2026-05-04,187431,BenQwest LLC,Ship To,8033,1747514,Net 60,2026-07-03,8.25,3,0.0,291.79,58375.59,8033,8033,STRONG,exact,Joey,2026-05-04,ADA 32,Francisco Aguirre,Texcon,Fuel,,,0.0,1.0,POST-MAR1,2026-05,60,Francisco Aguirre,,ADA 32,fuel
187432.pdf,05 - May,2026-05-05,187432,BenQwest LLC,Ship To,8038,1747575,Net 60,2026-07-04,8.25,3,0.64,174.26,60317.04,8038,8038,STRONG,exact,Joey,2026-05-05,ADA 32,Diego Vazquez,Texcon,Fuel,,,0.0,1.0,POST-MAR1,2026-05,60,Diego Vazquez,,ADA 32,fuel
187433.pdf,05 - May,2026-05-05,187433,BenQwest LLC,Ship To,13204,1747678,Net 60,2026-07-04,8.25,1,0.0,129.61,60317.04,13204,13204,STRONG,exact,Fer,2026-05-05,Mechanic Shop,Andy,Tex Con,Combustible,VIN #4363,,0.0,1.0,POST-MAR1,2026-05,60,Andy,VIN#4363,MECHANIC SHOP,combustible
187434.pdf,05 - May,2026-05-05,187434,BenQwest LLC,Ship To,13206,1747684,Net 60,2026-07-04,8.25,2,0.0,326.47,60317.04,13206,13206,STRONG,exact,Fer,2026-05-05,Mechanic Shop,Abel Hernandez,Tex Con,Combustible ............ Carlos Diaz Truck,VIN #0619,,0.0,1.0,POST-MAR1,2026-05,60,Abel Hernandez,VIN#0619,MECHANIC SHOP,combustible ............ carlos diaz truck
187435.pdf,05 - May,2026-05-05,187435,BenQwest LLC,Ship To,13205,1747689,Net 60,2026-07-04,8.25,4,2.46,556.3,60317.04,13205,13205,STRONG,exact,Fer,2026-05-05,Mechanic Shop,Ulises Rodriguez,Tex Con,Combustible,VIN #8269,,0.0,1.0,POST-MAR1,2026-05,60,Ulises Rodriguez,VIN#8269,MECHANIC SHOP,combustible
187436.pdf,05 - May,2026-05-05,187436,BenQwest LLC,Ship To,8042,1747737,Net 60,2026-07-04,8.25,3,0.0,481.93,60317.04,8042,8042,STRONG,exact,Joey,2026-05-05,ADA 33,Abraham Gonzalez,Texcon,Fuel,,,0.0,1.0,POST-MAR1,2026-05,60,Abraham Gonzalez,,ADA 33,fuel
187437.pdf,05 - May,2026-05-05,187437,BenQwest LLC,Ship To,1309,1747809,Net 60,2026-07-04,8.25,1,0.0,104.03,60317.04,1309,1309,DATE_MISMATCH,exact,Mario,2024-10-29,W35TH,Mario Munoz,Leo's,Fuel and Diesel,,Jose A Zamarripa,553.0,1.0,POST-MAR1,2026-05,60,Mario Munoz,,W35TH,fuel and diesel
187441.pdf,05 - May,2026-05-05,187441,BenQwest LLC,Ship To,13206,1748006,Net 60,2026-07-04,8.25,1,0.0,168.85,60317.04,13206,13206,STRONG,exact,Fer,2026-05-05,Mechanic Shop,Abel Hernandez,Tex Con,Combustible ............ Carlos Diaz Truck,VIN #0619,,0.0,1.0,POST-MAR1,2026-05,60,Abel Hernandez,VIN#0619,MECHANIC SHOP,combustible ............ carlos diaz truck
187442.pdf,05 - May,2026-05-06,187442,BenQwest LLC,Ship To,8049,1748061,Net 60,2026-07-05,8.25,3,0.0,236.63,61493.57,8049,8049,STRONG,exact,Joey,2026-05-05,CLMC1093,Ulises Lara,Texcon,Fuel,,,1.0,1.0,POST-MAR1,2026-05,60,Ulises Lara,,CLMC1093,fuel
187443.pdf,05 - May,2026-05-06,187443,BenQwest LLC,Ship To,8051,1748091,Net 60,2026-07-05,8.25,4,2.14,366.84,61493.57,8051,8051,STRONG,exact,Joey,2026-05-06,ADA 32,Pedro Limon,Texcon,Fuel,,,0.0,1.0,POST-MAR1,2026-05,60,Pedro Limon,,ADA 32,fuel
187444.pdf,05 - May,2026-05-06,187444,BenQwest LLC,Ship To,8044,1748163,Net 60,2026-07-05,8.25,7,13.06,573.06,61493.57,8044,8044,STRONG,exact,Joey,2026-05-05,ADA 32,Enrique Alvarado,Texcon,Fuel,,,1.0,1.0,POST-MAR1,2026-05,60,Enrique Alvarado,,ADA 32,fuel
187447.pdf,05 - May,2026-05-07,187447,BenQwest LLC,Ship To,8064,1748484,Net 60,2026-07-06,8.25,5,9.67,458.75,64055.74,8064,8064,STRONG,exact,Joey,2026-05-06,CPO Burnet Corridor,Isidro Garcia,Texcon,Fuel,,,1.0,1.0,POST-MAR1,2026-05,60,Isidro Garcia,,CPO BURNET CORRIDOR,fuel
187449.pdf,05 - May,2026-05-07,187449,BenQwest LLC,Ship To,8066,1748559,Net 60,2026-07-06,8.25,2,0.45,190.89,64055.74,8066,8066,STRONG,exact,Joey,2026-05-07,ADA 33,Fernando Arellano,Texcon,Fuel,,,0.0,1.0,POST-MAR1,2026-05,60,Fernando Arellano,,ADA 33,fuel
187452.pdf,05 - May,2026-05-07,187452,BenQwest LLC,Ship To,8071,1748761,Net 60,2026-07-06,8.25,1,0.0,591.46,64055.74,8071,8071,STRONG,exact,Joey,2026-05-07,ADA 33,Jose De La Cerda,Texcon,Fuel,,,0.0,1.0,POST-MAR1,2026-05,60,Jose De La Cerda,,ADA 33,fuel
187453.pdf,05 - May,2026-05-07,187453,BenQwest LLC,Ship To,13217,1748815,Net 60,2026-07-06,8.25,2,15.65,274.39,64055.74,13217,13217,STRONG,exact,Fer,2026-05-07,Mechanic Shop,Fernando,Tex Con,Combustible,VIN #3241,,0.0,1.0,POST-MAR1,2026-05,60,Fernando,VIN#3241,MECHANIC SHOP,combustible
187454.pdf,05 - May,2026-05-07,187454,BenQwest LLC,Ship To,8073,1748829,Net 60,2026-07-06,8.25,2,0.0,168.79,64055.74,8073,8073,STRONG,exact,Joey,2026-05-07,CLMC1093,Ulises Lara,Texcon,Fuel,,,0.0,1.0,POST-MAR1,2026-05,60,Ulises Lara,,CLMC1093,fuel
187455.pdf,05 - May,2026-05-07,187455,BenQwest LLC,Ship To,13216,1748842,Net 60,2026-07-06,8.25,1,0.0,161.64,64055.74,13216,13216,STRONG,exact,Fer,2026-05-07,Mechanic Shop,Abel Hernandez,Tex Con,Combustible,VIN #8919,,0.0,1.0,POST-MAR1,2026-05,60,Abel Hernandez,VIN#8919,MECHANIC SHOP,combustible
187457.pdf,05 - May,2026-05-07,187457,BenQwest LLC,Ship To,8067,1748557,Net 60,2026-07-06,8.25,2,0.0,153.92,64055.74,8067,8067,STRONG,exact,Joey,2026-05-07,ADA 33,Abraham Gonzalez,Texcon,Fuel,,,0.0,1.0,POST-MAR1,2026-05,60,Abraham Gonzalez,,ADA 33,fuel
187459.pdf,05 - May,2026-05-07,187459,BenQwest LLC,Ship To,8075,1748930,Net 60,2026-07-06,8.25,3,5.12,562.33,64055.74,8075,8075,STRONG,exact,Joey,2026-05-07,ADA 33,Lupe Juarez,Texcon,Fuel,,,0.0,1.0,POST-MAR1,2026-05,60,Lupe Juarez,,ADA 33,fuel
187461.pdf,05 - May,2026-05-08,187461,BenQwest LLC,Ship To,8077,1748972,Net 60,2026-07-07,8.25,4,3.64,508.98,64857.14,8077,8077,STRONG,exact,Joey,2026-05-07,ADA 33,Isidro Sanchez,Texcon,Fuel,,,1.0,1.0,POST-MAR1,2026-05,60,Isidro Sanchez,,ADA 33,fuel
187466.pdf,05 - May,2026-05-08,187466,BenQwest LLC,Ship To,8088,1749329,Net 60,2026-07-07,8.25,3,0.0,292.42,64857.14,8088,8088,STRONG,exact,Joey,2026-05-08,ADA 32,Francisco Aguirre,Texcon,Fuel,,,0.0,1.0,POST-MAR1,2026-05,60,Francisco Aguirre,,ADA 32,fuel
187474.pdf,05 - May,2026-05-11,187474,BenQwest LLC,Ship To,7995,1749503,Net 60,2026-07-10,8.25,3,4.14,613.47,68000.32,7995,7995,STRONG,exact,Joey,2026-04-29,ADA 32,Jose Antonio Licea,Texcon,Fuel,,,12.0,1.0,POST-MAR1,2026-05,60,Jose Antonio Licea,,ADA 32,fuel
187475.pdf,05 - May,2026-05-11,187475,BenQwest LLC,Ship To,8092,1749529,Net 60,2026-07-10,8.25,2,0.0,225.98,68000.32,8092,8092,STRONG,exact,Joey,2026-05-11,ADA 33,Abraham Gonzalez,Texcon,Fuel,,,0.0,1.0,POST-MAR1,2026-05,60,Abraham Gonzalez,,ADA 33,fuel
187476.pdf,05 - May,2026-05-11,187476,BenQwest LLC,Ship To,8091,1749553,Net 60,2026-07-10,8.25,1,0.0,203.93,68000.32,8091,8091,VENDOR_MISMATCH,exact,Joey,2026-05-11,ADA 32,Pedro Limon,ACE Contractor Supply,Materials,,,0.0,1.0,POST-MAR1,2026-05,60,Pedro Limon,,ADA 32,materials
187479.pdf,05 - May,2026-05-11,187479,BenQwest LLC,Ship To,8393,1749649,Net 60,2026-07-10,8.25,4,2.1,283.92,68000.32,8393,8393,UNMATCHED,,,,,,,,,,,,POST-MAR1,2026-05,60,,,,
187480.pdf,05 - May,2026-05-11,187480,BenQwest LLC,Ship To,13225,1749721,Net 60,2026-07-10,8.25,1,0.0,159.45,68000.32,13225,13225,STRONG,exact,Fer,2026-05-11,Mechanic Shop,Abel Hernandez,Tex Con,Combustible,VIN #8919,,0.0,1.0,POST-MAR1,2026-05,60,Abel Hernandez,VIN#8919,MECHANIC SHOP,combustible
187482.pdf,05 - May,2026-05-11,187482,BenQwest LLC,Ship To,8096,1749804,Net 60,2026-07-10,8.25,6,15.57,1013.31,68000.32,8096,8096,STRONG,exact,Joey,2026-05-11,ADA 32,Francis Echevestre,Texcon,Fuel,,,0.0,1.0,POST-MAR1,2026-05,60,Francis Echevestre,,ADA 32,fuel
187483.pdf,05 - May,2026-05-11,187483,BenQwest LLC,Ship To,8097,1749831,Net 60,2026-07-10,8.25,4,6.03,495.07,68000.32,8097,8097,STRONG,exact,Joey,2026-05-11,CLMC1107A,Ruben Cano,Texcon,Fuel,,,0.0,1.0,POST-MAR1,2026-05,60,Ruben Cano,,CLMC1107A,fuel
187486.pdf,05 - May,2026-05-12,187486,BenQwest LLC,Ship To,9001,1749906,Net 60,2026-07-11,8.25,3,0.0,259.29,68859.47,9001,9001,FUEL_VENDOR_VARIANT,exact,Joey,2026-05-11,CPO Burnet Corridor,Isidro Garcia,Leo's Service Station,Fuel,,,1.0,1.0,POST-MAR1,2026-05,60,Isidro Garcia,,CPO BURNET CORRIDOR,fuel
187487.pdf,05 - May,2026-05-12,187487,BenQwest LLC,Ship To,8098,1749912,Net 60,2026-07-11,8.25,1,0.0,84.77,68859.47,8098,8098,STRONG,exact,Joey,2026-05-11,CLMC1093,Ulises Lara,Texcon,Fuel,,,1.0,1.0,POST-MAR1,2026-05,60,Ulises Lara,,CLMC1093,fuel
187488.pdf,05 - May,2026-05-12,187488,BenQwest LLC,Ship To,9003,1749921,Net 60,2026-07-11,8.25,3,0.0,366.59,68859.47,9003,9003,STRONG,exact,Joey,2026-05-12,ADA 33,Jose Julian Gonzalez,Texcon,Fuel,,,0.0,1.0,POST-MAR1,2026-05,60,Jose Julian Gonzalez,,ADA 33,fuel
187490.pdf,05 - May,2026-05-12,187490,BenQwest LLC,Ship To,13233,1750091,Net 60,2026-07-11,8.25,2,0.0,148.5,68859.47,13233,13233,STRONG,exact,Fer,2026-05-12,Mechanic Shop,Ulises Rodriguez,Tex Con,Combustible,,,0.0,1.0,POST-MAR1,2026-05,60,Ulises Rodriguez,,MECHANIC SHOP,combustible
187494.pdf,05 - May,2026-05-13,187494,BenQwest LLC,Ship To,9011,1750424,Net 60,2026-07-12,8.25,3,14.42,654.83,69514.3,9011,9011,STRONG,exact,Joey,2026-05-12,ADA 33,Carlos Diaz,Texcon,Fuel,,,1.0,1.0,POST-MAR1,2026-05,60,Carlos Diaz,,ADA 33,fuel
187495.pdf,05 - May,2026-05-13,187495,BenQwest LLC,Ship To,9014,1750488,Net 60,2026-07-12,8.25,2,0.0,354.92,69869.22,9014,9014,STRONG,exact,Joey,2026-05-12,ADA 33,Abraham Gonzalez,Texcon,Fuel,,,1.0,1.0,POST-MAR1,2026-05,60,Abraham Gonzalez,,ADA 33,fuel
187496.pdf,05 - May,2026-05-13,187496,BenQwest LLC,Ship To,9019,1750820,Net 60,2026-07-12,8.25,3,0.0,406.55,70275.77,9019,9019,STRONG,exact,Joey,2026-05-13,ADA 32,Diego Vazquez,Texcon,Fuel,,,0.0,1.0,POST-MAR1,2026-05,60,Diego Vazquez,,ADA 32,fuel
187497.pdf,05 - May,2026-05-13,187497,BenQwest LLC,Ship To,9021,1750549,Net 60,2026-07-12,8.25,2,1.87,322.3,71226.22,9021,9021,STRONG,exact,Joey,2026-05-13,,Jose Antonio Licea,Texcon,Fuel,,,0.0,1.0,POST-MAR1,2026-05,60,Jose Antonio Licea,,,fuel
187498.pdf,05 - May,2026-05-13,187498,BenQwest LLC,Ship To,8261,1750621,Net 60,2026-07-12,8.25,1,0.0,110.85,71226.22,8261,8261,UNMATCHED,,,,,,,,,,,,POST-MAR1,2026-05,60,,,,
187499.pdf,05 - May,2026-05-13,187499,BenQwest LLC,Ship To,9026,1750678,Net 60,2026-07-12,8.25,1,0.0,91.27,71226.22,9026,9026,VENDOR_MISMATCH,exact,Joey,2026-05-13,ADA 33,Jesus G. Rodriguez,ACE Contractor Supply,Materials,,,0.0,1.0,POST-MAR1,2026-05,60,Jesus G. Rodriguez,,ADA 33,materials
187500.pdf,05 - May,2026-05-13,187500,BenQwest LLC,Ship To,9015,1750689,Net 60,2026-07-12,8.25,2,0.0,426.03,71226.22,9015,9015,STRONG,exact,Joey,2026-05-12,ADA 33,Gerardo Sanchez,Texcon,Fuel,,,1.0,1.0,POST-MAR1,2026-05,60,Gerardo Sanchez,,ADA 33,fuel
187502.pdf,05 - May,2026-05-14,187502,BenQwest LLC,Ship To,9045,1751309,Net 60,2026-07-13,8.25,4,2.17,380.44,71998.26,9045,9045,STRONG,exact,Joey,2026-05-14,ADA 32,Francisco Aguirre,Texcon,Fuel,,,0.0,1.0,POST-MAR1,2026-05,60,Francisco Aguirre,,ADA 32,fuel
187503.pdf,05 - May,2026-05-14,187503,BenQwest LLC,Ship To,9046,1751313,Net 60,2026-07-13,8.25,1,0.0,109.33,71998.26,9046,9046,STRONG,exact,Joey,2026-05-14,ADA 33,Abraham Gonzalez,Texcon,Fuel,,,0.0,1.0,POST-MAR1,2026-05,60,Abraham Gonzalez,,ADA 33,fuel
187505.pdf,05 - May,2026-05-14,187505,BenQwest LLC,Ship To,9034,1750852,Net 60,2026-07-13,8.25,1,0.0,116.3,71998.26,9034,9034,STRONG,exact,Joey,2026-05-14,CMTA IDIQ,Pedro Limon,Texcon,Fuel,,,0.0,1.0,POST-MAR1,2026-05,60,Pedro Limon,,CMTA IDIQ,fuel
187509.pdf,05 - May,2026-05-14,187509,BenQwest LLC,Ship To,13245,1751318,Net 60,2026-07-13,8.25,1,0.0,165.97,71998.26,13245,13245,STRONG,exact,Fer,2026-05-14,Mechanic Shop,Abel Hernandez,Tex Con,Combustible,VIN #8919,,0.0,1.0,POST-MAR1,2026-05,60,Abel Hernandez,VIN#8919,MECHANIC SHOP,combustible
187510.pdf,05 - May,2026-05-15,187510,BenQwest LLC,Ship To,9036,1751360,Net 60,2026-07-14,8.25,5,5.61,566.94,74761.48,9036,9036,STRONG,exact,Joey,2026-05-14,ADA 32,Enrique Alvarado,Texcon,Fuel,,,1.0,1.0,POST-MAR1,2026-05,60,Enrique Alvarado,,ADA 32,fuel
187511.pdf,05 - May,2026-05-15,187511,BenQwest LLC,Ship To,9047,1751387,Net 60,2026-07-14,8.25,4,2.46,477.95,74761.48,9047,9047,STRONG,exact,Joey,2026-05-14,ADA 32,Avisai Jimenez,Texcon,Fuel,,,1.0,1.0,POST-MAR1,2026-05,60,Avisai Jimenez,,ADA 32,fuel
187512.pdf,05 - May,2026-05-15,187512,BenQwest LLC,Ship To,13246,1751413,Net 60,2026-07-14,8.25,1,0.0,84.89,74761.48,13246,13246,STRONG,exact,Fer,2026-05-15,Mechanic Shop,Andy,Tex Con,Combustible for Transit 350 (Para uso de Visados),VIN #5773,,0.0,1.0,POST-MAR1,2026-05,60,Andy,VIN#5773,MECHANIC SHOP,combustible for transit 350 (para uso de visados)
187513.pdf,05 - May,2026-05-15,187513,BenQwest LLC,Ship To,9050,1751417,Net 60,2026-07-14,8.25,2,0.0,371.46,74761.48,9050,9050,STRONG,exact,Joey,2026-05-15,CLMC1093,Ulises Lara,Texcon,Fuel,,,0.0,1.0,POST-MAR1,2026-05,60,Ulises Lara,,CLMC1093,fuel
187514.pdf,05 - May,2026-05-15,187514,BenQwest LLC,Ship To,9051,1751475,Net 60,2026-07-14,8.25,2,4.51,579.58,74761.48,9051,9051,STRONG,exact,Joey,2026-05-15,ADA 33,Jose De La Cerda,Texcon,Fuel,,,0.0,1.0,POST-MAR1,2026-05,60,Jose De La Cerda,,ADA 33,fuel
187515.pdf,05 - May,2026-05-15,187515,BenQwest LLC,Ship To,8075.1,1751806,Net 60,2026-07-14,8.25,2,0.0,501.61,74761.48,8075.1,8075,STRONG,core,Joey,2026-05-07,ADA 33,Lupe Juarez,Texcon,Fuel,,,8.0,1.0,POST-MAR1,2026-05,60,Lupe Juarez,,ADA 33,fuel
187517.pdf,05 - May,2026-05-15,187517,BenQwest LLC,Ship To,9056,1751581,Net 60,2026-07-14,8.25,3,0.0,180.79,74761.48,9056,9056,STRONG,exact,Joey,2026-05-15,ADA 32,Pedro Limon,Texcon,Fuel,,,0.0,1.0,POST-MAR1,2026-05,60,Pedro Limon,,ADA 32,fuel
187521.pdf,05 - May,2026-05-16,187521,BenQwest LLC,Ship To,12249,1751846,Net 60,2026-07-15,8.25,2,2.78,145.1,75013.64,12249,12249,DATE_MISMATCH,exact,Fer,2025-07-15,Mechanic Shop,Fernando,Leif Johnson Ford,Window motor and level VIN #8857 (Tacho's Truck),,,305.0,1.0,POST-MAR1,2026-05,60,Fernando,,MECHANIC SHOP,window motor and level vin #8857 (tacho's truck)
187522.pdf,05 - May,2026-05-16,187522,BenQwest LLC,Ship To,9058,1751868,Net 60,2026-07-15,8.25,1,0.0,107.06,75013.64,9058,9058,STRONG,exact,Joey,2026-05-15,ADA 33,Alvaro Aguirre,Texcon,Fuel,,,1.0,1.0,POST-MAR1,2026-05,60,Alvaro Aguirre,,ADA 33,fuel
187524.pdf,05 - May,2026-05-18,187524,BenQwest LLC,Ship To,9065,1752136,Net 60,2026-07-17,8.25,2,4.87,347.5,77525.29,9065,9065,STRONG,exact,Joey,2026-05-18,ADA 32,Jose Antonio Licea,Texcon,Fuel,,,0.0,1.0,POST-MAR1,2026-05,60,Jose Antonio Licea,,ADA 32,fuel
187526.pdf,05 - May,2026-05-18,187526,BenQwest LLC,Ship To,13253,1752210,Net 60,2026-07-17,8.25,1,0.0,77.51,77525.29,13253,13253,STRONG,exact,Fer,2026-05-18,Mechanic Shop,Fernando,Tex Con,Combustible,VIN #3241,,0.0,1.0,POST-MAR1,2026-05,60,Fernando,VIN#3241,MECHANIC SHOP,combustible
187527.pdf,05 - May,2026-05-18,187527,BenQwest LLC,Ship To,9066,1752224,Net 60,2026-07-17,8.25,2,2.78,386.38,77525.29,9066,9066,STRONG,exact,Joey,2026-05-18,CLMC1093,Ivan Muniz,Texcon,Fuel,,,0.0,1.0,POST-MAR1,2026-05,60,Ivan Muniz,,CLMC1093,fuel
187528.pdf,05 - May,2026-05-18,187528,BenQwest LLC,Ship To,13245,1752245,Net 60,2026-07-17,8.25,5,11.31,367.58,77525.29,13245,13245,STRONG,exact,Fer,2026-05-14,Mechanic Shop,Abel Hernandez,Tex Con,Combustible,VIN #8919,,4.0,1.0,POST-MAR1,2026-05,60,Abel Hernandez,VIN#8919,MECHANIC SHOP,combustible
187530.pdf,05 - May,2026-05-18,187530,BenQwest LLC,Ship To,9054,1752402,Net 60,2026-07-17,8.25,4,7.44,685.82,77525.29,9054,9054,STRONG,exact,Joey,2026-05-15,ADA 32,Rogelio Lopez,Texcon,Fuel,,,3.0,1.0,POST-MAR1,2026-05,60,Rogelio Lopez,,ADA 32,fuel
187531.pdf,05 - May,2026-05-18,187531,BenQwest LLC,Ship To,13255,1752411,Net 60,2026-07-17,8.25,3,13.66,646.86,77525.29,13255,13255,STRONG,exact,Fer,2026-05-18,Mechanic Shop,Ulises Rodriguez,Tex Con,Combustible / 2 Diesel Gun,VIN #8269,,0.0,1.0,POST-MAR1,2026-05,60,Ulises Rodriguez,VIN#8269,MECHANIC SHOP,combustible / 2 diesel gun
187533.pdf,05 - May,2026-05-19,187533,BenQwest LLC,Ship To,9071,1752560,Net 60,2026-07-18,8.25,4,2.88,182.1,77707.39,9071,9071,STRONG,exact,Joey,2026-05-19,ADA 32,Diego Vazquez,Texcon,Fuel,,,0.0,1.0,POST-MAR1,2026-05,60,Diego Vazquez,,ADA 32,fuel
187534.pdf,05 - May,2026-05-19,187534,BenQwest LLC,Ship To,9069,1752585,Net 60,2026-07-18,8.25,3,0.0,469.26,78176.65,9069,9069,STRONG,exact,Joey,2026-05-18,ADA 33,Abraham Gonzalez,Texcon,Fuel,,,1.0,1.0,POST-MAR1,2026-05,60,Abraham Gonzalez,,ADA 33,fuel
187535.pdf,05 - May,2026-05-19,187535,BenQwest LLC,Ship To,9060,1752653,Net 60,2026-07-18,8.25,5,10.38,342.87,81153.97,9060,9060,STRONG,exact,Joey,2026-05-16,ADA 33,Jesus G. Rodriguez,Texcon,Fuel,,,3.0,1.0,POST-MAR1,2026-05,60,Jesus G. Rodriguez,,ADA 33,fuel
187536.pdf,05 - May,2026-05-19,187536,BenQwest LLC,Ship To,9072,1752690,Net 60,2026-07-18,8.25,2,0.0,273.94,81153.97,9072,9072,STRONG,exact,Joey,2026-05-19,ADA 33,Andy Hernandez,Texcon,Fuel,,,0.0,1.0,POST-MAR1,2026-05,60,Andy Hernandez,,ADA 33,fuel
187537.pdf,05 - May,2026-05-19,187537,BenQwest LLC,Ship To,9075,1752814,Net 60,2026-07-18,8.25,1,0.0,121.5,81153.97,9075,9075,STRONG,exact,Joey,2026-05-19,CLMC1093,Ulises Lara,Texcon,Fuel,,,0.0,1.0,POST-MAR1,2026-05,60,Ulises Lara,,CLMC1093,fuel
187539.pdf,05 - May,2026-05-19,187539,BenQwest LLC,Ship To,13262,1753010,Net 60,2026-07-18,8.25,1,170.64,2239.01,81153.97,13262,13262,STRONG,exact,Fer,2026-05-20,Mechanic Shop,Andy,Tex Con,Combustible,,,-1.0,1.0,POST-MAR1,2026-05,60,Andy,,MECHANIC SHOP,combustible
187542.pdf,05 - May,2026-05-20,187542,BenQwest LLC,Ship To,19084,1753140,Net 60,2026-07-19,8.25,2,0.0,527.15,80593.48,19084,19084,UNMATCHED,,,,,,,,,,,,POST-MAR1,2026-05,60,,,,
187543.pdf,05 - May,2026-05-20,187543,BenQwest LLC,Ship To,13244,1753384,Net 60,2026-07-19,8.25,1,47.96,629.31,80593.48,13244,13244,VENDOR_MISMATCH,exact,Fer,2026-05-14,Mechanic Shop,Fernando,Bobcat,2 Pivot bushing,VIN #4070,,6.0,1.0,POST-MAR1,2026-05,60,Fernando,VIN#4070,MECHANIC SHOP,2 pivot bushing
187544.pdf,05 - May,2026-05-20,187544,BenQwest LLC,Ship To,13265,1753395,Net 60,2026-07-19,8.25,1,0.0,173.32,80593.48,13265,13265,STRONG,exact,Fer,2026-05-20,Mechanic Shop,Abel Hernandez,Tex Con,Combustible,VIN #8919,,0.0,1.0,POST-MAR1,2026-05,60,Abel Hernandez,VIN#8919,MECHANIC SHOP,combustible
187545.pdf,05 - May,2026-05-20,187545,BenQwest LLC,Ship To,9091,1753425,Net 60,2026-07-19,8.25,3,0.0,348.74,80593.48,9091,9091,STRONG,exact,Joey,2026-05-20,ADA 32,Francisco Aguirre,Texcon,Fuel,,,0.0,1.0,POST-MAR1,2026-05,60,Francisco Aguirre,,ADA 32,fuel
187547.pdf,05 - May,2026-05-20,187547,BenQwest LLC,Ship To,9067,1753083,Net 60,2026-07-19,8.25,5,1.43,485.8,82864.83,9067,9067,STRONG,exact,Joey,2026-05-18,CLMC1093,Jose A. Zamarripa,Texcon,Fuel,,,2.0,1.0,POST-MAR1,2026-05,60,Jose A. Zamarripa,,CLMC1093,fuel
187548.pdf,05 - May,2026-05-20,187548,BenQwest LLC,Ship To,9078,1753090,Net 60,2026-07-19,8.25,1,0.0,82.06,82864.83,9078,9078,STRONG,exact,Joey,2026-05-19,ADA 32,Enrique Chapa,Texcon,Fuel,,,1.0,1.0,POST-MAR1,2026-05,60,Enrique Chapa,,ADA 32,fuel
187549.pdf,05 - May,2026-05-20,187549,BenQwest LLC,Ship To,9080,1753119,Net 60,2026-07-19,8.25,3,0.0,306.98,82864.83,9080,9080,STRONG,exact,Joey,2026-05-20,ADA 33,Abraham Gonzalez,Texcon,Fuel,,,0.0,1.0,POST-MAR1,2026-05,60,Abraham Gonzalez,,ADA 33,fuel
187550.pdf,05 - May,2026-05-20,187550,BenQwest LLC,Ship To,9960,1753148,Net 60,2026-07-19,8.25,2,0.84,209.94,82864.83,9960,9960,UNMATCHED,,,,,,,,,,,,POST-MAR1,2026-05,60,,,,
187551.pdf,05 - May,2026-05-20,187551,BenQwest LLC,Ship To,9079,1753162,Net 60,2026-07-19,8.25,3,0.0,529.97,82864.83,9079,9079,STRONG,exact,Joey,2026-05-20,ADA 33,Hector Segura,Texcon,Fuel,,,0.0,1.0,POST-MAR1,2026-05,60,Hector Segura,,ADA 33,fuel
187552.pdf,05 - May,2026-05-20,187552,BenQwest LLC,Ship To,9086,1753290,Net 60,2026-07-19,8.25,1,0.0,290.33,82864.83,9086,9086,STRONG,exact,Joey,2026-05-20,ADA 33,Jose Antonio Licea,Texcon,Fuel,,,0.0,1.0,POST-MAR1,2026-05,60,Jose Antonio Licea,,ADA 33,fuel
187553.pdf,05 - May,2026-05-20,187553,BenQwest LLC,Ship To,9089,1753385,Net 60,2026-07-19,8.25,1,0.0,225.95,82864.83,9089,9089,STRONG,exact,Joey,2026-05-20,ADA 32,Jose De La Cerda,Texcon,Fuel,,,0.0,1.0,POST-MAR1,2026-05,60,Jose De La Cerda,,ADA 32,fuel
187555.pdf,05 - May,2026-05-20,187555,BenQwest LLC,Ship To,9092,1753435,Net 60,2026-07-19,8.25,2,2.46,140.32,82864.83,9092,9092,STRONG,exact,Joey,2026-05-20,ADA 33,Miguel Juarez,Texcon,Fuel,,,0.0,1.0,POST-MAR1,2026-05,60,Miguel Juarez,,ADA 33,fuel
187558.pdf,05 - May,2026-05-21,187558,BenQwest LLC,Ship To,9094,1753464,Net 60,2026-07-20,8.25,5,2.71,370.23,84569.82,9094,9094,STRONG,exact,Joey,2026-05-21,ADA 33,Jose Julian Gonzalez,Texcon,Fuel,,,0.0,1.0,POST-MAR1,2026-05,60,Jose Julian Gonzalez,,ADA 33,fuel
187559.pdf,05 - May,2026-05-21,187559,BenQwest LLC,Ship To,9094,1753467,Net 60,2026-07-20,8.25,1,0.0,197.53,84569.82,9094,9094,STRONG,exact,Joey,2026-05-21,ADA 33,Jose Julian Gonzalez,Texcon,Fuel,,,0.0,1.0,POST-MAR1,2026-05,60,Jose Julian Gonzalez,,ADA 33,fuel
187561.pdf,05 - May,2026-05-21,187561,BenQwest LLC,Ship To,13259,1753681,Net 60,2026-07-20,8.25,1,0.0,246.64,84569.82,13259,13259,VENDOR_MISMATCH,exact,Fer,2026-05-19,Mechanic Shop,Ulises Rodriguez,Capitol Bearing,1 Hose for Bobcat (Barredora),,,2.0,1.0,POST-MAR1,2026-05,60,Ulises Rodriguez,,MECHANIC SHOP,1 hose for bobcat (barredora)
187562.pdf,05 - May,2026-05-21,187562,BenQwest LLC,Ship To,9096,1753701,Net 60,2026-07-20,8.25,1,0.0,736.83,84569.82,9096,9096,STRONG,exact,Joey,2026-05-21,ADA 33,Francis Echevestre,Texcon,Fuel,,,0.0,1.0,POST-MAR1,2026-05,60,Francis Echevestre,,ADA 33,fuel
187563.pdf,05 - May,2026-05-21,187563,BenQwest LLC,Ship To,13267,1753788,Net 60,2026-07-20,8.25,1,0.0,63.48,84569.82,13267,13267,STRONG,exact,Fer,2026-05-21,Mechanic Shop,Andy,Tex Con,Combustible,VIN #3241,,0.0,1.0,POST-MAR1,2026-05,60,Andy,VIN#3241,MECHANIC SHOP,combustible
187564.pdf,05 - May,2026-05-21,187564,BenQwest LLC,Ship To,1001,1753848,Net 60,2026-07-20,8.25,1,0.0,90.28,84569.82,1001,1001,DATE_MISMATCH,exact,Mario,2024-04-03,CTMA,Mario Muñoz,Leo's,Fuel,HZL-2413,MM,778.0,1.0,POST-MAR1,2026-05,60,Mario Muñoz,HZL2413,CTMA,fuel
187569.pdf,05 - May,2026-05-22,187569,BenQwest LLC,Ship To,10002,1753894,Net 60,2026-07-21,8.25,3,0.0,512.03,85936.63,10002,10002,STRONG,exact,Joey,2026-05-22,ADA 33,Gerardo Sanchez,Texcon,Fuel,,,0.0,1.0,POST-MAR1,2026-05,60,Gerardo Sanchez,,ADA 33,fuel
187570.pdf,05 - May,2026-05-22,187570,BenQwest LLC,Ship To,13262,1753986,Net 60,2026-07-21,8.25,1,0.0,56.08,85936.63,13262,13262,STRONG,exact,Fer,2026-05-20,Mechanic Shop,Andy,Tex Con,Combustible,,,2.0,1.0,POST-MAR1,2026-05,60,Andy,,MECHANIC SHOP,combustible
187572.pdf,05 - May,2026-05-22,187572,BenQwest LLC,Ship To,10040,1754090,Net 60,2026-07-21,8.25,2,0.49,120.19,85936.63,10040,10040,VENDOR_MISMATCH,exact,Joey,2026-05-26,ADA 32,Juan Daniel Ortega,ACE Contractor Supply,Materials,,,-4.0,1.0,POST-MAR1,2026-05,60,Juan Daniel Ortega,,ADA 32,materials
187573.pdf,05 - May,2026-05-22,187573,BenQwest LLC,Ship To,10016,1754105,Net 60,2026-07-21,8.25,3,0.0,273.77,88438.61,10016,10016,STRONG,exact,Joey,2026-05-22,ADA 32,Pedro Limon,Texcon,Fuel,,,0.0,1.0,POST-MAR1,2026-05,60,Pedro Limon,,ADA 32,fuel
187578.pdf,05 - May,2026-05-26,187578,BenQwest LLC,Ship To,10036,1754790,Net 60,2026-07-25,8.25,3,0.48,450.97,88438.61,10036,10036,STRONG,exact,Joey,2026-05-26,ADA 33,Carlos Diaz,Texcon,Fuel,,,0.0,1.0,POST-MAR1,2026-05,60,Carlos Diaz,,ADA 33,fuel
187579.pdf,05 - May,2026-05-26,187579,BenQwest LLC,Ship To,13289,1754827,Net 60,2026-07-25,8.25,2,0.0,76.7,88438.61,13289,13289,VENDOR_MISMATCH,exact,Fer,2026-05-28,Mechanic Shop,Fernando,Bobcat,1 Handle / 6 Relay / 1 Wire,VIN #5310,,-2.0,1.0,POST-MAR1,2026-05,60,Fernando,VIN#5310,MECHANIC SHOP,1 handle / 6 relay / 1 wire
187580.pdf,05 - May,2026-05-26,187580,BenQwest LLC,Ship To,10024,1754859,Net 60,2026-07-25,8.25,4,2.09,325.27,88438.61,10024,10024,STRONG,exact,Joey,2026-05-25,ADA 32,Francisco Aguirre,Texcon,Fuel,,,1.0,1.0,POST-MAR1,2026-05,60,Francisco Aguirre,,ADA 32,fuel
187581.pdf,05 - May,2026-05-26,187581,BenQwest LLC,Ship To,4823,1754335,Net 60,2026-07-25,8.25,2,0.0,432.7,88438.61,4823,4823,DATE_MISMATCH,exact,Jose Luis,2024-10-07,ADA 31 AINSWORTH,FRANCISCO BOCANEGRA,TEX- CON,FUEL,,JLZ,596.0,1.0,POST-MAR1,2026-05,60,Francisco Bocanegra,,ADA 31 AINSWORTH,fuel
187582.pdf,05 - May,2026-05-26,187582,BenQwest LLC,Ship To,125,1754362,Net 60,2026-07-25,8.25,2,0.0,369.78,88438.61,125,125,UNMATCHED,,,,,,,,,,,,POST-MAR1,2026-05,60,,,,
187583.pdf,05 - May,2026-05-26,187583,BenQwest LLC,Ship To,13280,1754431,Net 60,2026-07-25,8.25,1,0.0,69.01,88438.61,13280,13280,STRONG,exact,Fer,2026-05-26,Mechanic Shop,Andy,Tex Con,Combustible,VIN #5401,,0.0,1.0,POST-MAR1,2026-05,60,Andy,VIN#5401,MECHANIC SHOP,combustible
187584.pdf,05 - May,2026-05-26,187584,BenQwest LLC,Ship To,132,1754440,Net 60,2026-07-25,8.25,1,0.0,181.17,88438.61,132,132,UNMATCHED,,,,,,,,,,,,POST-MAR1,2026-05,60,,,,
187585.pdf,05 - May,2026-05-26,187585,BenQwest LLC,Ship To,10027,1754658,Net 60,2026-07-25,8.25,1,0.0,115.47,88438.61,10027,10027,STRONG,exact,Joey,2026-05-25,ADA 32,Miguel Juarez,Texcon,Fuel,,,1.0,1.0,POST-MAR1,2026-05,60,Miguel Juarez,,ADA 32,fuel
187586.pdf,05 - May,2026-05-26,187586,BenQwest LLC,Ship To,1038,1754756,Net 60,2026-07-25,8.25,1,0.0,91.47,88438.61,1038,1038,PO_NO_DATE,exact,Mario,,,,,,,,,1.0,POST-MAR1,2026-05,60,,,,
187587.pdf,05 - May,2026-05-26,187587,BenQwest LLC,Ship To,139,1754761,Net 60,2026-07-25,8.25,1,0.0,93.72,88438.61,139,139,UNMATCHED,,,,,,,,,,,,POST-MAR1,2026-05,60,,,,
187588.pdf,05 - May,2026-05-26,187588,BenQwest LLC,Ship To,13282,1754803,Net 60,2026-07-25,8.25,3,2.46,295.72,88438.61,13282,13282,STRONG,exact,Fer,2026-05-26,Mechanic Shop,Ulises Rodriguez,Tex Con,Combustible,VIN #8269,,0.0,1.0,POST-MAR1,2026-05,60,Ulises Rodriguez,VIN#8269,MECHANIC SHOP,combustible
187595.pdf,05 - May,2026-05-27,187595,BenQwest LLC,Ship To,10022,1754967,Net 60,2026-07-26,8.25,3,0.0,433.81,90202.7,10022,10022,STRONG,exact,Joey,2026-05-25,ADA 32,Enrique Alvarado,Texcon,Fuel,,,2.0,1.0,POST-MAR1,2026-05,60,Enrique Alvarado,,ADA 32,fuel
187596.pdf,05 - May,2026-05-27,187596,BenQwest LLC,Ship To,10035,1755016,Net 60,2026-07-26,8.25,3,5.6,599.73,90202.7,10035,10035,STRONG,exact,Joey,2026-05-26,ADA 33,Jose Julian Gonzalez,Texcon,Fuel,,,1.0,1.0,POST-MAR1,2026-05,60,Jose Julian Gonzalez,,ADA 33,fuel
187598.pdf,05 - May,2026-05-27,187598,BenQwest LLC,Ship To,13286,1755198,Net 60,2026-07-26,8.25,1,0.0,70.22,90202.7,13286,13286,STRONG,exact,Fer,2026-05-27,Mechanic Shop,Fernando,Tex Con,Combustible,VIN #3149,,0.0,1.0,POST-MAR1,2026-05,60,Fernando,VIN#3149,MECHANIC SHOP,combustible
187599.pdf,05 - May,2026-05-27,187599,BenQwest LLC,Ship To,10050,1755241,Net 60,2026-07-26,8.25,2,1.89,504.79,90202.7,10050,10050,STRONG,exact,Joey,2026-05-27,ADA 32,Jose De La Cerda,Texcon,Fuel,,,0.0,1.0,POST-MAR1,2026-05,60,Jose De La Cerda,,ADA 32,fuel
187601.pdf,05 - May,2026-05-27,187601,BenQwest LLC,Ship To,10051,1755313,Net 60,2026-07-26,8.25,1,0.0,155.54,90202.7,10051,10051,STRONG,exact,Joey,2026-05-27,ADA 33,Abraham Gonzalez,Texcon,Fuel,,,0.0,1.0,POST-MAR1,2026-05,60,Abraham Gonzalez,,ADA 33,fuel
187609.pdf,05 - May,2026-05-28,187609,BenQwest LLC,Ship To,10054,1755385,Net 60,2026-07-27,8.25,4,0.91,161.9,91176.29,10054,10054,STRONG,exact,Joey,2026-05-28,ADA 32,David Molina,Texcon,Fuel,,,0.0,1.0,POST-MAR1,2026-05,60,David Molina,,ADA 32,fuel
187611.pdf,05 - May,2026-05-28,187611,BenQwest LLC,Ship To,10066,1755536,Net 60,2026-07-27,8.25,2,0.0,390.35,91176.29,10066,10066,STRONG,exact,Joey,2026-05-29,ADA 33,Alvaro Aguirre,Texcon,Fuel,,,-1.0,1.0,POST-MAR1,2026-05,60,Alvaro Aguirre,,ADA 33,fuel
187612.pdf,05 - May,2026-05-28,187612,BenQwest LLC,Ship To,10062,1755734,Net 60,2026-07-27,8.25,1,0.0,110.86,91176.29,10062,10062,STRONG,exact,Joey,2026-05-28,ADA 33,Alvaro Aguirre,Texcon,Fuel,,,0.0,1.0,POST-MAR1,2026-05,60,Alvaro Aguirre,,ADA 33,fuel
187614.pdf,05 - May,2026-05-28,187614,BenQwest LLC,Ship To,10063,1755775,Net 60,2026-07-27,8.25,3,0.0,220.38,91176.29,10063,10063,STRONG,exact,Joey,2026-05-28,ADA 33,Hector Segura,Texcon,Fuel,,,0.0,1.0,POST-MAR1,2026-05,60,Hector Segura,,ADA 33,fuel
187615.pdf,05 - May,2026-05-29,187615,BenQwest LLC,Ship To,10066,1755881,Net 60,2026-07-28,8.25,3,0.0,232.58,91408.87,10066,10066,STRONG,exact,Joey,2026-05-29,ADA 33,Alvaro Aguirre,Texcon,Fuel,,,0.0,1.0,POST-MAR1,2026-05,60,Alvaro Aguirre,,ADA 33,fuel
187616.pdf,05 - May,2026-05-29,187616,BenQwest LLC,Ship To,10065,1755821,Net 60,2026-07-28,8.25,2,0.0,392.98,92199.47,10065,10065,STRONG,exact,Joey,2026-05-29,ADA 33,Martin Juarez,Texcon,Fuel,,,0.0,1.0,POST-MAR1,2026-05,60,Martin Juarez,,ADA 33,fuel
187618.pdf,05 - May,2026-05-29,187618,BenQwest LLC,Ship To,13296,1755858,Net 60,2026-07-28,8.25,3,2.46,323.85,92199.47,13296,13296,STRONG,exact,Fer,2026-05-29,Mechanic Shop,Ulises Rodriguez,Tex Con,Combustible,VIN #8269,,0.0,1.0,POST-MAR1,2026-05,60,Ulises Rodriguez,VIN#8269,MECHANIC SHOP,combustible
187619.pdf,05 - May,2026-05-29,187619,BenQwest LLC,Ship To,13297,1755958,Net 60,2026-07-28,8.25,1,0.0,73.77,92199.47,13297,13297,STRONG,exact,Fer,2026-05-29,Mechanic Shop,Andy,Tex Con,Combustible,VIN #5401,,0.0,1.0,POST-MAR1,2026-05,60,Andy,VIN#5401,MECHANIC SHOP,combustible
187621.pdf,05 - May,2026-05-29,187621,BenQwest LLC,Ship To,13300,1756081,Net 60,2026-07-28,8.25,2,3.42,192.02,92681.44,13300,13300,STRONG,exact,Fer,2026-05-29,Mechanic Shop,Abel Hernandez,Tex Con,Combustible,VIN #8919,,0.0,1.0,POST-MAR1,2026-05,60,Abel Hernandez,VIN#8919,MECHANIC SHOP,combustible
187622.pdf,05 - May,2026-05-29,187622,BenQwest LLC,Ship To,13301,1756106,Net 60,2026-07-28,8.25,1,0.0,73.59,92681.44,13301,13301,STRONG,exact,Fer,2026-05-29,Mechanic Shop,Fernando,Tex Con,Combustible,VIN #3241,,0.0,1.0,POST-MAR1,2026-05,60,Fernando,VIN#3241,MECHANIC SHOP,combustible
187625.pdf,05 - May,2026-05-29,187625,BenQwest LLC,Ship To,10076,1756209,Net 60,2026-07-28,8.25,3,0.0,216.36,92681.44,10076,10076,STRONG,exact,Joey,2026-05-29,ADA 32,Francisco Aguirre,Texcon,Fuel,,,0.0,1.0,POST-MAR1,2026-05,60,Francisco Aguirre,,ADA 32,fuel
187626.pdf,05 - May,2026-05-30,187626,BenQwest LLC,Ship To,1077,1756226,Net 60,2026-07-29,8.25,3,0.0,273.09,92954.53,1077,1077,DATE_MISMATCH,exact,Mario,2024-06-13,Moak and Trail,Mario Muñoz,Ace Contractors Supply,Varios,,Isidro Sanchez,716.0,1.0,POST-MAR1,2026-05,60,Mario Muñoz,,MOAK AND TRAIL,varios
187633.pdf,06 - June,2026-06-01,187633,BenQwest LLC,Ship To,1078,1756536,Net 60,2026-07-31,8.25,2,0.0,257.9,94177.59,1078,1078,DATE_MISMATCH,exact,Mario,2024-06-13,CPO Menchaca,Mario Muñoz,Tex-Con,Fuel and Diesel,,Jose A Zamarripa,718.0,1.0,POST-MAR1,2026-06,60,Mario Muñoz,,CPO MENCHACA,fuel and diesel
187634.pdf,06 - June,2026-06-01,187634,BenQwest LLC,Ship To,1078,1756578,Net 60,2026-07-31,8.25,2,0.0,372.83,94177.59,1078,1078,DATE_MISMATCH,exact,Mario,2024-06-13,CPO Menchaca,Mario Muñoz,Tex-Con,Fuel and Diesel,,Jose A Zamarripa,718.0,1.0,POST-MAR1,2026-06,60,Mario Muñoz,,CPO MENCHACA,fuel and diesel
187635.pdf,06 - June,2026-06-01,187635,BenQwest LLC,Ship To,1083,1756595,Net 60,2026-07-31,8.25,3,1.95,111.69,94177.59,1083,1083,DATE_MISMATCH,exact,Mario,2024-06-17,Teri Rd,Mario Muñoz,CMC Construction Services,Varios,,Martin Gonzalez,714.0,1.0,POST-MAR1,2026-06,60,Mario Muñoz,,TERI RD,varios
187637.pdf,06 - June,2026-06-01,187637,BenQwest LLC,Ship To,ADA32,1756682,Net 60,2026-07-31,8.25,3,1.28,480.64,94177.59,ADA32,,UNMATCHED,,,,,,,,,,,,POST-MAR1,2026-06,60,,,,
187641.pdf,06 - June,2026-06-01,187641,BenQwest LLC,Ship To,1079,1756472,Net 60,2026-07-31,8.25,2,0.0,388.63,94566.22,1079,1079,DATE_MISMATCH,exact,Mario,2024-06-14,CPO William Cannon,Mario Muñoz,Ace Contractors Supply,Varios,HZL-2413,MM,717.0,1.0,POST-MAR1,2026-06,60,Mario Muñoz,HZL2413,CPO WILLIAM CANNON,varios
187643.pdf,06 - June,2026-06-02,187643,BenQwest LLC,Ship To,10093,1756961,Net 60,2026-08-01,8.25,3,0.0,308.92,96732.87,10093,10093,STRONG,exact,Joey,2026-06-02,CPO Burnet Corridor,Isidro Garcia,Texcon,Fuel,,,0.0,1.0,POST-MAR1,2026-06,60,Isidro Garcia,,CPO BURNET CORRIDOR,fuel
187644.pdf,06 - June,2026-06-02,187644,BenQwest LLC,Ship To,10097,1757029,Net 60,2026-08-01,8.25,1,0.0,88.09,96732.87,10097,10097,STRONG,exact,Joey,2026-06-02,ADA 32,Miguel Juarez,Texcon,Fuel,,,0.0,1.0,POST-MAR1,2026-06,60,Miguel Juarez,,ADA 32,fuel
187647.pdf,06 - June,2026-06-02,187647,BenQwest LLC,Ship To,13306,1757143,Net 60,2026-08-01,8.25,1,0.0,83.98,96732.87,13306,13306,STRONG,exact,Fer,2026-06-02,Mechanic Shop,Andy,Tex Con,Combustible for Shop,,,0.0,1.0,POST-MAR1,2026-06,60,Andy,,MECHANIC SHOP,combustible for shop
187649.pdf,06 - June,2026-06-02,187649,BenQwest LLC,Ship To,10081,1757229,Net 60,2026-08-01,8.25,1,0.0,58.98,96732.87,10081,10081,STRONG,exact,Joey,2026-06-01,ADA 33,Hector Segura,Texcon,Fuel,,,1.0,1.0,POST-MAR1,2026-06,60,Hector Segura,,ADA 33,fuel
187650.pdf,06 - June,2026-06-02,187650,BenQwest LLC,Ship To,10100,1757275,Net 60,2026-08-01,8.25,3,0.0,474.01,96732.87,10100,10100,STRONG,exact,Joey,2026-06-02,ADA 33,Gerardo Sanchez,Texcon,Fuel,,,0.0,1.0,POST-MAR1,2026-06,60,Gerardo Sanchez,,ADA 33,fuel
187651.pdf,06 - June,2026-06-02,187651,BenQwest LLC,Ship To,10103,1757310,Net 60,2026-08-01,8.25,1,0.0,99.87,96732.87,10103,10103,STRONG,exact,Joey,2026-06-02,CMTA IDIQ,Hector Manzanares,Texcon,Fuel,,,0.0,1.0,POST-MAR1,2026-06,60,Hector Manzanares,,CMTA IDIQ,fuel
187653.pdf,06 - June,2026-06-02,187653,BenQwest LLC,Ship To,10092,1757333,Net 60,2026-08-01,8.25,4,0.96,348.54,96732.87,10092,10092,STRONG,exact,Joey,2026-06-01,ADA 33,Carlos Diaz,Texcon,fuel,,,1.0,1.0,POST-MAR1,2026-06,60,Carlos Diaz,,ADA 33,fuel
187654.pdf,06 - June,2026-06-02,187654,BenQwest LLC,Ship To,10021,1757394,Net 60,2026-08-01,8.25,3,0.0,288.12,96732.87,10021,10021,STRONG,exact,Joey,2026-05-25,ADA 32,Juan Perez,Texcon,Fuel,,,8.0,1.0,POST-MAR1,2026-06,60,Juan Perez,,ADA 32,fuel
187655.pdf,06 - June,2026-06-02,187655,BenQwest LLC,Ship To,10105,1757425,Net 60,2026-08-01,8.25,1,0.0,416.14,96732.87,10105,10105,STRONG,exact,Joey,2026-06-02,ADA 33,Jose De La Cerda,Texcon,Fuel,,,0.0,1.0,POST-MAR1,2026-06,60,Jose De La Cerda,,ADA 33,fuel
187658.pdf,06 - June,2026-06-03,187658,BenQwest LLC,Ship To,10108,1757511,Net 60,2026-08-02,8.25,3,0.0,267.43,98626.69,10108,10108,STRONG,exact,Joey,2026-06-03,ADA 33,Alvaro Aguirre,Texcon,Fuel,,,0.0,1.0,POST-MAR1,2026-06,60,Alvaro Aguirre,,ADA 33,fuel
187659.pdf,06 - June,2026-06-03,187659,BenQwest LLC,Ship To,10117,1757621,Net 60,2026-08-02,8.25,2,0.0,190.73,98626.69,10117,10117,VENDOR_MISMATCH,exact,Joey,2026-06-03,ADA 33,Ulises Lara,ACE Contractor Supply,Materials,,,0.0,1.0,POST-MAR1,2026-06,60,Ulises Lara,,ADA 33,materials
187660.pdf,06 - June,2026-06-03,187660,BenQwest LLC,Ship To,10114,1757648,Net 60,2026-08-02,8.25,3,4.24,594.98,98626.69,10114,10114,STRONG,exact,Joey,2026-06-03,CPO Burnet Corridor,Rogelio Lopez,Texcon,Fuel,,,0.0,1.0,POST-MAR1,2026-06,60,Rogelio Lopez,,CPO BURNET CORRIDOR,fuel
187663.pdf,06 - June,2026-06-03,187663,BenQwest LLC,Ship To,13316,1757765,Net 60,2026-08-02,8.25,2,7.26,149.76,98626.69,13316,13316,STRONG,exact,Fer,2026-06-03,Mechanic Shop,Fernando,Tex Con,Combustible / 6 Gallons of Red Antifreez (VIN #3365),VIN #3241,,0.0,1.0,POST-MAR1,2026-06,60,Fernando,VIN#3241,MECHANIC SHOP,combustible / 6 gallons of red antifreez (vin #3365)
187664.pdf,06 - June,2026-06-03,187664,BenQwest LLC,Ship To,10188,1757776,Net 60,2026-08-02,8.25,2,0.0,472.82,98626.69,10188,10188,VENDOR_MISMATCH,exact,Joey,2026-06-11,ADA 32,Miguel Juarez,ACE Contractor Supply,Materials,,,-8.0,1.0,POST-MAR1,2026-06,60,Miguel Juarez,,ADA 32,materials
187665.pdf,06 - June,2026-06-03,187665,BenQwest LLC,Ship To,13312,1757867,Net 60,2026-08-02,8.25,2,2.46,218.1,98626.69,13312,13312,STRONG,exact,Fer,2026-06-03,Mechanic Shop,Ulises Rodriguez,Tex Con,Combustible,VIN #8269,,0.0,1.0,POST-MAR1,2026-06,60,Ulises Rodriguez,VIN#8269,MECHANIC SHOP,combustible
187668.pdf,06 - June,2026-06-04,187668,BenQwest LLC,Ship To,10127,1757950,Net 60,2026-08-03,8.25,2,0.0,187.37,100208.31,10127,10127,STRONG,exact,Joey,2026-06-04,ADA 32,Pedro Limon,Texcon,Fuel,,,0.0,1.0,POST-MAR1,2026-06,60,Pedro Limon,,ADA 32,fuel
187670.pdf,06 - June,2026-06-04,187670,BenQwest LLC,Ship To,10129,1758061,Net 60,2026-08-03,8.25,1,0.0,271.24,100208.31,10129,10129,STRONG,exact,Joey,2026-06-04,ADA 32,Jose Antonio Licea,Texcon,Fuel,,,0.0,1.0,POST-MAR1,2026-06,60,Jose Antonio Licea,,ADA 32,fuel
187672.pdf,06 - June,2026-06-04,187672,BenQwest LLC,Ship To,13320,1758183,Net 60,2026-08-03,8.25,2,0.0,323.54,100208.31,13320,13320,STRONG,exact,Fer,2026-06-03,Mechanic Shop,Abel Hernandez,Tex Con,Combustible,VIN #8919,,1.0,1.0,POST-MAR1,2026-06,60,Abel Hernandez,VIN#8919,MECHANIC SHOP,combustible
187675.pdf,06 - June,2026-06-04,187675,BenQwest LLC,Ship To,10132,1758266,Net 60,2026-08-03,8.25,1,0.0,355.34,100208.31,10132,10132,STRONG,exact,Joey,2026-06-04,ADA 32,Francis Echevestre,Texcon,Fuel,,,0.0,1.0,POST-MAR1,2026-06,60,Francis Echevestre,,ADA 32,fuel
187676.pdf,06 - June,2026-06-04,187676,BenQwest LLC,Ship To,10124,1758318,Net 60,2026-08-03,8.25,4,2.23,444.13,100208.31,10124,10124,STRONG,exact,Joey,2026-06-03,ADA 32,Francisco Aguirre,Texcon,Fuel,,,1.0,1.0,POST-MAR1,2026-06,60,Francisco Aguirre,,ADA 32,fuel
187679.pdf,06 - June,2026-06-05,187679,BenQwest LLC,Ship To,10136,1758440,Net 60,2026-08-04,8.25,2,0.0,186.45,101482.31,10136,10136,STRONG,exact,Joey,2026-06-05,ADA 33,Martin Juarez,Texcon,Fuel,,,0.0,1.0,POST-MAR1,2026-06,60,Martin Juarez,,ADA 33,fuel
187680.pdf,06 - June,2026-06-05,187680,BenQwest LLC,Ship To,10137,1758482,Net 60,2026-08-04,8.25,3,0.0,443.36,101482.31,10137,10137,STRONG,exact,Joey,2026-06-05,ADA 32,Sergio Nino ,Texcon,Fuel,,,0.0,1.0,POST-MAR1,2026-06,60,Sergio Nino,,ADA 32,fuel
187681.pdf,06 - June,2026-06-05,187681,BenQwest LLC,Ship To,10140,1758627,Net 60,2026-08-04,8.25,1,0.0,308.51,101482.31,10140,10140,STRONG,exact,Joey,2026-06-05,ADA 32,Lupe Juarez,Texcon,Fuel,,,0.0,2.0,POST-MAR1,2026-06,60,Lupe Juarez,,ADA 32,fuel
187682.pdf,06 - June,2026-06-05,187682,BenQwest LLC,Ship To,10140,1758670,Net 60,2026-08-04,8.25,2,0.48,98.45,101482.31,10140,10140,STRONG,exact,Joey,2026-06-05,ADA 32,Lupe Juarez,Texcon,Fuel,,,0.0,2.0,POST-MAR1,2026-06,60,Lupe Juarez,,ADA 32,fuel
187683.pdf,06 - June,2026-06-05,187683,BenQwest LLC,Ship To,10142,1758786,Net 60,2026-08-04,8.25,2,0.49,86.66,101482.31,10142,10142,STRONG,exact,Joey,2026-06-05,CLMC1093,Martin Gonzalez,Texcon,Fuel,,,0.0,1.0,POST-MAR1,2026-06,60,Martin Gonzalez,,CLMC1093,fuel
187684.pdf,06 - June,2026-06-05,187684,BenQwest LLC,Ship To,10143,1758811,Net 60,2026-08-04,8.25,3,0.0,150.57,101482.31,10143,10143,STRONG,exact,Joey,2026-06-05,ADA 33,Rafael Perez,Texcon ,Fuel,,,0.0,1.0,POST-MAR1,2026-06,60,Rafael Perez,,ADA 33,fuel
187687.pdf,06 - June,2026-06-01,187687,BenQwest LLC,Ship To,,,Net 60,2026-07-31,8.25,2,0.0,315.14,101797.45,,,UNMATCHED,,,,,,,,,,,,POST-MAR1,2026-06,60,,,,
187688.pdf,06 - June,2026-06-06,187688,BenQwest LLC,Ship To,13313,1758865,Net 60,2026-08-05,8.25,1,0.0,271.29,102068.74,13313,13313,FUEL_VENDOR_VARIANT,exact,Fer,2026-06-03,Mechanic Shop,Fernando,Leif Johnson Ford,6 Fuel injector seals / 1 gasket vavle cover / Oil fill cap and seals,VIN #8171,,3.0,1.0,POST-MAR1,2026-06,60,Fernando,VIN#8171,MECHANIC SHOP,6 fuel injector seals / 1 gasket vavle cover / oil fill cap and seals
187689.pdf,06 - June,2026-06-08,187689,BenQwest LLC,Ship To,10145,1758917,Net 60,2026-08-07,8.25,3,0.0,195.14,103701.46,10145,10145,STRONG,exact,Joey,2026-06-08,ADA 32,Hector Segura,Texcon,Fuel,,,0.0,1.0,POST-MAR1,2026-06,60,Hector Segura,,ADA 32,fuel
187690.pdf,06 - June,2026-06-08,187690,BenQwest LLC,Ship To,10151,1759122,Net 60,2026-08-07,8.25,1,0.0,166.46,103701.46,10151,10151,STRONG,exact,Joey,2026-06-08,ADA 33,Abraham Gonzales,Texcon,Fuel,,,0.0,1.0,POST-MAR1,2026-06,60,Abraham Gonzales,,ADA 33,fuel
187693.pdf,06 - June,2026-06-08,187693,BenQwest LLC,Ship To,13340,1759187,Net 60,2026-08-07,8.25,1,0.0,71.8,103701.46,13340,13340,STRONG,exact,Fer,2026-06-08,Mechanic Shop,Andy,Tex Con,Combustible,VIN #5401,,0.0,1.0,POST-MAR1,2026-06,60,Andy,VIN#5401,MECHANIC SHOP,combustible
187694.pdf,06 - June,2026-06-08,187694,BenQwest LLC,Ship To,10154,1759432,Net 60,2026-08-07,8.25,2,0.0,388.89,103701.46,10154,10154,STRONG,exact,Joey,2026-06-08,ADA 33,Avisai Jimenez,Texcon,Fuel,,,0.0,1.0,POST-MAR1,2026-06,60,Avisai Jimenez,,ADA 33,fuel
187695.pdf,06 - June,2026-06-08,187695,BenQwest LLC,Ship To,13341,1759236,Net 60,2026-08-07,8.25,2,0.0,356.43,103701.46,13341,13341,STRONG,exact,Fer,2026-06-08,Mechanic Shop,Ulises Rodriguez,Tex Con,Combustible,VIN #8269,,0.0,1.0,POST-MAR1,2026-06,60,Ulises Rodriguez,VIN#8269,MECHANIC SHOP,combustible
187697.pdf,06 - June,2026-06-08,187697,BenQwest LLC,Ship To,10150,1759380,Net 60,2026-08-07,8.25,4,1.96,454.0,103701.46,10150,10150,STRONG,exact,Joey,2026-06-08,CLMC1093,Jose A Zamarripa,Texcon,Fuel,,,0.0,1.0,POST-MAR1,2026-06,60,Jose A Zamarripa,,CLMC1093,fuel
187701.pdf,06 - June,2026-06-09,187701,BenQwest LLC,Ship To,10159,1759511,Net 60,2026-08-08,8.25,3,0.0,356.06,106602.62,10159,10159,STRONG,exact,Joey,2026-06-09,CPO Burnet Corridor,Isidro Garcia,Texcon,Fuel,,,0.0,1.0,POST-MAR1,2026-06,60,Isidro Garcia,,CPO BURNET CORRIDOR,fuel
187702.pdf,06 - June,2026-06-09,187702,BenQwest LLC,Ship To,10160,1759525,Net 60,2026-08-08,8.25,4,2.23,321.35,106602.62,10160,10160,STRONG,exact,Joey,2026-06-09,ADA 33,Jose Julian Garcia,Texcon,Fuel,,,0.0,1.0,POST-MAR1,2026-06,60,Jose Julian Garcia,,ADA 33,fuel
187703.pdf,06 - June,2026-06-09,187703,BenQwest LLC,Ship To,10147,1759540,Net 60,2026-08-08,8.25,3,0.0,364.85,106602.62,10147,10147,STRONG,exact,Joey,2026-06-08,ADA 32,Enrique Alvarado,Texcon,Fuel,,,1.0,1.0,POST-MAR1,2026-06,60,Enrique Alvarado,,ADA 32,fuel
187705.pdf,06 - June,2026-06-09,187705,BenQwest LLC,Ship To,10161,1759585,Net 60,2026-08-08,8.25,5,6.26,534.61,106602.62,10161,10161,STRONG,exact,Joey,2026-06-09,ADA 32,Jesus G Rodriguez,Texcon,Fuel,,,0.0,1.0,POST-MAR1,2026-06,60,Jesus G Rodriguez,,ADA 32,fuel
187707.pdf,06 - June,2026-06-09,187707,BenQwest LLC,Ship To,10166,1759811,Net 60,2026-08-08,8.25,2,2.92,516.15,106602.62,10166,10166,STRONG,exact,Joey,2026-06-09,ADA 32,Jose De La Cerda,Texcon,Fuel,,,0.0,1.0,POST-MAR1,2026-06,60,Jose De La Cerda,,ADA 32,fuel
187708.pdf,06 - June,2026-06-09,187708,BenQwest LLC,Ship To,10167,1759830,Net 60,2026-08-08,8.25,1,0.0,381.11,106602.62,10167,10167,STRONG,exact,Joey,2026-06-09,ADA 33,Francis Echevestre,Texcon,Fuel,,,0.0,2.0,POST-MAR1,2026-06,60,Francis Echevestre,,ADA 33,fuel
187709.pdf,06 - June,2026-06-09,187709,BenQwest LLC,Ship To,13349,1759834,Net 60,2026-08-08,8.25,1,0.0,60.53,106602.62,13349,13349,STRONG,exact,Fer,2026-06-09,Mechanic Shop,Fernando,Tex Con,Combustible,VIN #3149,,0.0,1.0,POST-MAR1,2026-06,60,Fernando,VIN#3149,MECHANIC SHOP,combustible
187710.pdf,06 - June,2026-06-09,187710,BenQwest LLC,Ship To,10173,1759957,Net 60,2026-08-08,8.25,2,0.0,195.82,106602.62,10173,10173,STRONG,exact,Joey,2026-06-09,ADA 32,Francisco Aguirre,Texcon,Fuel,,,0.0,1.0,POST-MAR1,2026-06,60,Francisco Aguirre,,ADA 32,fuel
187712.pdf,06 - June,2026-06-09,187712,BenQwest LLC,Ship To,10157,1759980,Net 60,2026-08-08,8.25,1,0.0,170.68,106602.62,10157,10157,STRONG,exact,Joey,2026-06-08,ADA 33,Juan Perez,Texcon,Fuel,,,1.0,1.0,POST-MAR1,2026-06,60,Juan Perez,,ADA 33,fuel
187717.pdf,06 - June,2026-06-10,187717,BenQwest LLC,Ship To,13344,1760137,Net 60,2026-08-09,8.25,2,0.0,170.32,108431.12,13344,13344,STRONG,exact,Fer,2026-06-09,Mechanic Shop,Abel Hernandez,Tex Con,Combustible,VIN #8919,,1.0,1.0,POST-MAR1,2026-06,60,Abel Hernandez,VIN#8919,MECHANIC SHOP,combustible
187718.pdf,06 - June,2026-06-10,187718,BenQwest LLC,Ship To,10175,1760146,Net 60,2026-08-09,8.25,3,1.12,270.74,108431.12,10175,10175,STRONG,exact,Joey,2026-06-10,ADA 32,Pedro Limon,Texcon,Fuel,,,0.0,1.0,POST-MAR1,2026-06,60,Pedro Limon,,ADA 32,fuel
187720.pdf,06 - June,2026-06-10,187720,BenQwest LLC,Ship To,10168,1760216,Net 60,2026-08-09,8.25,1,0.0,106.85,108431.12,10168,10168,STRONG,exact,Joey,2026-06-09,CMTA IDIQ,Hector Manzanares,Texcon,Fuel,,,1.0,1.0,POST-MAR1,2026-06,60,Hector Manzanares,,CMTA IDIQ,fuel
187723.pdf,06 - June,2026-06-10,187723,BenQwest LLC,Ship To,10177,1760468,Net 60,2026-08-09,8.25,2,0.0,438.78,108431.12,10177,10177,STRONG,exact,Joey,2026-06-10,ADA 33,Abraham Gonzales,Texcon,Fuel,,,0.0,1.0,POST-MAR1,2026-06,60,Abraham Gonzales,,ADA 33,fuel
187724.pdf,06 - June,2026-06-10,187724,BenQwest LLC,Ship To,10180,1760488,Net 60,2026-08-09,8.25,3,0.0,326.7,108431.12,10180,10180,STRONG,exact,Joey,2026-06-10,ADA 33,Ulises Lara,Texcon,Fuel,,,0.0,1.0,POST-MAR1,2026-06,60,Ulises Lara,,ADA 33,fuel
187726.pdf,06 - June,2026-06-11,187726,BenQwest LLC,Ship To,10183,1760530,Net 60,2026-08-10,8.25,1,0.0,92.3,110306.11,10183,10183,STRONG,exact,Joey,2026-06-11,ADA 32,Hector Segura,Texcon,Fuel,,,0.0,1.0,POST-MAR1,2026-06,60,Hector Segura,,ADA 32,fuel
187729.pdf,06 - June,2026-06-11,187729,BenQwest LLC,Ship To,10181,1760564,Net 60,2026-08-10,8.25,3,0.0,358.86,110306.11,10181,10181,STRONG,exact,Joey,2026-06-11,ADA 33,Martin Juarez,Texcon,Fuel,,,0.0,1.0,POST-MAR1,2026-06,60,Martin Juarez,,ADA 33,fuel
187731.pdf,06 - June,2026-06-11,187731,BenQwest LLC,Ship To,13357,1760769,Net 60,2026-08-10,8.25,1,0.0,133.07,110306.11,13357,13357,STRONG,exact,Fer,2026-06-11,Mechanic Shop,Andy,Tex Con,Gasoline for Shop,,,0.0,1.0,POST-MAR1,2026-06,60,Andy,,MECHANIC SHOP,gasoline for shop
187732.pdf,06 - June,2026-06-11,187732,BenQwest LLC,Ship To,10190,1760777,Net 60,2026-08-10,8.25,5,5.51,287.83,110306.11,10190,10190,STRONG,exact,Joey,2026-06-11,ADA 33,Alvaro Aguirre,Texcon,Fuel,,,0.0,1.0,POST-MAR1,2026-06,60,Alvaro Aguirre,,ADA 33,fuel
187733.pdf,06 - June,2026-06-11,187733,BenQwest LLC,Ship To,10191,1760824,Net 60,2026-08-10,8.25,2,0.0,382.21,110306.11,10191,10191,STRONG,exact,Joey,2026-06-11,ADA 33,Gerardo Sanchez,Texcon,Fuel,,,0.0,1.0,POST-MAR1,2026-06,60,Gerardo Sanchez,,ADA 33,fuel
187735.pdf,06 - June,2026-06-11,187735,BenQwest LLC,Ship To,10193,1760896,Net 60,2026-08-10,8.25,5,13.78,620.72,110306.11,10193,10193,STRONG,exact,Joey,2026-06-11,ADA 33,Carlos Diaz,Texcon,Fuel,,,0.0,1.0,POST-MAR1,2026-06,60,Carlos Diaz,,ADA 33,fuel
187739.pdf,06 - June,2026-06-12,187739,BenQwest LLC,Ship To,10198,1761029,Net 60,2026-08-11,8.25,4,1.76,408.9,111751.89,10198,10198,STRONG,exact,Joey,2026-06-11,ADA 33,Lupe Juarez,Texcon,Fuel,,,1.0,1.0,POST-MAR1,2026-06,60,Lupe Juarez,,ADA 33,fuel
187740.pdf,06 - June,2026-06-12,187740,BenQwest LLC,Ship To,10199,1761050,Net 60,2026-08-11,8.25,2,0.0,262.24,111751.89,10199,10199,STRONG,exact,Joey,2026-06-12,CPO Burnet Corridor,Isidro Garcia,Texcon,Fuel,,,0.0,1.0,POST-MAR1,2026-06,60,Isidro Garcia,,CPO BURNET CORRIDOR,fuel
187742.pdf,06 - June,2026-06-12,187742,BenQwest LLC,Ship To,10202,1761183,Net 60,2026-08-11,8.25,3,0.11,285.72,111751.89,10202,10202,STRONG,exact,Joey,2026-06-12,ADA 32,Sergio Nino,Texcon,Fuel,,,0.0,1.0,POST-MAR1,2026-06,60,Sergio Nino,,ADA 32,fuel
187743.pdf,06 - June,2026-06-12,187743,BenQwest LLC,Ship To,13362,1761263,Net 60,2026-08-11,8.25,1,0.0,69.15,111751.89,13362,13362,STRONG,exact,Fer,2026-06-12,Mechanic Shop,Fernando,Tex Con,Combustible,VIN #3149,,0.0,1.0,POST-MAR1,2026-06,60,Fernando,VIN#3149,MECHANIC SHOP,combustible
187744.pdf,06 - June,2026-06-12,187744,BenQwest LLC,Ship To,10206,1761367,Net 60,2026-08-11,8.25,1,0.0,75.76,111751.89,10206,10206,STRONG,exact,Joey,2026-06-12,ADA 33,Ulises Lara,Texcon,Fuel,,,0.0,1.0,POST-MAR1,2026-06,60,Ulises Lara,,ADA 33,fuel
187747.pdf,06 - June,2026-06-12,187747,BenQwest LLC,Ship To,10209,1761524,Net 60,2026-08-11,8.25,2,0.0,344.01,111751.89,10209,10209,STRONG,exact,Joey,2026-06-12,ADA 33,Abraham Gonzales,Texcon,Fuel,,,0.0,1.0,POST-MAR1,2026-06,60,Abraham Gonzales,,ADA 33,fuel
187756.pdf,06 - June,2026-06-15,187756,BenQwest LLC,Ship To,10210,1761758,Net 60,2026-08-14,8.25,3,0.0,316.32,112068.21,10210,10210,STRONG,exact,Joey,2026-06-15,ADA 32,Juan Perez,Texcon,Fuel,,,0.0,1.0,POST-MAR1,2026-06,60,Juan Perez,,ADA 32,fuel
187760.pdf,06 - June,2026-06-16,187760,BenQwest LLC,Ship To,10212,1762015,Net 60,2026-08-15,8.25,1,0.0,78.67,113327.19,10212,10212,STRONG,exact,Joey,2026-06-16,ADA 32,Hector Segura,Texcon,Fuel,,,0.0,1.0,POST-MAR1,2026-06,60,Hector Segura,,ADA 32,fuel
187761.pdf,06 - June,2026-06-16,187761,BenQwest LLC,Ship To,10215,1762075,Net 60,2026-08-15,8.25,3,0.0,129.02,113327.19,10215,10215,STRONG,exact,Joey,2026-06-16,CMTA IDIQ,Pedro Limon,Texcon,Fuel,,,0.0,1.0,POST-MAR1,2026-06,60,Pedro Limon,,CMTA IDIQ,fuel
187763.pdf,06 - June,2026-06-16,187763,BenQwest LLC,Ship To,4477,1762113,Net 60,2026-08-15,8.25,1,0.0,420.74,113327.19,4477,4477,UNMATCHED,,,,,,,,,,,,POST-MAR1,2026-06,60,,,,
187764.pdf,06 - June,2026-06-16,187764,BenQwest LLC,Ship To,10217,1762182,Net 60,2026-08-15,8.25,3,0.0,444.12,113327.19,10217,10217,STRONG,exact,Joey,2026-06-16,ADA 32,David Molina,Texcon,Fuel,,,0.0,1.0,POST-MAR1,2026-06,60,David Molina,,ADA 32,fuel
187765.pdf,06 - June,2026-06-16,187765,BenQwest LLC,Ship To,10220,1762271,Net 60,2026-08-15,8.25,1,5.39,70.73,113327.19,10220,10220,STRONG,exact,Joey,2026-06-16,ADA 33,Avisai Jimenez,Texcon,Fuel,,,0.0,1.0,POST-MAR1,2026-06,60,Avisai Jimenez,,ADA 33,fuel
187766.pdf,06 - June,2026-06-16,187766,BenQwest LLC,Ship To,2810,1762429,Net 60,2026-08-15,8.25,1,0.0,115.7,113327.19,2810,2810,UNMATCHED,,,,,,,,,,,,POST-MAR1,2026-06,60,,,,
187770.pdf,06 - June,2026-06-17,187770,BenQwest LLC,Ship To,ADA#32 N LAMAR,1762523,Net 60,2026-08-16,8.25,4,1.61,369.95,113697.14,ADA#32 N LAMAR,,UNMATCHED,,,,,,,,,,,,POST-MAR1,2026-06,60,,,,
187773.pdf,06 - June,2026-06-17,187773,BenQwest LLC,Ship To,10226,1762617,Net 60,2026-08-16,8.25,4,2.87,528.58,115077.02,10226,10226,STRONG,exact,Joey,2026-06-17,Mokan Trail,Ruben Cano,Texcon,Fuel,,,0.0,1.0,POST-MAR1,2026-06,60,Ruben Cano,,MOKAN TRAIL,fuel
187774.pdf,06 - June,2026-06-17,187774,BenQwest LLC,Ship To,13374,1762772,Net 60,2026-08-16,8.25,1,0.0,65.26,115077.02,13374,13374,STRONG,exact,Fer,2026-06-17,Mechanic Shop,Fernando,Tex Con,Combustible,VIN #3149,,0.0,1.0,POST-MAR1,2026-06,60,Fernando,VIN#3149,MECHANIC SHOP,combustible
187775.pdf,06 - June,2026-06-17,187775,BenQwest LLC,Ship To,10236,1762875,Net 60,2026-08-16,8.25,1,0.0,321.3,115077.02,10236,10236,STRONG,exact,Joey,2026-06-17,ADA 33,Francis Echevestre,Texcon,Fuel,,,0.0,1.0,POST-MAR1,2026-06,60,Francis Echevestre,,ADA 33,fuel
187776.pdf,06 - June,2026-06-17,187776,BenQwest LLC,Ship To,10237,1762893,Net 60,2026-08-16,8.25,1,0.0,227.71,115077.02,10237,10237,STRONG,exact,Joey,2026-06-17,CPO Burnet Corridor,Jose Antonio Licea,Texcon,Fuel,,,0.0,1.0,POST-MAR1,2026-06,60,Jose Antonio Licea,,CPO BURNET CORRIDOR,fuel
187777.pdf,06 - June,2026-06-17,187777,BenQwest LLC,Ship To,10241,1762924,Net 60,2026-08-16,8.25,3,0.0,237.03,115077.02,10241,10241,STRONG,exact,Joey,2026-06-17,ADA 33,Rafael Perez,Texcon,Fuel,,,0.0,1.0,POST-MAR1,2026-06,60,Rafael Perez,,ADA 33,fuel
187781.pdf,06 - June,2026-06-18,187781,BenQwest LLC,Ship To,10240,1762989,Net 60,2026-08-17,8.25,4,1.01,287.85,115803.35,10240,10240,STRONG,exact,Joey,2026-06-17,CLMC1093,Jose A. Zamarripa,Texcon,Fuel,,,1.0,1.0,POST-MAR1,2026-06,60,Jose A. Zamarripa,,CLMC1093,fuel
187783.pdf,06 - June,2026-06-18,187783,BenQwest LLC,Ship To,13379,1763408,Net 60,2026-08-17,8.25,3,9.92,296.05,115803.35,13379,13379,STRONG,exact,Fer,2026-06-18,Mechanic Shop,Abel Hernandez,Tex Con,Combustible,VIN #8919,,0.0,1.0,POST-MAR1,2026-06,60,Abel Hernandez,VIN#8919,MECHANIC SHOP,combustible
187785.pdf,06 - June,2026-06-18,187785,BenQwest LLC,Ship To,10248,1763221,Net 60,2026-08-17,8.25,1,0.0,142.43,115803.35,10248,10248,STRONG,exact,Joey,2026-06-18,ADA 32,Abraham Gonzales,Texcon,Fuel,,,0.0,1.0,POST-MAR1,2026-06,60,Abraham Gonzales,,ADA 32,fuel
187789.pdf,06 - June,2026-06-19,187789,BenQwest LLC,Ship To,10255,1763495,Net 60,2026-08-18,8.25,2,0.0,146.39,118018.49,10255,10255,STRONG,exact,Joey,2026-06-18,ADA 33,Ulises Lara,Texcon,Fuel,,,1.0,1.0,POST-MAR1,2026-06,60,Ulises Lara,,ADA 33,fuel
187790.pdf,06 - June,2026-06-19,187790,BenQwest LLC,Ship To,10256,1763505,Net 60,2026-08-18,8.25,5,5.11,366.17,118018.49,10256,10256,STRONG,exact,Joey,2026-06-19,ADA 32,Hector Segura,Texcon,Fuel,,,0.0,1.0,POST-MAR1,2026-06,60,Hector Segura,,ADA 32,fuel
187791.pdf,06 - June,2026-06-19,187791,BenQwest LLC,Ship To,10253,1763517,Net 60,2026-08-18,8.25,6,3.2,450.54,118018.49,10253,10253,STRONG,exact,Joey,2026-06-18,ADA 32,Enrique Alvarado,Texcon,Fuel,,,1.0,1.0,POST-MAR1,2026-06,60,Enrique Alvarado,,ADA 32,fuel
187792.pdf,06 - June,2026-06-19,187792,BenQwest LLC,Ship To,10257,1763582,Net 60,2026-08-18,8.25,1,0.0,136.05,118018.49,10257,10257,STRONG,exact,Joey,2026-06-19,ADA 33,Abraham Gonzales,Texcon,Fuel,,,0.0,2.0,POST-MAR1,2026-06,60,Abraham Gonzales,,ADA 33,fuel
187793.pdf,06 - June,2026-06-19,187793,BenQwest LLC,Ship To,13380,1763629,Net 60,2026-08-18,8.25,1,0.0,70.51,118018.49,13380,13380,STRONG,exact,Fer,2026-06-19,Mechanic Shop,Andy,Tex Con,Combustible,VIN #5401,,0.0,1.0,POST-MAR1,2026-06,60,Andy,VIN#5401,MECHANIC SHOP,combustible
187794.pdf,06 - June,2026-06-19,187794,BenQwest LLC,Ship To,10257,1763638,Net 60,2026-08-18,8.25,2,0.0,250.83,118018.49,10257,10257,STRONG,exact,Joey,2026-06-19,ADA 33,Abraham Gonzales,Texcon,Fuel,,,0.0,2.0,POST-MAR1,2026-06,60,Abraham Gonzales,,ADA 33,fuel
187795.pdf,06 - June,2026-06-19,187795,BenQwest LLC,Ship To,10263,1763756,Net 60,2026-08-18,8.25,1,0.0,58.52,118018.49,10263,10263,STRONG,exact,Joey,2026-06-19,ADA 32,Martin Gonzalez,Texcon,Fuel,,,0.0,1.0,POST-MAR1,2026-06,60,Martin Gonzalez,,ADA 32,fuel
187796.pdf,06 - June,2026-06-19,187796,BenQwest LLC,Ship To,10254,1763797,Net 60,2026-08-18,8.25,3,0.47,361.45,118018.49,10254,10254,STRONG,exact,Joey,2026-06-18,ADA 33,Jesus G Rodriguez,Texcon,Fuel,,,1.0,1.0,POST-MAR1,2026-06,60,Jesus G Rodriguez,,ADA 33,fuel
187797.pdf,06 - June,2026-06-19,187797,BenQwest LLC,Ship To,DS275,1763821,Net 60,2026-08-18,8.25,2,0.0,257.37,118018.49,DS275,,UNMATCHED,,,,,,,,,,,,POST-MAR1,2026-06,60,,,,
187800.pdf,06 - June,2026-06-19,187800,BenQwest LLC,Ship To,10266,1763895,Net 60,2026-08-18,8.25,3,0.0,117.31,118018.49,10266,10266,STRONG,exact,Joey,2026-06-19,ADA 33,Rafael Perez,Texcon,Fuel,,,0.0,1.0,POST-MAR1,2026-06,60,Rafael Perez,,ADA 33,fuel
187801.pdf,06 - June,2026-06-22,187801,BenQwest LLC,Ship To,10267,1764065,Net 60,2026-08-21,8.25,1,0.0,82.79,45393.58,10267,10267,STRONG,exact,Joey,2026-06-22,ADA 32,Hector Segura,Texcon,Fuel,,,0.0,1.0,POST-MAR1,2026-06,60,Hector Segura,,ADA 32,fuel
187802.pdf,06 - June,2026-06-22,187802,BenQwest LLC,Ship To,10268,1764133,Net 60,2026-08-21,8.25,1,0.0,140.47,45393.58,10268,10268,STRONG,exact,Joey,2026-06-22,ADA 32,Abraham Gonzales,Texcon,Fuel,,,0.0,1.0,POST-MAR1,2026-06,60,Abraham Gonzales,,ADA 32,fuel
187803.pdf,06 - June,2026-06-22,187803,BenQwest LLC,Ship To,10249,1764177,Net 60,2026-08-21,8.25,3,1.12,251.22,45393.58,10249,10249,STRONG,exact,Joey,2026-06-18,ADA 32,Francisco Aguirre,Texcon,Fuel,,,4.0,1.0,POST-MAR1,2026-06,60,Francisco Aguirre,,ADA 32,fuel
187805.pdf,06 - June,2026-06-22,187805,BenQwest LLC,Ship To,13390,1764361,Net 60,2026-08-21,8.25,1,0.0,72.3,45393.58,13390,13390,STRONG,exact,Fer,2026-06-22,Mechanic Shop,Fernando,Tex Con,Combustible,VIN #3149,,0.0,1.0,POST-MAR1,2026-06,60,Fernando,VIN#3149,MECHANIC SHOP,combustible
187806.pdf,06 - June,2026-06-22,187806,BenQwest LLC,Ship To,10269,1764375,Net 60,2026-08-21,8.25,1,0.0,146.87,45393.58,10269,10269,STRONG,exact,Joey,2026-06-22,CMTA IDIQ,Pedro Limon,Texcon,Fuel,,,0.0,1.0,POST-MAR1,2026-06,60,Pedro Limon,,CMTA IDIQ,fuel
187807.pdf,06 - June,2026-06-22,187807,BenQwest LLC,Ship To,10272,1764414,Net 60,2026-08-21,8.25,1,0.0,85.92,45393.58,10272,10272,STRONG,exact,Joey,2026-06-22,ADA 33,Ulises Lara,Texcon,Fuel,,,0.0,1.0,POST-MAR1,2026-06,60,Ulises Lara,,ADA 33,fuel
187809.pdf,06 - June,2026-06-22,187809,BenQwest LLC,Ship To,10273,1764437,Net 60,2026-08-21,8.25,1,0.0,672.74,45393.58,10273,10273,STRONG,exact,Joey,2026-06-22,CPO Burnet Corridor,Francis Echevestre,Texcon,Fuel,,,0.0,1.0,POST-MAR1,2026-06,60,Francis Echevestre,,CPO BURNET CORRIDOR,fuel
187811.pdf,06 - June,2026-06-23,187811,BenQwest LLC,Ship To,10289,1765047,Net 60,2026-08-22,8.25,6,3.64,427.33,48760.7,10289,10289,STRONG,exact,Joey,2026-06-23,ADA 33,Carlos Diaz,Texcon,Fuel,,,0.0,1.0,POST-MAR1,2026-06,60,Carlos Diaz,,ADA 33,fuel
187812.pdf,06 - June,2026-06-23,187812,BenQwest LLC,Ship To,10292,1765070,Net 60,2026-08-22,8.25,1,0.0,89.28,48760.7,10292,10292,VENDOR_MISMATCH,exact,Joey,2026-06-23,ADA 32,Simon Martinez,Lite & Barricade,Traffic Control,,,0.0,1.0,POST-MAR1,2026-06,60,Simon Martinez,,ADA 32,traffic control
187813.pdf,06 - June,2026-06-23,187813,BenQwest LLC,Ship To,10279,1765143,Net 60,2026-08-22,8.25,3,0.0,229.52,48760.7,10279,10279,STRONG,exact,Joey,2026-06-23,ADA 33,Rafael Perez,Texcon,Fuel,,,0.0,1.0,POST-MAR1,2026-06,60,Rafael Perez,,ADA 33,fuel
187814.pdf,06 - June,2026-06-23,187814,BenQwest LLC,Ship To,10270,1764661,Net 60,2026-08-22,8.25,2,0.0,338.65,48760.7,10270,10270,STRONG,exact,Joey,2026-06-22,CPO Burnet Corridor,Isidro Garcia,Texcon,Fuel,,,1.0,1.0,POST-MAR1,2026-06,60,Isidro Garcia,,CPO BURNET CORRIDOR,fuel
187815.pdf,06 - June,2026-06-23,187815,BenQwest LLC,Ship To,10280,1764729,Net 60,2026-08-22,8.25,2,0.0,141.93,48760.7,10280,10280,VENDOR_MISMATCH,exact,Joey,2026-06-23,ADA 33,Martin Juarez,ACE Contractor Supply,Materials,,,0.0,1.0,POST-MAR1,2026-06,60,Martin Juarez,,ADA 33,materials
187817.pdf,06 - June,2026-06-23,187817,BenQwest LLC,Ship To,13392,1764748,Net 60,2026-08-22,8.25,4,12.38,535.49,48760.7,13392,13392,STRONG,exact,Fer,2026-06-23,Mechanic Shop,Ulises Rodriguez,Tex Con,Combustible,VIN #8269,,0.0,1.0,POST-MAR1,2026-06,60,Ulises Rodriguez,VIN#8269,MECHANIC SHOP,combustible
187818.pdf,06 - June,2026-06-23,187818,BenQwest LLC,Ship To,10284,1764795,Net 60,2026-08-22,8.25,3,0.0,375.56,48760.7,10284,10284,VENDOR_MISMATCH,exact,Joey,2026-06-23,ADA 32,Simon Martinez,Road Safe,Traffic Control,,,0.0,1.0,POST-MAR1,2026-06,60,Simon Martinez,,ADA 32,traffic control
187819.pdf,06 - June,2026-06-23,187819,BenQwest LLC,Ship To,13395,1764846,Net 60,2026-08-22,8.25,1,0.0,117.07,48760.7,13395,13395,STRONG,exact,Fer,2026-06-23,Mechanic Shop,Andy,Tex Con,Combustible for Shop,,,0.0,1.0,POST-MAR1,2026-06,60,Andy,,MECHANIC SHOP,combustible for shop
187821.pdf,06 - June,2026-06-23,187821,BenQwest LLC,Ship To,10288,1765035,Net 60,2026-08-22,8.25,3,0.0,426.53,48760.7,10288,10288,STRONG,exact,Joey,2026-06-23,ADA 32,Sergio Nino,Texcon,Fuel,,,0.0,1.0,POST-MAR1,2026-06,60,Sergio Nino,,ADA 32,fuel
187822.pdf,06 - June,2026-06-23,187822,BenQwest LLC,Ship To,10286,1765102,Net 60,2026-08-22,8.25,3,3.34,516.62,48760.7,10286,10286,STRONG,exact,Joey,2026-06-23,ADA 32,Jose De La Cerda,Texcon,Fuel,,,0.0,1.0,POST-MAR1,2026-06,60,Jose De La Cerda,,ADA 32,fuel
187823.pdf,06 - June,2026-06-23,187823,BenQwest LLC,Ship To,10294,1765137,Net 60,2026-08-22,8.25,2,0.0,169.14,48760.7,10294,10294,STRONG,exact,Joey,2026-06-23,ADA 32,Juan Perez,Texcon,Fuel,,,0.0,1.0,POST-MAR1,2026-06,60,Juan Perez,,ADA 32,fuel
187827.pdf,06 - June,2026-06-24,187827,BenQwest LLC,Ship To,10296,1765227,Net 60,2026-08-23,8.25,1,0.0,101.29,49294.88,10296,10296,STRONG,exact,Joey,2026-06-23,ADA 33,Ulises Lara,Texcon,Fuel,,,1.0,1.0,POST-MAR1,2026-06,60,Ulises Lara,,ADA 33,fuel
187830.pdf,06 - June,2026-06-24,187830,BenQwest LLC,Ship To,10295,1765368,Net 60,2026-08-23,8.25,3,0.0,365.2,49294.88,10295,10295,STRONG,exact,Joey,2026-06-23,ADA 32,Francisco Aguirre,Texcon,Fuel,,,1.0,1.0,POST-MAR1,2026-06,60,Francisco Aguirre,,ADA 32,fuel
187831.pdf,06 - June,2026-06-24,187831,BenQwest LLC,Ship To,10303,1765442,Net 60,2026-08-23,8.25,1,0.0,67.69,49294.88,10303,10303,STRONG,exact,Joey,2026-06-24,ADA 32,Hector Segura,Texcon,Fuel,,,0.0,1.0,POST-MAR1,2026-06,60,Hector Segura,,ADA 32,fuel
187835.pdf,06 - June,2026-06-25,187835,BenQwest LLC,Ship To,10308,1765777,Net 60,2026-08-24,8.25,2,0.0,171.54,50895.39,10308,10308,FUEL_VENDOR_VARIANT,exact,Joey,2026-06-24,ADA 32,Enrique Alvarado,Leo's Service Station,Fuel,,,1.0,1.0,POST-MAR1,2026-06,60,Enrique Alvarado,,ADA 32,fuel
187836.pdf,06 - June,2026-06-25,187836,BenQwest LLC,Ship To,10307,1765788,Net 60,2026-08-24,8.25,3,0.0,288.35,50895.39,10307,10307,STRONG,exact,Joey,2026-06-24,ADA 32,Abraham Gonzales,Texcon,Fuel,,,1.0,1.0,POST-MAR1,2026-06,60,Abraham Gonzales,,ADA 32,fuel
187837.pdf,06 - June,2026-06-25,187837,BenQwest LLC,Ship To,ADA32,1766127,Net 60,2026-08-24,8.25,5,3.58,402.64,50895.39,ADA32,,UNMATCHED,,,,,,,,,,,,POST-MAR1,2026-06,60,,,,
187838.pdf,06 - June,2026-06-25,187838,BenQwest LLC,Ship To,10314,1766046,Net 60,2026-08-24,8.25,5,4.87,432.32,50895.39,10314,10314,STRONG,exact,Joey,2026-06-25,ADA 33,Lupe Juarez,Texcon,Fuel,,,0.0,1.0,POST-MAR1,2026-06,60,Lupe Juarez,,ADA 33,fuel
187839.pdf,06 - June,2026-06-25,187839,BenQwest LLC,Ship To,10305,1765682,Net 60,2026-08-24,8.25,3,1.43,154.06,50895.39,10305,10305,STRONG,exact,Joey,2026-06-24,CLMC 1093,José A. Zamarripa,Texcon,Fuel,,,1.0,1.0,POST-MAR1,2026-06,60,José A. Zamarripa,,CLMC 1093,fuel
187840.pdf,06 - June,2026-06-25,187840,BenQwest LLC,Ship To,10309,1765770,Net 60,2026-08-24,8.25,1,0.0,85.52,50895.39,10309,10309,STRONG,exact,Joey,2026-06-25,CMTA IDIQ,Pedro Limon,Texcon,Fuel,,,0.0,1.0,POST-MAR1,2026-06,60,Pedro Limon,,CMTA IDIQ,fuel
187841.pdf,06 - June,2026-06-25,187841,BenQwest LLC,Ship To,13403,1766060,Net 60,2026-08-24,8.25,1,0.0,66.08,50895.39,13403,13403,STRONG,exact,Fer,2026-06-25,Mechanic Shop,Fernando,Tex Con,Combustible,VIN #3241,,0.0,1.0,POST-MAR1,2026-06,60,Fernando,VIN#3241,MECHANIC SHOP,combustible
187848.pdf,06 - June,2026-06-26,187848,BenQwest LLC,Ship To,10320,1766224,Net 60,2026-08-25,8.25,2,0.0,112.06,51007.45,10320,10320,STRONG,exact,Joey,2026-06-26,ADA 33,Hector Segura,Texcon,Fuel,,,0.0,1.0,POST-MAR1,2026-06,60,Hector Segura,,ADA 33,fuel
187849.pdf,06 - June,2026-06-26,187849,BenQwest LLC,Ship To,DBP-0201,1766349,Net 60,2026-08-25,8.25,2,0.96,314.63,51600.49,DBP-0201,,UNMATCHED,,,,,,,,,,,,POST-MAR1,2026-06,60,,,,
187850.pdf,06 - June,2026-06-26,187850,BenQwest LLC,Ship To,10322,1766380,Net 60,2026-08-25,8.25,3,0.76,95.65,51600.49,10322,10322,STRONG,exact,Joey,2026-06-26,ADA 33,Rafael Perez,Texcon,Fuel,,,0.0,1.0,POST-MAR1,2026-06,60,Rafael Perez,,ADA 33,fuel
187851.pdf,06 - June,2026-06-26,187851,BenQwest LLC,Ship To,10327,1766565,Net 60,2026-08-25,8.25,1,0.0,108.12,51600.49,10327,10327,STRONG,exact,Joey,2026-06-26,ADA 32,Abraham Gonzales,Texcon,Fuel,,,0.0,1.0,POST-MAR1,2026-06,60,Abraham Gonzales,,ADA 32,fuel
187853.pdf,06 - June,2026-06-26,187853,BenQwest LLC,Ship To,13411,1766644,Net 60,2026-08-25,8.25,1,0.0,74.64,51600.49,13411,13411,STRONG,exact,Fer,2026-06-26,Mechanic Shop,Fernando,Tex Con,Combustible,VIN #3149,Martin Arellano la dejo sin gasolina,0.0,1.0,POST-MAR1,2026-06,60,Fernando,VIN#3149,MECHANIC SHOP,combustible
187856.pdf,06 - June,2026-06-29,187856,BenQwest LLC,Ship To,10329,1766944,Net 60,2026-08-28,8.25,2,2.46,128.41,53137.11,10329,10329,STRONG,exact,Joey,2026-06-26,ADA 33,Ulises Lara,Texcon,Fuel,,,3.0,1.0,POST-MAR1,2026-06,60,Ulises Lara,,ADA 33,fuel
187857.pdf,06 - June,2026-06-29,187857,BenQwest LLC,Ship To,10335,1766954,Net 60,2026-08-28,8.25,5,1.76,277.33,53137.11,10335,10335,STRONG,exact,Joey,2026-06-29,ADA 33,Diego Vazquez,Texcon,Fuel,,,0.0,1.0,POST-MAR1,2026-06,60,Diego Vazquez,,ADA 33,fuel
187858.pdf,06 - June,2026-06-29,187858,BenQwest LLC,Ship To,10332,1766962,Net 60,2026-08-28,8.25,1,0.0,108.01,53137.11,10332,10332,STRONG,exact,Joey,2026-06-29,ADA 32,Pedro Limon,Texcon,Fuel,,,0.0,1.0,POST-MAR1,2026-06,60,Pedro Limon,,ADA 32,fuel
187859.pdf,06 - June,2026-06-29,187859,BenQwest LLC,Ship To,10120,1766986,Net 60,2026-08-28,8.25,3,6.58,325.16,53137.11,10120,10120,FUEL_VENDOR_VARIANT,exact,Joey,2026-06-03,Mokan Trail,Ruben Cano,Leo's Service Station,Fuel,,,26.0,1.0,POST-MAR1,2026-06,60,Ruben Cano,,MOKAN TRAIL,fuel
187861.pdf,06 - June,2026-06-29,187861,BenQwest LLC,Ship To,13392,1767033,Net 60,2026-08-28,8.25,2,0.0,468.35,53137.11,13392,13392,STRONG,exact,Fer,2026-06-23,Mechanic Shop,Ulises Rodriguez,Tex Con,Combustible,VIN #8269,,6.0,1.0,POST-MAR1,2026-06,60,Ulises Rodriguez,VIN#8269,MECHANIC SHOP,combustible
187862.pdf,06 - June,2026-06-29,187862,BenQwest LLC,Ship To,10337,1767066,Net 60,2026-08-28,8.25,2,0.0,146.59,53137.11,10337,10337,STRONG,exact,Joey,2026-06-29,ADA 32,Segio Nino,Texcon,Fuel,,,0.0,1.0,POST-MAR1,2026-06,60,Segio Nino,,ADA 32,fuel
187863.pdf,06 - June,2026-06-29,187863,BenQwest LLC,Ship To,10334,1767113,Net 60,2026-08-28,8.25,1,0.0,82.77,53137.11,10334,10334,STRONG,exact,Joey,2026-06-29,ADA 33,Miguel Juarez,Texcon,Fuel,,,0.0,1.0,POST-MAR1,2026-06,60,Miguel Juarez,,ADA 33,fuel
187865.pdf,06 - June,2026-06-29,187865,BenQwest LLC,Ship To,10338,1767171,Net 60,2026-08-28,8.25,1,0.0,143.32,54232.22,10338,10338,STRONG,exact,Joey,2026-06-29,ADA 32,Juan Perez,Texcon,Fuel,,,0.0,1.0,POST-MAR1,2026-06,60,Juan Perez,,ADA 32,fuel
187866.pdf,06 - June,2026-06-29,187866,BenQwest LLC,Ship To,10337,1767185,Net 60,2026-08-28,8.25,5,3.46,281.36,54232.22,10337,10337,STRONG,exact,Joey,2026-06-29,ADA 32,Segio Nino,Texcon,Fuel,,,0.0,1.0,POST-MAR1,2026-06,60,Segio Nino,,ADA 32,fuel
187867.pdf,06 - June,2026-06-29,187867,BenQwest LLC,Ship To,13402,1767188,Net 60,2026-08-28,8.25,2,0.0,158.14,54232.22,13402,13402,STRONG,exact,Fer,2026-06-25,Mechanic Shop,Abel Hernandez,Tex Con,Combustible,VIN #8919,,4.0,1.0,POST-MAR1,2026-06,60,Abel Hernandez,VIN#8919,MECHANIC SHOP,combustible
187868.pdf,06 - June,2026-06-29,187868,BenQwest LLC,Ship To,10342,1767268,Net 60,2026-08-28,8.25,2,0.0,333.59,54232.22,10342,10342,STRONG,exact,Joey,2026-06-29,ADA 32,Sergio Nino,Texcon,Fuel,,,0.0,1.0,POST-MAR1,2026-06,60,Sergio Nino,,ADA 32,fuel
187869.pdf,06 - June,2026-06-29,187869,BenQwest LLC,Ship To,10345,1767325,Net 60,2026-08-28,8.25,1,0.0,61.74,54232.22,10345,10345,UNMATCHED,,,,,,,,,,,,POST-MAR1,2026-06,60,,,,
187870.pdf,06 - June,2026-06-29,187870,BenQwest LLC,Ship To,10339,1767431,Net 60,2026-08-28,8.25,2,0.0,116.96,54232.22,10339,10339,STRONG,exact,Joey,2026-06-29,ADA 33,Rafael Perez,Texcon,Fuel,,,0.0,1.0,POST-MAR1,2026-06,60,Rafael Perez,,ADA 33,fuel
187875.pdf,06 - June,2026-06-30,187875,BenQwest LLC,Ship To,10361,1767634,Net 60,2026-08-29,8.25,5,3.25,227.37,55380.21,10361,10361,VENDOR_MISMATCH,exact,Joey,2026-06-30,ADA 32,Francisco Aguirre,ACE Contractor Supply,Materials,,,0.0,1.0,POST-MAR1,2026-06,60,Francisco Aguirre,,ADA 32,materials
187876.pdf,06 - June,2026-06-30,187876,BenQwest LLC,Ship To,10356,1767865,Net 60,2026-08-29,8.25,3,0.0,211.8,55380.21,10356,10356,STRONG,exact,Joey,2026-06-30,,Hector Segura,Texcon,Fuel,,,0.0,1.0,POST-MAR1,2026-06,60,Hector Segura,,,fuel
187877.pdf,06 - June,2026-06-30,187877,BenQwest LLC,Ship To,10355,1767925,Net 60,2026-08-29,8.25,3,0.0,343.08,55380.21,10355,10355,STRONG,exact,Joey,2026-06-30,ADA 33,Gerardo Sanchez,Texcon,Fuel,,,0.0,1.0,POST-MAR1,2026-06,60,Gerardo Sanchez,,ADA 33,fuel
187879.pdf,06 - June,2026-06-30,187879,BenQwest LLC,Ship To,10359,1767980,Net 60,2026-08-29,8.25,3,0.0,365.74,55380.21,10359,10359,STRONG,exact,Joey,2026-06-30,ADA 32,Francisco Aguirre,Texcon,Fuel,,,0.0,1.0,POST-MAR1,2026-06,60,Francisco Aguirre,,ADA 32,fuel
188716.pdf,06 - June,2026-06-10,187716,BenQwest LLC,Ship To,10116,1760116,Net 60,2026-08-09,8.25,3,4.59,515.11,108431.12,10116,10116,VENDOR_MISMATCH,exact,Joey,2026-06-03,ADA 33,Simon Martinez,Centerline,City Poles,,,7.0,1.0,POST-MAR1,2026-06,60,Simon Martinez,,ADA 33,city poles
187889.pdf,07 - July,2026-07-01,187889,BenQwest LLC,Ship To,10368,1768231,Net 60,2026-08-30,8.25,2,0.0,350.69,55730.9,10368,10368,STRONG,exact,Joey,2026-07-01,ADA 32,Abraham Gonzales,Texcon,Fuel,,,0.0,1.0,POST-MAR1,2026-07,60,Abraham Gonzales,,ADA 32,fuel
187890.pdf,07 - July,2026-07-01,187890,BenQwest LLC,Ship To,10358,1768079,Net 60,2026-08-30,8.25,7,2.79,482.29,57153.24,10358,10358,STRONG,exact,Joey,2026-06-30,ADA 32,Enrique Alvarado,Texcon,Fuel,,,1.0,1.0,POST-MAR1,2026-07,60,Enrique Alvarado,,ADA 32,fuel
187891.pdf,07 - July,2026-07-01,187891,BenQwest LLC,Ship To,10632,1768091,Net 60,2026-08-30,8.25,5,5.41,482.98,57153.24,10632,10632,VENDOR_MISMATCH,exact,Joey,2026-07-30,ADA 32,Ulises Lara,ACE Contractor Supply,Materials,,,-29.0,1.0,POST-MAR1,2026-07,60,Ulises Lara,,ADA 32,materials
187892.pdf,07 - July,2026-07-01,187892,BenQwest LLC,Ship To,10366,1768156,Net 60,2026-08-30,8.25,1,0.0,457.07,57153.24,10366,10366,STRONG,exact,Joey,2026-07-01,ADA 32,Jose De La Cerda,Texcon,Fuel,,,0.0,1.0,POST-MAR1,2026-07,60,Jose De La Cerda,,ADA 32,fuel
187894.pdf,07 - July,2026-07-01,187894,BenQwest LLC,Ship To,10317,1768338,Net 60,2026-08-30,8.25,5,0.96,384.99,58793.12,10317,10317,VENDOR_MISMATCH,exact,Joey,2026-06-25,ADA 32,Simon Martinez,Centerline,Traffic Control,,,6.0,1.0,POST-MAR1,2026-07,60,Simon Martinez,,ADA 32,traffic control
187895.pdf,07 - July,2026-07-01,187895,BenQwest LLC,Ship To,10370,1768357,Net 60,2026-08-30,8.25,3,10.8,811.44,58793.12,10370,10370,STRONG,exact,Joey,2026-07-01,ADA 33,Carlos Diaz,Texcon,Fuel,,,0.0,1.0,POST-MAR1,2026-07,60,Carlos Diaz,,ADA 33,fuel
187896.pdf,07 - July,2026-07-01,187896,BenQwest LLC,Ship To,10372,1768381,Net 60,2026-08-30,8.25,4,0.49,283.35,58793.12,10372,10372,STRONG,exact,Joey,2026-07-01,ADA 33,Jesus G Rodriguez,Texcon,Fuel,,,0.0,1.0,POST-MAR1,2026-07,60,Jesus G Rodriguez,,ADA 33,fuel
187897.pdf,07 - July,2026-07-01,187897,BenQwest LLC,Ship To,10373,1768383,Net 60,2026-08-30,8.25,2,0.91,160.1,58793.12,10373,10373,STRONG,exact,Joey,2026-07-01,Mokan Trail,Ruben Cano,Texcon,Fuel,,,0.0,1.0,POST-MAR1,2026-07,60,Ruben Cano,,MOKAN TRAIL,fuel
187899.pdf,07 - July,2026-07-02,187899,BenQwest LLC,Ship To,10378,1768588,Net 60,2026-08-31,8.25,1,0.0,79.01,59940.39,10378,10378,STRONG,exact,Joey,2026-07-02,ADA 33,Hector Segura,Texcon,Fuel,,,0.0,1.0,POST-MAR1,2026-07,60,Hector Segura,,ADA 33,fuel
187900.pdf,07 - July,2026-07-02,187900,BenQwest LLC,Ship To,10377,1768597,Net 60,2026-08-31,8.25,2,0.0,137.89,59940.39,10377,10377,STRONG,exact,Joey,2026-07-02,CPO Burnet Corridor,Rafael Perez,Texcon,Fuel,,,0.0,1.0,POST-MAR1,2026-07,60,Rafael Perez,,CPO BURNET CORRIDOR,fuel
187901.pdf,07 - July,2026-07-02,187901,BenQwest LLC,Ship To,10376,1768684,Net 60,2026-08-31,8.25,3,0.0,340.53,59940.39,10376,10376,STRONG,exact,Joey,2026-07-01,ADA 33,Ulises Lara,Texcon,Fuel,,,1.0,1.0,POST-MAR1,2026-07,60,Ulises Lara,,ADA 33,fuel
187903.pdf,07 - July,2026-07-02,187903,BenQwest LLC,Ship To,13423,1768748,Net 60,2026-08-31,8.25,1,0.0,73.26,59940.39,13423,13423,STRONG,exact,Fer,2026-07-02,Mechanic Shop,Fernando,Tex Con,Combustible for Truck,VIN #3149,,0.0,1.0,POST-MAR1,2026-07,60,Fernando,VIN#3149,MECHANIC SHOP,combustible for truck
187904.pdf,07 - July,2026-07-02,187904,BenQwest LLC,Ship To,10385,1768845,Net 60,2026-08-31,8.25,1,0.0,90.93,59940.39,10385,10385,STRONG,exact,Joey,2026-07-02,ADA 33,Miguel Juarez,Texcon,Fuel,,,0.0,1.0,POST-MAR1,2026-07,60,Miguel Juarez,,ADA 33,fuel
187905.pdf,07 - July,2026-07-02,187905,BenQwest LLC,Ship To,10384,1768854,Net 60,2026-08-31,8.25,1,0.0,152.68,59940.39,10384,10384,STRONG,exact,Joey,2026-07-02,ADA 32,Martin Gonzalez,Texcon,Fuel,,,0.0,1.0,POST-MAR1,2026-07,60,Martin Gonzalez,,ADA 32,fuel
187906.pdf,07 - July,2026-07-02,187906,BenQwest LLC,Ship To,10387,1768954,Net 60,2026-08-31,8.25,3,0.0,272.97,59940.39,10387,10387,STRONG,exact,Joey,2026-07-02,ADA 33,Sergio Nino,Texcon,Fuel,,,0.0,1.0,POST-MAR1,2026-07,60,Sergio Nino,,ADA 33,fuel
187909.pdf,07 - July,2026-07-06,187909,BenQwest LLC,Ship To,10396,1769150,Net 60,2026-09-04,8.25,3,0.59,386.19,60797.81,10396,10396,STRONG,exact,Joey,2026-07-06,ADA 33,Hector Segura,Texcon,Fuel,,,0.0,1.0,POST-MAR1,2026-07,60,Hector Segura,,ADA 33,fuel
187913.pdf,07 - July,2026-07-06,187913,BenQwest LLC,Ship To,13438,1769533,Net 60,2026-09-04,8.25,1,0.0,72.64,60797.81,13438,13438,STRONG,exact,Fer,2026-07-06,Mechanic Shop,Andy,Tex Con,Combustible,VIN #5401,,0.0,1.0,POST-MAR1,2026-07,60,Andy,VIN#5401,MECHANIC SHOP,combustible
187914.pdf,07 - July,2026-07-06,187914,BenQwest LLC,Ship To,13433,1769547,Net 60,2026-09-04,8.25,2,0.0,303.79,60797.81,13433,13433,STRONG,exact,Fer,2026-07-06,Mechanic Shop,Ulises Rodriguez,Tex Con,Combustible,VIN #8269,,0.0,1.0,POST-MAR1,2026-07,60,Ulises Rodriguez,VIN#8269,MECHANIC SHOP,combustible
187916.pdf,07 - July,2026-07-06,187916,BenQwest LLC,Ship To,1044,1769672,Net 60,2026-09-04,8.25,1,0.0,94.8,60797.81,1044,1044,DATE_MISMATCH,exact,Mario,2024-05-24,Teri Rd,Mario Muñoz,Tex-Con,Fuel and Diesel,,Martin Gonzalez,773.0,1.0,POST-MAR1,2026-07,60,Mario Muñoz,,TERI RD,fuel and diesel
187919.pdf,07 - July,2026-07-07,187919,BenQwest LLC,Ship To,10408,1769767,Net 60,2026-09-05,8.25,2,0.0,107.09,61019.29,10408,10408,STRONG,exact,Joey,2026-07-07,ADA 33,Ulises Lara,Texcon,Fuel,,,0.0,1.0,POST-MAR1,2026-07,60,Ulises Lara,,ADA 33,fuel
187920.pdf,07 - July,2026-07-07,187920,BenQwest LLC,Ship To,10413,1769842,Net 60,2026-09-05,8.25,1,0.0,114.39,61019.29,10413,10413,STRONG,exact,Joey,2026-07-07,ADA 32,Abraham Gonzalez,Texcon,Fuel,,,0.0,1.0,POST-MAR1,2026-07,60,Abraham Gonzalez,,ADA 32,fuel
187921.pdf,07 - July,2026-07-07,187921,BenQwest LLC,Ship To,10412,1769890,Net 60,2026-09-05,8.25,3,0.0,145.19,61485.68,10412,10412,STRONG,exact,Joey,2026-07-07,ADA 33,Jesus G Rodriguez,Texcon,Fuel,,,0.0,1.0,POST-MAR1,2026-07,60,Jesus G Rodriguez,,ADA 33,fuel
187922.pdf,07 - July,2026-07-07,187922,BenQwest LLC,Ship To,10416,1769902,Net 60,2026-09-05,8.25,3,0.0,259.11,61485.68,10416,10416,STRONG,exact,Joey,2026-07-07,ADA 33,Jose Julian Gonzalez,Texcon,Fuel,,,0.0,1.0,POST-MAR1,2026-07,60,Jose Julian Gonzalez,,ADA 33,fuel
187924.pdf,07 - July,2026-07-07,187924,BenQwest LLC,Ship To,13444,1770058,Net 60,2026-09-05,8.25,1,0.0,62.09,61485.68,13444,13444,STRONG,exact,Fer,2026-07-07,Mechanic Shop,Fernando,Tex Con,Combustible,VIN #3241,,0.0,1.0,POST-MAR1,2026-07,60,Fernando,VIN#3241,MECHANIC SHOP,combustible
187927.pdf,07 - July,2026-07-07,187927,BenQwest LLC,Ship To,10416,1769918,Net 60,2026-09-05,8.25,5,8.74,587.99,62073.67,10416,10416,STRONG,exact,Joey,2026-07-07,ADA 33,Jose Julian Gonzalez,Texcon,Fuel,,,0.0,1.0,POST-MAR1,2026-07,60,Jose Julian Gonzalez,,ADA 33,fuel
187933.pdf,07 - July,2026-07-08,187933,BenQwest LLC,Ship To,10424,1770271,Net 60,2026-09-06,8.25,3,0.34,155.85,64256.66,10424,10424,STRONG,exact,Joey,2026-07-08,ADA 33,Hector Segura,Texcon,Fuel,,,0.0,1.0,POST-MAR1,2026-07,60,Hector Segura,,ADA 33,fuel
187934.pdf,07 - July,2026-07-08,187934,BenQwest LLC,Ship To,10421,1770350,Net 60,2026-09-06,8.25,1,0.0,95.14,64256.66,10421,10421,STRONG,exact,Joey,2026-07-07,ADA 32,Miguel Juarez,Texcon,Fuel,,,1.0,1.0,POST-MAR1,2026-07,60,Miguel Juarez,,ADA 32,fuel
187936.pdf,07 - July,2026-07-08,187936,BenQwest LLC,Ship To,10426,1770378,Net 60,2026-09-06,8.25,3,0.0,494.86,64256.66,10426,10426,STRONG,exact,Joey,2026-07-08,ADA 32,Juan Perez,Texcon,Fuel,,,0.0,1.0,POST-MAR1,2026-07,60,Juan Perez,,ADA 32,fuel
187937.pdf,07 - July,2026-07-08,187937,BenQwest LLC,Ship To,10431,1770425,Net 60,2026-09-06,8.25,3,0.74,244.79,64256.66,10431,10431,STRONG,exact,Joey,2026-07-08,ADA 33,Jesus G Rodriguez,Texcon,Fuel,,,0.0,1.0,POST-MAR1,2026-07,60,Jesus G Rodriguez,,ADA 33,fuel
187940.pdf,07 - July,2026-07-08,187940,BenQwest LLC,Ship To,10438,1770676,Net 60,2026-09-06,8.25,1,0.0,535.74,64256.66,10438,10438,STRONG,exact,Joey,2026-07-08,ADA 33,Francis Echevestre,Texcon,Fuel,,,0.0,1.0,POST-MAR1,2026-07,60,Francis Echevestre,,ADA 33,fuel
187941.pdf,07 - July,2026-07-08,187941,BenQwest LLC,Ship To,13448,1770710,Net 60,2026-09-06,8.25,1,0.0,73.33,64256.66,13448,13448,STRONG,exact,Fer,2026-07-08,Mechanic Shop,Fernando,Tex Con,Combustible,VIN #7145,,0.0,1.0,POST-MAR1,2026-07,60,Fernando,VIN#7145,MECHANIC SHOP,combustible
187943.pdf,07 - July,2026-07-08,187943,BenQwest LLC,Ship To,10441,1770781,Net 60,2026-09-06,8.25,4,5.52,447.44,64256.66,10441,10441,STRONG,exact,Joey,2026-07-08,ADA 32,Francisco Aguirre,Texcon,Fuel,,,0.0,1.0,POST-MAR1,2026-07,60,Francisco Aguirre,,ADA 32,fuel
187946.pdf,07 - July,2026-07-09,187946,BenQwest LLC,Ship To,10443,1770904,Net 60,2026-09-07,8.25,6,10.21,464.94,66032.85,10443,10443,STRONG,exact,Joey,2026-07-08,ADA 33,Diego Vazquez,Texcon,Fuel,,,1.0,1.0,POST-MAR1,2026-07,60,Diego Vazquez,,ADA 33,fuel
187947.pdf,07 - July,2026-07-09,187947,BenQwest LLC,Ship To,10439,1770925,Net 60,2026-09-07,8.25,5,6.4,573.25,66032.85,10439,10439,STRONG,exact,Joey,2026-07-08,ADA 32,Jose De La Cerda,Texcon,Fuel,,,1.0,1.0,POST-MAR1,2026-07,60,Jose De La Cerda,,ADA 32,fuel
187948.pdf,07 - July,2026-07-09,187948,BenQwest LLC,Ship To,10449,1771067,Net 60,2026-09-07,8.25,3,0.0,284.04,66032.85,10449,10449,STRONG,exact,Joey,2026-07-09,ADA 33,Rafael Perez,Texcon,Fuel,,,0.0,1.0,POST-MAR1,2026-07,60,Rafael Perez,,ADA 33,fuel
187949.pdf,07 - July,2026-07-09,187949,BenQwest LLC,Ship To,10450,1771071,Net 60,2026-09-07,8.25,3,0.0,453.96,66032.85,10450,10450,STRONG,exact,Joey,2026-07-09,ADA 33,Gerardo Sanchez,Texcon,Fuel,,,0.0,1.0,POST-MAR1,2026-07,60,Gerardo Sanchez,,ADA 33,fuel
187951.pdf,07 - July,2026-07-10,187951,BenQwest LLC,Ship To,10452,1771396,Net 60,2026-09-08,8.25,3,0.0,555.41,67910.01,10452,10452,STRONG,exact,Joey,2026-07-09,ADA 32,Enrique Alvarado,Texcon,Fuel,,,1.0,1.0,POST-MAR1,2026-07,60,Enrique Alvarado,,ADA 32,fuel
187952.pdf,07 - July,2026-07-10,187952,BenQwest LLC,Ship To,10456,1771408,Net 60,2026-09-08,8.25,2,0.0,139.81,67910.01,10456,10456,VENDOR_MISMATCH,exact,Joey,2026-07-09,ADA 33,Ulises Lara,RSS Supply,Materials,,,1.0,1.0,POST-MAR1,2026-07,60,Ulises Lara,,ADA 33,materials
187953.pdf,07 - July,2026-07-10,187953,BenQwest LLC,Ship To,13451,1771470,Net 60,2026-09-08,8.25,3,0.0,484.77,67910.01,13451,13451,STRONG,exact,Fer,2026-07-10,Mechanic Shop,Ulises Rodriguez,Tex Con,Combustible,VIN #8269,,0.0,1.0,POST-MAR1,2026-07,60,Ulises Rodriguez,VIN#8269,MECHANIC SHOP,combustible
187955.pdf,07 - July,2026-07-10,187955,BenQwest LLC,Ship To,10465,1771734,Net 60,2026-09-08,8.25,2,0.8,85.16,67910.01,10465,10465,STRONG,exact,Joey,2026-07-10,ADA 33,Rafael Perez,Texcon,Fuel,,,0.0,1.0,POST-MAR1,2026-07,60,Rafael Perez,,ADA 33,fuel
187958.pdf,07 - July,2026-07-10,187958,BenQwest LLC,Ship To,10462,1771813,Net 60,2026-09-08,8.25,1,0.0,139.59,67910.01,10462,10462,STRONG,exact,Joey,2026-07-10,ADA 32,Abraham Gonzalez,Texcon,Fuel,,,0.0,1.0,POST-MAR1,2026-07,60,Abraham Gonzalez,,ADA 32,fuel
187959.pdf,07 - July,2026-07-10,187959,BenQwest LLC,Ship To,13427,1771816,Net 60,2026-09-08,8.25,2,0.0,183.83,67910.01,13427,13427,STRONG,exact,Fer,2026-07-03,Mechanic Shop,Abel Hernandez,Tex Con,Combustible,VIN #8919,,7.0,1.0,POST-MAR1,2026-07,60,Abel Hernandez,VIN#8919,MECHANIC SHOP,combustible
187960.pdf,07 - July,2026-07-10,187960,BenQwest LLC,Ship To,13427,1771823,Net 60,2026-09-08,8.25,2,5.25,68.83,67910.01,13427,13427,STRONG,exact,Fer,2026-07-03,Mechanic Shop,Abel Hernandez,Tex Con,Combustible,VIN #8919,,7.0,1.0,POST-MAR1,2026-07,60,Abel Hernandez,VIN#8919,MECHANIC SHOP,combustible
187961.pdf,07 - July,2026-07-10,187961,BenQwest LLC,Ship To,10468,1771883,Net 60,2026-09-08,8.25,3,0.74,219.76,67910.01,10468,10468,STRONG,exact,Joey,2026-07-10,Mokan Trail,Jose A. Zamarripa,Texcon,Fuel,,,0.0,1.0,POST-MAR1,2026-07,60,Jose A. Zamarripa,,MOKAN TRAIL,fuel
187963.pdf,07 - July,2026-07-13,187963,BenQwest LLC,Ship To,10469,1772013,Net 60,2026-09-11,8.25,5,4.7,478.14,69542.59,10469,10469,STRONG,exact,Joey,2026-07-13,ADA 32,Pedro Limon,Texcon,Fuel,,,0.0,1.0,POST-MAR1,2026-07,60,Pedro Limon,,ADA 32,fuel
187964.pdf,07 - July,2026-07-13,187964,BenQwest LLC,Ship To,10470,1772025,Net 60,2026-09-11,8.25,3,0.27,133.86,69542.59,10470,10470,STRONG,exact,Joey,2026-07-13,ADA 33,Hector Segura,Texcon,Fuel,,,0.0,1.0,POST-MAR1,2026-07,60,Hector Segura,,ADA 33,fuel
187966.pdf,07 - July,2026-07-13,187966,BenQwest LLC,Ship To,13454,1772302,Net 60,2026-09-11,8.25,1,0.0,131.69,69542.59,13454,13454,STRONG,exact,Fer,2026-07-13,Mechanic Shop,Fernando,Tex Con,Combustrible for Truck VIN #3149 / 23 Gallons of Gasoline for Shop,VIN #3149,,0.0,1.0,POST-MAR1,2026-07,60,Fernando,VIN#3149,MECHANIC SHOP,combustrible for truck vin #3149 / 23 gallons of gasoline for shop
187967.pdf,07 - July,2026-07-13,187967,BenQwest LLC,Ship To,10476,1772329,Net 60,2026-09-11,8.25,4,0.52,223.78,69542.59,10476,10476,STRONG,exact,Joey,2026-07-13,CPO Burnet Corridor,Jesus G Rodriguez,Texcon,Fuel,,,0.0,1.0,POST-MAR1,2026-07,60,Jesus G Rodriguez,,CPO BURNET CORRIDOR,fuel
187968.pdf,07 - July,2026-07-13,187968,BenQwest LLC,Ship To,10479,1772470,Net 60,2026-09-11,8.25,6,10.57,593.83,69542.59,10479,10479,STRONG,exact,Joey,2026-07-13,CPO Burnet Corridor,Isidro Ricardo Garcia,Texcon,Fuel,,,0.0,1.0,POST-MAR1,2026-07,60,Isidro Ricardo Garcia,,CPO BURNET CORRIDOR,fuel
187969.pdf,07 - July,2026-07-13,187969,BenQwest LLC,Ship To,10482,1772504,Net 60,2026-09-11,8.25,1,0.0,71.28,69542.59,10482,10482,STRONG,exact,Joey,2026-07-13,ADA 33,Enrique Chapa,Texcon,Fuel,,,0.0,1.0,POST-MAR1,2026-07,60,Enrique Chapa,,ADA 33,fuel
187972.pdf,07 - July,2026-07-14,187972,BenQwest LLC,Ship To,10486,1772560,Net 60,2026-09-12,8.25,5,6.0,507.47,70050.06,10486,10486,STRONG,exact,Joey,2026-07-13,ADA 32,Ulises Lara,Texcon,Fuel,,,1.0,1.0,POST-MAR1,2026-07,60,Ulises Lara,,ADA 32,fuel
187976.pdf,07 - July,2026-07-15,187976,BenQwest LLC,Ship To,10486,1772879,Net 60,2026-09-13,8.25,4,0.49,363.62,70845.5,10486,10486,STRONG,exact,Joey,2026-07-13,ADA 32,Ulises Lara,Texcon,Fuel,,,2.0,1.0,POST-MAR1,2026-07,60,Ulises Lara,,ADA 32,fuel
187977.pdf,07 - July,2026-07-15,187977,BenQwest LLC,Ship To,10495,1772963,Net 60,2026-09-13,8.25,3,0.0,294.88,70845.5,10495,10495,STRONG,exact,Joey,2026-07-15,ADA 32,Sergio Nino,Texcon,Fuel,,,0.0,1.0,POST-MAR1,2026-07,60,Sergio Nino,,ADA 32,fuel
187981.pdf,07 - July,2026-07-15,187981,BenQwest LLC,Ship To,10492,1773138,Net 60,2026-09-13,8.25,2,0.0,136.94,70845.5,10492,10492,STRONG,exact,Joey,2026-07-14,CMTA IDIQ,Abraham Gonzalez,Texcon,Fuel,,,1.0,1.0,POST-MAR1,2026-07,60,Abraham Gonzalez,,CMTA IDIQ,fuel
187983.pdf,07 - July,2026-07-16,187983,BenQwest LLC,Ship To,10500,1773179,Net 60,2026-09-14,8.25,1,0.0,120.42,72372.97,10500,10500,STRONG,exact,Joey,2026-07-16,CLMC 1093,Hector Segura,Texcon,Fuel,,,0.0,1.0,POST-MAR1,2026-07,60,Hector Segura,,CLMC 1093,fuel
187984.pdf,07 - July,2026-07-16,187984,BenQwest LLC,Ship To,10501,1773181,Net 60,2026-09-14,8.25,5,4.55,296.57,72372.97,10501,10501,STRONG,exact,Joey,2026-07-16,ADA 33,Rafael Perez,Texcon,Fuel,,,0.0,1.0,POST-MAR1,2026-07,60,Rafael Perez,,ADA 33,fuel
187985.pdf,07 - July,2026-07-16,187985,BenQwest LLC,Ship To,10499,1773187,Net 60,2026-09-14,8.25,1,0.0,164.2,72372.97,10499,10499,STRONG,exact,Joey,2026-07-15,ADA 32,Abraham Gonzalez,Texcon,Fuel,,,1.0,1.0,POST-MAR1,2026-07,60,Abraham Gonzalez,,ADA 32,fuel
187986.pdf,07 - July,2026-07-16,187986,BenQwest LLC,Ship To,ADA#32,1773193,Net 60,2026-09-14,8.25,4,0.86,293.21,72372.97,ADA#32,,UNMATCHED,,,,,,,,,,,,POST-MAR1,2026-07,60,,,,
187990.pdf,07 - July,2026-07-16,187990,BenQwest LLC,Ship To,10504,1773309,Net 60,2026-09-14,8.25,3,0.0,450.01,72372.97,10504,10504,STRONG,exact,Joey,2026-07-16,ADA 32,Francisco Aguirre,Texcon,Fuel,,,0.0,1.0,POST-MAR1,2026-07,60,Francisco Aguirre,,ADA 32,fuel
187991.pdf,07 - July,2026-07-16,187991,BenQwest LLC,Ship To,13462,1773320,Net 60,2026-09-14,8.25,3,2.46,203.06,72372.97,13462,13462,STRONG,exact,Fer,2026-07-16,Mechanic Shop,Ulises Rodriguez,Tex Con,Combustible,VIN #8269,,0.0,1.0,POST-MAR1,2026-07,60,Ulises Rodriguez,VIN#8269,MECHANIC SHOP,combustible
187997.pdf,07 - July,2026-07-17,187997,BenQwest LLC,Ship To,10515,1773779,Net 60,2026-09-15,8.25,1,0.0,544.69,72168.21,10515,10515,STRONG,exact,Joey,2026-07-17,ADA 33,Jose De La Cerda,Texcon,Fuel,,,0.0,1.0,POST-MAR1,2026-07,60,Jose De La Cerda,,ADA 33,fuel
187999.pdf,07 - July,2026-07-17,187999,BenQwest LLC,Ship To,10512,1773864,Net 60,2026-09-15,8.25,3,0.0,318.32,72168.21,10512,10512,STRONG,exact,Joey,2026-07-17,ADA 33,Gerardo Sanchez,Texcon,Fuel,,,0.0,1.0,POST-MAR1,2026-07,60,Gerardo Sanchez,,ADA 33,fuel
188001.pdf,07 - July,2026-07-18,188001,BenQwest LLC,Ship To,10518,1773935,Net 60,2026-09-16,8.25,1,0.0,81.83,72250.04,10518,10518,STRONG,exact,Joey,2026-07-18,ADA 33,Rafael Perez,Texcon,Fuel,,,0.0,1.0,POST-MAR1,2026-07,60,Rafael Perez,,ADA 33,fuel
188003.pdf,07 - July,2026-07-20,188003,BenQwest LLC,Ship To,10522,1774044,Net 60,2026-09-18,8.25,6,5.18,573.79,74827.39,10522,10522,STRONG,exact,Joey,2026-07-18,ADA 33,Diego Vazquez,Texcon,Fuel,,,2.0,1.0,POST-MAR1,2026-07,60,Diego Vazquez,,ADA 33,fuel
188004.pdf,07 - July,2026-07-20,188004,BenQwest LLC,Ship To,10524,1774079,Net 60,2026-09-18,8.25,1,0.0,345.72,74827.39,10524,10524,STRONG,exact,Joey,2026-07-20,ADA 32,David Molina,Texcon,Fuel,,,0.0,1.0,POST-MAR1,2026-07,60,David Molina,,ADA 32,fuel
188005.pdf,07 - July,2026-07-20,188005,BenQwest LLC,Ship To,10526,1774107,Net 60,2026-09-18,8.25,2,0.0,462.07,74827.39,10526,10526,STRONG,exact,Joey,2026-07-20,ADA 33,Isisdro Sanchez,Texcon,Fuel,,,0.0,1.0,POST-MAR1,2026-07,60,Isisdro Sanchez,,ADA 33,fuel
188007.pdf,07 - July,2026-07-20,188007,BenQwest LLC,Ship To,13471,1774248,Net 60,2026-09-18,8.25,4,2.46,566.92,74827.39,13471,13471,STRONG,exact,Fer,2026-07-20,Mechanic Shop,Ulises Rodriguez,Tex Con,Combustible,VIN #8269,,0.0,1.0,POST-MAR1,2026-07,60,Ulises Rodriguez,VIN#8269,MECHANIC SHOP,combustible
188008.pdf,07 - July,2026-07-20,188008,BenQwest LLC,Ship To,13473,1774337,Net 60,2026-09-18,8.25,1,0.0,79.61,74827.39,13473,13473,STRONG,exact,Fer,2026-07-20,Mechanic Shop,Fernando,Tex Con,Combustible,VIN #3149,,0.0,1.0,POST-MAR1,2026-07,60,Fernando,VIN#3149,MECHANIC SHOP,combustible
188009.pdf,07 - July,2026-07-20,188009,BenQwest LLC,Ship To,10533,1774523,Net 60,2026-09-18,8.25,3,0.48,549.24,74827.39,10533,10533,STRONG,exact,Joey,2026-07-20,Mokan Trail,Lupe Juarez,Texcon,Fuel,,,0.0,1.0,POST-MAR1,2026-07,60,Lupe Juarez,,MOKAN TRAIL,fuel
188010.pdf,07 - July,2026-07-20,188010,BenQwest LLC,Ship To,10536,1774502,Net 60,2026-09-18,8.25,3,1.35,193.37,75218.07,10536,10536,STRONG,exact,Joey,2026-07-20,CAUDI,Jose A. Zamarripa,Texcon,Fuel,,,0.0,1.0,POST-MAR1,2026-07,60,Jose A. Zamarripa,,CAUDI,fuel
188013.pdf,07 - July,2026-07-20,188013,BenQwest LLC,Ship To,10537,1774549,Net 60,2026-09-18,8.25,3,1.28,197.31,75218.07,10537,10537,STRONG,exact,Joey,2026-07-20,ADA 33,Martin Gonzalez,Texcon,Fuel,,,0.0,1.0,POST-MAR1,2026-07,60,Martin Gonzalez,,ADA 33,fuel
188017.pdf,07 - July,2026-07-21,188017,BenQwest LLC,Ship To,13476,1774810,Net 60,2026-09-19,8.25,2,0.0,192.39,77639.01,13476,13476,STRONG,exact,Fer,2026-07-22,Mechanic Shop,Abel Hernandez,Tex Con,Combustible,VIN #8919,,-1.0,1.0,POST-MAR1,2026-07,60,Abel Hernandez,VIN#8919,MECHANIC SHOP,combustible
188018.pdf,07 - July,2026-07-21,188018,BenQwest LLC,Ship To,10551,1775007,Net 60,2026-09-19,8.25,3,6.84,392.8,77639.01,10551,10551,STRONG,exact,Joey,2026-07-21,ADA 32,Francisco Aguirre,Texcon,Fuel,,,0.0,1.0,POST-MAR1,2026-07,60,Francisco Aguirre,,ADA 32,fuel
188019.pdf,07 - July,2026-07-21,188019,BenQwest LLC,Ship To,10552,1775024,Net 60,2026-09-19,8.25,1,0.0,119.58,77639.01,10552,10552,STRONG,exact,Joey,2026-07-21,CMTA IDIQ,Abraham Gonzalez,Texcon,Fuel,,,0.0,1.0,POST-MAR1,2026-07,60,Abraham Gonzalez,,CMTA IDIQ,fuel
188020.pdf,07 - July,2026-07-21,188020,BenQwest LLC,Ship To,10538,1774620,Net 60,2026-09-19,8.25,1,0.0,106.65,77639.01,10538,10538,STRONG,exact,Joey,2026-07-20,ADA 32,Ulises Lara,Texcon,Fuel,,,1.0,1.0,POST-MAR1,2026-07,60,Ulises Lara,,ADA 32,fuel
188021.pdf,07 - July,2026-07-21,188021,BenQwest LLC,Ship To,10540,1774625,Net 60,2026-09-19,8.25,3,0.44,156.15,77639.01,10540,10540,STRONG,exact,Joey,2026-07-21,CLMC1093,Hector Segura,Texcon,Fuel,,,0.0,1.0,POST-MAR1,2026-07,60,Hector Segura,,CLMC1093,fuel
188022.pdf,07 - July,2026-07-21,188022,BenQwest LLC,Ship To,10539,1774654,Net 60,2026-09-19,8.25,1,0.0,112.75,77639.01,10539,10539,STRONG,exact,Joey,2026-07-20,ADA 32,Enrique Alvarado,Texcon,Fuel,,,1.0,1.0,POST-MAR1,2026-07,60,Enrique Alvarado,,ADA 32,fuel
188023.pdf,07 - July,2026-07-21,188023,BenQwest LLC,Ship To,10542,1774680,Net 60,2026-09-19,8.25,2,1.39,135.49,77639.01,10542,10542,STRONG,exact,Joey,2026-07-21,CPO Burnet Corridor,Jesus G. Rodriguez,Texcon,Fuel,,,0.0,1.0,POST-MAR1,2026-07,60,Jesus G. Rodriguez,,CPO BURNET CORRIDOR,fuel
188024.pdf,07 - July,2026-07-21,188024,BenQwest LLC,Ship To,10544,1774689,Net 60,2026-09-19,8.25,3,0.0,542.28,77639.01,10544,10544,STRONG,exact,Joey,2026-07-21,ADA 32,Juan Perez,Texcon,Fuel,,,0.0,1.0,POST-MAR1,2026-07,60,Juan Perez,,ADA 32,fuel
188025.pdf,07 - July,2026-07-21,188025,BenQwest LLC,Ship To,10390,1774891,Net 60,2026-09-19,8.25,3,5.2,579.73,77639.01,10390,10390,VENDOR_MISMATCH,exact,Joey,2026-07-02,ADA 32,Simon Martinez,Centerline Supply,Traffic Control,,,19.0,1.0,POST-MAR1,2026-07,60,Simon Martinez,,ADA 32,traffic control
188026.pdf,07 - July,2026-07-21,188026,BenQwest LLC,Ship To,10550,1774999,Net 60,2026-09-19,8.25,1,0.0,83.12,77639.01,10550,10550,STRONG,exact,Joey,2026-07-21,ADA 32,Miguel Juarez,Texcon,Fuel,,,0.0,1.0,POST-MAR1,2026-07,60,Miguel Juarez,,ADA 32,fuel
188032.pdf,07 - July,2026-07-22,188032,BenQwest LLC,Ship To,10557,1775112,Net 60,2026-09-20,8.25,3,0.0,227.32,78071.14,10557,10557,VENDOR_MISMATCH,exact,Joey,2026-07-22,ADA 33,Rafael Perez,ACE Contractor Supply,Materials,,,0.0,1.0,POST-MAR1,2026-07,60,Rafael Perez,,ADA 33,materials
188033.pdf,07 - July,2026-07-22,188033,BenQwest LLC,Ship To,10555,1775119,Net 60,2026-09-20,8.25,2,0.0,204.81,78071.14,10555,10555,STRONG,exact,Joey,2026-07-21,ADA 32,Francisco Bocanegra,Texcon,Fuel,,,1.0,1.0,POST-MAR1,2026-07,60,Francisco Bocanegra,,ADA 32,fuel
188035.pdf,07 - July,2026-07-22,188035,BenQwest LLC,"Ship To | Austin Constructors, LLC",MXY3005/TRK8074,1775236,Net 15,2026-08-06,8.25,1,0.0,293.12,29016.94,MXY3005/TRK8074,,UNMATCHED,,,,,,,,,,,,POST-MAR1,2026-07,15,,,,
188039.pdf,07 - July,2026-07-23,188039,BenQwest LLC,Ship To,10567,1775615,Net 60,2026-09-21,8.25,4,2.23,543.8,80886.56,10567,10567,STRONG,exact,Joey,2026-07-22,ADA 32,Enrique Alvarado,Texcon,Fuel,,,1.0,1.0,POST-MAR1,2026-07,60,Enrique Alvarado,,ADA 32,fuel
188040.pdf,07 - July,2026-07-23,188040,BenQwest LLC,Ship To,10568,1775670,Net 60,2026-09-21,8.25,4,1.76,306.02,80886.56,10568,10568,STRONG,exact,Joey,2026-07-22,ADA 32,Juan Daniel Ortega,Texcon,Fuel,,,1.0,1.0,POST-MAR1,2026-07,60,Juan Daniel Ortega,,ADA 32,fuel
188041.pdf,07 - July,2026-07-23,188041,BenQwest LLC,Ship To,10569,1775728,Net 60,2026-09-21,8.25,2,0.0,246.73,80886.56,10569,10569,STRONG,exact,Joey,2026-07-23,ADA 32,Ulises Lara,Texcon,Fuel,,,0.0,1.0,POST-MAR1,2026-07,60,Ulises Lara,,ADA 32,fuel
188042.pdf,07 - July,2026-07-23,188042,BenQwest LLC,Ship To,10570,1775775,Net 60,2026-09-21,8.25,3,0.0,417.16,80886.56,10570,10570,STRONG,exact,Joey,2026-07-23,ADA 32,Sergio Nino,Texcon,Fuel,,,0.0,1.0,POST-MAR1,2026-07,60,Sergio Nino,,ADA 32,fuel
188043.pdf,07 - July,2026-07-23,188043,BenQwest LLC,Ship To,13482,1775776,Net 60,2026-09-21,8.25,1,0.0,136.6,80886.56,13482,13482,STRONG,exact,Fer,2026-07-23,Mechanic Shop,Fernando,Tex Con,Combustible TRUCK VIN #3149 / 4 Cans for Shop,VIN #3149,,0.0,1.0,POST-MAR1,2026-07,60,Fernando,VIN#3149,MECHANIC SHOP,combustible truck vin #3149 / 4 cans for shop
188044.pdf,07 - July,2026-07-23,188044,BenQwest LLC,Ship To,10572,1775811,Net 60,2026-09-21,8.25,2,0.0,601.59,80886.56,10572,10572,STRONG,exact,Joey,2026-07-23,Mokan Trail,Ruben Cano,Texcon,Fuel,,,0.0,1.0,POST-MAR1,2026-07,60,Ruben Cano,,MOKAN TRAIL,fuel
188045.pdf,07 - July,2026-07-23,188045,BenQwest LLC,Ship To,10580,1775988,Net 60,2026-09-21,8.25,3,5.27,563.52,80886.56,10580,10580,STRONG,exact,Joey,2026-07-23,ADA 33,Jode De La Cerda,Texcon,Fuel,,,0.0,1.0,POST-MAR1,2026-07,60,Jode De La Cerda,,ADA 33,fuel
188049.pdf,07 - July,2026-07-24,188049,BenQwest LLC,Ship To,10582,1776077,Net 60,2026-09-22,8.25,3,0.0,165.63,81052.19,10582,10582,STRONG,exact,Joey,2026-07-24,ADA 33,Rafael Perez,Texcon,Fuel,,,0.0,1.0,POST-MAR1,2026-07,60,Rafael Perez,,ADA 33,fuel
188051.pdf,07 - July,2026-07-24,188051,BenQwest LLC,Ship To,10581,1776186,Net 60,2026-09-22,8.25,1,0.0,167.56,83090.46,10581,10581,STRONG,exact,Joey,2026-07-23,CMTA IDIQ,Abraham Gonzalez,Texcon,Fuel,,,1.0,1.0,POST-MAR1,2026-07,60,Abraham Gonzalez,,CMTA IDIQ,fuel
188052.pdf,07 - July,2026-07-24,188052,BenQwest LLC,Ship To,10586,1776192,Net 60,2026-09-22,8.25,4,1.12,533.77,83090.46,10586,10586,STRONG,exact,Joey,2026-07-24,ADA 33,Jose Julian Gonzalez,Texcon,Fuel,,,0.0,1.0,POST-MAR1,2026-07,60,Jose Julian Gonzalez,,ADA 33,fuel
188053.pdf,07 - July,2026-07-24,188053,BenQwest LLC,Ship To,10543,1776411,Net 60,2026-09-22,8.25,8,15.85,764.96,83090.46,10543,10543,STRONG,exact,Joey,2026-07-21,ADA 33,Carlos Diaz,Texcon,Fuel,,,3.0,1.0,POST-MAR1,2026-07,60,Carlos Diaz,,ADA 33,fuel
188054.pdf,07 - July,2026-07-24,188054,BenQwest LLC,Ship To,13486,1776147,Net 60,2026-09-22,8.25,3,0.62,571.98,83090.46,13486,13486,STRONG,exact,Fer,2026-07-24,Mechanic Shop,Ulises Rodriguez,Tex Con,Combustible,VIN #8269,,0.0,1.0,POST-MAR1,2026-07,60,Ulises Rodriguez,VIN#8269,MECHANIC SHOP,combustible
188059.pdf,07 - July,2026-07-27,188059,BenQwest LLC,Ship To,10600,1777181,Net 60,2026-09-25,8.25,3,0.0,465.13,83555.59,10600,10600,STRONG,exact,Joey,2026-07-27,ADA 32,Abraham Gonzalez,Texcon,Fuel,,,0.0,1.0,POST-MAR1,2026-07,60,Abraham Gonzalez,,ADA 32,fuel
188060.pdf,07 - July,2026-07-27,188060,BenQwest LLC,Ship To,10596,1777171,Net 60,2026-09-25,8.25,3,0.0,461.06,84016.65,10596,10596,STRONG,exact,Joey,2026-07-27,ADA 33,Diego Vazquez,Texcon,Fuel,,,0.0,1.0,POST-MAR1,2026-07,60,Diego Vazquez,,ADA 33,fuel
188064.pdf,07 - July,2026-07-28,188064,BenQwest LLC,Ship To,10603,1777299,Net 60,2026-09-26,8.25,3,0.0,180.21,84196.86,10603,10603,STRONG,exact,Joey,2026-07-28,ADA 33,Rafael Perez,Texcon,Fuel,,,0.0,1.0,POST-MAR1,2026-07,60,Rafael Perez,,ADA 33,fuel
188065.pdf,07 - July,2026-07-28,188065,BenQwest LLC,Ship To,10614,1777657,Net 60,2026-09-26,8.25,4,2.23,424.03,84620.89,10614,10614,STRONG,exact,Joey,2026-07-28,ADA 32,Francisco Aguirre,Texcon,Fuel,,,0.0,1.0,POST-MAR1,2026-07,60,Francisco Aguirre,,ADA 32,fuel
188066.pdf,07 - July,2026-07-28,188066,BenQwest LLC,"Ship To | Austin Constructors, LLC",10595,1777247,Net 15,2026-08-12,8.25,3,0.0,433.23,29450.17,10595,10595,STRONG,exact,Joey,2026-07-27,ADA 32,Victor Sanchez,Texcon,Fuel,,,1.0,1.0,POST-MAR1,2026-07,15,Victor Sanchez,,ADA 32,fuel
188067.pdf,07 - July,2026-07-28,188067,BenQwest LLC,Ship To,10602,1777273,Net 60,2026-09-26,8.25,3,0.0,383.07,85003.96,10602,10602,STRONG,exact,Joey,2026-07-28,ADA 32,Pedro Limon,Texcon,Fuel,,,0.0,1.0,POST-MAR1,2026-07,60,Pedro Limon,,ADA 32,fuel
188068.pdf,07 - July,2026-07-28,188068,BenQwest LLC,Ship To,10601,1777310,Net 60,2026-09-26,8.25,3,0.0,223.93,88383.51,10601,10601,STRONG,exact,Joey,2026-07-27,ADA 32,Ulises Lara,Texcon,Fuel,,,1.0,1.0,POST-MAR1,2026-07,60,Ulises Lara,,ADA 32,fuel
188069.pdf,07 - July,2026-07-28,188069,BenQwest LLC,Ship To,10593,1777328,Net 60,2026-09-26,8.25,5,2.2,546.86,88383.51,10593,10593,STRONG,exact,Joey,2026-07-25,CLMC1093,Hector Segura,Texcon,Fuel,,,3.0,1.0,POST-MAR1,2026-07,60,Hector Segura,,CLMC1093,fuel
188070.pdf,07 - July,2026-07-28,188070,BenQwest LLC,Ship To,10589,1777342,Net 60,2026-09-26,8.25,3,5.52,589.23,88383.51,10589,10589,STRONG,exact,Joey,2026-07-24,ADA 33,Rogelio Lopez,Texcon,Fuel,,,4.0,1.0,POST-MAR1,2026-07,60,Rogelio Lopez,,ADA 33,fuel
188071.pdf,07 - July,2026-07-28,188071,BenQwest LLC,Ship To,13496,1777343,Net 60,2026-09-26,8.25,2,64.22,919.17,88383.51,13496,13496,STRONG,exact,Fer,2026-07-28,Mechanic Shop,Fernando,Tex Con,Combustible / 1 Drum of Grease for the shop,VIN #3149,,0.0,1.0,POST-MAR1,2026-07,60,Fernando,VIN#3149,MECHANIC SHOP,combustible / 1 drum of grease for the shop
188072.pdf,07 - July,2026-07-28,188072,BenQwest LLC,Ship To,10608,1777444,Net 60,2026-09-26,8.25,2,0.0,269.17,88383.51,10608,10608,STRONG,exact,Joey,2026-07-28,ADA 32,Sergio Nino,Texcon,Fuel,,,0.0,1.0,POST-MAR1,2026-07,60,Sergio Nino,,ADA 32,fuel
188073.pdf,07 - July,2026-07-28,188073,BenQwest LLC,Ship To,10609,1777505,Net 60,2026-09-26,8.25,4,3.37,257.15,88383.51,10609,10609,STRONG,exact,Joey,2026-07-28,CLMC 1093,Jose A. Zamarripa,Texcon,Fuel,,,0.0,1.0,POST-MAR1,2026-07,60,Jose A. Zamarripa,,CLMC 1093,fuel
188074.pdf,07 - July,2026-07-28,188074,BenQwest LLC,Ship To,10611,1777542,Net 60,2026-09-26,8.25,3,0.0,480.01,88383.51,10611,10611,STRONG,exact,Joey,2026-07-28,ADA 33,Gerardo sanchez,Texcon,Fuel,,,0.0,1.0,POST-MAR1,2026-07,60,Gerardo Sanchez,,ADA 33,fuel
188077.pdf,07 - July,2026-07-28,188077,BenQwest LLC,Ship To,10617,1777693,Net 60,2026-09-26,8.25,2,0.49,94.03,88383.51,10617,10617,STRONG,exact,Joey,2026-07-28,ADA 33,Martin Gonzalez,Texcon,Fuel,,,0.0,1.0,POST-MAR1,2026-07,60,Martin Gonzalez,,ADA 33,fuel
188081.pdf,07 - July,2026-07-29,188081,BenQwest LLC,Ship To,10616,1777802,Net 60,2026-09-27,8.25,4,7.63,607.52,90879.84,10616,10616,STRONG,exact,Joey,2026-07-28,ADA 32,Juan Perez,Texcon,Fuel,,,1.0,1.0,POST-MAR1,2026-07,60,Juan Perez,,ADA 32,fuel
188082.pdf,07 - July,2026-07-29,188082,BenQwest LLC,Ship To,13500,1777835,Net 60,2026-09-27,8.25,4,2.46,612.87,90879.84,13500,13500,STRONG,exact,Fer,2026-07-29,Mechanic Shop,Ulises Rodriguez,Tex Con,Combustible,VIN #8269,,0.0,1.0,POST-MAR1,2026-07,60,Ulises Rodriguez,VIN#8269,MECHANIC SHOP,combustible
188084.pdf,07 - July,2026-07-29,188084,BenQwest LLC,Ship To,10624,1777920,Net 60,2026-09-27,8.25,4,1.33,274.75,90879.84,10624,10624,STRONG,exact,Joey,2026-07-29,CPO Burnet Corridor,Jesus G Rodriguez,Texcon,Fuel,,,0.0,1.0,POST-MAR1,2026-07,60,Jesus G Rodriguez,,CPO BURNET CORRIDOR,fuel
188085.pdf,07 - July,2026-07-29,188085,BenQwest LLC,Ship To,10620,1777974,Net 60,2026-09-27,8.25,1,0.0,835.09,90879.84,10620,10620,STRONG,exact,Joey,2026-07-29,CPO Burnet Corridor,Francis Echevestre,Texcon,Fuel,,,0.0,1.0,POST-MAR1,2026-07,60,Francis Echevestre,,CPO BURNET CORRIDOR,fuel
188088.pdf,07 - July,2026-07-29,188088,BenQwest LLC,Ship To,10626,1778237,Net 60,2026-09-27,8.25,1,0.0,166.1,90879.84,10626,10626,STRONG,exact,Joey,2026-07-29,ADA 32,Abraham Gonzalez,Texcon,Fuel,,,0.0,1.0,POST-MAR1,2026-07,60,Abraham Gonzalez,,ADA 32,fuel
188090.pdf,07 - July,2026-07-30,188090,BenQwest LLC,Ship To,10631,1778405,Net 60,2026-09-28,8.25,2,0.0,203.92,91083.76,10631,10631,STRONG,exact,Joey,2026-07-29,ADA 32,Enrique Alvarado,Texcon,Fuel,,,1.0,1.0,POST-MAR1,2026-07,60,Enrique Alvarado,,ADA 32,fuel
188091.pdf,07 - July,2026-07-30,188091,BenQwest LLC,Ship To,10630,1778286,Net 60,2026-09-28,8.25,2,0.0,375.85,93438.47,10630,10630,STRONG,exact,Joey,2026-07-29,ADA 33,Francisco Bocanegra,Texcon,Fuel,,,1.0,1.0,POST-MAR1,2026-07,60,Francisco Bocanegra,,ADA 33,fuel
188092.pdf,07 - July,2026-07-30,188092,BenQwest LLC,Ship To,10628,1778307,Net 60,2026-09-28,8.25,2,0.0,388.08,93438.47,10628,10628,VENDOR_MISMATCH,exact,Joey,2026-07-29,ADA 33,Isidro Sanchez,Isidro Garcia,Texcon,,,1.0,1.0,POST-MAR1,2026-07,60,Isidro Sanchez,,ADA 33,texcon
188093.pdf,07 - July,2026-07-30,188093,BenQwest LLC,Ship To,13504,1778426,Net 60,2026-09-28,8.25,2,25.41,469.81,93438.47,13504,13504,STRONG,exact,Fer,2026-07-30,Mechanic Shop,Fernando,Tex Con,Combustible (12 gallons for truck and 25 gallons for shop),VIN #3149,,0.0,1.0,POST-MAR1,2026-07,60,Fernando,VIN#3149,MECHANIC SHOP,combustible (12 gallons for truck and 25 gallons for shop)
188094.pdf,07 - July,2026-07-30,188094,BenQwest LLC,Ship To,10635,1778441,Net 60,2026-09-28,8.25,2,0.0,457.38,93438.47,10635,10635,STRONG,exact,Joey,2026-07-30,ADA 33,Lupe Juarez,Texcon,Fuel,,,0.0,1.0,POST-MAR1,2026-07,60,Lupe Juarez,,ADA 33,fuel
188096.pdf,07 - July,2026-07-30,188096,BenQwest LLC,Ship To,10637,1778495,Net 60,2026-09-28,8.25,1,0.0,568.82,93438.47,10637,10637,STRONG,exact,Joey,2026-07-30,ADA 33,Jose De La Cerda,Texcon,Fuel,,,0.0,1.0,POST-MAR1,2026-07,60,Jose De La Cerda,,ADA 33,fuel
188097.pdf,07 - July,2026-07-30,188097,BenQwest LLC,"Ship To | Austin Constructors, LLC",10638,1778543,Net 15,2026-08-14,8.25,2,0.0,188.0,29638.17,10638,10638,STRONG,exact,Joey,2026-07-30,ADA 32,Juan Daniel Ortega,Texcon,Fuel,,,0.0,1.0,POST-MAR1,2026-07,15,Juan Daniel Ortega,,ADA 32,fuel
188099.pdf,07 - July,2026-07-30,188099,BenQwest LLC,Ship To,10639,1778603,Net 60,2026-09-28,8.25,1,0.0,94.77,93438.47,10639,10639,STRONG,exact,Joey,2026-07-30,ADA 33,Miguel Juarez,Texcon,Fuel,,,0.0,1.0,POST-MAR1,2026-07,60,Miguel Juarez,,ADA 33,fuel
188103.pdf,07 - July,2026-07-31,188103,BenQwest LLC,Ship To,10642,1778836,Net 60,2026-09-29,8.25,3,2.09,143.36,94166.83,10642,10642,STRONG,exact,Joey,2026-07-31,ADA 33,Rafael Perez,Texcon,Fuel,,,0.0,1.0,POST-MAR1,2026-07,60,Rafael Perez,,ADA 33,fuel
188106.pdf,07 - July,2026-07-31,188106,BenQwest LLC,Ship To,10648,1779181,Net 60,2026-09-29,8.25,1,0.0,260.3,94166.83,10648,10648,STRONG,exact,Joey,2026-07-31,ADA 33,Jose Gerardo Garcia Moreno,Texcon,Fuel,,,0.0,1.0,POST-MAR1,2026-07,60,Jose Gerardo Garcia Moreno,,ADA 33,fuel
188107.pdf,07 - July,2026-07-31,188107,BenQwest LLC,Ship To,10650,1779210,Net 60,2026-09-29,8.25,2,0.0,175.36,94166.83,10650,10650,STRONG,exact,Joey,2026-07-31,ADA 32,Francisco Aguirre,Texcon,Fuel,,,0.0,1.0,POST-MAR1,2026-07,60,Francisco Aguirre,,ADA 32,fuel
188109.pdf,07 - July,2026-07-31,188109,BenQwest LLC,Ship To,10652,1779267,Net 60,2026-09-29,8.25,1,0.0,149.34,94166.83,10652,10652,STRONG,exact,Joey,2026-07-31,ADA 33,Abraham Gonzalez,Texcon,Fuel,,,0.0,1.0,POST-MAR1,2026-07,60,Abraham Gonzalez,,ADA 33,fuel
188115.pdf,08 - August,2026-08-03,188115,BenQwest LLC,Ship To,10653,1779468,Net 60,2026-10-02,8.25,5,11.47,318.99,95958.71,10653,10653,STRONG,exact,Joey,2026-07-31,CLMC1093,Hector Segura,Texcon,Fuel,,,3.0,1.0,POST-MAR1,2026-08,60,Hector Segura,,CLMC1093,fuel
188116.pdf,08 - August,2026-08-03,188116,BenQwest LLC,Ship To,13510,1779573,Net 60,2026-10-02,8.25,2,0.0,163.02,95958.71,13510,13510,STRONG,exact,Fer,2026-08-03,Mechanic Shop,Ulises Rodriguez,Tex Con,Combustible,VIN #8269,,0.0,1.0,POST-MAR1,2026-08,60,Ulises Rodriguez,VIN#8269,MECHANIC SHOP,combustible
188118.pdf,08 - August,2026-08-03,188118,BenQwest LLC,"Ship To | Austin Constructors, LLC",10659,1779663,Net 15,2026-08-18,8.25,1,0.0,96.73,29734.9,10659,10659,STRONG,exact,Joey,2026-08-03,ADA 32,Fernando Arellano,Texcon,Fuel,,,0.0,1.0,POST-MAR1,2026-08,15,Fernando Arellano,,ADA 32,fuel
188122.pdf,08 - August,2026-08-04,188122,BenQwest LLC,Ship To,10663,1779994,Net 60,2026-10-03,8.25,3,0.0,322.46,94971.3,10663,10663,STRONG,exact,Joey,2026-08-03,ADA 33,Rafael Perez,Texcon,Fuel,,,1.0,1.0,POST-MAR1,2026-08,60,Rafael Perez,,ADA 33,fuel
188124.pdf,08 - August,2026-08-04,188124,BenQwest LLC,Ship To,10660,1780011,Net 60,2026-10-03,8.25,3,0.0,526.76,95958.71,10660,10660,STRONG,exact,Joey,2026-08-03,ADA 32,Enrique Alvarado,Texcon,Fuel,,,1.0,1.0,POST-MAR1,2026-08,60,Enrique Alvarado,,ADA 32,fuel
188125.pdf,08 - August,2026-08-04,188125,BenQwest LLC,Ship To,13513,1780160,Net 60,2026-10-03,8.25,1,0.0,60.5,95958.71,13513,13513,STRONG,exact,Fer,2026-08-04,Mechanic Shop,Fernando,Tex Con,Combustible ,VIN #3241,,0.0,1.0,POST-MAR1,2026-08,60,Fernando,VIN#3241,MECHANIC SHOP,combustible
188126.pdf,08 - August,2026-08-04,188126,BenQwest LLC,Ship To,10672,1780228,Net 60,2026-10-03,8.25,3,0.0,400.15,95958.71,10672,10672,STRONG,exact,Joey,2026-08-04,ADA 32,Sergio Nino,Texcon,Fuel,,,0.0,1.0,POST-MAR1,2026-08,60,Sergio Nino,,ADA 32,fuel
188127.pdf,08 - August,2026-08-04,188127,BenQwest LLC,Ship To,10673,1780326,Net 60,2026-10-03,8.25,2,0.0,204.15,97085.38,10673,10673,STRONG,exact,Joey,2026-08-04,CLMC1093,Jose A. Zamarripa,Texcon,Fuel,,,0.0,1.0,POST-MAR1,2026-08,60,Jose A. Zamarripa,,CLMC1093,fuel
188128.pdf,08 - August,2026-08-04,188128,BenQwest LLC,Ship To,10676,1780396,Net 60,2026-10-03,8.25,2,0.91,486.3,97085.38,10676,10676,STRONG,exact,Joey,2026-08-04,ADA 32,Jose De La Cerda,Texcon,Fuel,,,0.0,1.0,POST-MAR1,2026-08,60,Jose De La Cerda,,ADA 32,fuel
188131.pdf,08 - August,2026-08-04,188131,BenQwest LLC,Ship To,10671,1780436,Net 60,2026-10-03,8.25,5,2.49,436.22,97085.38,10671,10671,STRONG,exact,Joey,2026-08-04,ADA 33,Diego Vazquez,Texcon,Fuel,,,0.0,1.0,POST-MAR1,2026-08,60,Diego Vazquez,,ADA 33,fuel
188132.pdf,08 - August,2026-08-05,188132,BenQwest LLC,Ship To,10678,1780469,Net 60,2026-10-04,8.25,2,0.0,447.45,100149.29,10678,10678,STRONG,exact,Joey,2026-08-04,ADA 33,Isidro Sanchez,Texcon,Fuel,,,1.0,1.0,POST-MAR1,2026-08,60,Isidro Sanchez,,ADA 33,fuel
188133.pdf,08 - August,2026-08-05,188133,BenQwest LLC,Ship To,10679,1780495,Net 60,2026-10-04,8.25,3,0.0,202.12,100149.29,10679,10679,STRONG,exact,Joey,2026-08-04,ADA 32,Ulises Lara,Texcon,Fuel,,,1.0,1.0,POST-MAR1,2026-08,60,Ulises Lara,,ADA 32,fuel
188134.pdf,08 - August,2026-08-05,188134,BenQwest LLC,Ship To,10670,1780534,Net 60,2026-10-04,8.25,4,6.4,662.43,100149.29,10670,10670,STRONG,exact,Joey,2026-08-04,ADA 33,Rogelio Lopez,Texcon,Fuel,,,1.0,1.0,POST-MAR1,2026-08,60,Rogelio Lopez,,ADA 33,fuel
188135.pdf,08 - August,2026-08-05,188135,BenQwest LLC,Ship To,10682,1780602,Net 60,2026-10-04,8.25,3,5.52,544.36,100149.29,10682,10682,STRONG,exact,Joey,2026-08-05,Mokan Trail,Ruben Cano,Texcon,Fuel,,,0.0,1.0,POST-MAR1,2026-08,60,Ruben Cano,,MOKAN TRAIL,fuel
188136.pdf,08 - August,2026-08-05,188136,BenQwest LLC,Ship To,10684,1780606,Net 60,2026-10-04,8.25,2,0.0,375.88,100149.29,10684,10684,STRONG,exact,Joey,2026-08-05,ADA 33,Gerardo Sanchez,Texcon,Fuel,,,0.0,1.0,POST-MAR1,2026-08,60,Gerardo Sanchez,,ADA 33,fuel
188138.pdf,08 - August,2026-08-05,188138,BenQwest LLC,"Ship To | Austin Constructors, LLC",10683,1780609,Net 15,2026-08-20,8.25,1,0.0,279.13,30413.0,10683,10683,STRONG,exact,Joey,2026-08-05,ADA 32,Jose Antonio Licea,Texcon,Fuel,,,0.0,1.0,POST-MAR1,2026-08,15,Jose Antonio Licea,,ADA 32,fuel
188139.pdf,08 - August,2026-08-05,188139,BenQwest LLC,Ship To,10685,1780675,Net 60,2026-10-04,8.25,1,0.0,325.95,100149.29,10685,10685,STRONG,exact,Joey,2026-08-05,ADA 33,Carlos Diaz,Texcon,Fuel,,,0.0,1.0,POST-MAR1,2026-08,60,Carlos Diaz,,ADA 33,fuel
188140.pdf,08 - August,2026-08-05,188140,BenQwest LLC,"Ship To | Austin Constructors, LLC",10681,1780758,Net 15,2026-08-20,8.25,3,0.0,398.97,30413.0,10681,10681,STRONG,exact,Joey,2026-08-05,ADA 33,Victor Sanchez,Texcon,Fuel,,,0.0,1.0,POST-MAR1,2026-08,15,Victor Sanchez,,ADA 33,fuel
188141.pdf,08 - August,2026-08-05,188141,BenQwest LLC,Ship To,10688,1780832,Net 60,2026-10-04,8.25,2,0.0,505.72,100149.29,10688,10688,STRONG,exact,Joey,2026-08-05,CMTA IDIQ,Abraham Gonzalez,Texcon,Fuel,,,0.0,1.0,POST-MAR1,2026-08,60,Abraham Gonzalez,,CMTA IDIQ,fuel
188145.pdf,08 - August,2026-08-06,188145,BenQwest LLC,Ship To,10701,1781348,Net 60,2026-10-05,8.25,2,0.0,149.82,100746.69,10701,10701,STRONG,exact,Joey,2026-08-06,ADA 33,Rafael Perez,Texcon,Fuel,,,0.0,1.0,POST-MAR1,2026-08,60,Rafael Perez,,ADA 33,fuel
188147.pdf,08 - August,2026-08-06,188147,BenQwest LLC,Ship To,10702,1781433,Net 60,2026-10-05,8.25,3,0.0,447.58,100746.69,10702,10702,STRONG,exact,Joey,2026-08-06,ADA 32,Francisco Aguirre,Texcon,Fuel,,,0.0,1.0,POST-MAR1,2026-08,60,Francisco Aguirre,,ADA 32,fuel
188148.pdf,08 - August,2026-08-06,188148,BenQwest LLC,Ship To,10690,1780995,Net 60,2026-10-05,8.25,1,0.0,226.77,101320.74,10690,10690,STRONG,exact,Joey,2026-08-06,CPO Burnet Corridor,Isidro Garcia,Texcon,Fuel,,,0.0,1.0,POST-MAR1,2026-08,60,Isidro Garcia,,CPO BURNET CORRIDOR,fuel
188149.pdf,08 - August,2026-08-06,188149,BenQwest LLC,Ship To,10694,1781152,Net 60,2026-10-05,8.25,2,0.28,127.12,101320.74,10694,10694,VENDOR_MISMATCH,exact,Joey,2026-08-06,ADA 32,Hector Segura,ACE Contractor Supply,Materials,,,0.0,1.0,POST-MAR1,2026-08,60,Hector Segura,,ADA 32,materials
188150.pdf,08 - August,2026-08-06,188150,BenQwest LLC,Ship To,13522,1781248,Net 60,2026-10-05,8.25,3,2.46,220.16,101320.74,13522,13522,STRONG,exact,Fer,2026-08-06,Mechanic Shop,Ulises Rodriguez,Tex Con,Combustible ,VIN #8269,,0.0,1.0,POST-MAR1,2026-08,60,Ulises Rodriguez,VIN#8269,MECHANIC SHOP,combustible
188151.pdf,08 - August,2026-08-06,188151,BenQwest LLC,"Ship To | Austin Constructors, LLC",1075,1781409,Net 15,2026-08-21,8.25,1,0.0,246.57,30659.57,1075,1075,DATE_MISMATCH,exact,Mario,2024-06-13,William Cannon,Mario Muñoz,Ace Contractors Supply,Varios,HZL-2413,MM,784.0,1.0,POST-MAR1,2026-08,15,Mario Muñoz,HZL2413,WILLIAM CANNON,varios
188154.pdf,08 - August,2026-08-07,188154,BenQwest LLC,Ship To,10695,1781500,Net 60,2026-10-06,8.25,3,0.0,346.21,102217.86,10695,10695,STRONG,exact,Joey,2026-08-06,ADA 33,Francisco Bocanegra,Texcon,Fuel,,,1.0,1.0,POST-MAR1,2026-08,60,Francisco Bocanegra,,ADA 33,fuel
188155.pdf,08 - August,2026-08-07,188155,BenQwest LLC,"Ship To | Austin Constructors, LLC",10703,1781609,Net 15,2026-08-22,8.25,2,0.0,462.88,31122.45,10703,10703,STRONG,exact,Joey,2026-08-06,ADA 32,Juan Daniel Ortega,Texcon,Fuel,,,1.0,1.0,POST-MAR1,2026-08,15,Juan Daniel Ortega,,ADA 32,fuel
188156.pdf,08 - August,2026-08-07,188156,BenQwest LLC,Ship To,10706,1781636,Net 60,2026-10-06,8.25,3,0.0,336.3,102003.25,10706,10706,STRONG,exact,Joey,2026-08-06,CPO Burnet Corridor,Jesus G Rodriguez,Texcon,Fuel,,,1.0,1.0,POST-MAR1,2026-08,60,Jesus G Rodriguez,,CPO BURNET CORRIDOR,fuel
188161.pdf,08 - August,2026-08-10,188161,BenQwest LLC,Ship To,10713,1782114,Net 60,2026-10-09,8.25,3,0.0,214.61,102217.86,10713,10713,STRONG,exact,Joey,2026-08-10,ADA 33,Rafael Perez,Texcon,Fuel,,,0.0,1.0,POST-MAR1,2026-08,60,Rafael Perez,,ADA 33,fuel
188162.pdf,08 - August,2026-08-10,188162,BenQwest LLC,Ship To,10712,1782140,Net 60,2026-10-09,8.25,2,0.0,186.0,105200.93,10712,10712,STRONG,exact,Joey,2026-08-08,ADA 33,Abraham Gonzalez,Texcon,Fuel,,,2.0,1.0,POST-MAR1,2026-08,60,Abraham Gonzalez,,ADA 33,fuel
188163.pdf,08 - August,2026-08-10,188163,BenQwest LLC,Ship To,10714,1782170,Net 60,2026-10-09,8.25,3,0.0,213.17,105200.93,10714,10714,STRONG,exact,Joey,2026-08-10,ADA 32,Miguel Juarez,Texcon,Fuel,,,0.0,1.0,POST-MAR1,2026-08,60,Miguel Juarez,,ADA 32,fuel
188164.pdf,08 - August,2026-08-10,188164,BenQwest LLC,Ship To,10719,1782481,Net 60,2026-10-09,8.25,1,0.0,226.28,105200.93,10719,10719,STRONG,exact,Joey,2026-08-10,ADA 32,Lupe Juarez,Texcon,Fuel,,,0.0,1.0,POST-MAR1,2026-08,60,Lupe Juarez,,ADA 32,fuel
188171.pdf,08 - August,2026-08-11,188171,BenQwest LLC,Ship To,13530,1782750,Net 60,2026-10-10,8.25,1,0.0,153.49,105200.93,13530,13530,STRONG,exact,Fer,2026-08-11,Mechanic Shop,Fernando,Tex Con,Combustible (16 Gallons Truck) / Workshop 26 Gallons gasoline,,,0.0,1.0,POST-MAR1,2026-08,60,Fernando,,MECHANIC SHOP,combustible (16 gallons truck) / workshop 26 gallons gasoline
188172.pdf,08 - August,2026-08-11,188172,BenQwest LLC,"Ship To | Austin Constructors, LLC",10722,1782802,Net 15,2026-08-26,8.25,2,6.16,399.14,31521.59,10722,10722,STRONG,exact,Joey,2026-08-11,ADA 32,Jose Antonio Licea,Texcon,Fuel,,,0.0,1.0,POST-MAR1,2026-08,15,Jose Antonio Licea,,ADA 32,fuel
188173.pdf,08 - August,2026-08-11,188173,BenQwest LLC,Ship To,10724,1782882,Net 60,2026-10-10,8.25,3,0.0,490.89,105200.93,10724,10724,STRONG,exact,Joey,2026-08-11,ADA 33,Isidro Sanchez,Texcon,Fuel,,,0.0,1.0,POST-MAR1,2026-08,60,Isidro Sanchez,,ADA 33,fuel
188174.pdf,08 - August,2026-08-11,188174,BenQwest LLC,Ship To,10726,1782883,Net 60,2026-10-10,8.25,1,0.0,87.63,105200.93,10726,10726,STRONG,exact,Joey,2026-08-11,ADA 33,Martin Gonzalez,Texcon,Fuel,,,0.0,1.0,POST-MAR1,2026-08,60,Martin Gonzalez,,ADA 33,fuel
188175.pdf,08 - August,2026-08-11,188175,BenQwest LLC,Ship To,13532,1782890,Net 60,2026-10-10,8.25,5,3.15,636.19,105200.93,13532,13532,STRONG,exact,Fer,2026-08-11,Mechanic Shop,Ulises Rodriguez,Tex Con,Combustible,VIN #8269,,0.0,1.0,POST-MAR1,2026-08,60,Ulises Rodriguez,VIN#8269,MECHANIC SHOP,combustible
188176.pdf,08 - August,2026-08-11,188176,BenQwest LLC,Ship To,13533,1782996,Net 60,2026-10-10,8.25,3,56.14,736.68,105200.93,13533,13533,STRONG,exact,Fer,2026-08-11,Mechanic Shop,Fernando,Tex Con,3 Bucket of 85 W140 Oil / 3 Daily Driving Book / 1 Greaser Gun,,,0.0,1.0,POST-MAR1,2026-08,60,Fernando,,MECHANIC SHOP,3 bucket of 85 w140 oil / 3 daily driving book / 1 greaser gun
188179.pdf,08 - August,2026-08-12,188179,BenQwest LLC,Ship To,10731,1783129,Net 60,2026-10-11,8.25,1,0.0,100.43,107112.85,10731,10731,STRONG,exact,Joey,2026-08-11,CPO Burnet Corridor,Isidro Garcia,Texcon,Fuel,,,1.0,1.0,POST-MAR1,2026-08,60,Isidro Garcia,,CPO BURNET CORRIDOR,fuel
188181.pdf,08 - August,2026-08-12,188181,BenQwest LLC,Ship To,10729,1783154,Net 60,2026-10-11,8.25,1,0.0,173.47,107112.85,10729,10729,STRONG,exact,Joey,2026-08-11,ADA 33,Francisco Bocanegra,Texcon,Fuel,,,1.0,1.0,POST-MAR1,2026-08,60,Francisco Bocanegra,,ADA 33,fuel
188182.pdf,08 - August,2026-08-12,188182,BenQwest LLC,Ship To,10732,1783158,Net 60,2026-10-11,8.25,3,0.0,518.95,107112.85,10732,10732,STRONG,exact,Joey,2026-08-11,CLMC1093,Hector Segura,Texcon,Fuel,,,1.0,1.0,POST-MAR1,2026-08,60,Hector Segura,,CLMC1093,fuel
188183.pdf,08 - August,2026-08-12,188183,BenQwest LLC,Ship To,10737,1783233,Net 60,2026-10-11,8.25,2,0.0,210.01,107112.85,10737,10737,STRONG,exact,Joey,2026-08-12,ADA 32,Juan Perez,Texcon,Fuel,,,0.0,1.0,POST-MAR1,2026-08,60,Juan Perez,,ADA 32,fuel
188184.pdf,08 - August,2026-08-12,188184,BenQwest LLC,Ship To,10778,1783246,Net 60,2026-10-11,8.25,4,6.71,378.31,107112.85,10778,10778,STRONG,exact,Joey,2026-08-17,ADA 33,Miguel Juarez,Texcon,Fuel,,,-5.0,1.0,POST-MAR1,2026-08,60,Miguel Juarez,,ADA 33,fuel
188185.pdf,08 - August,2026-08-12,188185,BenQwest LLC,"Ship To | Austin Constructors, LLC",10739,1783259,Net 15,2026-08-27,8.25,1,0.0,136.41,31658.0,10739,10739,STRONG,exact,Joey,2026-08-12,ADA 32,Juan Daniel Ortega,Texcon,Fuel,,,0.0,1.0,POST-MAR1,2026-08,15,Juan Daniel Ortega,,ADA 32,fuel
188186.pdf,08 - August,2026-08-12,188186,BenQwest LLC,Ship To,10741,1783272,Net 60,2026-10-11,8.25,2,0.0,283.75,107112.85,10741,10741,STRONG,exact,Joey,2026-08-12,CPO Burnet Corridor,Jesus G Rodriguez,Texcon,Fuel,,,0.0,1.0,POST-MAR1,2026-08,60,Jesus G Rodriguez,,CPO BURNET CORRIDOR,fuel
188187.pdf,08 - August,2026-08-12,188187,BenQwest LLC,Ship To,10740,1783283,Net 60,2026-10-11,8.25,3,0.0,247.0,107112.85,10740,10740,STRONG,exact,Joey,2026-08-12,ADA 33,Miguel Juarez,Texcon,Fuel,,,0.0,1.0,POST-MAR1,2026-08,60,Miguel Juarez,,ADA 33,fuel
188190.pdf,08 - August,2026-08-12,188190,BenQwest LLC,Ship To,10743,1783333,Net 60,2026-10-11,8.25,1,0.0,130.31,108051.23,10743,10743,STRONG,exact,Joey,2026-08-12,ADA 33,Abraham Gonzalez,Texcon,Fuel,,,0.0,1.0,POST-MAR1,2026-08,60,Abraham Gonzalez,,ADA 33,fuel
188191.pdf,08 - August,2026-08-12,188191,BenQwest LLC,Ship To,10746,1783488,Net 60,2026-10-11,8.25,2,4.63,588.14,108051.23,10746,10746,STRONG,exact,Joey,2026-08-12,ADA 33,Jose De La Cerda,Texcon,Fuel,,,0.0,1.0,POST-MAR1,2026-08,60,Jose De La Cerda,,ADA 33,fuel
188195.pdf,08 - August,2026-08-12,188195,BenQwest LLC,Ship To,10748,1783542,Net 60,2026-10-11,8.25,5,7.5,219.93,108051.23,10748,10748,STRONG,exact,Joey,2026-08-13,ADA 33,Rafael Perez,Texcon,Fuel,,,-1.0,1.0,POST-MAR1,2026-08,60,Rafael Perez,,ADA 33,fuel
188202.pdf,08 - August,2026-08-13,188202,BenQwest LLC,Ship To,10749,1783607,Net 60,2026-10-12,8.25,4,2.29,635.51,108686.74,10749,10749,STRONG,exact,Joey,2026-08-13,CLMC1093,Jose A. Zamarripa,Texcon,Fuel,,,0.0,1.0,POST-MAR1,2026-08,60,Jose A. Zamarripa,,CLMC1093,fuel
188203.pdf,08 - August,2026-08-13,188203,BenQwest LLC,"Ship To | Austin Constructors, LLC",10753,1783847,Net 15,2026-08-28,8.25,3,3.13,355.75,32013.75,10753,10753,STRONG,exact,Joey,2026-08-13,ADA 32,Jose Antonio Licea,Texcon,Fuel,,,0.0,1.0,POST-MAR1,2026-08,15,Jose Antonio Licea,,ADA 32,fuel
188205.pdf,08 - August,2026-08-13,188205,BenQwest LLC,Ship To,10755,1784035,Net 60,2026-10-12,8.25,1,0.0,77.76,108967.75,10755,10755,STRONG,exact,Joey,2026-08-13,ADA 32,Miguel Juarez,Texcon,Fuel,,,0.0,1.0,POST-MAR1,2026-08,60,Miguel Juarez,,ADA 32,fuel
188206.pdf,08 - August,2026-08-13,188206,BenQwest LLC,Ship To,10756,1784042,Net 60,2026-10-12,8.25,1,0.0,203.25,108967.75,10756,10756,STRONG,exact,Joey,2026-08-13,ADA 32,Rafael Perez,Texcon,Fuel,,,0.0,1.0,POST-MAR1,2026-08,60,Rafael Perez,,ADA 32,fuel
188211.pdf,08 - August,2026-08-14,188211,BenQwest LLC,Ship To,10759,1784142,Net 60,2026-10-13,8.25,3,0.0,572.72,110146.21,10759,10759,STRONG,exact,Joey,2026-08-14,ADA 32,Enrique Alvarado,Texcon,Fuel,,,0.0,1.0,POST-MAR1,2026-08,60,Enrique Alvarado,,ADA 32,fuel
188212.pdf,08 - August,2026-08-14,188212,BenQwest LLC,Ship To,13542,1784231,Net 60,2026-10-13,8.25,1,0.0,72.63,110146.21,13542,13542,STRONG,exact,Fer,2026-08-14,Mechanic Shop,Fernando,Tex Con,Combustible,VIN #3241,,0.0,1.0,POST-MAR1,2026-08,60,Fernando,VIN#3241,MECHANIC SHOP,combustible
188214.pdf,08 - August,2026-08-14,188214,BenQwest LLC,Ship To,10760,1784290,Net 60,2026-10-13,8.25,2,0.0,157.5,110146.21,10760,10760,STRONG,exact,Joey,2026-08-14,ADA 33,Abraham Gonzalez,Texcon,Fuel,,,0.0,1.0,POST-MAR1,2026-08,60,Abraham Gonzalez,,ADA 33,fuel
188215.pdf,08 - August,2026-08-14,188215,BenQwest LLC,Ship To,10763,1784330,Net 60,2026-10-13,8.25,2,2.23,244.85,110146.21,10763,10763,STRONG,exact,Joey,2026-08-14,ADA 32,Pedro Limon,Texcon,Fuel,,,0.0,1.0,POST-MAR1,2026-08,60,Pedro Limon,,ADA 32,fuel
188216.pdf,08 - August,2026-08-14,188216,BenQwest LLC,Ship To,10765,1784511,Net 60,2026-10-13,8.25,2,0.0,130.76,110146.21,10765,10765,STRONG,exact,Joey,2026-08-14,ADA 32,Rogelio Lopez,Texcon,Fuel,,,0.0,1.0,POST-MAR1,2026-08,60,Rogelio Lopez,,ADA 32,fuel
188217.pdf,08 - August,2026-08-15,188217,BenQwest LLC,"Ship To | Austin Constructors, LLC",10766,1784578,Net 15,2026-08-30,8.25,1,0.0,212.09,32225.84,10766,10766,STRONG,exact,Joey,2026-08-14,ADA 33,Jose Antonio Licea,Texcon,Fuel,,,1.0,1.0,POST-MAR1,2026-08,15,Jose Antonio Licea,,ADA 33,fuel
188218.pdf,08 - August,2026-08-17,188218,BenQwest LLC,"Ship To | Austin Constructors, LLC",10767,1784687,Net 15,2026-09-01,8.25,3,0.0,300.31,33064.9,10767,10767,STRONG,exact,Joey,2026-08-14,CLMC1093,Victor Sanchez,Texcon,Fuel,,,3.0,1.0,POST-MAR1,2026-08,15,Victor Sanchez,,CLMC1093,fuel
188219.pdf,08 - August,2026-08-17,188219,BenQwest LLC,Ship To,10758,1784752,Net 60,2026-10-16,8.25,4,0.36,441.77,112492.21,10758,10758,STRONG,exact,Joey,2026-08-13,ADA 33,Diego Vazquez,Texcon,Fuel,,,4.0,1.0,POST-MAR1,2026-08,60,Diego Vazquez,,ADA 33,fuel
188220.pdf,08 - August,2026-08-17,188220,BenQwest LLC,Ship To,10780,1784754,Net 60,2026-10-16,8.25,2,0.0,547.17,112492.21,10780,10780,STRONG,exact,Joey,2026-08-17,ADA 33,Rafael Perez,Texcon,Fuel,,,0.0,2.0,POST-MAR1,2026-08,60,Rafael Perez,,ADA 33,fuel
188221.pdf,08 - August,2026-08-17,188221,BenQwest LLC,Ship To,13548,1784795,Net 60,2026-10-16,8.25,4,3.74,257.13,112492.21,13548,13548,STRONG,exact,Fer,2026-08-17,Mechanic Shop,Ulises Rodriguez,Tex Con,Combustible,VIN #8269,,0.0,1.0,POST-MAR1,2026-08,60,Ulises Rodriguez,VIN#8269,MECHANIC SHOP,combustible
188223.pdf,08 - August,2026-08-17,188223,BenQwest LLC,Ship To,10773,1784857,Net 60,2026-10-16,8.25,1,0.0,475.3,112492.21,10773,10773,STRONG,exact,Joey,2026-08-17,ADA 33,Jose Antonio,Texcon,Fuel,,,0.0,1.0,POST-MAR1,2026-08,60,Jose Antonio,,ADA 33,fuel
188224.pdf,08 - August,2026-08-17,188224,BenQwest LLC,Ship To,10774,1784884,Net 60,2026-10-16,8.25,1,0.0,217.81,112492.21,10774,10774,STRONG,exact,Joey,2026-08-17,ADA 33,Abraham Gonzales,Texcon,Fuel,,,0.0,1.0,POST-MAR1,2026-08,60,Abraham Gonzales,,ADA 33,fuel
188226.pdf,08 - August,2026-08-17,188226,BenQwest LLC,Ship To,10776,1785022,Net 60,2026-10-16,8.25,1,0.0,406.82,112492.21,10776,10776,STRONG,exact,Joey,2026-08-17,CPO Burnet Corridor,Isidro Ricardo Garcia,Texcon,Fuel,,,0.0,1.0,POST-MAR1,2026-08,60,Isidro Ricardo Garcia,,CPO BURNET CORRIDOR,fuel
188227.pdf,08 - August,2026-08-17,188227,BenQwest LLC,"Ship To | Austin Constructors, LLC",10769,1785187,Net 15,2026-09-01,8.25,3,3.09,538.75,33064.9,10769,10769,STRONG,exact,Joey,2026-08-17,ADA 32,Juan Daniel Ortega,Texcon,Fuel,,,0.0,1.0,POST-MAR1,2026-08,15,Juan Daniel Ortega,,ADA 32,fuel
188230.pdf,08 - August,2026-08-18,188230,BenQwest LLC,Ship To,10779,1785303,Net 60,2026-10-17,8.25,4,0.8,368.63,114433.33,10779,10779,STRONG,exact,Joey,2026-08-18,ADA 32,Sergio Nino,Texcon,Fuel,,,0.0,1.0,POST-MAR1,2026-08,60,Sergio Nino,,ADA 32,fuel
188231.pdf,08 - August,2026-08-18,188231,BenQwest LLC,Ship To,10781,1785327,Net 60,2026-10-17,8.25,4,2.09,655.96,114433.33,10781,10781,STRONG,exact,Joey,2026-08-18,ADA 33,Pedro Limon,Texcon,Fuel,,,0.0,1.0,POST-MAR1,2026-08,60,Pedro Limon,,ADA 33,fuel
188232.pdf,08 - August,2026-08-18,188232,BenQwest LLC,Ship To,10778,1785342,Net 60,2026-10-17,8.25,2,0.0,203.04,114433.33,10778,10778,STRONG,exact,Joey,2026-08-17,ADA 33,Miguel Juarez,Texcon,Fuel,,,1.0,1.0,POST-MAR1,2026-08,60,Miguel Juarez,,ADA 33,fuel
188233.pdf,08 - August,2026-08-18,188233,BenQwest LLC,Ship To,10784,1785452,Net 60,2026-10-17,8.25,1,0.0,414.42,114433.33,10784,10784,STRONG,exact,Joey,2026-08-18,CPO Burnet Corridor,Francis Echevestre,Texcon,Fuel,,,0.0,1.0,POST-MAR1,2026-08,60,Francis Echevestre,,CPO BURNET CORRIDOR,fuel
188234.pdf,08 - August,2026-08-18,188234,BenQwest LLC,Ship To,13555,1785487,Net 60,2026-10-17,8.25,1,0.0,131.08,114433.33,13555,13555,STRONG,exact,Fer,2026-08-18,Mechanic Shop,Fernando,Tex Con,Combustible 16 gallons truck / 4 Cans 20 gallons (Shop),VIN #3241,,0.0,1.0,POST-MAR1,2026-08,60,Fernando,VIN#3241,MECHANIC SHOP,combustible 16 gallons truck / 4 cans 20 gallons (shop)
188235.pdf,08 - August,2026-08-18,188235,BenQwest LLC,Ship To,10791,1785646,Net 60,2026-10-17,8.25,2,0.0,167.99,114433.33,10791,10791,STRONG,exact,Joey,2026-08-18,ADA 32,Abraham Gonzales,Texcon,Fuel,,,0.0,1.0,POST-MAR1,2026-08,60,Abraham Gonzales,,ADA 32,fuel
188239.pdf,08 - August,2026-08-19,188239,BenQwest LLC,Ship To,10806,1786186,Net 60,2026-10-18,8.25,2,0.0,271.83,79606.88,10806,10806,STRONG,exact,Joey,2026-08-19,ADA 32,Francisco Aguirre,Texcon,Fuel,,,0.0,1.0,POST-MAR1,2026-08,60,Francisco Aguirre,,ADA 32,fuel
188240.pdf,08 - August,2026-08-19,188240,BenQwest LLC,Ship To,10796,1785768,Net 60,2026-10-18,8.25,4,1.96,400.63,82220.03,10796,10796,STRONG,exact,Joey,2026-08-18,CPO Burnet Corridor,Jesus G Rodriguez,Texcon,Fuel,,,1.0,1.0,POST-MAR1,2026-08,60,Jesus G Rodriguez,,CPO BURNET CORRIDOR,fuel
188241.pdf,08 - August,2026-08-19,188241,BenQwest LLC,Ship To,10797,1785779,Net 60,2026-10-18,8.25,3,0.0,421.07,82220.03,10797,10797,STRONG,exact,Joey,2026-08-18,ADA 32,Francisco Bocanegra,Texcon,Fuel,,,1.0,1.0,POST-MAR1,2026-08,60,Francisco Bocanegra,,ADA 32,fuel
188242.pdf,08 - August,2026-08-19,188242,BenQwest LLC,Ship To,10798,1785826,Net 60,2026-10-18,8.25,4,2.46,379.16,82220.03,10798,10798,STRONG,exact,Joey,2026-08-19,ADA 32,Ulises Lara,Texcon,Fuel,,,0.0,1.0,POST-MAR1,2026-08,60,Ulises Lara,,ADA 32,fuel
188243.pdf,08 - August,2026-08-19,188243,BenQwest LLC,Ship To,13558,1785832,Net 60,2026-10-18,8.25,2,0.0,233.94,82220.03,13558,13558,STRONG,exact,Fer,2026-08-19,Mechanic Shop,Ulises Rodriguez,Tex Con,Combustible,VIN #8269,,0.0,1.0,POST-MAR1,2026-08,60,Ulises Rodriguez,VIN#8269,MECHANIC SHOP,combustible
188244.pdf,08 - August,2026-08-19,188244,BenQwest LLC,Ship To,10793,1785850,Net 60,2026-10-18,8.25,1,0.0,498.17,82220.03,10793,10793,STRONG,exact,Joey,2026-08-18,ADA 33,Jose De La Cerda,Texcon,Fuel,,,1.0,1.0,POST-MAR1,2026-08,60,Jose De La Cerda,,ADA 33,fuel
188245.pdf,08 - August,2026-08-19,188245,BenQwest LLC,Ship To,10762,1785925,Net 60,2026-10-18,8.25,3,2.98,680.18,82220.03,10762,10762,STRONG,exact,Joey,2026-08-14,ADA 32,Rogelio Lopez,Texcon,Fuel,,,5.0,1.0,POST-MAR1,2026-08,60,Rogelio Lopez,,ADA 32,fuel
188247.pdf,08 - August,2026-08-19,188247,BenQwest LLC,"Ship To | Austin Constructors, LLC",10804,1786001,Net 15,2026-09-03,8.25,2,1.32,308.44,33373.34,10804,10804,STRONG,exact,Joey,2026-08-19,ADA 32,Jose Antonio Licea,Texcon,Fuel,,,0.0,1.0,POST-MAR1,2026-08,15,Jose Antonio Licea,,ADA 32,fuel
188251.pdf,08 - August,2026-08-20,188251,BenQwest LLC,Ship To,10808,1786281,Net 60,2026-10-19,8.25,3,1.69,144.83,82929.65,10808,10808,STRONG,exact,Joey,2026-08-19,ADA 33,Rafael Perez,Texcon,Fuel,,,1.0,1.0,POST-MAR1,2026-08,60,Rafael Perez,,ADA 33,fuel
188252.pdf,08 - August,2026-08-20,188252,BenQwest LLC,Ship To,10812,1786344,Net 60,2026-10-19,8.25,3,5.52,265.51,82929.65,10812,10812,STRONG,exact,Joey,2026-08-20,ADA 32,Juan Perez,Texcon,Fuel,,,0.0,1.0,POST-MAR1,2026-08,60,Juan Perez,,ADA 32,fuel
188253.pdf,08 - August,2026-08-20,188253,BenQwest LLC,Ship To,13562,1786499,Net 60,2026-10-19,8.25,1,0.0,66.0,82929.65,13562,13562,STRONG,exact,Fer,2026-08-20,Mechanic Shop,Fernando,Tex Con,Combustible,VIN #3241,,0.0,1.0,POST-MAR1,2026-08,60,Fernando,VIN#3241,MECHANIC SHOP,combustible
188255.pdf,08 - August,2026-08-20,188255,BenQwest LLC,Ship To,10807,1786522,Net 60,2026-10-19,8.25,1,0.0,90.44,82929.65,10807,10807,STRONG,exact,Joey,2026-08-19,ADA 33,Martin Gonzalez,Texcon,Fuel,,,1.0,1.0,POST-MAR1,2026-08,60,Martin Gonzalez,,ADA 33,fuel
188256.pdf,08 - August,2026-08-20,188256,BenQwest LLC,Ship To,10816,1786546,Net 60,2026-10-19,8.25,1,0.0,142.84,82929.65,10816,10816,STRONG,exact,Joey,2026-08-20,ADA 33,Abraham Gonzales,Texcon,Fuel,,,0.0,1.0,POST-MAR1,2026-08,60,Abraham Gonzales,,ADA 33,fuel
188267.pdf,08 - August,2026-08-21,188267,BenQwest LLC,Ship To,10819,1786780,Net 60,2026-10-20,8.25,2,0.0,432.39,65215.32,10819,10819,STRONG,exact,Joey,2026-08-21,ADA 32,Sergio Nino,Texcon,Fuel,,,0.0,1.0,POST-MAR1,2026-08,60,Sergio Nino,,ADA 32,fuel
188268.pdf,08 - August,2026-08-21,188268,BenQwest LLC,Ship To,10820,1786804,Net 60,2026-10-20,8.25,1,0.0,86.54,65215.32,10820,10820,STRONG,exact,Joey,2026-08-21,ADA 33,Rafael Perez,Texcon,Fuel,,,0.0,1.0,POST-MAR1,2026-08,60,Rafael Perez,,ADA 33,fuel
188269.pdf,08 - August,2026-08-21,188269,BenQwest LLC,Ship To,10822,1786916,Net 60,2026-10-20,8.25,3,5.52,293.47,65215.32,10822,10822,STRONG,exact,Joey,2026-08-21,CLMC1093,Jose A. Zamarripa,Texcon,Fuel,,,0.0,1.0,POST-MAR1,2026-08,60,Jose A. Zamarripa,,CLMC1093,fuel
188273.pdf,08 - August,2026-08-24,188273,BenQwest LLC,Ship To,13571,1787411,Net 60,2026-10-23,8.25,3,0.0,620.98,67226.94,13571,13571,STRONG,exact,Fer,2026-08-24,Mechanic Shop,Ulises Rodriguez,Tex Con,Combustible,VIN #8269,,0.0,1.0,POST-MAR1,2026-08,60,Ulises Rodriguez,VIN#8269,MECHANIC SHOP,combustible
188274.pdf,08 - August,2026-08-24,188274,BenQwest LLC,Ship To,10829,1787456,Net 60,2026-10-23,8.25,2,2.23,445.03,67226.94,10829,10829,STRONG,exact,Joey,2026-08-24,ADA 32,Francisco Aguirre,Texcon,Fuel,,,0.0,1.0,POST-MAR1,2026-08,60,Francisco Aguirre,,ADA 32,fuel
188275.pdf,08 - August,2026-08-24,188275,BenQwest LLC,Ship To,10834,1787638,Net 60,2026-10-23,8.25,1,0.0,109.19,67226.94,10834,10834,STRONG,exact,Joey,2026-08-24,ADA 33,Miguel Juarez,Texcon,Fuel,,,0.0,1.0,POST-MAR1,2026-08,60,Miguel Juarez,,ADA 33,fuel
188276.pdf,08 - August,2026-08-24,188276,BenQwest LLC,"Ship To | Austin Constructors, LLC",10831,1787639,Net 15,2026-09-08,8.25,2,0.48,319.88,33693.22,10831,10831,STRONG,exact,Joey,2026-08-24,ADA 33,Jose Antonio Licea,Texcon,Fuel,,,0.0,1.0,POST-MAR1,2026-08,15,Jose Antonio Licea,,ADA 33,fuel
188278.pdf,08 - August,2026-08-24,188278,BenQwest LLC,Ship To,10835,1787706,Net 60,2026-10-23,8.25,1,0.0,836.42,67226.94,10835,10835,STRONG,exact,Joey,2026-08-24,ADA 32,Francis Echevestre,Texcon,Fuel,,,0.0,1.0,POST-MAR1,2026-08,60,Francis Echevestre,,ADA 32,fuel
188282.pdf,08 - August,2026-08-25,188282,BenQwest LLC,"Ship To | Austin Constructors, LLC",10840,1787902,Net 15,2026-09-09,8.25,3,2.09,328.19,34395.99,10840,10840,STRONG,exact,Joey,2026-08-24,ADA 33,Victor Sanchez,Texcon,Fuel,,,1.0,1.0,POST-MAR1,2026-08,15,Victor Sanchez,,ADA 33,fuel
188283.pdf,08 - August,2026-08-25,188283,BenQwest LLC,"Ship To | Austin Constructors, LLC",10828,1787920,Net 15,2026-09-09,8.25,5,6.0,374.58,34395.99,10828,10828,STRONG,exact,Joey,2026-08-24,ADA 32,Juan Daniel Ortega,Texcon,Fuel,,,1.0,1.0,POST-MAR1,2026-08,15,Juan Daniel Ortega,,ADA 32,fuel
188284.pdf,08 - August,2026-08-25,188284,BenQwest LLC,Ship To,10837,1787922,Net 60,2026-10-24,8.25,1,0.0,102.38,68896.37,10837,10837,STRONG,exact,Joey,2026-08-24,ADA 32,Ulises Lara,Texcon,Fuel,,,1.0,1.0,POST-MAR1,2026-08,60,Ulises Lara,,ADA 32,fuel
188285.pdf,08 - August,2026-08-25,188285,BenQwest LLC,Ship To,10842,1787927,Net 60,2026-10-24,8.25,3,0.0,390.76,68896.37,10842,10842,STRONG,exact,Joey,2026-08-25,ADA 33,Rafael Perez,Texcon,Fuel,,,0.0,1.0,POST-MAR1,2026-08,60,Rafael Perez,,ADA 33,fuel
188286.pdf,08 - August,2026-08-25,188286,BenQwest LLC,Ship To,10838,1787938,Net 60,2026-10-24,8.25,4,2.09,504.83,68896.37,10838,10838,STRONG,exact,Joey,2026-08-24,ADA 32,Abraham Gonzalez,Texcon,Fuel,,,1.0,1.0,POST-MAR1,2026-08,60,Abraham Gonzalez,,ADA 32,fuel
188287.pdf,08 - August,2026-08-25,188287,BenQwest LLC,Ship To,10832,1787960,Net 60,2026-10-24,8.25,7,4.39,585.88,68896.37,10832,10832,STRONG,exact,Joey,2026-08-24,ADA 32,Enrique Alvarado,Texcon,Fuel,,,1.0,1.0,POST-MAR1,2026-08,60,Enrique Alvarado,,ADA 32,fuel
188288.pdf,08 - August,2026-08-25,188288,BenQwest LLC,Ship To,10847,1788235,Net 60,2026-10-24,8.25,1,0.0,85.58,68896.37,10847,10847,STRONG,exact,Joey,2026-08-25,ADA 32,Martin Gonzalez,Texcon,Fuel,,,0.0,1.0,POST-MAR1,2026-08,60,Martin Gonzalez,,ADA 32,fuel
188292.pdf,08 - August,2026-08-26,188292,BenQwest LLC,Ship To,10839,1788379,Net 60,2026-10-25,8.25,4,1.03,472.6,71452.79,10839,10839,STRONG,exact,Joey,2026-08-24,CPO Burnet Corridor,Jesus G. Rodriguez,Texcon,Fuel,,,2.0,1.0,POST-MAR1,2026-08,60,Jesus G. Rodriguez,,CPO BURNET CORRIDOR,fuel
188293.pdf,08 - August,2026-08-26,188293,BenQwest LLC,Ship To,10841,1788381,Net 60,2026-10-25,8.25,2,0.0,300.54,71452.79,10841,10841,STRONG,exact,Joey,2026-08-25,CPO Burnet Corridor,Isidro Garcia,Texcon,Fuel,,,1.0,1.0,POST-MAR1,2026-08,60,Isidro Garcia,,CPO BURNET CORRIDOR,fuel
188294.pdf,08 - August,2026-08-26,188294,BenQwest LLC,Ship To,10851,1788404,Net 60,2026-10-25,8.25,4,0.49,431.06,71452.79,10851,10851,STRONG,exact,Joey,2026-08-26,CLMC 1093,Hector Segura,Texcon,Fuel,,,0.0,1.0,POST-MAR1,2026-08,60,Hector Segura,,CLMC 1093,fuel
188295.pdf,08 - August,2026-08-26,188295,BenQwest LLC,Ship To,10858,1788547,Net 60,2026-10-25,8.25,4,1.28,428.57,71452.79,10858,10858,STRONG,exact,Joey,2026-08-26,ADA 33,Diego Vazquez,Texcon,Fuel,,,0.0,1.0,POST-MAR1,2026-08,60,Diego Vazquez,,ADA 33,fuel
188296.pdf,08 - August,2026-08-26,188296,BenQwest LLC,Ship To,10863,1788641,Net 60,2026-10-25,8.25,2,0.0,546.73,71452.79,10863,10863,STRONG,exact,Joey,2026-08-26,CLMC1107A,Lupe Juarez,Texcon,Fuel,,,0.0,1.0,POST-MAR1,2026-08,60,Lupe Juarez,,CLMC1107A,fuel
188297.pdf,08 - August,2026-08-26,188297,BenQwest LLC,"Ship To | Austin Constructors, LLC",10864,1788645,Net 15,2026-09-10,8.25,2,5.42,340.22,34736.21,10864,10864,STRONG,exact,Joey,2026-08-26,ADA 33,Jose Antonio Licea,Texcon,Fuel,,,0.0,1.0,POST-MAR1,2026-08,15,Jose Antonio Licea,,ADA 33,fuel
188299.pdf,08 - August,2026-08-26,188299,BenQwest LLC,Ship To,10867,1788831,Net 60,2026-10-25,8.25,3,1.87,376.92,71452.79,10867,10867,VENDOR_MISMATCH,exact,Joey,2026-08-26,ADA 32,Francisco Aguirre,ACE Contractor Supply,Materials,,,0.0,1.0,POST-MAR1,2026-08,60,Francisco Aguirre,,ADA 32,materials
188303.pdf,08 - August,2026-08-27,188303,BenQwest LLC,Ship To,10870,1788892,Net 60,2026-10-26,8.25,1,0.0,206.01,76947.73,10870,10870,STRONG,exact,Joey,2026-08-26,CLMC 1093,Jose A. Zamarripa,Texcon,Fuel,,,1.0,1.0,POST-MAR1,2026-08,60,Jose A. Zamarripa,,CLMC 1093,fuel
188304.pdf,08 - August,2026-08-27,188304,BenQwest LLC,Ship To,10868,1788894,Net 60,2026-10-26,8.25,4,0.48,395.66,76947.73,10868,10868,STRONG,exact,Joey,2026-08-26,ADA 33,Francisco Bocanegra,Texcon,Fuel,,,1.0,1.0,POST-MAR1,2026-08,60,Francisco Bocanegra,,ADA 33,fuel
188305.pdf,08 - August,2026-08-27,188305,BenQwest LLC,Ship To,10873,1788902,Net 60,2026-10-26,8.25,3,0.0,191.23,76947.73,10873,10873,STRONG,exact,Joey,2026-08-27,ADA 33,Rafael Perez,Texcon,Fuel,,,0.0,1.0,POST-MAR1,2026-08,60,Rafael Perez,,ADA 33,fuel
188306.pdf,08 - August,2026-08-27,188306,BenQwest LLC,Ship To,10852,1788923,Net 60,2026-10-26,8.25,3,0.0,633.39,76947.73,10852,10852,STRONG,exact,Joey,2026-08-26,ADA 33,Gerardo Sanchez,Texcon,Fuel,,,1.0,1.0,POST-MAR1,2026-08,60,Gerardo Sanchez,,ADA 33,fuel
188307.pdf,08 - August,2026-08-27,188307,BenQwest LLC,Ship To,10849,1788958,Net 60,2026-10-26,8.25,3,0.0,509.01,76947.73,10849,10849,STRONG,exact,Joey,2026-08-25,ADA 32,Juan Perez,Texcon,Fuel,,,2.0,1.0,POST-MAR1,2026-08,60,Juan Perez,,ADA 32,fuel
188308.pdf,08 - August,2026-08-27,188308,BenQwest LLC,Ship To,10872,1788960,Net 60,2026-10-26,8.25,7,8.51,301.75,76947.73,10872,10872,STRONG,exact,Joey,2026-08-26,ADA 32,Miguel Juarez,Texcon,Fuel,,,1.0,1.0,POST-MAR1,2026-08,60,Miguel Juarez,,ADA 32,fuel
188309.pdf,08 - August,2026-08-27,188309,BenQwest LLC,Ship To,10875,1788967,Net 60,2026-10-26,8.25,4,10.05,565.8,76947.73,10875,10875,STRONG,exact,Joey,2026-08-27,ADA 33,Isidro Sanchez,Texcon,Fuel,,,0.0,1.0,POST-MAR1,2026-08,60,Isidro Sanchez,,ADA 33,fuel
188310.pdf,08 - August,2026-08-27,188310,BenQwest LLC,Ship To,13578,1788982,Net 60,2026-10-26,8.25,2,0.48,158.42,76947.73,13578,13578,VENDOR_MISMATCH,exact,Fer,2026-08-26,Mechanic Shop,Fernando,Oreilly's,1 AC Kit for truck VIN #8269 / 12 Orange Antifreez,,,1.0,1.0,POST-MAR1,2026-08,60,Fernando,,MECHANIC SHOP,1 ac kit for truck vin #8269 / 12 orange antifreez
188311.pdf,08 - August,2026-08-27,188311,BenQwest LLC,Ship To,10878,1789003,Net 60,2026-10-26,8.25,2,0.0,473.96,76947.73,10878,10878,STRONG,exact,Joey,2026-08-27,ADA 32,Pedro Limon,Texcon,Fuel,,,0.0,1.0,POST-MAR1,2026-08,60,Pedro Limon,,ADA 32,fuel
188312.pdf,08 - August,2026-08-27,188312,BenQwest LLC,Ship To,10877,1789005,Net 60,2026-10-26,8.25,1,0.0,142.63,76947.73,10877,10877,STRONG,exact,Joey,2026-08-27,ADA 32,Abraham Gonzales,Texcon,Fuel,,,0.0,1.0,POST-MAR1,2026-08,60,Abraham Gonzales,,ADA 32,fuel
188313.pdf,08 - August,2026-08-27,188313,BenQwest LLC,Ship To,10880,1789059,Net 60,2026-10-26,8.25,1,0.0,82.34,76947.73,10880,10880,STRONG,exact,Joey,2026-08-27,ADA 32,Miguel Juarez,Texcon,Fuel,,,0.0,1.0,POST-MAR1,2026-08,60,Miguel Juarez,,ADA 32,fuel
188314.pdf,08 - August,2026-08-27,188314,BenQwest LLC,Ship To,10861,1789143,Net 60,2026-10-26,8.25,3,4.68,698.37,76947.73,10861,10861,STRONG,exact,Joey,2026-08-26,ADA 32,Rogelio Lopez,Texcon,Fuel,,,1.0,1.0,POST-MAR1,2026-08,60,Rogelio Lopez,,ADA 32,fuel
188315.pdf,08 - August,2026-08-27,188315,BenQwest LLC,Ship To,13580,1789146,Net 60,2026-10-26,8.25,1,0.0,74.41,76947.73,13580,13580,STRONG,exact,Fer,2026-08-27,Mechanic Shop,Fernando,Tex Con,Combustible,VIN #3241,,0.0,1.0,POST-MAR1,2026-08,60,Fernando,VIN#3241,MECHANIC SHOP,combustible
188316.pdf,08 - August,2026-08-27,188316,BenQwest LLC,Ship To,10883,1789161,Net 60,2026-10-26,8.25,4,2.23,450.95,76947.73,10883,10883,STRONG,exact,Joey,2026-08-27,ADA 32,Sergio Nino,Texcon,Fuel,,,0.0,1.0,POST-MAR1,2026-08,60,Sergio Nino,,ADA 32,fuel
188318.pdf,08 - August,2026-08-27,188318,BenQwest LLC,Ship To,10854,1789260,Net 60,2026-10-26,8.25,3,0.0,611.01,76947.73,10854,10854,STRONG,exact,Joey,2026-08-26,ADA 33,Carlos Diaz,Texcon,Fuel,,,1.0,1.0,POST-MAR1,2026-08,60,Carlos Diaz,,ADA 33,fuel
188324.pdf,08 - August,2026-08-28,188324,BenQwest LLC,Ship To,10888,1789351,Net 60,2026-10-27,8.25,3,0.66,193.76,77959.6,10888,10888,STRONG,exact,Joey,2026-08-28,ADA 33,Diego Vazquez,Texcon,Fuel,,,0.0,1.0,POST-MAR1,2026-08,60,Diego Vazquez,,ADA 33,fuel
188325.pdf,08 - August,2026-08-28,188325,BenQwest LLC,"Ship To | Austin Constructors, LLC",10892,1789439,Net 15,2026-09-12,8.25,2,0.49,289.65,35025.86,10892,10892,STRONG,exact,Joey,2026-08-28,ADA 33,Jose Antonio Licea,Texcon,Fuel,,,0.0,1.0,POST-MAR1,2026-08,15,Jose Antonio Licea,,ADA 33,fuel
188326.pdf,08 - August,2026-08-28,188326,BenQwest LLC,Ship To,10895,1789497,Net 60,2026-10-27,8.25,1,0.0,264.3,77959.6,10895,10895,STRONG,exact,Joey,2026-08-28,ADA 33,Jose Gerardo Garcia Moreno,Texcon,Fuel,,,0.0,1.0,POST-MAR1,2026-08,60,Jose Gerardo Garcia Moreno,,ADA 33,fuel
188327.pdf,08 - August,2026-08-28,188327,BenQwest LLC,Ship To,10896,1789632,Net 60,2026-10-27,8.25,3,1.38,553.81,77959.6,10896,10896,STRONG,exact,Joey,2026-08-28,ADA 32,Jose De La Cerda,Texcon,Fuel,,,0.0,1.0,POST-MAR1,2026-08,60,Jose De La Cerda,,ADA 32,fuel
188337.pdf,09 - September,2026-08-31,188337,BenQwest LLC,Ship To,10898,1789922,Net 60,2026-10-30,8.25,4,0.27,233.53,79623.6,10898,10898,STRONG,exact,Joey,2026-08-31,CLMC 1093,Hector Segura,Texcon,Fuel,,,0.0,1.0,POST-MAR1,2026-08,60,Hector Segura,,CLMC 1093,fuel
188338.pdf,09 - September,2026-08-31,188338,BenQwest LLC,Ship To,10899,1789927,Net 60,2026-10-30,8.25,3,0.0,208.5,79623.6,10899,10899,STRONG,exact,Joey,2026-08-31,ADA 33,Rafael Perez,Texcon,Fuel,,,0.0,1.0,POST-MAR1,2026-08,60,Rafael Perez,,ADA 33,fuel
188339.pdf,09 - September,2026-08-31,188339,BenQwest LLC,Ship To,13588,1790005,Net 60,2026-10-30,8.25,3,2.46,257.17,79623.6,13588,13588,STRONG,exact,Fer,2026-08-31,Mechanic Shop,Ulises Rodriguez,Tex Con,Combustible,VIN #8269,,0.0,1.0,POST-MAR1,2026-08,60,Ulises Rodriguez,VIN#8269,MECHANIC SHOP,combustible
188340.pdf,09 - September,2026-08-31,188340,BenQwest LLC,Ship To,10901,1790015,Net 60,2026-10-30,8.25,2,0.0,247.05,79623.6,10901,10901,STRONG,exact,Joey,2026-08-31,ADA 32,Sergio Nino,Texcon,Fuel,,,0.0,1.0,POST-MAR1,2026-08,60,Sergio Nino,,ADA 32,fuel
188341.pdf,09 - September,2026-08-31,188341,BenQwest LLC,Ship To,10900,1790025,Net 60,2026-10-30,8.25,3,0.0,284.41,79623.6,10900,10900,STRONG,exact,Joey,2026-08-31,ADA 32,Francisco Aguirre,Texcon,Fuel,,,0.0,1.0,POST-MAR1,2026-08,60,Francisco Aguirre,,ADA 32,fuel
188342.pdf,09 - September,2026-08-31,188342,BenQwest LLC,Ship To,10905,1790066,Net 60,2026-10-30,8.25,3,2.46,257.73,79623.6,10905,10905,STRONG,exact,Joey,2026-08-31,CPO Burnet Corridor,Isidro Garcia,Texcon,Fuel,,,0.0,1.0,POST-MAR1,2026-08,60,Isidro Garcia,,CPO BURNET CORRIDOR,fuel
188343.pdf,09 - September,2026-08-31,188343,BenQwest LLC,"Ship To | Austin Constructors, LLC",10902,1790119,Net 15,2026-09-15,8.25,1,0.0,191.95,35217.81,10902,10902,STRONG,exact,Joey,2026-08-31,ADA 32,Juan Daniel Ortega,Texcon,Fuel,,,0.0,1.0,POST-MAR1,2026-08,15,Juan Daniel Ortega,,ADA 32,fuel
188344.pdf,09 - September,2026-08-31,188344,BenQwest LLC,Ship To,13590,1790135,Net 60,2026-10-30,8.25,1,0.0,122.15,79623.6,13590,13590,STRONG,exact,Fer,2026-08-31,Mechanic Shop,Fernando,Tex Con,6 Gallons truck VIN #3241 / 26.66 gallons 6 cans of gasoline for Shop,,,0.0,1.0,POST-MAR1,2026-08,60,Fernando,,MECHANIC SHOP,6 gallons truck vin #3241 / 26.66 gallons 6 cans of gasoline for shop
188345.pdf,09 - September,2026-08-31,188345,BenQwest LLC,Ship To,10909,1790257,Net 60,2026-10-30,8.25,1,0.0,53.46,79623.6,10909,10909,STRONG,exact,Joey,2026-08-31,ADA 32,Tito Cueto,Texcon,Fuel,,,0.0,1.0,POST-MAR1,2026-08,60,Tito Cueto,,ADA 32,fuel
188356.pdf,09 - September,2026-09-01,188356,BenQwest LLC,Ship To,10911,1790501,Net 60,2026-10-31,8.25,2,0.0,175.58,80150.72,10911,10911,STRONG,exact,Joey,2026-08-31,ADA 32,Ulises Lara,Texcon,Fuel,,,1.0,1.0,POST-MAR1,2026-09,60,Ulises Lara,,ADA 32,fuel
188357.pdf,09 - September,2026-09-01,188357,BenQwest LLC,Ship To,10915,1790565,Net 60,2026-10-31,8.25,1,0.0,165.26,80150.72,10915,10915,STRONG,exact,Joey,2026-09-01,ADA 33,Abraham Gonzales,Texcon,Fuel,,,0.0,1.0,POST-MAR1,2026-09,60,Abraham Gonzales,,ADA 33,fuel
188358.pdf,09 - September,2026-09-01,188358,BenQwest LLC,"Ship To | Austin Constructors, LLC",10918,1790682,Net 15,2026-09-16,8.25,1,0.0,302.67,23588.83,10918,10918,STRONG,exact,Joey,2026-09-01,ADA 32,Jose Antonio Licea,Texcon,Fuel,,,0.0,1.0,POST-MAR1,2026-09,15,Jose Antonio Licea,,ADA 32,fuel
188360.pdf,09 - September,2026-09-01,188360,BenQwest LLC,Ship To,10925,1790877,Net 60,2026-10-31,8.25,1,0.0,107.65,80358.88,10925,10925,STRONG,exact,Joey,2026-09-01,ADA 33,Rafael Perez,Texcon,Fuel,,,0.0,1.0,POST-MAR1,2026-09,60,Rafael Perez,,ADA 33,fuel
188362.pdf,09 - September,2026-09-02,188362,BenQwest LLC,"Ship To | Austin Constructors, LLC",10920,1790914,Net 15,2026-09-17,8.25,3,0.0,384.84,23973.67,10920,10920,STRONG,exact,Joey,2026-09-01,ADA 33,Victor Sanchez,Texcon,Fuel,,,1.0,1.0,POST-MAR1,2026-09,15,Victor Sanchez,,ADA 33,fuel
188365.pdf,09 - September,2026-09-02,188365,BenQwest LLC,Ship To,10933,1791227,Net 60,2026-11-01,8.25,1,0.0,134.9,80358.88,10933,10933,STRONG,exact,Joey,2026-09-02,ADA 32,Abraham Gonzales,Texcon,Fuel,,,0.0,1.0,POST-MAR1,2026-09,60,Abraham Gonzales,,ADA 32,fuel
188366.pdf,09 - September,2026-09-02,188366,BenQwest LLC,Ship To,13599,1791299,Net 60,2026-11-01,8.25,1,0.0,73.26,80358.88,13599,13599,STRONG,exact,Fer,2026-09-02,Mechanic Shop,Fernando,Tex Con,Combustible,VIN #3142,,0.0,1.0,POST-MAR1,2026-09,60,Fernando,VIN#3142,MECHANIC SHOP,combustible
188373.pdf,09 - September,2026-09-03,188373,BenQwest LLC,Ship To,10935,1791447,Net 60,2026-11-02,8.25,2,0.0,281.41,83052.15,10935,10935,STRONG,exact,Joey,2026-09-02,ADA 33,Francisco Bocanegra,Texcon,Materials,,,1.0,1.0,POST-MAR1,2026-09,60,Francisco Bocanegra,,ADA 33,materials
188374.pdf,09 - September,2026-09-03,188374,BenQwest LLC,Ship To,10942,1791453,Net 60,2026-11-02,8.25,1,0.0,67.47,83052.15,10942,10942,STRONG,exact,Joey,2026-09-02,CLMC 1093,Hector Segura,Texcon,Fuel,,,1.0,1.0,POST-MAR1,2026-09,60,Hector Segura,,CLMC 1093,fuel
188375.pdf,09 - September,2026-09-03,188375,BenQwest LLC,Ship To,10943,1791457,Net 60,2026-11-02,8.25,4,0.49,342.65,83052.15,10943,10943,STRONG,exact,Joey,2026-09-03,ADA 32,Pedro Limon,Texcon,Fuel,,,0.0,1.0,POST-MAR1,2026-09,60,Pedro Limon,,ADA 32,fuel
188377.pdf,09 - September,2026-09-03,188377,BenQwest LLC,Ship To,10953,1791602,Net 60,2026-11-02,8.25,2,0.0,577.79,83052.15,10953,10953,STRONG,exact,Joey,2026-09-03,CMTA,Lupe Juarez,Texcon,Fuel,,,0.0,1.0,POST-MAR1,2026-09,60,Lupe Juarez,,CMTA,fuel
188378.pdf,09 - September,2026-09-03,188378,BenQwest LLC,Ship To,10946,1791609,Net 60,2026-11-02,8.25,1,0.0,86.29,83052.15,10946,10946,STRONG,exact,Joey,2026-09-03,ADA 33,Martin Gonzalez,Texcon,Fuel,,,0.0,1.0,POST-MAR1,2026-09,60,Martin Gonzalez,,ADA 33,fuel
188379.pdf,09 - September,2026-09-03,188379,BenQwest LLC,Ship To,13596,1791632,Net 60,2026-11-02,8.25,2,0.0,251.1,83052.15,13596,13596,STRONG,exact,Fer,2026-09-02,Mechanic Shop,Ulises Rodriguez,Tex Con,Combustible,VIN #8269,,1.0,1.0,POST-MAR1,2026-09,60,Ulises Rodriguez,VIN#8269,MECHANIC SHOP,combustible
188380.pdf,09 - September,2026-09-03,188380,BenQwest LLC,Ship To,10952,1791634,Net 60,2026-11-02,8.25,3,0.0,477.57,83052.15,10952,10952,STRONG,exact,Joey,2026-09-03,ADA 32,Sergio Nino,Texcon,Fuel,,,0.0,1.0,POST-MAR1,2026-09,60,Sergio Nino,,ADA 32,fuel
188382.pdf,09 - September,2026-09-03,188382,BenQwest LLC,Ship To,10938,1791837,Net 60,2026-11-02,8.25,5,3.19,608.99,83052.15,10938,10938,STRONG,exact,Joey,2026-09-02,ADA 32,Enrique Alvarado,Texcon,Fuel,,,1.0,1.0,POST-MAR1,2026-09,60,Enrique Alvarado,,ADA 32,fuel
188385.pdf,09 - September,2026-09-04,188385,BenQwest LLC,Ship To,10969,1792132,Net 60,2026-11-03,8.25,1,0.0,151.39,83203.54,10969,10969,STRONG,exact,Joey,2026-09-04,ADA 32,Abraham Gonzales,Texcon,Fuel,,,0.0,1.0,POST-MAR1,2026-09,60,Abraham Gonzales,,ADA 32,fuel
188386.pdf,09 - September,2026-09-04,188386,BenQwest LLC,Ship To,10958,1791916,Net 60,2026-11-03,8.25,2,0.0,199.57,43683.98,10958,10958,STRONG,exact,Joey,2026-09-04,CPO Burnet Corridor,Isidro Garcia,Texcon,Fuel,,,0.0,1.0,POST-MAR1,2026-09,60,Isidro Garcia,,CPO BURNET CORRIDOR,fuel
188387.pdf,09 - September,2026-09-04,188387,BenQwest LLC,Ship To,10960,1791936,Net 60,2026-11-03,8.25,2,0.0,168.15,43683.98,10960,10960,STRONG,exact,Joey,2026-09-04,ADA 33,Rafael Perez,Texcon,Fuel,,,0.0,1.0,POST-MAR1,2026-09,60,Rafael Perez,,ADA 33,fuel
188388.pdf,09 - September,2026-09-04,188388,BenQwest LLC,Ship To,10966,1792067,Net 60,2026-11-03,8.25,2,0.0,124.96,43683.98,10966,10966,STRONG,exact,Joey,2026-09-04,ADA 32,Ulises Lara,Texcon,Fuel,,,0.0,1.0,POST-MAR1,2026-09,60,Ulises Lara,,ADA 32,fuel
188389.pdf,09 - September,2026-09-04,188389,BenQwest LLC,Ship To,10973,1792196,Net 60,2026-11-03,8.25,1,0.0,89.14,43683.98,10973,10973,STRONG,exact,Joey,2026-09-04,ADA 33,Miguel Juarez,Texcon,Fuel,,,0.0,1.0,POST-MAR1,2026-09,60,Miguel Juarez,,ADA 33,fuel
188393.pdf,09 - September,2026-09-04,188393,BenQwest LLC,Ship To,10978,1792282,Net 60,2026-11-03,8.25,3,0.0,440.44,43683.98,10978,10978,VENDOR_MISMATCH,exact,Joey,2026-09-04,CLMC1093,Jose A Zamarripa,ACE Contractor Supply,Materials,,,0.0,1.0,POST-MAR1,2026-09,60,Jose A Zamarripa,,CLMC1093,materials
