invoice_no,inv_date,po_raw,line_no,qty,item_code,description,price_each,amount,taxable,product
186512,2026-01-02,7320,1,4.15,"GASOLINE, UNLEADED",UNLEADED GASOLINE,2.349,9.75,False,"GASOLINE, UNLEADED"
186512,2026-01-02,7320,2,29.72,"DIESEL, LOW SULPHUR",500-ppm sulphur LSD,2.879,85.56,False,"DIESEL, LOW SULPHUR"
186512,2026-01-02,7320,3,51.29,"DIESEL, DYED FUEL",Dyed Diesel Fuel 2. Nontaxable use only,2.439,125.1,False,"DIESEL, DYED FUEL"
186512,2026-01-02,7320,4,2.0,EXHAUST,DIESEL EXHAUST FLUID 1/2.5,12.99,25.98,True,EXHAUST
186513,2026-01-02,ADA32,1,14.54,"GASOLINE, UNLEADED",UNLEADED GASOLINE,2.349,34.15,False,"GASOLINE, UNLEADED"
186513,2026-01-02,ADA32,2,47.96,"DIESEL, LOW SULPHUR",500-ppm sulphur LSD,2.879,138.08,False,"DIESEL, LOW SULPHUR"
186513,2026-01-02,ADA32,3,50.16,"DIESEL, DYED FUEL",Dyed Diesel Fuel 2. Nontaxable use only,2.439,122.34,False,"DIESEL, DYED FUEL"
186513,2026-01-02,ADA32,4,1.0,Starting Fluid,Starting Fluid,7.5375,7.54,True,Starting Fluid
186513,2026-01-02,ADA32,5,1.0,"GLASS, CLEANER",GLASS CLEANER EACH,5.4375,5.44,True,"GLASS, CLEANER"
186513,2026-01-02,ADA32,6,1.0,Shop Towel BX,Shop towel box,27.19,27.19,True,Shop Towel BX
186514,2026-01-02,393,1,9.25,"GASOLINE, UNLEADED",UNLEADED GASOLINE,2.349,21.73,False,"GASOLINE, UNLEADED"
186514,2026-01-02,393,2,23.79,"DIESEL, LOW SULPHUR",500-ppm sulphur LSD,2.879,68.49,False,"DIESEL, LOW SULPHUR"
186514,2026-01-02,393,3,69.29,"DIESEL, DYED FUEL",Dyed Diesel Fuel 2. Nontaxable use only,2.439,169.0,False,"DIESEL, DYED FUEL"
186516,2026-01-02,12779,1,18.35,"GASOLINE, UNLEADED",UNLEADED GASOLINE,2.349,43.1,False,"GASOLINE, UNLEADED"
186518,2026-01-05,7324,1,29.69,"DIESEL, LOW SULPHUR",500-ppm sulphur LSD,2.879,85.48,False,"DIESEL, LOW SULPHUR"
186518,2026-01-05,7324,2,9.69,"DIESEL, DYED FUEL",Dyed Diesel Fuel 2. Nontaxable use only,2.439,23.63,False,"DIESEL, DYED FUEL"
186519,2026-01-05,5434,1,5.03,"GASOLINE, UNLEADED",UNLEADED GASOLINE,2.329,11.71,False,"GASOLINE, UNLEADED"
186519,2026-01-05,5434,2,33.82,"DIESEL, LOW SULPHUR",500-ppm sulphur LSD,2.879,97.37,False,"DIESEL, LOW SULPHUR"
186520,2026-01-05,12783,1,6.9,"GASOLINE, UNLEADED",UNLEADED GASOLINE,2.329,16.07,False,"GASOLINE, UNLEADED"
186520,2026-01-05,12783,2,24.01,"DIESEL, LOW SULPHUR",500-ppm sulphur LSD,2.879,69.12,False,"DIESEL, LOW SULPHUR"
186520,2026-01-05,12783,3,87.95,"DIESEL, DYED FUEL",Dyed Diesel Fuel 2. Nontaxable use only,2.439,214.51,False,"DIESEL, DYED FUEL"
186521,2026-01-05,9350,1,19.21,"DIESEL, LOW SULPHUR",500-ppm sulphur LSD,2.879,55.31,False,"DIESEL, LOW SULPHUR"
186521,2026-01-05,9350,2,56.28,"DIESEL, DYED FUEL",Dyed Diesel Fuel 2. Nontaxable use only,2.439,137.27,False,"DIESEL, DYED FUEL"
186521,2026-01-05,9350,3,1.94,EXHAUST BULK,DIESEL EXHAUST FLUID BULK,7.25,14.07,True,EXHAUST BULK
186522,2026-01-05,7325,1,17.31,"DIESEL, LOW SULPHUR",500-ppm sulphur LSD,2.879,49.84,False,"DIESEL, LOW SULPHUR"
186526,2026-01-05,7309,1,41.68,"DIESEL, LOW SULPHUR",500-ppm sulphur LSD,2.879,120.0,False,"DIESEL, LOW SULPHUR"
186529,2026-01-05,1394,1,80.53,"DIESEL, DYED FUEL",Dyed Diesel Fuel 2. Nontaxable use only,2.439,196.41,False,"DIESEL, DYED FUEL"
186529,2026-01-05,1394,2,34.15,"DIESEL, LOW SULPHUR",500-ppm sulphur LSD,2.879,98.32,False,"DIESEL, LOW SULPHUR"
186530,2026-01-05,9351 FARNCO,1,86.58,"DIESEL, LOW SULPHUR",500-ppm sulphur LSD,2.879,249.26,False,"DIESEL, LOW SULPHUR"
186532,2026-01-06,1395,1,14.36,"GASOLINE, UNLEADED",UNLEADED GASOLINE,2.349,33.73,False,"GASOLINE, UNLEADED"
186532,2026-01-06,1395,2,33.7,"DIESEL, LOW SULPHUR",500-ppm sulphur LSD,2.909,98.03,False,"DIESEL, LOW SULPHUR"
186532,2026-01-06,1395,3,77.42,"DIESEL, DYED FUEL",Dyed Diesel Fuel 2. Nontaxable use only,2.469,191.15,False,"DIESEL, DYED FUEL"
186532,2026-01-06,1395,4,2.0,EXHAUST,DIESEL EXHAUST FLUID 1/2.5,12.99,25.98,True,EXHAUST
186532,2026-01-06,1395,5,1.0,"GLASS, CLEANER",GLASS CLEANER EACH,5.4375,5.44,True,"GLASS, CLEANER"
186532,2026-01-06,1395,6,2.0,Shop,Shop Towel Roll,5.14,10.28,True,Shop
186532,2026-01-06,1395,7,1.0,NON-CHLOR,NON-CHLOR BRAKE CLEAN EACH,5.25,5.25,True,NON-CHLOR
186533,2026-01-06,1199,1,28.5,"GASOLINE, UNLEADED",UNLEADED GASOLINE,2.349,66.95,False,"GASOLINE, UNLEADED"
186533,2026-01-06,1199,2,1.0,P66 MUNLIPLEX,P66 MULTIPLEX 600 #2 10PK,58.2,58.2,True,P66 MUNLIPLEX
186533,2026-01-06,1199,3,2.0,Shop,Shop Towel Roll,5.14,10.28,True,Shop
186533,2026-01-06,1199,4,2.0,EXHAUST,DIESEL EXHAUST FLUID 1/2.5,12.99,25.98,True,EXHAUST
186533,2026-01-06,1199,5,57.53,"DIESEL, DYED FUEL",Dyed Diesel Fuel 2. Nontaxable use only,2.469,142.04,False,"DIESEL, DYED FUEL"
186533,2026-01-06,1199,6,19.25,"DIESEL, LOW SULPHUR",500-ppm sulphur LSD,2.909,56.0,False,"DIESEL, LOW SULPHUR"
186534,2026-01-06,12787,1,4.59,"DIESEL, LOW SULPHUR",500-ppm sulphur LSD,2.909,13.35,False,"DIESEL, LOW SULPHUR"
186534,2026-01-06,12787,2,33.69,"DIESEL, DYED FUEL",Dyed Diesel Fuel 2. Nontaxable use only,2.469,83.18,False,"DIESEL, DYED FUEL"
186535,2026-01-06,7330,1,8.97,"GASOLINE, UNLEADED",UNLEADED GASOLINE,2.349,21.07,False,"GASOLINE, UNLEADED"
186535,2026-01-06,7330,2,31.87,"DIESEL, LOW SULPHUR",500-ppm sulphur LSD,2.909,92.71,False,"DIESEL, LOW SULPHUR"
186535,2026-01-06,7330,3,64.1,"DIESEL, DYED FUEL",Dyed Diesel Fuel 2. Nontaxable use only,2.469,158.26,False,"DIESEL, DYED FUEL"
186536,2026-01-06,7331,1,78.97,"DIESEL, DYED FUEL",Dyed Diesel Fuel 2. Nontaxable use only,2.469,194.98,False,"DIESEL, DYED FUEL"
186536,2026-01-06,7331,2,16.73,"DIESEL, LOW SULPHUR",500-ppm sulphur LSD,2.909,48.67,False,"DIESEL, LOW SULPHUR"
186543,2026-01-07,5430,1,10.72,"GASOLINE, UNLEADED",UNLEADED GASOLINE,2.319,24.86,False,"GASOLINE, UNLEADED"
186543,2026-01-07,5430,2,37.94,"DIESEL, LOW SULPHUR",500-ppm sulphur LSD,2.849,108.09,False,"DIESEL, LOW SULPHUR"
186543,2026-01-07,5430,3,16.69,"DIESEL, DYED FUEL",Dyed Diesel Fuel 2. Nontaxable use only,2.409,40.21,False,"DIESEL, DYED FUEL"
186544,2026-01-07,9355,1,14.79,"GASOLINE, UNLEADED",UNLEADED GASOLINE,2.319,34.3,False,"GASOLINE, UNLEADED"
186544,2026-01-07,9355,2,20.03,"DIESEL, LOW SULPHUR",500-ppm sulphur LSD,2.849,57.07,False,"DIESEL, LOW SULPHUR"
186544,2026-01-07,9355,3,12.0,CYCLE,2-CYCLE OIL,2.1125,25.35,True,CYCLE
186544,2026-01-07,9355,4,1.0,"GLASS, CLEANER",GLASS CLEANER EACH,5.4375,5.44,True,"GLASS, CLEANER"
186546,2026-01-07,5433,1,9.86,"GASOLINE, UNLEADED",UNLEADED GASOLINE,2.319,22.87,False,"GASOLINE, UNLEADED"
186546,2026-01-07,5433,2,16.26,"DIESEL, LOW SULPHUR",500-ppm sulphur LSD,2.849,46.32,False,"DIESEL, LOW SULPHUR"
186546,2026-01-07,5433,3,76.62,"DIESEL, DYED FUEL",Dyed Diesel Fuel 2. Nontaxable use only,2.409,184.58,False,"DIESEL, DYED FUEL"
186548,2026-01-07,9357,1,10.04,"DIESEL, LOW SULPHUR",500-ppm sulphur LSD,2.849,28.6,False,"DIESEL, LOW SULPHUR"
186548,2026-01-07,9357,2,24.74,"DIESEL, DYED FUEL",Dyed Diesel Fuel 2. Nontaxable use only,2.409,59.6,False,"DIESEL, DYED FUEL"
186549,2026-01-07,12784,1,34.0,"DIESEL, LOW SULPHUR",500-ppm sulphur LSD,2.849,96.87,False,"DIESEL, LOW SULPHUR"
186549,2026-01-07,12784,2,5.95,"GASOLINE, UNLEADED",UNLEADED GASOLINE,2.319,13.8,False,"GASOLINE, UNLEADED"
186549,2026-01-07,12784,3,1.0,Shop Towel BX,Shop towel box,27.19,27.19,True,Shop Towel BX
186550,2026-01-07,9358,1,105.08,"DIESEL, LOW SULPHUR",500-ppm sulphur LSD,2.849,299.37,False,"DIESEL, LOW SULPHUR"
186550,2026-01-07,9358,2,1.0,Shop,Shop Towel Roll,5.14,5.14,True,Shop
186551,2026-01-08,7337,1,43.75,"DIESEL, DYED FUEL",Dyed Diesel Fuel 2. Nontaxable use only,2.399,104.96,False,"DIESEL, DYED FUEL"
186551,2026-01-08,7337,2,33.37,"DIESEL, LOW SULPHUR",500-ppm sulphur LSD,2.839,94.74,False,"DIESEL, LOW SULPHUR"
186551,2026-01-08,7337,3,10.88,"GASOLINE, UNLEADED",UNLEADED GASOLINE,2.299,25.01,False,"GASOLINE, UNLEADED"
186554,2026-01-08,9356,1,104.33,"DIESEL, LOW SULPHUR",500-ppm sulphur LSD,2.839,296.19,False,"DIESEL, LOW SULPHUR"
186554,2026-01-08,9356,2,1.0,WYPALL,Wypall Wipes,11.04,11.04,True,WYPALL
186555,2026-01-08,7341,1,41.72,"DIESEL, LOW SULPHUR",500-ppm sulphur LSD,2.839,118.44,False,"DIESEL, LOW SULPHUR"
186557,2026-01-08,9360,1,79.68,"DIESEL, LOW SULPHUR",500-ppm sulphur LSD,2.839,226.21,False,"DIESEL, LOW SULPHUR"
186559,2026-01-09,12803,1,30.63,"DIESEL, LOW SULPHUR",500-ppm sulphur LSD,2.909,89.1,False,"DIESEL, LOW SULPHUR"
186561,2026-01-09,12804,1,18.24,"GASOLINE, UNLEADED",UNLEADED GASOLINE,2.359,43.03,False,"GASOLINE, UNLEADED"
186564,2026-01-09,9368,1,82.9,"DIESEL, LOW SULPHUR",500-ppm sulphur LSD,2.909,241.16,False,"DIESEL, LOW SULPHUR"
186564,2026-01-09,9368,2,1.0,Book,INSPECTION BOOK,12.375,12.38,True,Book
186565,2026-01-09,9367,1,20.2,"GASOLINE, UNLEADED",UNLEADED GASOLINE,2.379,48.06,False,"GASOLINE, UNLEADED"
186565,2026-01-09,9367,2,14.33,"DIESEL, LOW SULPHUR",500-ppm sulphur LSD,2.909,41.69,False,"DIESEL, LOW SULPHUR"
186565,2026-01-09,9367,3,69.13,"DIESEL, DYED FUEL",Dyed Diesel Fuel 2. Nontaxable use only,2.469,170.68,False,"DIESEL, DYED FUEL"
186568,2026-01-12,1407,1,23.6,"DIESEL, LOW SULPHUR",500-ppm sulphur LSD,2.909,68.65,False,"DIESEL, LOW SULPHUR"
186568,2026-01-12,1407,2,1.0,Shop,Shop Towel Roll,5.14,5.14,True,Shop
186570,2026-01-12,5441,1,14.02,"GASOLINE, UNLEADED",UNLEADED GASOLINE,2.379,33.35,False,"GASOLINE, UNLEADED"
186570,2026-01-12,5441,2,39.65,"DIESEL, LOW SULPHUR",500-ppm sulphur LSD,2.909,115.34,False,"DIESEL, LOW SULPHUR"
186570,2026-01-12,5441,3,79.47,"DIESEL, DYED FUEL",Dyed Diesel Fuel 2. Nontaxable use only,2.469,196.21,False,"DIESEL, DYED FUEL"
186578,2026-01-13,5454,1,8.81,"GASOLINE, UNLEADED",UNLEADED GASOLINE,2.399,21.14,False,"GASOLINE, UNLEADED"
186578,2026-01-13,5454,2,29.45,"DIESEL, LOW SULPHUR",500-ppm sulphur LSD,2.939,86.55,False,"DIESEL, LOW SULPHUR"
186578,2026-01-13,5454,3,56.75,"DIESEL, DYED FUEL",Dyed Diesel Fuel 2. Nontaxable use only,2.499,141.82,False,"DIESEL, DYED FUEL"
186578,2026-01-13,5454,4,1.0,P66 MUNLIPLEX,P66 MULTIPLEX 600 #2 10PK,58.2,58.2,True,P66 MUNLIPLEX
186578,2026-01-13,5454,5,2.0,EXHAUST,DIESEL EXHAUST FLUID 1/2.5,12.99,25.98,True,EXHAUST
186579,2026-01-13,9371,1,15.1,"GASOLINE, UNLEADED",UNLEADED GASOLINE,2.399,36.22,False,"GASOLINE, UNLEADED"
186579,2026-01-13,9371,2,23.1,"DIESEL, LOW SULPHUR",500-ppm sulphur LSD,2.939,67.89,False,"DIESEL, LOW SULPHUR"
186579,2026-01-13,9371,3,38.12,"DIESEL, DYED FUEL",Dyed Diesel Fuel 2. Nontaxable use only,2.499,95.26,False,"DIESEL, DYED FUEL"
186579,2026-01-13,9371,4,1.0,EXHAUST,DIESEL EXHAUST FLUID 1/2.5,12.99,12.99,True,EXHAUST
186582,2026-01-13,12812,1,32.09,"DIESEL, LOW SULPHUR",500-ppm sulphur LSD,2.939,94.31,False,"DIESEL, LOW SULPHUR"
186582,2026-01-13,12812,2,5.87,"GASOLINE, UNLEADED",UNLEADED GASOLINE,2.399,14.08,False,"GASOLINE, UNLEADED"
186582,2026-01-13,12812,3,1.0,Shop Towel BX,Shop towel box,27.19,27.19,True,Shop Towel BX
186583,2026-01-13,5455,1,4.9,"GASOLINE, UNLEADED",UNLEADED GASOLINE,2.399,11.76,False,"GASOLINE, UNLEADED"
186583,2026-01-13,5455,2,28.15,"DIESEL, LOW SULPHUR",500-ppm sulphur LSD,2.939,82.73,False,"DIESEL, LOW SULPHUR"
186583,2026-01-13,5455,3,75.57,"DIESEL, DYED FUEL",Dyed Diesel Fuel 2. Nontaxable use only,2.499,188.85,False,"DIESEL, DYED FUEL"
186583,2026-01-13,5455,4,1.0,"WASHER, WIND",Windshield Washer,5.9625,5.96,True,"WASHER, WIND"
186584,2026-01-13,12814,1,1.05,"GASOLINE, UNLEADED",UNLEADED GASOLINE,2.399,2.52,False,"GASOLINE, UNLEADED"
186584,2026-01-13,12814,2,34.85,"DIESEL, LOW SULPHUR",500-ppm sulphur LSD,2.939,102.42,False,"DIESEL, LOW SULPHUR"
186586,2026-01-13,MCNEIL COVERT,1,36.02,"DIESEL, LOW SULPHUR",500-ppm sulphur LSD,2.939,105.86,False,"DIESEL, LOW SULPHUR"
186586,2026-01-13,MCNEIL COVERT,2,66.47,"DIESEL, DYED FUEL",Dyed Diesel Fuel 2. Nontaxable use only,2.499,166.11,False,"DIESEL, DYED FUEL"
186588,2026-01-14,ADA#32,1,50.83,"DIESEL, LOW SULPHUR",500-ppm sulphur LSD,3.019,153.46,False,"DIESEL, LOW SULPHUR"
186588,2026-01-14,ADA#32,2,59.45,"DIESEL, DYED FUEL",Dyed Diesel Fuel 2. Nontaxable use only,2.579,153.32,False,"DIESEL, DYED FUEL"
186589,2026-01-14,1411,1,10.49,"GASOLINE, UNLEADED",UNLEADED GASOLINE,2.449,25.69,False,"GASOLINE, UNLEADED"
186589,2026-01-14,1411,2,37.07,"DIESEL, LOW SULPHUR",500-ppm sulphur LSD,3.019,111.91,False,"DIESEL, LOW SULPHUR"
186589,2026-01-14,1411,3,40.45,"DIESEL, DYED FUEL",Dyed Diesel Fuel 2. Nontaxable use only,2.579,104.32,False,"DIESEL, DYED FUEL"
186590,2026-01-14,12804,1,36.26,"GASOLINE, UNLEADED",UNLEADED GASOLINE,2.449,88.8,False,"GASOLINE, UNLEADED"
186591,2026-01-14,ADA33,1,33.93,"DIESEL, LOW SULPHUR",500-ppm sulphur LSD,3.019,102.43,False,"DIESEL, LOW SULPHUR"
186593,2026-01-14,9374,1,3.8,"GASOLINE, UNLEADED",UNLEADED GASOLINE,2.449,9.31,False,"GASOLINE, UNLEADED"
186593,2026-01-14,9374,2,27.64,"DIESEL, LOW SULPHUR",500-ppm sulphur LSD,3.019,83.45,False,"DIESEL, LOW SULPHUR"
186593,2026-01-14,9374,3,40.74,"DIESEL, DYED FUEL",Dyed Diesel Fuel 2. Nontaxable use only,2.579,105.07,False,"DIESEL, DYED FUEL"
186593,2026-01-14,9374,4,0.57,EXHAUST BULK,DIESEL EXHAUST FLUID BULK,7.25,4.13,True,EXHAUST BULK
186594,2026-01-15,9276,1,162.08,"DIESEL, LOW SULPHUR",500-ppm sulphur LSD,3.029,490.94,False,"DIESEL, LOW SULPHUR"
186594,2026-01-15,9276,2,5.79,EXHAUST BULK,DIESEL EXHAUST FLUID BULK,7.25,41.98,True,EXHAUST BULK
186594,2026-01-15,9276,3,1.0,Book,INSPECTION BOOK,12.375,12.38,True,Book
186595,2026-01-15,9372,1,103.24,"DIESEL, LOW SULPHUR",500-ppm sulphur LSD,3.029,312.71,False,"DIESEL, LOW SULPHUR"
186595,2026-01-15,9372,2,4.55,EXHAUST BULK,DIESEL EXHAUST FLUID BULK,7.25,32.99,True,EXHAUST BULK
186595,2026-01-15,9372,3,1.0,ANTIFREEZE 50/50,ANTIFREEZE 50/50 GREEN,9.2875,9.29,True,ANTIFREEZE 50/50
186596,2026-01-15,5463,1,3.5,"GASOLINE, UNLEADED",UNLEADED GASOLINE,2.399,8.4,False,"GASOLINE, UNLEADED"
186596,2026-01-15,5463,2,34.35,"DIESEL, LOW SULPHUR",500-ppm sulphur LSD,3.029,104.05,False,"DIESEL, LOW SULPHUR"
186596,2026-01-15,5463,3,1.0,Shop Towel BX,Shop towel box,27.19,27.19,True,Shop Towel BX
186597,2026-01-15,12828,1,7.15,"DIESEL, LOW SULPHUR",500-ppm sulphur LSD,3.029,21.66,False,"DIESEL, LOW SULPHUR"
186597,2026-01-15,12828,2,5.97,"GASOLINE, UNLEADED",UNLEADED GASOLINE,2.399,14.32,False,"GASOLINE, UNLEADED"
186605,2026-01-16,33-2001,1,23.91,"GASOLINE, UNLEADED",UNLEADED GASOLINE,2.339,55.93,False,"GASOLINE, UNLEADED"
186605,2026-01-16,33-2001,2,33.92,"DIESEL, LOW SULPHUR",500-ppm sulphur LSD,2.959,100.37,False,"DIESEL, LOW SULPHUR"
186605,2026-01-16,33-2001,3,90.94,"DIESEL, DYED FUEL",Dyed Diesel Fuel 2. Nontaxable use only,2.519,229.08,False,"DIESEL, DYED FUEL"
186605,2026-01-16,33-2001,4,1.0,Shop,Shop Towel Roll,5.14,5.14,True,Shop
186606,2026-01-16,7337,1,2.57,"GASOLINE, UNLEADED",UNLEADED GASOLINE,2.339,6.01,False,"GASOLINE, UNLEADED"
186606,2026-01-16,7337,2,35.21,"DIESEL, LOW SULPHUR",500-ppm sulphur LSD,2.959,104.19,False,"DIESEL, LOW SULPHUR"
186606,2026-01-16,7337,3,42.42,"DIESEL, DYED FUEL",Dyed Diesel Fuel 2. Nontaxable use only,2.519,106.86,False,"DIESEL, DYED FUEL"
186607,2026-01-16,9378,1,34.49,"GASOLINE, UNLEADED",UNLEADED GASOLINE,2.339,80.67,False,"GASOLINE, UNLEADED"
186607,2026-01-16,9378,2,29.26,"DIESEL, LOW SULPHUR",500-ppm sulphur LSD,2.959,86.58,False,"DIESEL, LOW SULPHUR"
186607,2026-01-16,9378,3,13.22,"DIESEL, DYED FUEL",Dyed Diesel Fuel 2. Nontaxable use only,2.519,33.3,False,"DIESEL, DYED FUEL"
186607,2026-01-16,9378,4,1.0,Shop Towel BX,Shop towel box,27.19,27.19,True,Shop Towel BX
186612,2026-01-16,5469,1,28.6,"DIESEL, LOW SULPHUR",500-ppm sulphur LSD,2.959,84.63,False,"DIESEL, LOW SULPHUR"
186612,2026-01-16,5469,2,4.08,EXHAUST BULK,DIESEL EXHAUST FLUID BULK,7.25,29.58,True,EXHAUST BULK
186612,2026-01-16,5469,3,1.0,Shop Towel BX,Shop towel box,27.19,27.19,True,Shop Towel BX
186613,2026-01-16,12833,1,10.22,"GASOLINE, UNLEADED",UNLEADED GASOLINE,2.339,23.9,False,"GASOLINE, UNLEADED"
186613,2026-01-16,12833,2,29.12,"DIESEL, LOW SULPHUR",500-ppm sulphur LSD,2.959,86.17,False,"DIESEL, LOW SULPHUR"
186613,2026-01-16,12833,3,2.0,WYPALL,Wypall Wipes,11.04,22.08,True,WYPALL
186614,2026-01-16,9377,1,19.19,"DIESEL, LOW SULPHUR",500-ppm sulphur LSD,2.959,56.78,False,"DIESEL, LOW SULPHUR"
186614,2026-01-16,9377,2,71.59,"DIESEL, DYED FUEL",Dyed Diesel Fuel 2. Nontaxable use only,2.519,180.34,False,"DIESEL, DYED FUEL"
186614,2026-01-16,9377,3,27.2,"GASOLINE, UNLEADED",UNLEADED GASOLINE,2.339,63.62,False,"GASOLINE, UNLEADED"
186614,2026-01-16,9377,4,1.0,"WASHER, WIND",Windshield Washer,5.9625,5.96,True,"WASHER, WIND"
186616,2026-01-19,9385,1,22.33,"DIESEL, LOW SULPHUR",500-ppm sulphur LSD,2.979,66.52,False,"DIESEL, LOW SULPHUR"
186616,2026-01-19,9385,2,22.12,"DIESEL, DYED FUEL",Dyed Diesel Fuel 2. Nontaxable use only,2.539,56.16,False,"DIESEL, DYED FUEL"
186624,2026-01-19,7351,1,36.24,"DIESEL, LOW SULPHUR",500-ppm sulphur LSD,2.979,107.96,False,"DIESEL, LOW SULPHUR"
186625,2026-01-19,7354,1,18.63,"DIESEL, LOW SULPHUR",500-ppm sulphur LSD,2.979,55.5,False,"DIESEL, LOW SULPHUR"
186626,2026-01-14,7345,1,36.11,"DIESEL, LOW SULPHUR",500-ppm sulphur LSD,3.019,109.02,False,"DIESEL, LOW SULPHUR"
186626,2026-01-14,7345,2,5.96,EXHAUST BULK,DIESEL EXHAUST FLUID BULK,7.25,43.21,True,EXHAUST BULK
186627,2026-01-14,9375,1,96.93,"DIESEL, LOW SULPHUR",500-ppm sulphur LSD,3.019,292.63,False,"DIESEL, LOW SULPHUR"
186628,2026-01-14,5458,1,14.56,"DIESEL, DYED FUEL",Dyed Diesel Fuel 2. Nontaxable use only,2.589,37.7,False,"DIESEL, DYED FUEL"
186628,2026-01-14,5458,2,30.32,"DIESEL, LOW SULPHUR",500-ppm sulphur LSD,3.029,91.84,False,"DIESEL, LOW SULPHUR"
186628,2026-01-14,5458,3,8.36,"GASOLINE, UNLEADED",UNLEADED GASOLINE,2.399,20.06,False,"GASOLINE, UNLEADED"
186628,2026-01-14,5458,4,2.52,EXHAUST BULK,DIESEL EXHAUST FLUID BULK,7.25,18.27,True,EXHAUST BULK
186630,2026-01-20,12841,1,26.13,"DIESEL, LOW SULPHUR",500-ppm sulphur LSD,2.979,77.84,False,"DIESEL, LOW SULPHUR"
186630,2026-01-20,12841,2,78.84,"DIESEL, DYED FUEL",Dyed Diesel Fuel 2. Nontaxable use only,2.539,200.17,False,"DIESEL, DYED FUEL"
186630,2026-01-20,12841,3,1.0,Shop Towel BX,Shop towel box,27.19,27.19,True,Shop Towel BX
186630,2026-01-20,12841,4,2.0,VENT CAP,"2"" Vent Cap",49.325,98.65,True,VENT CAP
186632,2026-01-20,9389,1,100.83,"DIESEL, LOW SULPHUR",500-ppm sulphur LSD,3.079,310.46,False,"DIESEL, LOW SULPHUR"
186632,2026-01-20,9389,2,6.31,EXHAUST BULK,DIESEL EXHAUST FLUID BULK,7.25,45.75,True,EXHAUST BULK
186633,2026-01-20,7359,1,34.19,"DIESEL, DYED FUEL",Dyed Diesel Fuel 2. Nontaxable use only,2.639,90.23,False,"DIESEL, DYED FUEL"
186633,2026-01-20,7359,2,21.51,"DIESEL, LOW SULPHUR",500-ppm sulphur LSD,3.079,66.23,False,"DIESEL, LOW SULPHUR"
186633,2026-01-20,7359,3,22.18,"GASOLINE, UNLEADED",UNLEADED GASOLINE,2.349,52.1,False,"GASOLINE, UNLEADED"
186633,2026-01-20,7359,4,1.0,Gloves Ins,Insulated RR Pair,24.7125,24.71,True,Gloves Ins
186634,2026-01-20,1420,1,4.56,"GASOLINE, UNLEADED",UNLEADED GASOLINE,2.349,10.71,False,"GASOLINE, UNLEADED"
186634,2026-01-20,1420,2,33.42,"DIESEL, LOW SULPHUR",500-ppm sulphur LSD,2.979,99.56,False,"DIESEL, LOW SULPHUR"
186634,2026-01-20,1420,3,77.1,"DIESEL, DYED FUEL",Dyed Diesel Fuel 2. Nontaxable use only,2.539,195.76,False,"DIESEL, DYED FUEL"
186634,2026-01-20,1420,4,1.0,SIMPLE,SIMPLE GREEN 1/G,26.35,26.35,True,SIMPLE
186634,2026-01-20,1420,5,2.0,Shop,Shop Towel Roll,5.14,10.28,True,Shop
186634,2026-01-20,1420,6,1.0,Gloves Ins,Insulated RR Pair,24.7125,24.71,True,Gloves Ins
186635,2026-01-20,12838,1,18.25,"GASOLINE, UNLEADED",UNLEADED GASOLINE,2.349,42.87,False,"GASOLINE, UNLEADED"
186639,2026-01-20,COLVERT EXTENSI,1,31.6,"DIESEL, LOW SULPHUR",500-ppm sulphur LSD,2.979,94.14,False,"DIESEL, LOW SULPHUR"
186639,2026-01-20,COLVERT EXTENSI,2,2.0,P66 SHIELD,P66 SHIELD CHOICE 10W30 1/Q,6.4,12.8,True,P66 SHIELD
186639,2026-01-20,COLVERT EXTENSI,3,4.0,Decals,Decals SMALL,7.15,28.6,True,Decals
186641,2026-01-21,1422,1,11.97,"GASOLINE, UNLEADED",UNLEADED GASOLINE,2.409,28.84,False,"GASOLINE, UNLEADED"
186641,2026-01-21,1422,2,29.58,"DIESEL, LOW SULPHUR",500-ppm sulphur LSD,3.079,91.08,False,"DIESEL, LOW SULPHUR"
186641,2026-01-21,1422,3,54.77,"DIESEL, DYED FUEL",Dyed Diesel Fuel 2. Nontaxable use only,2.639,144.54,False,"DIESEL, DYED FUEL"
186641,2026-01-21,1422,4,1.0,P66 MEGAPLEX,P66 MEGAPLEX XD5 #2 10PK,83.7375,83.74,True,P66 MEGAPLEX
186641,2026-01-21,1422,5,12.0,CYCLE,2-CYCLE OIL,2.1125,25.35,True,CYCLE
186641,2026-01-21,1422,6,1.0,Gloves Ins,Insulated RR Pair,24.7125,24.71,True,Gloves Ins
186642,2026-01-21,9390,1,26.9,"DIESEL, LOW SULPHUR",500-ppm sulphur LSD,3.079,82.83,False,"DIESEL, LOW SULPHUR"
186642,2026-01-21,9390,2,19.73,"DIESEL, DYED FUEL",Dyed Diesel Fuel 2. Nontaxable use only,2.639,52.07,False,"DIESEL, DYED FUEL"
186642,2026-01-21,9390,3,0.4,EXHAUST BULK,DIESEL EXHAUST FLUID BULK,7.25,2.9,True,EXHAUST BULK
186642,2026-01-21,9390,4,1.0,Gloves Ins,Insulated RR Pair,24.7125,24.71,True,Gloves Ins
186643,2026-01-21,ADA-32,1,11.53,"GASOLINE, UNLEADED",UNLEADED GASOLINE,2.409,27.78,False,"GASOLINE, UNLEADED"
186643,2026-01-21,ADA-32,2,46.47,"DIESEL, LOW SULPHUR",500-ppm sulphur LSD,3.079,143.08,False,"DIESEL, LOW SULPHUR"
186643,2026-01-21,ADA-32,3,33.47,"DIESEL, DYED FUEL",Dyed Diesel Fuel 2. Nontaxable use only,2.639,88.33,False,"DIESEL, DYED FUEL"
186643,2026-01-21,ADA-32,4,1.18,EXHAUST BULK,DIESEL EXHAUST FLUID BULK,7.25,8.56,True,EXHAUST BULK
186643,2026-01-21,ADA-32,5,2.0,EXHAUST,DIESEL EXHAUST FLUID 1/2.5,12.99,25.98,True,EXHAUST
186644,2026-01-21,7361,1,74.72,"DIESEL, DYED FUEL",Dyed Diesel Fuel 2. Nontaxable use only,2.639,197.19,False,"DIESEL, DYED FUEL"
186644,2026-01-21,7361,2,21.77,"DIESEL, LOW SULPHUR",500-ppm sulphur LSD,3.079,67.03,False,"DIESEL, LOW SULPHUR"
186644,2026-01-21,7361,3,3.56,"GASOLINE, UNLEADED",UNLEADED GASOLINE,2.409,8.58,False,"GASOLINE, UNLEADED"
186646,2026-01-21,12841,1,19.98,"GASOLINE, UNLEADED",UNLEADED GASOLINE,2.409,48.13,False,"GASOLINE, UNLEADED"
186646,2026-01-21,12841,2,15.48,"DIESEL, LOW SULPHUR",500-ppm sulphur LSD,3.079,47.66,False,"DIESEL, LOW SULPHUR"
186649,2026-01-21,9392,1,122.22,"DIESEL, LOW SULPHUR",500-ppm sulphur LSD,3.079,376.32,False,"DIESEL, LOW SULPHUR"
186649,2026-01-21,9392,2,5.96,EXHAUST BULK,DIESEL EXHAUST FLUID BULK,7.25,43.21,True,EXHAUST BULK
186649,2026-01-21,9392,3,2.0,WYPALL,Wypall Wipes,11.04,22.08,True,WYPALL
186650,2026-01-22,7366,1,21.95,"DIESEL, LOW SULPHUR",500-ppm sulphur LSD,3.129,68.68,False,"DIESEL, LOW SULPHUR"
186652,2026-01-22,9393,1,127.61,"DIESEL, LOW SULPHUR",500-ppm sulphur LSD,3.129,399.29,False,"DIESEL, LOW SULPHUR"
186652,2026-01-22,9393,2,1.0,Shop,Shop Towel Roll,5.14,5.14,True,Shop
186655,2026-01-22,9394,1,14.8,"GASOLINE, UNLEADED",UNLEADED GASOLINE,2.439,36.1,False,"GASOLINE, UNLEADED"
186655,2026-01-22,9394,2,17.4,"DIESEL, LOW SULPHUR",500-ppm sulphur LSD,3.129,54.44,False,"DIESEL, LOW SULPHUR"
186655,2026-01-22,9394,3,19.08,"DIESEL, DYED FUEL",Dyed Diesel Fuel 2. Nontaxable use only,2.689,51.31,False,"DIESEL, DYED FUEL"
186656,2026-01-22,7368,1,35.42,"DIESEL, LOW SULPHUR",500-ppm sulphur LSD,3.129,110.83,False,"DIESEL, LOW SULPHUR"
186657,2026-01-22,12846,1,4.22,"GASOLINE, UNLEADED",UNLEADED GASOLINE,2.439,10.29,False,"GASOLINE, UNLEADED"
186657,2026-01-22,12846,2,34.76,"DIESEL, LOW SULPHUR",500-ppm sulphur LSD,3.129,108.76,False,"DIESEL, LOW SULPHUR"
186658,2026-01-22,0369,1,19.68,"DIESEL, LOW SULPHUR",500-ppm sulphur LSD,3.129,61.58,False,"DIESEL, LOW SULPHUR"
186661,2026-01-23,7370,1,2.34,"GASOLINE, UNLEADED",UNLEADED GASOLINE,2.409,5.64,False,"GASOLINE, UNLEADED"
186661,2026-01-23,7370,2,24.7,"DIESEL, LOW SULPHUR",500-ppm sulphur LSD,3.069,75.8,False,"DIESEL, LOW SULPHUR"
186661,2026-01-23,7370,3,54.4,"DIESEL, DYED FUEL",Dyed Diesel Fuel 2. Nontaxable use only,2.629,143.02,False,"DIESEL, DYED FUEL"
186661,2026-01-23,7370,4,0.63,EXHAUST BULK,DIESEL EXHAUST FLUID BULK,7.25,4.57,True,EXHAUST BULK
186662,2026-01-23,1425,1,25.63,"GASOLINE, UNLEADED",UNLEADED GASOLINE,2.409,61.74,False,"GASOLINE, UNLEADED"
186662,2026-01-23,1425,2,27.65,"DIESEL, LOW SULPHUR",500-ppm sulphur LSD,3.069,84.86,False,"DIESEL, LOW SULPHUR"
186662,2026-01-23,1425,3,88.08,"DIESEL, DYED FUEL",Dyed Diesel Fuel 2. Nontaxable use only,2.629,231.56,False,"DIESEL, DYED FUEL"
186662,2026-01-23,1425,4,1.0,Shop,Shop Towel Roll,5.14,5.14,True,Shop
186662,2026-01-23,1425,5,1.0,"WASHER, WIND",Windshield Washer,5.9625,5.96,True,"WASHER, WIND"
186662,2026-01-23,1425,6,1.0,CLEANER,Brake Parts Cleaner,9.625,9.63,True,CLEANER
186662,2026-01-23,1425,7,1.0,SIMPLE,SIMPLE GREEN 1/G,26.35,26.35,True,SIMPLE
186665,2026-01-23,7373,1,84.01,"DIESEL, DYED FUEL",Dyed Diesel Fuel 2. Nontaxable use only,2.629,220.86,False,"DIESEL, DYED FUEL"
186665,2026-01-23,7373,2,36.72,"DIESEL, LOW SULPHUR",500-ppm sulphur LSD,3.069,112.69,False,"DIESEL, LOW SULPHUR"
186665,2026-01-23,7373,3,1.0,WYPALL,Wypall Wipes,11.04,11.04,True,WYPALL
186667,2026-01-23,5485,1,63.96,"DIESEL, DYED FUEL",Dyed Diesel Fuel 2. Nontaxable use only,2.629,168.15,False,"DIESEL, DYED FUEL"
186667,2026-01-23,5485,2,12.73,"DIESEL, LOW SULPHUR",500-ppm sulphur LSD,3.069,39.07,False,"DIESEL, LOW SULPHUR"
186668,2026-01-23,9403,1,36.13,"DIESEL, DYED FUEL",Dyed Diesel Fuel 2. Nontaxable use only,2.629,94.99,False,"DIESEL, DYED FUEL"
186668,2026-01-23,9403,2,25.87,"DIESEL, LOW SULPHUR",500-ppm sulphur LSD,3.069,79.4,False,"DIESEL, LOW SULPHUR"
186668,2026-01-23,9403,3,4.9,"GASOLINE, UNLEADED",UNLEADED GASOLINE,2.409,11.8,False,"GASOLINE, UNLEADED"
186669,2026-01-23,7376,1,21.45,"GASOLINE, UNLEADED",UNLEADED GASOLINE,2.409,51.67,False,"GASOLINE, UNLEADED"
186669,2026-01-23,7376,2,1.0,Shop,Shop Towel Roll,5.14,5.14,True,Shop
186670,2026-01-23,9404,1,20.3,"GASOLINE, UNLEADED",UNLEADED GASOLINE,2.409,48.9,False,"GASOLINE, UNLEADED"
186670,2026-01-23,9404,2,18.54,"DIESEL, LOW SULPHUR",500-ppm sulphur LSD,3.069,56.9,False,"DIESEL, LOW SULPHUR"
186670,2026-01-23,9404,3,33.26,"DIESEL, DYED FUEL",Dyed Diesel Fuel 2. Nontaxable use only,2.629,87.44,False,"DIESEL, DYED FUEL"
186671,2026-01-23,7377,1,46.12,"DIESEL, DYED FUEL",Dyed Diesel Fuel 2. Nontaxable use only,2.629,121.25,False,"DIESEL, DYED FUEL"
186671,2026-01-23,7377,2,28.97,"DIESEL, LOW SULPHUR",500-ppm sulphur LSD,3.069,88.91,False,"DIESEL, LOW SULPHUR"
186671,2026-01-23,7377,3,8.96,"GASOLINE, UNLEADED",UNLEADED GASOLINE,2.409,21.58,False,"GASOLINE, UNLEADED"
186672,2026-01-23,5480,1,31.78,"DIESEL, DYED FUEL",Dyed Diesel Fuel 2. Nontaxable use only,2.629,83.55,False,"DIESEL, DYED FUEL"
186672,2026-01-23,5480,2,33.51,"DIESEL, LOW SULPHUR",500-ppm sulphur LSD,3.069,102.84,False,"DIESEL, LOW SULPHUR"
186672,2026-01-23,5480,3,8.44,"GASOLINE, UNLEADED",UNLEADED GASOLINE,2.409,20.33,False,"GASOLINE, UNLEADED"
186672,2026-01-23,5480,4,2.0,CYCLE,2-CYCLE OIL,2.1125,4.23,True,CYCLE
186674,2026-01-27,7381,1,31.14,"DIESEL, LOW SULPHUR",500-ppm sulphur LSD,3.109,96.81,False,"DIESEL, LOW SULPHUR"
186677,2026-01-27,7382,1,20.31,"DIESEL, LOW SULPHUR",500-ppm sulphur LSD,3.109,63.14,False,"DIESEL, LOW SULPHUR"
186678,2026-01-27,5487,1,25.93,"DIESEL, LOW SULPHUR",500-ppm sulphur LSD,3.109,80.62,False,"DIESEL, LOW SULPHUR"
186678,2026-01-27,5487,2,64.4,"DIESEL, DYED FUEL",Dyed Diesel Fuel 2. Nontaxable use only,2.669,171.88,False,"DIESEL, DYED FUEL"
186678,2026-01-27,5487,3,2.93,EXHAUST BULK,DIESEL EXHAUST FLUID BULK,7.25,21.24,True,EXHAUST BULK
186678,2026-01-27,5487,4,2.0,Gloves Ins,Insulated RR Pair,24.7125,49.43,True,Gloves Ins
186680,2026-01-28,5488,1,32.88,"DIESEL, LOW SULPHUR",500-ppm sulphur LSD,3.169,104.2,False,"DIESEL, LOW SULPHUR"
186680,2026-01-28,5488,2,53.48,"DIESEL, DYED FUEL",Dyed Diesel Fuel 2. Nontaxable use only,2.729,145.95,False,"DIESEL, DYED FUEL"
186682,2026-01-28,7384,1,77.22,"DIESEL, LOW SULPHUR",500-ppm sulphur LSD,3.169,244.71,False,"DIESEL, LOW SULPHUR"
186682,2026-01-28,7384,2,3.46,EXHAUST BULK,DIESEL EXHAUST FLUID BULK,7.25,25.09,True,EXHAUST BULK
186682,2026-01-28,7384,3,4.37,KEROSENE BULK,KEROSENE BULK,6.259,27.35,False,KEROSENE BULK
186683,2026-01-28,12858,1,49.64,"DIESEL, LOW SULPHUR",500-ppm sulphur LSD,3.169,157.31,False,"DIESEL, LOW SULPHUR"
186683,2026-01-28,12858,2,10.46,"GASOLINE, UNLEADED",UNLEADED GASOLINE,2.439,25.51,False,"GASOLINE, UNLEADED"
186683,2026-01-28,12858,3,1.0,Shop,Shop Towel Roll,5.14,5.14,True,Shop
186687,2026-01-28,12871,1,19.28,"GASOLINE, UNLEADED",UNLEADED GASOLINE,2.439,47.02,False,"GASOLINE, UNLEADED"
186687,2026-01-28,12871,2,1.0,Shop Towel BX,Shop towel box,27.19,27.19,True,Shop Towel BX
186688,2026-01-28,7386,1,35.6,"DIESEL, DYED FUEL",Dyed Diesel Fuel 2. Nontaxable use only,2.729,97.15,False,"DIESEL, DYED FUEL"
186688,2026-01-28,7386,2,32.65,"DIESEL, LOW SULPHUR",500-ppm sulphur LSD,3.169,103.47,False,"DIESEL, LOW SULPHUR"
186688,2026-01-28,7386,3,1.0,WD-40,WD-40,15.525,15.53,True,WD-40
186688,2026-01-28,7386,4,1.0,Shop,Shop Towel Roll,5.14,5.14,True,Shop
186688,2026-01-28,7386,5,1.0,HAND CLEANER,Hand Cleaner,9.8125,9.81,True,HAND CLEANER
186690,2026-01-29,7386,1,15.84,"GASOLINE, UNLEADED",UNLEADED GASOLINE,2.449,38.79,False,"GASOLINE, UNLEADED"
186690,2026-01-29,7386,2,20.62,"DIESEL, LOW SULPHUR",500-ppm sulphur LSD,3.179,65.55,False,"DIESEL, LOW SULPHUR"
186690,2026-01-29,7386,3,25.31,"DIESEL, DYED FUEL",Dyed Diesel Fuel 2. Nontaxable use only,2.739,69.32,False,"DIESEL, DYED FUEL"
186691,2026-01-29,9408,1,26.3,"DIESEL, LOW SULPHUR",500-ppm sulphur LSD,3.179,83.61,False,"DIESEL, LOW SULPHUR"
186691,2026-01-29,9408,2,17.63,"DIESEL, DYED FUEL",Dyed Diesel Fuel 2. Nontaxable use only,2.739,48.29,False,"DIESEL, DYED FUEL"
186691,2026-01-29,9408,3,1.0,Shop Towel BX,Shop towel box,27.19,27.19,True,Shop Towel BX
186691,2026-01-29,9408,4,1.0,PISTOL,PISTOL GREASE GUN,113.99,113.99,True,PISTOL
186696,2026-01-29,12860-ABEL,1,32.29,"DIESEL, LOW SULPHUR",500-ppm sulphur LSD,3.179,102.65,False,"DIESEL, LOW SULPHUR"
186698,2026-01-29,5493,1,66.63,"DIESEL, DYED FUEL",Dyed Diesel Fuel 2. Nontaxable use only,2.739,182.5,False,"DIESEL, DYED FUEL"
186699,2026-01-29,9410,1,100.65,"DIESEL, LOW SULPHUR",500-ppm sulphur LSD,3.179,319.97,False,"DIESEL, LOW SULPHUR"
186700,2026-01-29,7388,1,22.51,"GASOLINE, UNLEADED",UNLEADED GASOLINE,2.579,58.05,False,"GASOLINE, UNLEADED"
186701,2026-01-30,7387,1,34.58,"DIESEL, LOW SULPHUR",500-ppm sulphur LSD,3.219,111.31,False,"DIESEL, LOW SULPHUR"
186701,2026-01-30,7387,2,1.0,PISTOL,PISTOL GREASE GUN,113.99,113.99,True,PISTOL
186701,2026-01-30,7387,3,1.0,P66 MUNLIPLEX,P66 MULTIPLEX 600 #2 10PK,58.2,58.2,True,P66 MUNLIPLEX
186701,2026-01-30,7387,4,1.0,VENT CAP,"2"" Vent Cap",49.325,49.33,True,VENT CAP
186702,2026-01-30,9411,1,5.0,"GASOLINE, UNLEADED",UNLEADED GASOLINE,2.479,12.4,False,"GASOLINE, UNLEADED"
186702,2026-01-30,9411,2,19.88,"DIESEL, LOW SULPHUR",500-ppm sulphur LSD,3.219,63.99,False,"DIESEL, LOW SULPHUR"
186702,2026-01-30,9411,3,23.01,"DIESEL, DYED FUEL",Dyed Diesel Fuel 2. Nontaxable use only,2.779,63.94,False,"DIESEL, DYED FUEL"
186702,2026-01-30,9411,4,1.0,GLOVES,LEATHER RR PAIR,22.675,22.68,True,GLOVES
186703,2026-01-30,7390,1,9.84,"GASOLINE, UNLEADED",UNLEADED GASOLINE,2.479,24.39,False,"GASOLINE, UNLEADED"
186703,2026-01-30,7390,2,21.23,"DIESEL, LOW SULPHUR",500-ppm sulphur LSD,3.219,68.34,False,"DIESEL, LOW SULPHUR"
186704,2026-01-30,12877,1,19.46,"DIESEL, LOW SULPHUR",500-ppm sulphur LSD,3.219,62.64,False,"DIESEL, LOW SULPHUR"
186704,2026-01-30,12877,2,3.0,"GREASE, GUN",LEAVER GREASE GUN,94.8635,284.59,True,"GREASE, GUN"
186704,2026-01-30,12877,3,1.0,P66 MUNLIPLEX,P66 MULTIPLEX 600 #2 10PK,58.2,58.2,True,P66 MUNLIPLEX
186704,2026-01-30,12877,4,1.0,Shop Towel BX,Shop towel box,27.19,27.19,True,Shop Towel BX
186704,2026-01-30,12877,5,1.0,CLEANER,Brake Parts Cleaner,9.625,9.63,True,CLEANER
186705,2026-01-30,12878,1,20.4,"GASOLINE, UNLEADED",UNLEADED GASOLINE,2.479,50.57,False,"GASOLINE, UNLEADED"
186708,2026-01-30,9414,1,26.15,"DIESEL, LOW SULPHUR",500-ppm sulphur LSD,3.219,84.18,False,"DIESEL, LOW SULPHUR"
186709,2026-01-30,9412,1,107.16,"DIESEL, LOW SULPHUR",500-ppm sulphur LSD,3.219,344.95,False,"DIESEL, LOW SULPHUR"
186709,2026-01-30,9412,2,4.61,EXHAUST BULK,DIESEL EXHAUST FLUID BULK,7.25,33.42,True,EXHAUST BULK
186710,2026-01-30,12880,1,13.44,"GASOLINE, UNLEADED",UNLEADED GASOLINE,2.479,33.32,False,"GASOLINE, UNLEADED"
186710,2026-01-30,12880,2,7.91,"DIESEL, LOW SULPHUR",500-ppm sulphur LSD,3.219,25.46,False,"DIESEL, LOW SULPHUR"
186713,2026-01-30,7383,1,23.0,"DIESEL, LOW SULPHUR",500-ppm sulphur LSD,3.219,74.04,False,"DIESEL, LOW SULPHUR"
186716,2026-01-30,9415,1,25.3,"GASOLINE, UNLEADED",UNLEADED GASOLINE,2.489,62.97,False,"GASOLINE, UNLEADED"
186716,2026-01-30,9415,2,16.13,"DIESEL, LOW SULPHUR",500-ppm sulphur LSD,3.239,52.25,False,"DIESEL, LOW SULPHUR"
186716,2026-01-30,9415,3,58.17,"DIESEL, DYED FUEL",Dyed Diesel Fuel 2. Nontaxable use only,2.799,162.82,False,"DIESEL, DYED FUEL"
186718,2026-01-31,7395,1,35.94,"DIESEL, LOW SULPHUR",500-ppm sulphur LSD,3.239,116.41,False,"DIESEL, LOW SULPHUR"
186718,2026-01-31,7395,2,67.72,"DIESEL, DYED FUEL",Dyed Diesel Fuel 2. Nontaxable use only,2.799,189.55,False,"DIESEL, DYED FUEL"
186718,2026-01-31,7395,3,1.0,EXHAUST,DIESEL EXHAUST FLUID 1/2.5,12.99,12.99,True,EXHAUST
186726,2026-02-02,9417,1,14.54,"GASOLINE, UNLEADED",UNLEADED GASOLINE,2.489,36.19,False,"GASOLINE, UNLEADED"
186726,2026-02-02,9417,2,18.53,"DIESEL, LOW SULPHUR",500-ppm sulphur LSD,3.239,60.02,False,"DIESEL, LOW SULPHUR"
186726,2026-02-02,9417,3,19.02,"DIESEL, DYED FUEL",Dyed Diesel Fuel 2. Nontaxable use only,2.799,53.24,False,"DIESEL, DYED FUEL"
186734,2026-02-02,1427,1,81.05,"DIESEL, DYED FUEL",Dyed Diesel Fuel 2. Nontaxable use only,2.799,226.86,False,"DIESEL, DYED FUEL"
186734,2026-02-02,1427,2,31.81,"DIESEL, LOW SULPHUR",500-ppm sulphur LSD,3.239,103.03,False,"DIESEL, LOW SULPHUR"
186734,2026-02-02,1427,3,5.03,"GASOLINE, UNLEADED",UNLEADED GASOLINE,2.489,12.52,False,"GASOLINE, UNLEADED"
186737,2026-02-02,9419,1,144.14,"DIESEL, LOW SULPHUR",500-ppm sulphur LSD,3.239,466.87,False,"DIESEL, LOW SULPHUR"
186738,2026-02-02,7388,1,22.57,"GASOLINE, UNLEADED",UNLEADED GASOLINE,2.409,54.37,False,"GASOLINE, UNLEADED"
186741,2026-02-03,9421,1,4.7,"GASOLINE, UNLEADED",UNLEADED GASOLINE,2.409,11.32,False,"GASOLINE, UNLEADED"
186741,2026-02-03,9421,2,26.61,"DIESEL, LOW SULPHUR",500-ppm sulphur LSD,3.079,81.93,False,"DIESEL, LOW SULPHUR"
186742,2026-02-03,7398,1,3.96,"GASOLINE, UNLEADED",UNLEADED GASOLINE,2.409,9.54,False,"GASOLINE, UNLEADED"
186742,2026-02-03,7398,2,25.91,"DIESEL, LOW SULPHUR",500-ppm sulphur LSD,3.079,79.78,False,"DIESEL, LOW SULPHUR"
186742,2026-02-03,7398,3,15.79,"DIESEL, DYED FUEL",Dyed Diesel Fuel 2. Nontaxable use only,2.639,41.67,False,"DIESEL, DYED FUEL"
186742,2026-02-03,7398,4,0.6,EXHAUST BULK,DIESEL EXHAUST FLUID BULK,7.25,4.35,True,EXHAUST BULK
186743,2026-02-03,7379,1,4.93,"GASOLINE, UNLEADED",UNLEADED GASOLINE,2.409,11.88,False,"GASOLINE, UNLEADED"
186743,2026-02-03,7379,2,19.54,"DIESEL, LOW SULPHUR",500-ppm sulphur LSD,3.079,60.16,False,"DIESEL, LOW SULPHUR"
186743,2026-02-03,7379,3,62.77,"DIESEL, DYED FUEL",Dyed Diesel Fuel 2. Nontaxable use only,2.639,165.65,False,"DIESEL, DYED FUEL"
186744,2026-02-03,1427,1,34.7,"DIESEL, LOW SULPHUR",500-ppm sulphur LSD,3.079,106.84,False,"DIESEL, LOW SULPHUR"
186744,2026-02-03,1427,2,40.2,"DIESEL, DYED FUEL",Dyed Diesel Fuel 2. Nontaxable use only,2.639,106.09,False,"DIESEL, DYED FUEL"
186746,2026-02-03,7398,1,31.73,"DIESEL, LOW SULPHUR",500-ppm sulphur LSD,3.079,97.7,False,"DIESEL, LOW SULPHUR"
186746,2026-02-03,7398,2,35.65,"DIESEL, DYED FUEL",Dyed Diesel Fuel 2. Nontaxable use only,2.639,94.08,False,"DIESEL, DYED FUEL"
186747,2026-02-03,12887,1,5.77,"GASOLINE, UNLEADED",UNLEADED GASOLINE,2.409,13.9,False,"GASOLINE, UNLEADED"
186747,2026-02-03,12887,2,58.11,"DIESEL, LOW SULPHUR",500-ppm sulphur LSD,3.079,178.92,False,"DIESEL, LOW SULPHUR"
186747,2026-02-03,12887,3,1.0,Shop Towel BX,Shop towel box,27.19,27.19,True,Shop Towel BX
186748,2026-02-03,12890,1,19.15,"GASOLINE, UNLEADED",UNLEADED GASOLINE,2.409,46.13,False,"GASOLINE, UNLEADED"
186754,2026-02-03,9422,1,13.27,"DIESEL, LOW SULPHUR",500-ppm sulphur LSD,3.079,40.86,False,"DIESEL, LOW SULPHUR"
186754,2026-02-03,9422,2,5.9,"GASOLINE, UNLEADED",UNLEADED GASOLINE,2.409,14.21,False,"GASOLINE, UNLEADED"
186754,2026-02-03,9422,3,2.0,EXHAUST,DIESEL EXHAUST FLUID 1/2.5,12.99,25.98,True,EXHAUST
186755,2026-02-04,FJJ9191,1,26.06,"DIESEL, LOW SULPHUR",500-ppm sulphur LSD,3.119,81.28,False,"DIESEL, LOW SULPHUR"
186755,2026-02-04,FJJ9191,2,2.0,EXHAUST,DIESEL EXHAUST FLUID 1/2.5,12.99,25.98,True,EXHAUST
186758,2026-02-04,12893,1,34.92,"DIESEL, LOW SULPHUR",500-ppm sulphur LSD,3.119,108.92,False,"DIESEL, LOW SULPHUR"
186759,2026-02-04,ADA332009,1,78.26,"DIESEL, DYED FUEL",Dyed Diesel Fuel 2. Nontaxable use only,2.679,209.66,False,"DIESEL, DYED FUEL"
186759,2026-02-04,ADA332009,2,36.71,"DIESEL, LOW SULPHUR",500-ppm sulphur LSD,3.119,114.5,False,"DIESEL, LOW SULPHUR"
186761,2026-02-05,9424,1,97.75,"DIESEL, LOW SULPHUR",500-ppm sulphur LSD,3.199,312.7,False,"DIESEL, LOW SULPHUR"
186762,2026-02-05,7400,1,67.78,"DIESEL, DYED FUEL",Dyed Diesel Fuel 2. Nontaxable use only,2.759,187.01,False,"DIESEL, DYED FUEL"
186762,2026-02-05,7400,2,23.82,"DIESEL, LOW SULPHUR",500-ppm sulphur LSD,3.199,76.2,False,"DIESEL, LOW SULPHUR"
186762,2026-02-05,7400,3,10.09,"GASOLINE, UNLEADED",UNLEADED GASOLINE,2.539,25.62,False,"GASOLINE, UNLEADED"
186765,2026-02-05,9426,1,19.0,"GASOLINE, UNLEADED",UNLEADED GASOLINE,2.539,48.24,False,"GASOLINE, UNLEADED"
186765,2026-02-05,9426,2,17.44,"DIESEL, LOW SULPHUR",500-ppm sulphur LSD,3.199,55.79,False,"DIESEL, LOW SULPHUR"
186765,2026-02-05,9426,3,19.85,"DIESEL, DYED FUEL",Dyed Diesel Fuel 2. Nontaxable use only,2.759,54.77,False,"DIESEL, DYED FUEL"
186765,2026-02-05,9426,4,2.34,EXHAUST BULK,DIESEL EXHAUST FLUID BULK,7.25,16.97,True,EXHAUST BULK
186765,2026-02-05,9426,5,1.0,EXHAUST,DIESEL EXHAUST FLUID 1/2.5,12.99,12.99,True,EXHAUST
186765,2026-02-05,9426,6,1.0,Shop Towel BX,Shop towel box,27.19,27.19,True,Shop Towel BX
186765,2026-02-05,9426,7,1.0,LUCAS,Lucas Fuel Treatment EACH,16.1625,16.16,True,LUCAS
186765,2026-02-05,9426,8,12.0,CYCLE,2-CYCLE OIL,2.1125,25.35,True,CYCLE
186766,2026-02-05,7402,1,3.7,"GASOLINE, UNLEADED",UNLEADED GASOLINE,2.539,9.39,False,"GASOLINE, UNLEADED"
186766,2026-02-05,7402,2,20.64,"DIESEL, LOW SULPHUR",500-ppm sulphur LSD,3.199,66.03,False,"DIESEL, LOW SULPHUR"
186767,2026-02-05,12892,1,17.98,"GASOLINE, UNLEADED",UNLEADED GASOLINE,2.539,45.65,False,"GASOLINE, UNLEADED"
186770,2026-02-05,5504,1,39.3,"DIESEL, LOW SULPHUR",500-ppm sulphur LSD,3.199,125.72,False,"DIESEL, LOW SULPHUR"
186770,2026-02-05,5504,2,38.25,"DIESEL, DYED FUEL",Dyed Diesel Fuel 2. Nontaxable use only,2.759,105.53,False,"DIESEL, DYED FUEL"
186770,2026-02-05,5504,3,14.77,"GASOLINE, UNLEADED",UNLEADED GASOLINE,2.539,37.5,False,"GASOLINE, UNLEADED"
186773,2026-02-02,,1,,GAS STATION,Gas & Others (Gas Station),57.95,57.95,False,GAS STATION
186773,2026-02-02,,2,,GAS STATION,Gas & Others (Gas Station),75.01,75.01,False,GAS STATION
186773,2026-02-02,,3,,GAS STATION,Gas & Others (Gas Station),57.68,57.68,False,GAS STATION
186773,2026-02-02,,4,,GAS STATION,Gas & Others (Gas Station),62.4,62.4,False,GAS STATION
186776,2026-02-06,9427,1,25.0,"GASOLINE, UNLEADED",UNLEADED GASOLINE,2.509,62.73,False,"GASOLINE, UNLEADED"
186776,2026-02-06,9427,2,18.94,"DIESEL, LOW SULPHUR",500-ppm sulphur LSD,3.149,59.64,False,"DIESEL, LOW SULPHUR"
186776,2026-02-06,9427,3,34.51,"DIESEL, DYED FUEL",Dyed Diesel Fuel 2. Nontaxable use only,2.709,93.49,False,"DIESEL, DYED FUEL"
186777,2026-02-06,1437,1,89.56,"DIESEL, DYED FUEL",Dyed Diesel Fuel 2. Nontaxable use only,2.709,242.62,False,"DIESEL, DYED FUEL"
186777,2026-02-06,1437,2,30.61,"DIESEL, LOW SULPHUR",500-ppm sulphur LSD,3.149,96.39,False,"DIESEL, LOW SULPHUR"
186780,2026-02-06,7407,1,22.26,"GASOLINE, UNLEADED",UNLEADED GASOLINE,2.509,55.85,False,"GASOLINE, UNLEADED"
186781,2026-02-06,9432,1,27.94,"DIESEL, DYED FUEL",Dyed Diesel Fuel 2. Nontaxable use only,2.709,75.69,False,"DIESEL, DYED FUEL"
186781,2026-02-06,9432,2,26.65,"DIESEL, LOW SULPHUR",500-ppm sulphur LSD,3.149,83.92,False,"DIESEL, LOW SULPHUR"
186781,2026-02-06,9432,3,4.64,"GASOLINE, UNLEADED",UNLEADED GASOLINE,2.509,11.64,False,"GASOLINE, UNLEADED"
186781,2026-02-06,9432,4,1.0,"WASHER, WIND",Windshield Washer,5.9625,5.96,True,"WASHER, WIND"
186782,2026-02-06,7409 MCNEIL RD,1,41.34,"DIESEL, LOW SULPHUR",500-ppm sulphur LSD,3.149,130.18,False,"DIESEL, LOW SULPHUR"
186783,2026-02-06,7410,1,18.56,"DIESEL, LOW SULPHUR",500-ppm sulphur LSD,3.149,58.45,False,"DIESEL, LOW SULPHUR"
186784,2026-02-06,12900,1,8.05,"DIESEL, LOW SULPHUR",500-ppm sulphur LSD,3.149,25.35,False,"DIESEL, LOW SULPHUR"
186784,2026-02-06,12900,2,27.91,"GASOLINE, UNLEADED",UNLEADED GASOLINE,2.509,70.03,False,"GASOLINE, UNLEADED"
186784,2026-02-06,12900,3,4.0,SHIELD CHOICE,P66 SHIELD CHOICE 10W30 1/Q,6.4,25.6,True,SHIELD CHOICE
186788,2026-02-06,7414,1,3.0,Shop,Shop Towel Roll,5.14,15.42,True,Shop
186788,2026-02-06,7414,2,24.31,"DIESEL, LOW SULPHUR",500-ppm sulphur LSD,3.149,76.55,False,"DIESEL, LOW SULPHUR"
186791,2026-02-07,7413,1,43.0,"DIESEL, LOW SULPHUR",500-ppm sulphur LSD,3.159,135.84,False,"DIESEL, LOW SULPHUR"
186791,2026-02-07,7413,2,3.31,EXHAUST BULK,DIESEL EXHAUST FLUID BULK,7.25,24.0,True,EXHAUST BULK
186792,2026-02-07,7415,1,40.03,"DIESEL, DYED FUEL",Dyed Diesel Fuel 2. Nontaxable use only,2.719,108.84,False,"DIESEL, DYED FUEL"
186792,2026-02-07,7415,2,30.18,"DIESEL, LOW SULPHUR",500-ppm sulphur LSD,3.159,95.34,False,"DIESEL, LOW SULPHUR"
186792,2026-02-07,7415,3,9.94,"GASOLINE, UNLEADED",UNLEADED GASOLINE,2.529,25.14,False,"GASOLINE, UNLEADED"
186792,2026-02-07,7415,4,1.0,Shop,Shop Towel Roll,5.14,5.14,True,Shop
186792,2026-02-07,7415,5,2.0,CYCLE,2-CYCLE OIL,2.1125,4.23,True,CYCLE
186793,2026-02-09,12904,1,35.89,"DIESEL, LOW SULPHUR",500-ppm sulphur LSD,3.159,113.38,False,"DIESEL, LOW SULPHUR"
186794,2026-02-09,7417,1,9.4,"GASOLINE, UNLEADED",UNLEADED GASOLINE,2.529,23.77,False,"GASOLINE, UNLEADED"
186794,2026-02-09,7417,2,33.15,"DIESEL, LOW SULPHUR",500-ppm sulphur LSD,3.159,104.72,False,"DIESEL, LOW SULPHUR"
186798,2026-02-09,9434,1,119.66,"DIESEL, LOW SULPHUR",500-ppm sulphur LSD,3.159,378.01,False,"DIESEL, LOW SULPHUR"
186798,2026-02-09,9434,2,5.78,EXHAUST BULK,DIESEL EXHAUST FLUID BULK,7.25,41.91,True,EXHAUST BULK
186798,2026-02-09,9434,3,1.0,Shop Towel BX,Shop towel box,27.19,27.19,True,Shop Towel BX
186804,2026-02-10,1433,1,8.5,"GASOLINE, UNLEADED",UNLEADED GASOLINE,2.559,21.75,False,"GASOLINE, UNLEADED"
186804,2026-02-10,1433,2,30.67,"DIESEL, LOW SULPHUR",500-ppm sulphur LSD,3.159,96.89,False,"DIESEL, LOW SULPHUR"
186804,2026-02-10,1433,3,29.25,"DIESEL, DYED FUEL",Dyed Diesel Fuel 2. Nontaxable use only,2.719,79.53,False,"DIESEL, DYED FUEL"
186804,2026-02-10,1433,4,1.52,EXHAUST BULK,DIESEL EXHAUST FLUID BULK,7.25,11.02,True,EXHAUST BULK
186805,2026-02-10,9437,1,6.5,"GASOLINE, UNLEADED",UNLEADED GASOLINE,2.559,16.63,False,"GASOLINE, UNLEADED"
186805,2026-02-10,9437,2,20.26,"DIESEL, LOW SULPHUR",500-ppm sulphur LSD,3.159,64.0,False,"DIESEL, LOW SULPHUR"
186805,2026-02-10,9437,3,37.46,"DIESEL, DYED FUEL",Dyed Diesel Fuel 2. Nontaxable use only,2.719,101.85,False,"DIESEL, DYED FUEL"
186806,2026-02-10,9436,1,8.4,"GASOLINE, UNLEADED",UNLEADED GASOLINE,2.559,21.5,False,"GASOLINE, UNLEADED"
186806,2026-02-10,9436,2,34.1,"DIESEL, LOW SULPHUR",500-ppm sulphur LSD,3.159,107.72,False,"DIESEL, LOW SULPHUR"
186806,2026-02-10,9436,3,4.99,EXHAUST BULK,DIESEL EXHAUST FLUID BULK,7.25,36.18,True,EXHAUST BULK
186807,2026-02-10,20905,1,11.25,"GASOLINE, UNLEADED",UNLEADED GASOLINE,2.559,28.79,False,"GASOLINE, UNLEADED"
186807,2026-02-10,20905,2,32.78,"DIESEL, LOW SULPHUR",500-ppm sulphur LSD,3.159,103.55,False,"DIESEL, LOW SULPHUR"
186807,2026-02-10,20905,3,71.78,"DIESEL, DYED FUEL",Dyed Diesel Fuel 2. Nontaxable use only,2.719,195.17,False,"DIESEL, DYED FUEL"
186809,2026-02-10,9435,1,148.01,"DIESEL, LOW SULPHUR",500-ppm sulphur LSD,3.159,467.56,False,"DIESEL, LOW SULPHUR"
186809,2026-02-10,9435,2,1.0,Shop,Shop Towel Roll,5.14,5.14,True,Shop
186809,2026-02-10,9435,3,9.9,EXHAUST BULK,DIESEL EXHAUST FLUID BULK,7.25,71.78,True,EXHAUST BULK
186809,2026-02-10,9435,4,1.0,Book,INSPECTION BOOK,12.375,12.38,True,Book
186810,2026-02-10,12906,1,19.0,"GASOLINE, UNLEADED",UNLEADED GASOLINE,2.559,48.62,False,"GASOLINE, UNLEADED"
186812,2026-02-10,1439,1,45.58,"DIESEL, DYED FUEL",Dyed Diesel Fuel 2. Nontaxable use only,2.719,123.93,False,"DIESEL, DYED FUEL"
186812,2026-02-10,1439,2,40.16,"DIESEL, LOW SULPHUR",500-ppm sulphur LSD,3.159,126.87,False,"DIESEL, LOW SULPHUR"
186812,2026-02-10,1439,3,8.36,"GASOLINE, UNLEADED",UNLEADED GASOLINE,2.559,21.39,False,"GASOLINE, UNLEADED"
186814,2026-02-11,7414,1,7.8,"GASOLINE, UNLEADED",UNLEADED GASOLINE,2.529,19.73,False,"GASOLINE, UNLEADED"
186814,2026-02-11,7414,2,22.2,"DIESEL, LOW SULPHUR",500-ppm sulphur LSD,3.159,70.13,False,"DIESEL, LOW SULPHUR"
186814,2026-02-11,7414,3,70.31,"DIESEL, DYED FUEL",Dyed Diesel Fuel 2. Nontaxable use only,2.719,191.17,False,"DIESEL, DYED FUEL"
186815,2026-02-11,7420,1,22.18,"DIESEL, LOW SULPHUR",500-ppm sulphur LSD,3.159,70.07,False,"DIESEL, LOW SULPHUR"
186816,2026-02-11,9439,1,9.69,"GASOLINE, UNLEADED",UNLEADED GASOLINE,2.529,24.51,False,"GASOLINE, UNLEADED"
186816,2026-02-11,9439,2,28.45,"DIESEL, LOW SULPHUR",500-ppm sulphur LSD,3.159,89.87,False,"DIESEL, LOW SULPHUR"
186817,2026-02-11,7424,1,5.72,"GASOLINE, UNLEADED",UNLEADED GASOLINE,2.529,14.47,False,"GASOLINE, UNLEADED"
186817,2026-02-11,7424,2,32.19,"DIESEL, LOW SULPHUR",500-ppm sulphur LSD,3.159,101.69,False,"DIESEL, LOW SULPHUR"
186817,2026-02-11,7424,3,49.8,"DIESEL, DYED FUEL",Dyed Diesel Fuel 2. Nontaxable use only,2.719,135.41,False,"DIESEL, DYED FUEL"
186817,2026-02-11,7424,4,0.6,EXHAUST BULK,DIESEL EXHAUST FLUID BULK,7.25,4.35,True,EXHAUST BULK
186818,2026-02-11,7421,1,31.58,"DIESEL, LOW SULPHUR",500-ppm sulphur LSD,3.159,99.76,False,"DIESEL, LOW SULPHUR"
186820,2026-02-11,12911,1,14.94,"GASOLINE, UNLEADED",UNLEADED GASOLINE,2.529,37.78,False,"GASOLINE, UNLEADED"
186821,2026-02-11,9440,1,105.89,"DIESEL, LOW SULPHUR",500-ppm sulphur LSD,3.159,334.51,False,"DIESEL, LOW SULPHUR"
186821,2026-02-11,9440,2,7.27,EXHAUST BULK,DIESEL EXHAUST FLUID BULK,7.25,52.71,True,EXHAUST BULK
186821,2026-02-11,9440,3,1.0,WYPALL,Wypall Wipes,11.04,11.04,True,WYPALL
186821,2026-02-11,9440,4,1.0,"WASHER, WIND",Windshield Washer,5.96,5.96,True,"WASHER, WIND"
186822,2026-02-12,7432,1,31.91,"DIESEL, LOW SULPHUR",500-ppm sulphur LSD,3.199,102.08,False,"DIESEL, LOW SULPHUR"
186824,2026-02-12,9441,1,25.3,"GASOLINE, UNLEADED",UNLEADED GASOLINE,2.549,64.49,False,"GASOLINE, UNLEADED"
186824,2026-02-12,9441,2,41.03,"DIESEL, DYED FUEL",Dyed Diesel Fuel 2. Nontaxable use only,2.759,113.2,False,"DIESEL, DYED FUEL"
186824,2026-02-12,9441,3,19.89,"DIESEL, LOW SULPHUR",500-ppm sulphur LSD,3.199,63.63,False,"DIESEL, LOW SULPHUR"
186825,2026-02-12,7428,1,4.78,"GASOLINE, UNLEADED",UNLEADED GASOLINE,2.549,12.18,False,"GASOLINE, UNLEADED"
186825,2026-02-12,7428,2,21.56,"DIESEL, LOW SULPHUR",500-ppm sulphur LSD,3.199,68.97,False,"DIESEL, LOW SULPHUR"
186825,2026-02-12,7428,3,39.15,"DIESEL, DYED FUEL",Dyed Diesel Fuel 2. Nontaxable use only,2.759,108.01,False,"DIESEL, DYED FUEL"
186828,2026-02-12,1442,1,69.96,"DIESEL, DYED FUEL",Dyed Diesel Fuel 2. Nontaxable use only,2.759,193.02,False,"DIESEL, DYED FUEL"
186828,2026-02-12,1442,2,33.65,"DIESEL, LOW SULPHUR",500-ppm sulphur LSD,3.199,107.65,False,"DIESEL, LOW SULPHUR"
186828,2026-02-12,1442,3,9.85,"GASOLINE, UNLEADED",UNLEADED GASOLINE,2.549,25.11,False,"GASOLINE, UNLEADED"
186829,2026-02-12,7431,1,63.0,"DIESEL, LOW SULPHUR",500-ppm sulphur LSD,3.199,201.54,False,"DIESEL, LOW SULPHUR"
186829,2026-02-12,7431,2,5.88,"GASOLINE, UNLEADED",UNLEADED GASOLINE,2.549,14.99,False,"GASOLINE, UNLEADED"
186829,2026-02-12,7431,3,2.0,EXHAUST,DIESEL EXHAUST FLUID 1/2.5,12.99,25.98,True,EXHAUST
186830,2026-02-12,5516,1,81.16,"DIESEL, DYED FUEL",Dyed Diesel Fuel 2. Nontaxable use only,2.759,223.92,False,"DIESEL, DYED FUEL"
186832,2026-02-12,9442,1,24.92,"DIESEL, DYED FUEL",Dyed Diesel Fuel 2. Nontaxable use only,2.759,68.75,False,"DIESEL, DYED FUEL"
186832,2026-02-12,9442,2,25.35,"DIESEL, LOW SULPHUR",500-ppm sulphur LSD,3.199,81.09,False,"DIESEL, LOW SULPHUR"
186838,2026-02-13,1444,1,12.37,"GASOLINE, UNLEADED",UNLEADED GASOLINE,2.499,30.91,False,"GASOLINE, UNLEADED"
186838,2026-02-13,1444,2,38.36,"DIESEL, LOW SULPHUR",500-ppm sulphur LSD,3.139,120.41,False,"DIESEL, LOW SULPHUR"
186838,2026-02-13,1444,3,39.74,"DIESEL, DYED FUEL",Dyed Diesel Fuel 2. Nontaxable use only,2.699,107.26,False,"DIESEL, DYED FUEL"
186838,2026-02-13,1444,4,2.0,Shop,Shop Towel Roll,5.14,10.28,True,Shop
186838,2026-02-13,1444,5,1.0,CLEANER,Brake Parts Cleaner,9.625,9.63,True,CLEANER
186838,2026-02-13,1444,6,1.0,SIMPLE,SIMPLE GREEN 1/G,26.35,26.35,True,SIMPLE
186841,2026-02-13,12919,1,20.15,"GASOLINE, UNLEADED",UNLEADED GASOLINE,2.499,50.35,False,"GASOLINE, UNLEADED"
186848,2026-02-16,7429,1,33.62,"DIESEL, LOW SULPHUR",500-ppm sulphur LSD,3.139,105.53,False,"DIESEL, LOW SULPHUR"
186849,2026-02-16,7438,1,6.46,"GASOLINE, UNLEADED",UNLEADED GASOLINE,2.499,16.14,False,"GASOLINE, UNLEADED"
186849,2026-02-16,7438,2,39.82,"DIESEL, LOW SULPHUR",500-ppm sulphur LSD,3.139,124.99,False,"DIESEL, LOW SULPHUR"
186849,2026-02-16,7438,3,31.11,"DIESEL, DYED FUEL",Dyed Diesel Fuel 2. Nontaxable use only,2.699,83.97,False,"DIESEL, DYED FUEL"
186849,2026-02-16,7438,4,1.0,"GLASS, CLEANER",GLASS CLEANER EACH,5.4375,5.44,True,"GLASS, CLEANER"
186849,2026-02-16,7438,5,1.0,Shop,Shop Towel Roll,5.14,5.14,True,Shop
186853,2026-02-16,7441,1,32.3,"DIESEL, DYED FUEL",Dyed Diesel Fuel 2. Nontaxable use only,2.699,87.18,False,"DIESEL, DYED FUEL"
186853,2026-02-16,7441,2,32.13,"DIESEL, LOW SULPHUR",500-ppm sulphur LSD,3.139,100.86,False,"DIESEL, LOW SULPHUR"
186853,2026-02-16,7441,3,18.06,"GASOLINE, UNLEADED",UNLEADED GASOLINE,2.499,45.13,False,"GASOLINE, UNLEADED"
186854,2026-02-16,9452,1,65.86,"DIESEL, LOW SULPHUR",500-ppm sulphur LSD,3.139,206.73,False,"DIESEL, LOW SULPHUR"
186854,2026-02-16,9452,2,5.14,EXHAUST BULK,DIESEL EXHAUST FLUID BULK,7.25,37.27,True,EXHAUST BULK
186854,2026-02-16,9452,3,1.0,P66,P66 GUARDOL ECT(Ti) 15W40 1/G,26.85,26.85,True,P66
186855,2026-02-16,5520,1,39.92,"DIESEL, DYED FUEL",Dyed Diesel Fuel 2. Nontaxable use only,2.699,107.74,False,"DIESEL, DYED FUEL"
186855,2026-02-16,5520,2,32.7,"DIESEL, LOW SULPHUR",500-ppm sulphur LSD,3.139,102.65,False,"DIESEL, LOW SULPHUR"
186855,2026-02-16,5520,3,4.88,"GASOLINE, UNLEADED",UNLEADED GASOLINE,2.499,12.2,False,"GASOLINE, UNLEADED"
186856,2026-02-16,ADA 32 N LAMAR,1,39.45,"DIESEL, LOW SULPHUR",500-ppm sulphur LSD,3.139,123.83,False,"DIESEL, LOW SULPHUR"
186856,2026-02-16,ADA 32 N LAMAR,2,61.49,"DIESEL, DYED FUEL",Dyed Diesel Fuel 2. Nontaxable use only,2.699,165.96,False,"DIESEL, DYED FUEL"
186856,2026-02-16,ADA 32 N LAMAR,3,10.3,"GASOLINE, UNLEADED",UNLEADED GASOLINE,2.499,25.74,False,"GASOLINE, UNLEADED"
186856,2026-02-16,ADA 32 N LAMAR,4,1.0,Shop Towel BX,Shop towel box,27.19,27.19,True,Shop Towel BX
186859,2026-02-17,9453,1,14.8,"GASOLINE, UNLEADED",UNLEADED GASOLINE,2.499,36.99,False,"GASOLINE, UNLEADED"
186859,2026-02-17,9453,2,21.51,"DIESEL, LOW SULPHUR",500-ppm sulphur LSD,3.139,67.52,False,"DIESEL, LOW SULPHUR"
186859,2026-02-17,9453,3,49.53,"DIESEL, DYED FUEL",Dyed Diesel Fuel 2. Nontaxable use only,2.699,133.68,False,"DIESEL, DYED FUEL"
186861,2026-02-17,12930,1,7.39,"GASOLINE, UNLEADED",UNLEADED GASOLINE,2.499,18.47,False,"GASOLINE, UNLEADED"
186861,2026-02-17,12930,2,26.86,"DIESEL, LOW SULPHUR",500-ppm sulphur LSD,3.139,84.31,False,"DIESEL, LOW SULPHUR"
186861,2026-02-17,12930,3,82.93,"DIESEL, DYED FUEL",Dyed Diesel Fuel 2. Nontaxable use only,2.699,223.83,False,"DIESEL, DYED FUEL"
186861,2026-02-17,12930,4,1.0,Shop Towel BX,Shop towel box,27.19,27.19,True,Shop Towel BX
186864,2026-02-17,MCNEIL RD ADA 3,1,55.02,"DIESEL, DYED FUEL",Dyed Diesel Fuel 2. Nontaxable use only,2.699,148.5,False,"DIESEL, DYED FUEL"
186864,2026-02-17,MCNEIL RD ADA 3,2,1.0,P66 MUNLIPLEX,P66 MULTIPLEX 600 #2 10PK,58.2,58.2,True,P66 MUNLIPLEX
186864,2026-02-17,MCNEIL RD ADA 3,3,2.0,Shop,Shop Towel Roll,5.14,10.28,True,Shop
186865,2026-02-17,12935,1,19.74,"GASOLINE, UNLEADED",UNLEADED GASOLINE,2.499,49.33,False,"GASOLINE, UNLEADED"
186867,2026-02-17,7451,1,23.43,"GASOLINE, UNLEADED",UNLEADED GASOLINE,2.499,58.55,False,"GASOLINE, UNLEADED"
186868,2026-02-17,9455,1,22.21,"DIESEL, LOW SULPHUR",500-ppm sulphur LSD,3.139,69.72,False,"DIESEL, LOW SULPHUR"
186868,2026-02-17,9455,2,1.0,PISTOL,PISTOL GREASE GUN,113.99,113.99,True,PISTOL
186869,2026-02-17,9456,1,20.84,"DIESEL, LOW SULPHUR",500-ppm sulphur LSD,3.139,65.42,False,"DIESEL, LOW SULPHUR"
186869,2026-02-17,9456,2,18.74,"DIESEL, DYED FUEL",Dyed Diesel Fuel 2. Nontaxable use only,2.699,50.58,False,"DIESEL, DYED FUEL"
186869,2026-02-17,9456,3,17.3,"GASOLINE, UNLEADED",UNLEADED GASOLINE,2.499,43.23,False,"GASOLINE, UNLEADED"
186869,2026-02-17,9456,4,2.0,"WASHER, WIND",Windshield Washer,5.9625,11.93,True,"WASHER, WIND"
186869,2026-02-17,9456,5,2.0,WD-40,WD-40,15.525,31.05,True,WD-40
186869,2026-02-17,9456,6,1.0,Shop,Shop Towel Roll,5.14,5.14,True,Shop
186871,2026-02-18,9457,1,160.51,"DIESEL, LOW SULPHUR",500-ppm sulphur LSD,3.149,505.45,False,"DIESEL, LOW SULPHUR"
186873,2026-02-18,12940,1,15.15,"GASOLINE, UNLEADED",UNLEADED GASOLINE,2.609,39.53,False,"GASOLINE, UNLEADED"
186874,2026-02-19,9459,1,9.8,"GASOLINE, UNLEADED",UNLEADED GASOLINE,2.609,25.57,False,"GASOLINE, UNLEADED"
186874,2026-02-19,9459,2,29.97,"DIESEL, LOW SULPHUR",500-ppm sulphur LSD,3.269,97.97,False,"DIESEL, LOW SULPHUR"
186874,2026-02-19,9459,3,1.0,EXHAUST,DIESEL EXHAUST FLUID 1/2.5,12.99,12.99,True,EXHAUST
186875,2026-02-19,7457,1,7.23,"GASOLINE, UNLEADED",UNLEADED GASOLINE,2.609,18.86,False,"GASOLINE, UNLEADED"
186875,2026-02-19,7457,2,30.84,"DIESEL, LOW SULPHUR",500-ppm sulphur LSD,3.269,100.82,False,"DIESEL, LOW SULPHUR"
186875,2026-02-19,7457,3,36.03,"DIESEL, DYED FUEL",Dyed Diesel Fuel 2. Nontaxable use only,2.829,101.93,False,"DIESEL, DYED FUEL"
186875,2026-02-19,7457,4,0.44,EXHAUST BULK,DIESEL EXHAUST FLUID BULK,7.25,3.19,True,EXHAUST BULK
186877,2026-02-19,7457,1,8.8,"GASOLINE, UNLEADED",UNLEADED GASOLINE,2.609,22.96,False,"GASOLINE, UNLEADED"
186877,2026-02-19,7457,2,35.77,"DIESEL, LOW SULPHUR",500-ppm sulphur LSD,3.269,116.93,False,"DIESEL, LOW SULPHUR"
186877,2026-02-19,7457,3,20.82,"DIESEL, DYED FUEL",Dyed Diesel Fuel 2. Nontaxable use only,2.829,58.9,False,"DIESEL, DYED FUEL"
186880,2026-02-19,7460,1,41.93,"DIESEL, LOW SULPHUR",500-ppm sulphur LSD,3.269,137.07,False,"DIESEL, LOW SULPHUR"
186880,2026-02-19,7460,2,2.57,EXHAUST BULK,DIESEL EXHAUST FLUID BULK,7.25,18.63,True,EXHAUST BULK
186880,2026-02-19,7460,3,1.0,WYPALL,Wypall Wipes,11.04,11.04,True,WYPALL
186886,2026-02-20,9456,1,111.54,"DIESEL, LOW SULPHUR",500-ppm sulphur LSD,3.289,366.86,False,"DIESEL, LOW SULPHUR"
186886,2026-02-20,9456,2,2.28,EXHAUST BULK,DIESEL EXHAUST FLUID BULK,7.25,16.53,True,EXHAUST BULK
186886,2026-02-20,9456,3,1.0,P66,P66 GUARDOL XT FS 15W40 1/G,26.6375,26.64,True,P66
186887,2026-02-20,12933,1,7.34,"GASOLINE, UNLEADED",UNLEADED GASOLINE,2.589,19.0,False,"GASOLINE, UNLEADED"
186887,2026-02-20,12933,2,25.2,"DIESEL, LOW SULPHUR",500-ppm sulphur LSD,3.289,82.88,False,"DIESEL, LOW SULPHUR"
186887,2026-02-20,12933,3,1.0,Shop Towel BX,Shop towel box,27.19,27.19,True,Shop Towel BX
186890,2026-02-20,9461,1,105.55,"DIESEL, LOW SULPHUR",500-ppm sulphur LSD,3.289,347.15,False,"DIESEL, LOW SULPHUR"
186892,2026-02-20,12948,1,30.88,"GASOLINE, UNLEADED",UNLEADED GASOLINE,2.589,79.95,False,"GASOLINE, UNLEADED"
186893,2026-02-23,1451,1,5.56,"GASOLINE, UNLEADED",UNLEADED GASOLINE,2.579,14.34,False,"GASOLINE, UNLEADED"
186893,2026-02-23,1451,2,41.55,"DIESEL, LOW SULPHUR",500-ppm sulphur LSD,3.259,135.41,False,"DIESEL, LOW SULPHUR"
186893,2026-02-23,1451,3,41.57,"DIESEL, DYED FUEL",Dyed Diesel Fuel 2. Nontaxable use only,2.819,117.19,False,"DIESEL, DYED FUEL"
186894,2026-02-23,1452,1,9.05,"GASOLINE, UNLEADED",UNLEADED GASOLINE,2.579,23.34,False,"GASOLINE, UNLEADED"
186894,2026-02-23,1452,2,37.91,"DIESEL, LOW SULPHUR",500-ppm sulphur LSD,3.259,123.55,False,"DIESEL, LOW SULPHUR"
186894,2026-02-23,1452,3,67.9,"DIESEL, DYED FUEL",Dyed Diesel Fuel 2. Nontaxable use only,2.819,191.41,False,"DIESEL, DYED FUEL"
186894,2026-02-23,1452,4,1.0,"WASHER, WIND",Windshield Washer,5.9625,5.96,True,"WASHER, WIND"
186894,2026-02-23,1452,5,1.0,Shop,Shop Towel Roll,5.14,5.14,True,Shop
186894,2026-02-23,1452,6,1.0,WD-40,WD-40,15.525,15.53,True,WD-40
186895,2026-02-23,7438,1,30.87,"DIESEL, LOW SULPHUR",500-ppm sulphur LSD,3.259,100.61,False,"DIESEL, LOW SULPHUR"
186896,2026-02-23,5526,1,8.54,"GASOLINE, UNLEADED",UNLEADED GASOLINE,2.579,22.02,False,"GASOLINE, UNLEADED"
186896,2026-02-23,5526,2,28.42,"DIESEL, LOW SULPHUR",500-ppm sulphur LSD,3.259,92.62,False,"DIESEL, LOW SULPHUR"
186896,2026-02-23,5526,3,16.9,"DIESEL, DYED FUEL",Dyed Diesel Fuel 2. Nontaxable use only,2.819,47.64,False,"DIESEL, DYED FUEL"
186896,2026-02-23,5526,4,2.38,EXHAUST BULK,DIESEL EXHAUST FLUID BULK,7.25,17.26,True,EXHAUST BULK
186898,2026-02-23,1454,1,22.81,"DIESEL, LOW SULPHUR",500-ppm sulphur LSD,3.259,74.34,False,"DIESEL, LOW SULPHUR"
186899,2026-02-23,7445,1,32.96,"DIESEL, LOW SULPHUR",500-ppm sulphur LSD,3.259,107.42,False,"DIESEL, LOW SULPHUR"
186905,2026-02-23,9470,1,4.98,"GASOLINE, UNLEADED",UNLEADED GASOLINE,2.579,12.84,False,"GASOLINE, UNLEADED"
186905,2026-02-23,9470,2,29.63,"DIESEL, LOW SULPHUR",500-ppm sulphur LSD,3.259,96.56,False,"DIESEL, LOW SULPHUR"
186905,2026-02-23,9470,3,76.23,"DIESEL, DYED FUEL",Dyed Diesel Fuel 2. Nontaxable use only,2.819,214.89,False,"DIESEL, DYED FUEL"
186905,2026-02-23,9470,4,1.04,EXHAUST BULK,DIESEL EXHAUST FLUID BULK,7.25,7.54,True,EXHAUST BULK
186905,2026-02-23,9470,5,1.0,Shop Towel BX,Shop towel box,27.19,27.19,True,Shop Towel BX
186905,2026-02-23,9470,6,1.0,"GLASS, CLEANER",GLASS CLEANER EACH,5.4375,5.44,True,"GLASS, CLEANER"
186906,2026-02-24,7474,1,34.76,"DIESEL, LOW SULPHUR",500-ppm sulphur LSD,3.279,113.98,False,"DIESEL, LOW SULPHUR"
186906,2026-02-24,7474,2,1.0,Shop,Shop Towel Roll,5.14,5.14,True,Shop
186907,2026-02-24,9471,1,29.02,"DIESEL, LOW SULPHUR",500-ppm sulphur LSD,3.279,95.16,False,"DIESEL, LOW SULPHUR"
186911,2026-02-24,7475,1,19.36,"GASOLINE, UNLEADED",UNLEADED GASOLINE,2.559,49.54,False,"GASOLINE, UNLEADED"
186912,2026-02-24,12949,1,5.73,"GASOLINE, UNLEADED",UNLEADED GASOLINE,2.559,14.66,False,"GASOLINE, UNLEADED"
186912,2026-02-24,12949,2,51.26,"DIESEL, LOW SULPHUR",500-ppm sulphur LSD,3.279,168.08,False,"DIESEL, LOW SULPHUR"
186912,2026-02-24,12949,3,1.0,Shop Towel BX,Shop towel box,27.19,27.19,True,Shop Towel BX
186912,2026-02-24,12949,4,1.0,Starting Fluid,Starting Fluid,7.5375,7.54,True,Starting Fluid
186912,2026-02-24,12949,5,1.0,WD-40,WD-40,15.525,15.53,True,WD-40
186912,2026-02-24,12949,6,1.0,P66 MEGAFLOW,MEGAFLOW AW HYD 46 1/5,92.9545,92.95,True,P66 MEGAFLOW
186914,2026-02-24,12950,1,35.97,"DIESEL, LOW SULPHUR",500-ppm sulphur LSD,3.279,117.95,False,"DIESEL, LOW SULPHUR"
186919,2026-02-24,12952,1,19.25,"GASOLINE, UNLEADED",UNLEADED GASOLINE,2.559,49.26,False,"GASOLINE, UNLEADED"
186920,2026-02-24,7481,1,40.89,"DIESEL, LOW SULPHUR",500-ppm sulphur LSD,3.279,134.08,False,"DIESEL, LOW SULPHUR"
186920,2026-02-24,7481,2,15.56,"DIESEL, DYED FUEL",Dyed Diesel Fuel 2. Nontaxable use only,2.839,44.17,False,"DIESEL, DYED FUEL"
186921,2026-02-25,5530,1,7.54,"GASOLINE, UNLEADED",UNLEADED GASOLINE,2.539,19.14,False,"GASOLINE, UNLEADED"
186921,2026-02-25,5530,2,39.77,"DIESEL, LOW SULPHUR",500-ppm sulphur LSD,3.269,130.01,False,"DIESEL, LOW SULPHUR"
186921,2026-02-25,5530,3,32.33,"DIESEL, DYED FUEL",Dyed Diesel Fuel 2. Nontaxable use only,2.829,91.46,False,"DIESEL, DYED FUEL"
186921,2026-02-25,5530,4,1.0,Shop Towel BX,Shop towel box,27.19,27.19,True,Shop Towel BX
186921,2026-02-25,5530,5,1.0,PISTOL,PISTOL GREASE GUN,113.99,113.99,True,PISTOL
186922,2026-02-25,ADA32,1,4.62,"GASOLINE, UNLEADED",UNLEADED GASOLINE,2.539,11.73,False,"GASOLINE, UNLEADED"
186922,2026-02-25,ADA32,2,49.66,"DIESEL, LOW SULPHUR",500-ppm sulphur LSD,3.269,162.34,False,"DIESEL, LOW SULPHUR"
186922,2026-02-25,ADA32,3,30.06,"DIESEL, DYED FUEL",Dyed Diesel Fuel 2. Nontaxable use only,2.829,85.04,False,"DIESEL, DYED FUEL"
186923,2026-02-25,9472,1,14.6,"GASOLINE, UNLEADED",UNLEADED GASOLINE,2.539,37.07,False,"GASOLINE, UNLEADED"
186923,2026-02-25,9472,2,23.39,"DIESEL, LOW SULPHUR",500-ppm sulphur LSD,3.269,76.46,False,"DIESEL, LOW SULPHUR"
186923,2026-02-25,9472,3,43.05,"DIESEL, DYED FUEL",Dyed Diesel Fuel 2. Nontaxable use only,2.829,121.79,False,"DIESEL, DYED FUEL"
186925,2026-02-25,9460,1,17.5,"DIESEL, LOW SULPHUR",500-ppm sulphur LSD,3.269,57.21,False,"DIESEL, LOW SULPHUR"
186925,2026-02-25,9460,2,80.26,"DIESEL, DYED FUEL",Dyed Diesel Fuel 2. Nontaxable use only,2.829,227.06,False,"DIESEL, DYED FUEL"
186925,2026-02-25,9460,3,19.6,"GASOLINE, UNLEADED",UNLEADED GASOLINE,2.539,49.76,False,"GASOLINE, UNLEADED"
186928,2026-02-26,1456,1,5.25,"GASOLINE, UNLEADED",UNLEADED GASOLINE,2.529,13.28,False,"GASOLINE, UNLEADED"
186928,2026-02-26,1456,2,35.88,"DIESEL, LOW SULPHUR",500-ppm sulphur LSD,3.269,117.29,False,"DIESEL, LOW SULPHUR"
186928,2026-02-26,1456,3,76.99,"DIESEL, DYED FUEL",Dyed Diesel Fuel 2. Nontaxable use only,2.829,217.8,False,"DIESEL, DYED FUEL"
186928,2026-02-26,1456,4,1.0,Shop Towel BX,Shop towel box,27.19,27.19,True,Shop Towel BX
186929,2026-02-26,9473,1,9.84,"GASOLINE, UNLEADED",UNLEADED GASOLINE,2.529,24.89,False,"GASOLINE, UNLEADED"
186929,2026-02-26,9473,2,85.65,"DIESEL, DYED FUEL",Dyed Diesel Fuel 2. Nontaxable use only,2.829,242.3,False,"DIESEL, DYED FUEL"
186929,2026-02-26,9473,3,1.0,Shop,Shop Towel Roll,5.14,5.14,True,Shop
186929,2026-02-26,9473,4,1.0,Shop Towel BX,Shop towel box,27.19,27.19,True,Shop Towel BX
186929,2026-02-26,9473,5,1.0,CLEANER,Brake Parts Cleaner,9.625,9.63,True,CLEANER
186929,2026-02-26,9473,6,1.0,PISTOL,PISTOL GREASE GUN,113.99,113.99,True,PISTOL
186929,2026-02-26,9473,7,1.0,P66-XD5,P66 MEGAPLEX XD5 #2 10PK,77.0385,77.04,True,P66-XD5
186929,2026-02-26,9473,8,12.0,CYCLE,2-CYCLE OIL,2.1125,25.35,True,CYCLE
186929,2026-02-26,9473,9,1.0,WD-40,WD-40,15.525,15.53,True,WD-40
186929,2026-02-26,9473,10,1.0,"GLASS, CLEANER",GLASS CLEANER EACH,5.4375,5.44,True,"GLASS, CLEANER"
186930,2026-02-26,7483,1,6.4,"GASOLINE, UNLEADED",UNLEADED GASOLINE,2.529,16.19,False,"GASOLINE, UNLEADED"
186930,2026-02-26,7483,2,24.07,"DIESEL, LOW SULPHUR",500-ppm sulphur LSD,3.269,78.68,False,"DIESEL, LOW SULPHUR"
186930,2026-02-26,7483,3,1.39,"DIESEL, DYED FUEL",Dyed Diesel Fuel 2. Nontaxable use only,2.829,3.93,False,"DIESEL, DYED FUEL"
186932,2026-02-26,9474,1,95.83,"DIESEL, LOW SULPHUR",500-ppm sulphur LSD,3.269,313.27,False,"DIESEL, LOW SULPHUR"
186932,2026-02-26,9474,2,1.0,Shop Towel BX,Shop towel box,27.19,27.19,True,Shop Towel BX
186932,2026-02-26,9474,3,1.0,GLOVES,LEATHER RR PAIR,22.675,22.68,True,GLOVES
186935,2026-02-26,12959,1,13.24,"GASOLINE, UNLEADED",UNLEADED GASOLINE,2.529,33.48,False,"GASOLINE, UNLEADED"
186935,2026-02-26,12959,2,12.0,Filter,CIM-TEK Filter,29.946,359.35,True,Filter
186936,2026-02-26,7484,1,11.84,"GASOLINE, UNLEADED",UNLEADED GASOLINE,2.529,29.94,False,"GASOLINE, UNLEADED"
186936,2026-02-26,7484,2,12.87,"DIESEL, LOW SULPHUR",500-ppm sulphur LSD,3.269,42.07,False,"DIESEL, LOW SULPHUR"
186936,2026-02-26,7484,3,46.41,"DIESEL, DYED FUEL",Dyed Diesel Fuel 2. Nontaxable use only,2.829,131.29,False,"DIESEL, DYED FUEL"
186936,2026-02-26,7484,4,4.93,EXHAUST BULK,DIESEL EXHAUST FLUID BULK,7.25,35.74,True,EXHAUST BULK
186936,2026-02-26,7484,5,1.0,P66-XD5,P66 MEGAPLEX XD5 #2 10PK,77.0385,77.04,True,P66-XD5
186936,2026-02-26,7484,6,1.0,Shop,Shop Towel Roll,5.14,5.14,True,Shop
186946,2026-02-27,1459,1,4.54,"GASOLINE, UNLEADED",UNLEADED GASOLINE,2.609,11.84,False,"GASOLINE, UNLEADED"
186946,2026-02-27,1459,2,27.88,"DIESEL, LOW SULPHUR",500-ppm sulphur LSD,3.269,91.14,False,"DIESEL, LOW SULPHUR"
186946,2026-02-27,1459,3,34.88,"DIESEL, DYED FUEL",Dyed Diesel Fuel 2. Nontaxable use only,2.829,98.68,False,"DIESEL, DYED FUEL"
186946,2026-02-27,1459,4,2.0,EXHAUST BULK,DIESEL EXHAUST FLUID BULK,7.25,14.5,True,EXHAUST BULK
186948,2026-02-27,12962,1,5.75,"GASOLINE, UNLEADED",UNLEADED GASOLINE,2.609,15.0,False,"GASOLINE, UNLEADED"
186948,2026-02-27,12962,2,29.45,"DIESEL, LOW SULPHUR",500-ppm sulphur LSD,3.269,96.27,False,"DIESEL, LOW SULPHUR"
186948,2026-02-27,12962,3,59.68,"DIESEL, DYED FUEL",Dyed Diesel Fuel 2. Nontaxable use only,2.829,168.83,False,"DIESEL, DYED FUEL"
186950,2026-02-27,7489,1,31.42,"DIESEL, LOW SULPHUR",500-ppm sulphur LSD,3.269,102.71,False,"DIESEL, LOW SULPHUR"
186956,2026-03-02,7492,1,14.6,"GASOLINE, UNLEADED",UNLEADED GASOLINE,2.649,38.68,False,"GASOLINE, UNLEADED"
186956,2026-03-02,7492,2,19.77,"DIESEL, LOW SULPHUR",500-ppm sulphur LSD,3.319,65.62,False,"DIESEL, LOW SULPHUR"
186956,2026-03-02,7492,3,27.66,"DIESEL, DYED FUEL",Dyed Diesel Fuel 2. Nontaxable use only,2.879,79.63,False,"DIESEL, DYED FUEL"
186957,2026-03-02,9489,1,25.2,"GASOLINE, UNLEADED",UNLEADED GASOLINE,2.799,70.53,False,"GASOLINE, UNLEADED"
186957,2026-03-02,9489,2,2.0,"WASHER, WIND",Windshield Washer,5.9625,11.93,True,"WASHER, WIND"
186957,2026-03-02,9489,3,1.0,Shop Towel BX,Shop towel box,27.19,27.19,True,Shop Towel BX
186957,2026-03-02,9489,4,2.0,"GLASS, CLEANER",GLASS CLEANER EACH,5.4375,10.88,True,"GLASS, CLEANER"
186957,2026-03-02,9489,5,1.0,WD-40,WD-40,15.525,15.53,True,WD-40
186962,2026-03-02,7494,1,112.99,"DIESEL, LOW SULPHUR",500-ppm sulphur LSD,3.669,414.56,False,"DIESEL, LOW SULPHUR"
186962,2026-03-02,7494,2,5.22,EXHAUST BULK,DIESEL EXHAUST FLUID BULK,7.25,37.85,True,EXHAUST BULK
186963,2026-03-02,12969,1,19.25,"GASOLINE, UNLEADED",UNLEADED GASOLINE,2.799,53.88,False,"GASOLINE, UNLEADED"
186963,2026-03-02,12969,2,4.66,"DIESEL, LOW SULPHUR",500-ppm sulphur LSD,3.669,17.1,False,"DIESEL, LOW SULPHUR"
186964,2026-03-02,7495,1,28.17,"DIESEL, LOW SULPHUR",500-ppm sulphur LSD,3.669,103.36,False,"DIESEL, LOW SULPHUR"
186964,2026-03-02,7495,2,48.61,"DIESEL, DYED FUEL",Dyed Diesel Fuel 2. Nontaxable use only,3.229,156.96,False,"DIESEL, DYED FUEL"
186965,2026-03-02,7497,1,4.87,"GASOLINE, UNLEADED",UNLEADED GASOLINE,2.799,13.63,False,"GASOLINE, UNLEADED"
186965,2026-03-02,7497,2,30.0,"DIESEL, LOW SULPHUR",500-ppm sulphur LSD,3.669,110.07,False,"DIESEL, LOW SULPHUR"
186965,2026-03-02,7497,3,73.48,"DIESEL, DYED FUEL",Dyed Diesel Fuel 2. Nontaxable use only,3.229,237.27,False,"DIESEL, DYED FUEL"
186965,2026-03-02,7497,4,0.55,EXHAUST BULK,DIESEL EXHAUST FLUID BULK,7.25,3.99,True,EXHAUST BULK
186965,2026-03-02,7497,5,4.0,EXHAUST,DIESEL EXHAUST FLUID 1/2.5,12.99,51.96,True,EXHAUST
186967,2026-03-02,7498,1,41.73,"DIESEL, LOW SULPHUR",500-ppm sulphur LSD,3.669,153.11,False,"DIESEL, LOW SULPHUR"
186967,2026-03-02,7498,2,7.67,"DIESEL, DYED FUEL",Dyed Diesel Fuel 2. Nontaxable use only,3.229,24.77,False,"DIESEL, DYED FUEL"
186969,2026-03-03,7499,1,6.04,"GASOLINE, UNLEADED",UNLEADED GASOLINE,2.799,16.91,False,"GASOLINE, UNLEADED"
186969,2026-03-03,7499,2,39.69,"DIESEL, LOW SULPHUR",500-ppm sulphur LSD,3.669,145.62,False,"DIESEL, LOW SULPHUR"
186969,2026-03-03,7499,3,16.5,"DIESEL, DYED FUEL",Dyed Diesel Fuel 2. Nontaxable use only,3.229,53.28,False,"DIESEL, DYED FUEL"
186969,2026-03-03,7499,4,1.0,P66 MUNLIPLEX,P66 MULTIPLEX 600 #2 10PK,58.2,58.2,True,P66 MUNLIPLEX
186970,2026-03-03,1293,1,19.35,"GASOLINE, UNLEADED",UNLEADED GASOLINE,2.899,56.1,False,"GASOLINE, UNLEADED"
186973,2026-03-03,7507,1,9.85,"GASOLINE, UNLEADED",UNLEADED GASOLINE,2.899,28.56,False,"GASOLINE, UNLEADED"
186973,2026-03-03,7507,2,23.16,"DIESEL, LOW SULPHUR",500-ppm sulphur LSD,4.069,94.24,False,"DIESEL, LOW SULPHUR"
186973,2026-03-03,7507,3,49.25,"DIESEL, DYED FUEL",Dyed Diesel Fuel 2. Nontaxable use only,3.629,178.73,False,"DIESEL, DYED FUEL"
186976,2026-03-04,75012,1,5.81,"GASOLINE, UNLEADED",UNLEADED GASOLINE,2.899,16.84,False,"GASOLINE, UNLEADED"
186976,2026-03-04,75012,2,35.63,"DIESEL, LOW SULPHUR",500-ppm sulphur LSD,4.019,143.2,False,"DIESEL, LOW SULPHUR"
186976,2026-03-04,75012,3,32.47,"DIESEL, DYED FUEL",Dyed Diesel Fuel 2. Nontaxable use only,3.579,116.21,False,"DIESEL, DYED FUEL"
186976,2026-03-04,75012,4,2.0,EXHAUST,DIESEL EXHAUST FLUID 1/2.5,12.99,25.98,True,EXHAUST
186976,2026-03-04,75012,5,1.0,"CLEANER, BRAKE",Brake Cleaner,9.625,9.63,True,"CLEANER, BRAKE"
186977,2026-03-04,12975,1,15.95,"DIESEL, LOW SULPHUR",500-ppm sulphur LSD,4.019,64.1,False,"DIESEL, LOW SULPHUR"
186978,2026-03-04,7511,1,28.63,"DIESEL, LOW SULPHUR",500-ppm sulphur LSD,4.019,115.06,False,"DIESEL, LOW SULPHUR"
186978,2026-03-04,7511,2,12.1,"DIESEL, DYED FUEL",Dyed Diesel Fuel 2. Nontaxable use only,3.579,43.31,False,"DIESEL, DYED FUEL"
186980,2026-03-04,12906,1,27.4,"DIESEL, LOW SULPHUR",500-ppm sulphur LSD,4.019,110.12,False,"DIESEL, LOW SULPHUR"
186983,2026-03-04,7514,1,4.25,"GASOLINE, UNLEADED",UNLEADED GASOLINE,2.899,12.32,False,"GASOLINE, UNLEADED"
186983,2026-03-04,7514,2,37.66,"DIESEL, LOW SULPHUR",500-ppm sulphur LSD,4.019,151.36,False,"DIESEL, LOW SULPHUR"
186983,2026-03-04,7514,3,36.02,"DIESEL, DYED FUEL",Dyed Diesel Fuel 2. Nontaxable use only,3.579,128.92,False,"DIESEL, DYED FUEL"
186984,2026-03-04,7519,1,27.47,"DIESEL, LOW SULPHUR",500-ppm sulphur LSD,4.019,110.4,False,"DIESEL, LOW SULPHUR"
186984,2026-03-04,7519,2,40.11,"DIESEL, DYED FUEL",Dyed Diesel Fuel 2. Nontaxable use only,3.579,143.55,False,"DIESEL, DYED FUEL"
186985,2026-03-05,7525,1,4.03,"GASOLINE, UNLEADED",UNLEADED GASOLINE,2.949,11.88,False,"GASOLINE, UNLEADED"
186985,2026-03-05,7525,2,27.45,"DIESEL, LOW SULPHUR",500-ppm sulphur LSD,4.269,117.18,False,"DIESEL, LOW SULPHUR"
186985,2026-03-05,7525,3,38.51,"DIESEL, DYED FUEL",Dyed Diesel Fuel 2. Nontaxable use only,3.829,147.45,False,"DIESEL, DYED FUEL"
186986,2026-03-05,7523,1,9.9,"GASOLINE, UNLEADED",UNLEADED GASOLINE,2.949,29.2,False,"GASOLINE, UNLEADED"
186986,2026-03-05,7523,2,22.92,"DIESEL, LOW SULPHUR",500-ppm sulphur LSD,4.269,97.85,False,"DIESEL, LOW SULPHUR"
186986,2026-03-05,7523,3,21.47,"DIESEL, DYED FUEL",Dyed Diesel Fuel 2. Nontaxable use only,3.829,82.21,False,"DIESEL, DYED FUEL"
186987,2026-03-05,7526,1,8.41,"GASOLINE, UNLEADED",UNLEADED GASOLINE,2.949,24.8,False,"GASOLINE, UNLEADED"
186987,2026-03-05,7526,2,33.23,"DIESEL, LOW SULPHUR",500-ppm sulphur LSD,4.269,141.86,False,"DIESEL, LOW SULPHUR"
186987,2026-03-05,7526,3,91.09,"DIESEL, DYED FUEL",Dyed Diesel Fuel 2. Nontaxable use only,3.829,348.78,False,"DIESEL, DYED FUEL"
186988,2026-03-05,7527,1,127.94,"DIESEL, LOW SULPHUR",500-ppm sulphur LSD,4.269,546.18,False,"DIESEL, LOW SULPHUR"
186988,2026-03-05,7527,2,1.0,"WASHER, WIND",Windshield Washer,5.9625,5.96,True,"WASHER, WIND"
186988,2026-03-05,7527,3,1.0,"WASHER, WIND",Windshield Washer,5.9625,5.96,True,"WASHER, WIND"
186990,2026-03-05,7529,1,4.66,"GASOLINE, UNLEADED",UNLEADED GASOLINE,2.949,13.74,False,"GASOLINE, UNLEADED"
186990,2026-03-05,7529,2,41.62,"DIESEL, LOW SULPHUR",500-ppm sulphur LSD,4.269,177.68,False,"DIESEL, LOW SULPHUR"
186994,2026-03-05,7531,1,7.54,"GASOLINE, UNLEADED",UNLEADED GASOLINE,3.049,22.99,False,"GASOLINE, UNLEADED"
186994,2026-03-05,7531,2,38.78,"DIESEL, LOW SULPHUR",500-ppm sulphur LSD,4.469,173.31,False,"DIESEL, LOW SULPHUR"
186994,2026-03-05,7531,3,40.38,"DIESEL, DYED FUEL",Dyed Diesel Fuel 2. Nontaxable use only,4.029,162.69,False,"DIESEL, DYED FUEL"
186994,2026-03-05,7531,4,1.0,Shop,Shop Towel Roll,5.14,5.14,True,Shop
186994,2026-03-05,7531,5,3.0,CYCLE,2-CYCLE OIL,2.1125,6.34,True,CYCLE
186995,2026-03-05,12989,1,40.93,"DIESEL, LOW SULPHUR",500-ppm sulphur LSD,4.469,182.92,False,"DIESEL, LOW SULPHUR"
186995,2026-03-05,12989,2,2.0,WYPALL,Wypall Wipes,11.04,22.08,True,WYPALL
186995,2026-03-05,12989,3,1.0,GOJO,GOJO HAND WIPES,41.48,41.48,True,GOJO
186996,2026-03-05,12992,1,28.98,"GASOLINE, UNLEADED",UNLEADED GASOLINE,3.049,88.36,False,"GASOLINE, UNLEADED"
186996,2026-03-05,12992,2,9.87,"DIESEL, LOW SULPHUR",500-ppm sulphur LSD,4.469,44.11,False,"DIESEL, LOW SULPHUR"
186998,2026-03-06,7522,1,30.45,"DIESEL, LOW SULPHUR",500-ppm sulphur LSD,4.569,139.13,False,"DIESEL, LOW SULPHUR"
187001,2026-03-06,7536,1,5.79,"GASOLINE, UNLEADED",UNLEADED GASOLINE,3.069,17.77,False,"GASOLINE, UNLEADED"
187001,2026-03-06,7536,2,29.45,"DIESEL, LOW SULPHUR",500-ppm sulphur LSD,4.569,134.56,False,"DIESEL, LOW SULPHUR"
187002,2026-03-06,7535,1,26.76,"DIESEL, LOW SULPHUR",500-ppm sulphur LSD,4.569,122.27,False,"DIESEL, LOW SULPHUR"
187005,2026-03-06,7534,1,13.0,"GASOLINE, UNLEADED",UNLEADED GASOLINE,3.069,39.9,False,"GASOLINE, UNLEADED"
187005,2026-03-06,7534,2,49.36,"DIESEL, DYED FUEL",Dyed Diesel Fuel 2. Nontaxable use only,4.129,203.81,False,"DIESEL, DYED FUEL"
187005,2026-03-06,7534,3,47.55,"DIESEL, LOW SULPHUR",500-ppm sulphur LSD,4.569,217.26,False,"DIESEL, LOW SULPHUR"
187005,2026-03-06,7534,4,1.0,EXHAUST,DIESEL EXHAUST FLUID 1/2.5,12.99,12.99,True,EXHAUST
187005,2026-03-06,7534,5,1.0,VENT CAP,"2"" Vent Cap",49.325,49.33,True,VENT CAP
187005,2026-03-06,7534,6,1.0,"GLASS, CLEANER",GLASS CLEANER EACH,5.4375,5.44,True,"GLASS, CLEANER"
187006,2026-03-06,7539,1,18.72,"GASOLINE, UNLEADED",UNLEADED GASOLINE,3.069,57.45,False,"GASOLINE, UNLEADED"
187009,2026-03-09,7547,1,29.94,"DIESEL, LOW SULPHUR",500-ppm sulphur LSD,4.469,133.8,False,"DIESEL, LOW SULPHUR"
187009,2026-03-09,7547,2,1.0,Shop Towel BX,Shop towel box,27.19,27.19,True,Shop Towel BX
187013,2026-03-09,7551,1,102.85,"DIESEL, LOW SULPHUR",500-ppm sulphur LSD,4.719,485.35,False,"DIESEL, LOW SULPHUR"
187014,2026-03-09,12998,1,5.77,"GASOLINE, UNLEADED",UNLEADED GASOLINE,3.269,18.86,False,"GASOLINE, UNLEADED"
187014,2026-03-09,12998,2,26.21,"DIESEL, LOW SULPHUR",500-ppm sulphur LSD,4.719,123.68,False,"DIESEL, LOW SULPHUR"
187014,2026-03-09,12998,3,1.0,Shop Towel BX,Shop towel box,27.19,27.19,True,Shop Towel BX
187015,2026-03-09,12999,1,6.0,"GASOLINE, UNLEADED",UNLEADED GASOLINE,3.189,19.13,False,"GASOLINE, UNLEADED"
187016,2026-03-10,7560,1,42.44,"DIESEL, LOW SULPHUR",500-ppm sulphur LSD,4.169,176.93,False,"DIESEL, LOW SULPHUR"
187016,2026-03-10,7560,2,57.91,"DIESEL, DYED FUEL",Dyed Diesel Fuel 2. Nontaxable use only,3.729,215.95,False,"DIESEL, DYED FUEL"
187017,2026-03-10,7579,1,26.5,"GASOLINE, UNLEADED",UNLEADED GASOLINE,2.939,77.88,False,"GASOLINE, UNLEADED"
187017,2026-03-10,7579,2,18.56,"DIESEL, LOW SULPHUR",500-ppm sulphur LSD,4.169,77.38,False,"DIESEL, LOW SULPHUR"
187017,2026-03-10,7579,3,77.51,"DIESEL, DYED FUEL",Dyed Diesel Fuel 2. Nontaxable use only,3.729,289.03,False,"DIESEL, DYED FUEL"
187017,2026-03-10,7579,4,12.0,CYCLE,2-CYCLE OIL,2.1125,25.35,True,CYCLE
187018,2026-03-10,7572,1,15.3,"GASOLINE, UNLEADED",UNLEADED GASOLINE,3.189,48.79,False,"GASOLINE, UNLEADED"
187018,2026-03-10,7572,2,21.46,"DIESEL, LOW SULPHUR",500-ppm sulphur LSD,4.269,91.61,False,"DIESEL, LOW SULPHUR"
187018,2026-03-10,7572,3,40.44,"DIESEL, DYED FUEL",Dyed Diesel Fuel 2. Nontaxable use only,3.829,154.84,False,"DIESEL, DYED FUEL"
187019,2026-03-10,7554,1,33.15,"DIESEL, LOW SULPHUR",500-ppm sulphur LSD,4.369,144.83,False,"DIESEL, LOW SULPHUR"
187019,2026-03-10,7554,2,55.94,"DIESEL, DYED FUEL",Dyed Diesel Fuel 2. Nontaxable use only,3.929,219.79,False,"DIESEL, DYED FUEL"
187020,2026-03-10,7558,1,4.91,"GASOLINE, UNLEADED",UNLEADED GASOLINE,3.139,15.41,False,"GASOLINE, UNLEADED"
187020,2026-03-10,7558,2,40.21,"DIESEL, LOW SULPHUR",500-ppm sulphur LSD,4.369,175.68,False,"DIESEL, LOW SULPHUR"
187020,2026-03-10,7558,3,41.45,"DIESEL, DYED FUEL",Dyed Diesel Fuel 2. Nontaxable use only,3.929,162.86,False,"DIESEL, DYED FUEL"
187021,2026-03-10,13002,1,14.12,"GASOLINE, UNLEADED",UNLEADED GASOLINE,3.139,44.32,False,"GASOLINE, UNLEADED"
187022,2026-03-10,7557,1,24.36,"DIESEL, LOW SULPHUR",500-ppm sulphur LSD,4.369,106.43,False,"DIESEL, LOW SULPHUR"
187022,2026-03-10,7557,2,8.75,"DIESEL, DYED FUEL",Dyed Diesel Fuel 2. Nontaxable use only,3.939,34.47,False,"DIESEL, DYED FUEL"
187022,2026-03-10,7557,3,1.0,Shop Towel BX,Shop towel box,27.19,27.19,True,Shop Towel BX
187023,2026-03-10,13001,1,33.98,"DIESEL, LOW SULPHUR",500-ppm sulphur LSD,4.369,148.46,False,"DIESEL, LOW SULPHUR"
187025,2026-03-10,7565,1,92.4,"DIESEL, LOW SULPHUR",500-ppm sulphur LSD,4.169,385.22,False,"DIESEL, LOW SULPHUR"
187027,2026-03-10,7555,1,24.41,"DIESEL, LOW SULPHUR",500-ppm sulphur LSD,4.169,101.77,False,"DIESEL, LOW SULPHUR"
187027,2026-03-10,7555,2,33.3,"DIESEL, DYED FUEL",Dyed Diesel Fuel 2. Nontaxable use only,3.729,124.18,False,"DIESEL, DYED FUEL"
187027,2026-03-10,7555,3,1.0,Shop Towel BX,Shop towel box,27.19,27.19,True,Shop Towel BX
187028,2026-03-11,7563,1,10.46,"GASOLINE, UNLEADED",UNLEADED GASOLINE,3.189,33.36,False,"GASOLINE, UNLEADED"
187028,2026-03-11,7563,2,30.29,"DIESEL, LOW SULPHUR",500-ppm sulphur LSD,4.269,129.31,False,"DIESEL, LOW SULPHUR"
187028,2026-03-11,7563,3,6.03,"DIESEL, DYED FUEL",Dyed Diesel Fuel 2. Nontaxable use only,3.829,23.09,False,"DIESEL, DYED FUEL"
187028,2026-03-11,7563,4,1.0,JOES,JOES HAND CLEANER GREEN EACH,9.8125,9.81,True,JOES
187031,2026-03-11,7574,1,15.38,"GASOLINE, UNLEADED",UNLEADED GASOLINE,3.289,50.58,False,"GASOLINE, UNLEADED"
187031,2026-03-11,7574,2,34.52,"DIESEL, LOW SULPHUR",500-ppm sulphur LSD,4.469,154.27,False,"DIESEL, LOW SULPHUR"
187031,2026-03-11,7574,3,38.33,"DIESEL, DYED FUEL",Dyed Diesel Fuel 2. Nontaxable use only,4.029,154.43,False,"DIESEL, DYED FUEL"
187033,2026-03-12,7581,1,29.7,"DIESEL, LOW SULPHUR",500-ppm sulphur LSD,4.549,135.11,False,"DIESEL, LOW SULPHUR"
187033,2026-03-12,7581,2,74.22,"DIESEL, DYED FUEL",Dyed Diesel Fuel 2. Nontaxable use only,4.109,304.97,False,"DIESEL, DYED FUEL"
187033,2026-03-12,7581,3,1.0,"WASHER, WIND",Windshield Washer,5.9625,5.96,True,"WASHER, WIND"
187033,2026-03-12,7581,4,2.0,Shop,Shop Towel Roll,5.14,10.28,True,Shop
187033,2026-03-12,7581,5,1.0,WD-40,WD-40,15.525,15.53,True,WD-40
187034,2026-03-12,7585,1,2.93,"GASOLINE, UNLEADED",UNLEADED GASOLINE,3.369,9.87,False,"GASOLINE, UNLEADED"
187034,2026-03-12,7585,2,27.41,"DIESEL, LOW SULPHUR",500-ppm sulphur LSD,4.549,124.69,False,"DIESEL, LOW SULPHUR"
187034,2026-03-12,7585,3,1.0,"WASHER, WIND",Windshield Washer,5.9625,5.96,True,"WASHER, WIND"
187035,2026-03-12,7584,1,25.83,"DIESEL, LOW SULPHUR",500-ppm sulphur LSD,4.549,117.5,False,"DIESEL, LOW SULPHUR"
187036,2026-03-12,7582,1,27.1,"DIESEL, LOW SULPHUR",500-ppm sulphur LSD,4.549,123.28,False,"DIESEL, LOW SULPHUR"
187036,2026-03-12,7582,2,43.0,"DIESEL, DYED FUEL",Dyed Diesel Fuel 2. Nontaxable use only,4.109,176.69,False,"DIESEL, DYED FUEL"
187040,2026-03-12,7589,1,8.03,"GASOLINE, UNLEADED",UNLEADED GASOLINE,3.469,27.86,False,"GASOLINE, UNLEADED"
187040,2026-03-12,7589,2,35.85,"DIESEL, LOW SULPHUR",500-ppm sulphur LSD,4.849,173.84,False,"DIESEL, LOW SULPHUR"
187040,2026-03-12,7589,3,76.67,"DIESEL, DYED FUEL",Dyed Diesel Fuel 2. Nontaxable use only,4.409,338.04,False,"DIESEL, DYED FUEL"
187040,2026-03-12,7589,4,1.0,WD-40,WD-40,15.525,15.53,True,WD-40
187041,2026-03-12,7590,1,166.7,"DIESEL, LOW SULPHUR",500-ppm sulphur LSD,4.849,808.33,False,"DIESEL, LOW SULPHUR"
187041,2026-03-12,7590,2,1.0,Shop,Shop Towel Roll,5.14,5.14,True,Shop
187041,2026-03-12,7590,3,1.0,FLOOR DRY,Floor Dry BAG,17.5,17.5,True,FLOOR DRY
187046,2026-03-13,7592,1,5.0,"GASOLINE, UNLEADED",UNLEADED GASOLINE,3.559,17.8,False,"GASOLINE, UNLEADED"
187046,2026-03-13,7592,2,22.22,"DIESEL, LOW SULPHUR",500-ppm sulphur LSD,4.799,106.63,False,"DIESEL, LOW SULPHUR"
187047,2026-03-12,7588,1,26.81,"DIESEL, LOW SULPHUR",500-ppm sulphur LSD,4.849,130.0,False,"DIESEL, LOW SULPHUR"
187049,2026-03-13,13221,1,20.2,"GASOLINE, UNLEADED",UNLEADED GASOLINE,3.559,71.89,False,"GASOLINE, UNLEADED"
187050,2026-03-13,13022,1,5.67,"GASOLINE, UNLEADED",UNLEADED GASOLINE,3.559,20.18,False,"GASOLINE, UNLEADED"
187050,2026-03-13,13022,2,29.11,"DIESEL, LOW SULPHUR",500-ppm sulphur LSD,4.799,139.7,False,"DIESEL, LOW SULPHUR"
187050,2026-03-13,13022,3,1.0,Shop Towel BX,Shop towel box,27.19,27.19,True,Shop Towel BX
187053,2026-03-13,7600,1,22.7,"DIESEL, LOW SULPHUR",500-ppm sulphur LSD,4.799,108.94,False,"DIESEL, LOW SULPHUR"
187056,2026-03-16,7606,1,8.9,"GASOLINE, UNLEADED",UNLEADED GASOLINE,3.609,32.12,False,"GASOLINE, UNLEADED"
187056,2026-03-16,7606,2,59.37,"DIESEL, DYED FUEL",Dyed Diesel Fuel 2. Nontaxable use only,4.469,265.32,False,"DIESEL, DYED FUEL"
187056,2026-03-16,7606,3,31.23,"DIESEL, LOW SULPHUR",500-ppm sulphur LSD,4.909,153.31,False,"DIESEL, LOW SULPHUR"
187056,2026-03-16,7606,4,1.0,Shop,Shop Towel Roll,5.14,5.14,True,Shop
187056,2026-03-16,7606,5,1.0,Shop Towel BX,Shop towel box,27.19,27.19,True,Shop Towel BX
187056,2026-03-16,7606,6,1.0,GLOVES,LEATHER RR PAIR,22.675,22.68,True,GLOVES
187058,2026-03-16,7608,1,4.5,"GASOLINE, UNLEADED",UNLEADED GASOLINE,3.609,16.24,False,"GASOLINE, UNLEADED"
187058,2026-03-16,7608,2,25.82,"DIESEL, LOW SULPHUR",500-ppm sulphur LSD,4.909,126.75,False,"DIESEL, LOW SULPHUR"
187063,2026-03-16,7614,1,8.0,"GASOLINE, UNLEADED",UNLEADED GASOLINE,3.609,28.87,False,"GASOLINE, UNLEADED"
187063,2026-03-16,7614,2,47.87,"DIESEL, LOW SULPHUR",500-ppm sulphur LSD,4.909,234.99,False,"DIESEL, LOW SULPHUR"
187063,2026-03-16,7614,3,46.19,"DIESEL, DYED FUEL",Dyed Diesel Fuel 2. Nontaxable use only,4.469,206.42,False,"DIESEL, DYED FUEL"
187063,2026-03-16,7614,4,1.0,EXHAUST,DIESEL EXHAUST FLUID 1/2.5,12.99,12.99,True,EXHAUST
187063,2026-03-16,7614,5,1.0,Shop Towel BX,Shop towel box,27.19,27.19,True,Shop Towel BX
187063,2026-03-16,7614,6,1.0,GADUS,GADUS S3 V460D 2 10PK,88.8125,88.81,True,GADUS
187063,2026-03-16,7614,7,1.0,GREASE COUPLINGS,GREASE COUPLINGS,9.1125,9.11,True,GREASE COUPLINGS
187065,2026-03-17,7619,1,34.23,"DIESEL, LOW SULPHUR",500-ppm sulphur LSD,4.719,161.53,False,"DIESEL, LOW SULPHUR"
187066,2026-03-17,7621,1,24.94,"DIESEL, LOW SULPHUR",500-ppm sulphur LSD,4.719,117.69,False,"DIESEL, LOW SULPHUR"
187066,2026-03-17,7621,2,20.73,"DIESEL, DYED FUEL",Dyed Diesel Fuel 2. Nontaxable use only,4.279,88.7,False,"DIESEL, DYED FUEL"
187066,2026-03-17,7621,3,1.0,"WASHER, WIND",Windshield Washer,5.9625,5.96,True,"WASHER, WIND"
187066,2026-03-17,7621,4,12.0,CYCLE,2-CYCLE OIL,2.1125,25.35,True,CYCLE
187067,2026-03-17,13028,1,20.45,"GASOLINE, UNLEADED",UNLEADED GASOLINE,3.559,72.78,False,"GASOLINE, UNLEADED"
187067,2026-03-17,13028,2,18.29,"DIESEL, LOW SULPHUR",500-ppm sulphur LSD,4.719,86.31,False,"DIESEL, LOW SULPHUR"
187069,2026-03-17,7626,1,90.94,"DIESEL, LOW SULPHUR",500-ppm sulphur LSD,4.719,429.15,False,"DIESEL, LOW SULPHUR"
187069,2026-03-17,7626,2,8.69,EXHAUST BULK,DIESEL EXHAUST FLUID BULK,7.25,63.0,True,EXHAUST BULK
187071,2026-03-17,13029,1,21.22,"GASOLINE, UNLEADED",UNLEADED GASOLINE,3.559,75.52,False,"GASOLINE, UNLEADED"
187074,2026-03-18,7629,1,4.61,"GASOLINE, UNLEADED",UNLEADED GASOLINE,3.539,16.31,False,"GASOLINE, UNLEADED"
187074,2026-03-18,7629,2,28.1,"DIESEL, LOW SULPHUR",500-ppm sulphur LSD,4.789,134.57,False,"DIESEL, LOW SULPHUR"
187074,2026-03-18,7629,3,8.64,"DIESEL, DYED FUEL",Dyed Diesel Fuel 2. Nontaxable use only,4.349,37.58,False,"DIESEL, DYED FUEL"
187074,2026-03-18,7629,4,4.98,EXHAUST BULK,DIESEL EXHAUST FLUID BULK,7.625,37.97,True,EXHAUST BULK
187075,2026-03-18,7632,1,4.9,"GASOLINE, UNLEADED",UNLEADED GASOLINE,3.539,17.34,False,"GASOLINE, UNLEADED"
187075,2026-03-18,7632,2,22.49,"DIESEL, LOW SULPHUR",500-ppm sulphur LSD,4.789,107.7,False,"DIESEL, LOW SULPHUR"
187075,2026-03-18,7632,3,21.74,"DIESEL, DYED FUEL",Dyed Diesel Fuel 2. Nontaxable use only,4.349,94.55,False,"DIESEL, DYED FUEL"
187076,2026-03-18,7631,1,8.1,"GASOLINE, UNLEADED",UNLEADED GASOLINE,3.539,28.67,False,"GASOLINE, UNLEADED"
187076,2026-03-18,7631,2,27.69,"DIESEL, LOW SULPHUR",500-ppm sulphur LSD,4.789,132.61,False,"DIESEL, LOW SULPHUR"
187076,2026-03-18,7631,3,29.78,"DIESEL, DYED FUEL",Dyed Diesel Fuel 2. Nontaxable use only,4.349,129.51,False,"DIESEL, DYED FUEL"
187076,2026-03-18,7631,4,3.7,EXHAUST BULK,DIESEL EXHAUST FLUID BULK,7.62,28.19,True,EXHAUST BULK
187077,2026-03-18,7629,1,15.09,"GASOLINE, UNLEADED",UNLEADED GASOLINE,3.539,53.4,False,"GASOLINE, UNLEADED"
187077,2026-03-18,7629,2,36.69,"DIESEL, LOW SULPHUR",500-ppm sulphur LSD,4.789,175.71,False,"DIESEL, LOW SULPHUR"
187077,2026-03-18,7629,3,38.36,"DIESEL, DYED FUEL",Dyed Diesel Fuel 2. Nontaxable use only,4.349,166.83,False,"DIESEL, DYED FUEL"
187079,2026-03-18,7634,1,2.12,"GASOLINE, UNLEADED",UNLEADED GASOLINE,3.539,7.5,False,"GASOLINE, UNLEADED"
187079,2026-03-18,7634,2,27.45,"DIESEL, LOW SULPHUR",500-ppm sulphur LSD,4.789,131.46,False,"DIESEL, LOW SULPHUR"
187079,2026-03-18,7634,3,17.19,"DIESEL, DYED FUEL",Dyed Diesel Fuel 2. Nontaxable use only,4.349,74.76,False,"DIESEL, DYED FUEL"
187080,2026-03-18,13032,1,5.74,"GASOLINE, UNLEADED",UNLEADED GASOLINE,3.539,20.31,False,"GASOLINE, UNLEADED"
187080,2026-03-18,13032,2,29.44,"DIESEL, LOW SULPHUR",500-ppm sulphur LSD,4.789,140.99,False,"DIESEL, LOW SULPHUR"
187080,2026-03-18,13032,3,1.0,Shop,Shop Towel Roll,5.14,5.14,True,Shop
187080,2026-03-18,13032,4,1.0,Shop Towel BX,Shop towel box,27.19,27.19,True,Shop Towel BX
187081,2026-03-18,7624,1,4.0,"GASOLINE, UNLEADED",UNLEADED GASOLINE,3.539,14.16,False,"GASOLINE, UNLEADED"
187081,2026-03-18,7624,2,52.7,"DIESEL, DYED FUEL",Dyed Diesel Fuel 2. Nontaxable use only,4.349,229.19,False,"DIESEL, DYED FUEL"
187083,2026-03-18,7636,1,27.13,"DIESEL, LOW SULPHUR",500-ppm sulphur LSD,4.789,129.93,False,"DIESEL, LOW SULPHUR"
187083,2026-03-18,7636,2,86.44,"DIESEL, DYED FUEL",Dyed Diesel Fuel 2. Nontaxable use only,4.349,375.93,False,"DIESEL, DYED FUEL"
187084,2026-03-18,7633,1,52.88,"DIESEL, LOW SULPHUR",500-ppm sulphur LSD,4.989,263.82,False,"DIESEL, LOW SULPHUR"
187086,2026-03-19,4644,1,13.75,"GASOLINE, UNLEADED",UNLEADED GASOLINE,3.499,48.11,False,"GASOLINE, UNLEADED"
187086,2026-03-19,4644,2,28.31,"DIESEL, LOW SULPHUR",500-ppm sulphur LSD,4.939,139.82,False,"DIESEL, LOW SULPHUR"
187089,2026-03-19,13038,1,20.78,"GASOLINE, UNLEADED",UNLEADED GASOLINE,3.499,72.71,False,"GASOLINE, UNLEADED"
187090,2026-03-19,13041,1,20.76,"GASOLINE, UNLEADED",UNLEADED GASOLINE,3.499,72.64,False,"GASOLINE, UNLEADED"
187093,2026-03-19,7642,1,20.3,"DIESEL, LOW SULPHUR",500-ppm sulphur LSD,4.939,100.26,False,"DIESEL, LOW SULPHUR"
187093,2026-03-19,7642,2,26.3,"GASOLINE, UNLEADED",UNLEADED GASOLINE,3.499,92.02,False,"GASOLINE, UNLEADED"
187095,2026-03-20,7639,1,37.29,"DIESEL, LOW SULPHUR",500-ppm sulphur LSD,5.039,187.9,False,"DIESEL, LOW SULPHUR"
187095,2026-03-20,7639,2,64.58,"DIESEL, DYED FUEL",Dyed Diesel Fuel 2. Nontaxable use only,4.599,297.0,False,"DIESEL, DYED FUEL"
187096,2026-03-20,7658,1,28.91,"DIESEL, LOW SULPHUR",500-ppm sulphur LSD,5.039,145.68,False,"DIESEL, LOW SULPHUR"
187098,2026-03-20,7659,1,25.73,"DIESEL, LOW SULPHUR",500-ppm sulphur LSD,5.039,129.65,False,"DIESEL, LOW SULPHUR"
187098,2026-03-20,7659,2,2.0,Shop,Shop Towel Roll,5.14,10.28,True,Shop
187100,2026-03-20,13044,1,14.51,"GASOLINE, UNLEADED",UNLEADED GASOLINE,3.549,51.5,False,"GASOLINE, UNLEADED"
187102,2026-03-20,7431,1,65.01,"DIESEL, LOW SULPHUR",500-ppm sulphur LSD,5.039,327.59,False,"DIESEL, LOW SULPHUR"
187102,2026-03-20,7431,2,4.69,EXHAUST BULK,DIESEL EXHAUST FLUID BULK,7.62,35.74,True,EXHAUST BULK
187104,2026-03-20,7663,1,8.51,"GASOLINE, UNLEADED",UNLEADED GASOLINE,3.549,30.2,False,"GASOLINE, UNLEADED"
187104,2026-03-20,7663,2,27.83,"DIESEL, LOW SULPHUR",500-ppm sulphur LSD,5.039,140.24,False,"DIESEL, LOW SULPHUR"
187104,2026-03-20,7663,3,47.45,"DIESEL, DYED FUEL",Dyed Diesel Fuel 2. Nontaxable use only,4.599,218.22,False,"DIESEL, DYED FUEL"
187104,2026-03-20,7663,4,0.97,EXHAUST BULK,DIESEL EXHAUST FLUID BULK,7.62,7.39,True,EXHAUST BULK
187104,2026-03-20,7663,5,1.0,JOES,JOES HAND CLEANER GREEN EACH,9.8125,9.81,True,JOES
187104,2026-03-20,7663,6,1.0,Shop Towel BX,Shop towel box,27.19,27.19,True,Shop Towel BX
187108,2026-03-21,7664,1,8.65,"GASOLINE, UNLEADED",UNLEADED GASOLINE,3.639,31.48,False,"GASOLINE, UNLEADED"
187108,2026-03-21,7664,2,31.76,"DIESEL, LOW SULPHUR",500-ppm sulphur LSD,5.139,163.21,False,"DIESEL, LOW SULPHUR"
187108,2026-03-21,7664,3,67.75,"DIESEL, DYED FUEL",Dyed Diesel Fuel 2. Nontaxable use only,4.699,318.36,False,"DIESEL, DYED FUEL"
187108,2026-03-21,7664,4,2.0,"GLASS, CLEANER",GLASS CLEANER EACH,5.4375,10.88,True,"GLASS, CLEANER"
187108,2026-03-21,7664,5,1.0,Shop,Shop Towel Roll,5.14,5.14,True,Shop
187110,2026-03-23,7656,1,14.94,"GASOLINE, UNLEADED",UNLEADED GASOLINE,3.639,54.37,False,"GASOLINE, UNLEADED"
187110,2026-03-23,7656,2,39.87,"DIESEL, LOW SULPHUR",500-ppm sulphur LSD,5.139,204.89,False,"DIESEL, LOW SULPHUR"
187110,2026-03-23,7656,3,69.44,"DIESEL, DYED FUEL",Dyed Diesel Fuel 2. Nontaxable use only,4.699,326.3,False,"DIESEL, DYED FUEL"
187111,2026-03-23,7666,1,17.0,"GASOLINE, UNLEADED",UNLEADED GASOLINE,3.639,61.86,False,"GASOLINE, UNLEADED"
187111,2026-03-23,7666,2,23.72,"DIESEL, LOW SULPHUR",500-ppm sulphur LSD,5.139,121.9,False,"DIESEL, LOW SULPHUR"
187111,2026-03-23,7666,3,24.82,"DIESEL, DYED FUEL",Dyed Diesel Fuel 2. Nontaxable use only,4.699,116.63,False,"DIESEL, DYED FUEL"
187111,2026-03-23,7666,4,3.37,EXHAUST BULK,DIESEL EXHAUST FLUID BULK,7.62,25.68,True,EXHAUST BULK
187112,2026-03-23,7669,1,34.57,"DIESEL, LOW SULPHUR",500-ppm sulphur LSD,5.139,177.66,False,"DIESEL, LOW SULPHUR"
187112,2026-03-23,7669,2,35.22,"DIESEL, DYED FUEL",Dyed Diesel Fuel 2. Nontaxable use only,4.699,165.5,False,"DIESEL, DYED FUEL"
187113,2026-03-23,13052,1,5.73,"GASOLINE, UNLEADED",UNLEADED GASOLINE,3.639,20.85,False,"GASOLINE, UNLEADED"
187113,2026-03-23,13052,2,29.44,"DIESEL, LOW SULPHUR",500-ppm sulphur LSD,5.139,151.29,False,"DIESEL, LOW SULPHUR"
187113,2026-03-23,13052,3,88.44,"DIESEL, DYED FUEL",Dyed Diesel Fuel 2. Nontaxable use only,4.699,415.58,False,"DIESEL, DYED FUEL"
187116,2026-03-23,7671,1,22.89,"DIESEL, LOW SULPHUR",500-ppm sulphur LSD,4.859,111.22,False,"DIESEL, LOW SULPHUR"
187116,2026-03-23,7671,2,46.15,"DIESEL, DYED FUEL",Dyed Diesel Fuel 2. Nontaxable use only,4.419,203.94,False,"DIESEL, DYED FUEL"
187116,2026-03-23,7671,3,1.0,P66 MUNLIPLEX,P66 MULTIPLEX 600 #2 10PK,58.2,58.2,True,P66 MUNLIPLEX
187116,2026-03-23,7671,4,1.0,"GREASE, GUN",LEVER Grease Gun,94.8635,94.86,True,"GREASE, GUN"
187118,2026-03-23,7674,1,5.12,"GASOLINE, UNLEADED",UNLEADED GASOLINE,3.459,17.71,False,"GASOLINE, UNLEADED"
187118,2026-03-23,7674,2,27.35,"DIESEL, LOW SULPHUR",500-ppm sulphur LSD,4.859,132.89,False,"DIESEL, LOW SULPHUR"
187119,2026-03-23,7677,1,50.16,"DIESEL, LOW SULPHUR",500-ppm sulphur LSD,4.859,243.73,False,"DIESEL, LOW SULPHUR"
187119,2026-03-23,7677,2,29.25,"DIESEL, DYED FUEL",Dyed Diesel Fuel 2. Nontaxable use only,4.419,129.26,False,"DIESEL, DYED FUEL"
187121,2026-03-24,7679,1,2.7,"GASOLINE, UNLEADED",UNLEADED GASOLINE,3.459,9.34,False,"GASOLINE, UNLEADED"
187121,2026-03-24,7679,2,29.08,"DIESEL, LOW SULPHUR",500-ppm sulphur LSD,4.759,138.39,False,"DIESEL, LOW SULPHUR"
187121,2026-03-24,7679,3,2.0,EXHAUST,DIESEL EXHAUST FLUID 1/2.5,12.99,25.98,True,EXHAUST
187121,2026-03-24,7679,4,1.0,PISTOL,PISTOL GREASE GUN,113.99,113.99,True,PISTOL
187124,2026-03-24,13056,1,18.02,"GASOLINE, UNLEADED",UNLEADED GASOLINE,3.459,62.33,False,"GASOLINE, UNLEADED"
187127,2026-03-24,13059,1,8.05,"GASOLINE, UNLEADED",UNLEADED GASOLINE,3.459,27.84,False,"GASOLINE, UNLEADED"
187127,2026-03-24,13059,2,33.11,"DIESEL, LOW SULPHUR",500-ppm sulphur LSD,4.999,165.52,False,"DIESEL, LOW SULPHUR"
187128,2026-03-24,7684,1,57.84,"DIESEL, LOW SULPHUR",500-ppm sulphur LSD,4.999,289.14,False,"DIESEL, LOW SULPHUR"
187129,2026-03-24,7682,1,14.5,"GASOLINE, UNLEADED",UNLEADED GASOLINE,3.559,51.61,False,"GASOLINE, UNLEADED"
187129,2026-03-24,7682,2,39.19,"DIESEL, LOW SULPHUR",500-ppm sulphur LSD,4.999,195.91,False,"DIESEL, LOW SULPHUR"
187129,2026-03-24,7682,3,87.27,"DIESEL, DYED FUEL",Dyed Diesel Fuel 2. Nontaxable use only,4.569,398.74,False,"DIESEL, DYED FUEL"
187131,2026-03-25,7687,1,4.52,"GASOLINE, UNLEADED",UNLEADED GASOLINE,3.569,16.13,False,"GASOLINE, UNLEADED"
187131,2026-03-25,7687,2,30.23,"DIESEL, LOW SULPHUR",500-ppm sulphur LSD,5.009,151.42,False,"DIESEL, LOW SULPHUR"
187131,2026-03-25,7687,3,33.18,"DIESEL, DYED FUEL",Dyed Diesel Fuel 2. Nontaxable use only,4.569,151.6,False,"DIESEL, DYED FUEL"
187131,2026-03-25,7687,4,1.0,Shop Towel BX,Shop towel box,27.19,27.19,True,Shop Towel BX
187132,2026-03-25,7689,1,213.56,"DIESEL, LOW SULPHUR",500-ppm sulphur LSD,5.009,1069.72,False,"DIESEL, LOW SULPHUR"
187132,2026-03-25,7689,2,4.13,EXHAUST BULK,DIESEL EXHAUST FLUID BULK,7.62,31.47,True,EXHAUST BULK
187132,2026-03-25,7689,3,1.0,INSPECTION BOOK,INSPECTION BOOK,12.375,12.38,True,INSPECTION BOOK
187132,2026-03-25,7689,4,1.0,WYPALL,Wypall Wipes,11.04,11.04,True,WYPALL
187134,2026-03-25,13061,1,5.71,"GASOLINE, UNLEADED",UNLEADED GASOLINE,3.569,20.38,False,"GASOLINE, UNLEADED"
187134,2026-03-25,13061,2,23.12,"DIESEL, LOW SULPHUR",500-ppm sulphur LSD,5.009,115.81,False,"DIESEL, LOW SULPHUR"
187134,2026-03-25,13061,3,1.0,Shop Towel BX,Shop towel box,27.19,27.19,True,Shop Towel BX
187134,2026-03-25,13061,4,1.0,WD-40,WD-40,15.525,15.53,True,WD-40
187135,2026-03-25,7690,1,25.53,"DIESEL, LOW SULPHUR",500-ppm sulphur LSD,5.009,127.88,False,"DIESEL, LOW SULPHUR"
187135,2026-03-25,7690,2,48.08,"DIESEL, DYED FUEL",Dyed Diesel Fuel 2. Nontaxable use only,4.569,219.68,False,"DIESEL, DYED FUEL"
187137,2026-03-25,13062,1,17.85,"GASOLINE, UNLEADED",UNLEADED GASOLINE,3.469,61.92,False,"GASOLINE, UNLEADED"
187141,2026-03-25,7697,1,71.21,"DIESEL, LOW SULPHUR",500-ppm sulphur LSD,4.759,338.89,False,"DIESEL, LOW SULPHUR"
187142,2026-03-26,7699,1,27.69,"DIESEL, LOW SULPHUR",500-ppm sulphur LSD,4.829,133.72,False,"DIESEL, LOW SULPHUR"
187145,2026-03-26,7604,1,6.03,"GASOLINE, UNLEADED",UNLEADED GASOLINE,3.449,20.8,False,"GASOLINE, UNLEADED"
187145,2026-03-26,7604,2,33.95,"DIESEL, LOW SULPHUR",500-ppm sulphur LSD,4.829,163.94,False,"DIESEL, LOW SULPHUR"
187145,2026-03-26,7604,3,58.08,"DIESEL, DYED FUEL",Dyed Diesel Fuel 2. Nontaxable use only,4.389,254.91,False,"DIESEL, DYED FUEL"
187147,2026-03-27,7709,1,13.3,"GASOLINE, UNLEADED",UNLEADED GASOLINE,3.599,47.87,False,"GASOLINE, UNLEADED"
187147,2026-03-27,7709,2,23.28,"DIESEL, LOW SULPHUR",500-ppm sulphur LSD,5.029,117.08,False,"DIESEL, LOW SULPHUR"
187147,2026-03-27,7709,3,25.12,"DIESEL, DYED FUEL",Dyed Diesel Fuel 2. Nontaxable use only,4.589,115.28,False,"DIESEL, DYED FUEL"
187148,2026-03-27,7707,1,4.74,"GASOLINE, UNLEADED",UNLEADED GASOLINE,3.599,17.06,False,"GASOLINE, UNLEADED"
187148,2026-03-27,7707,2,32.79,"DIESEL, LOW SULPHUR",500-ppm sulphur LSD,5.029,164.9,False,"DIESEL, LOW SULPHUR"
187149,2026-03-27,7710,1,3.28,"GASOLINE, UNLEADED",UNLEADED GASOLINE,3.599,11.8,False,"GASOLINE, UNLEADED"
187149,2026-03-27,7710,2,35.94,"DIESEL, LOW SULPHUR",500-ppm sulphur LSD,5.029,180.74,False,"DIESEL, LOW SULPHUR"
187149,2026-03-27,7710,3,30.32,"DIESEL, DYED FUEL",Dyed Diesel Fuel 2. Nontaxable use only,4.589,139.14,False,"DIESEL, DYED FUEL"
187149,2026-03-27,7710,4,1.0,Shop,Shop Towel Roll,5.14,5.14,True,Shop
187152,2026-03-27,7706,1,30.94,"DIESEL, LOW SULPHUR",500-ppm sulphur LSD,5.029,155.6,False,"DIESEL, LOW SULPHUR"
187152,2026-03-27,7706,2,25.05,"DIESEL, DYED FUEL",Dyed Diesel Fuel 2. Nontaxable use only,4.589,114.95,False,"DIESEL, DYED FUEL"
187152,2026-03-27,7706,3,1.0,P66 MUNLIPLEX,P66 MULTIPLEX 600 #2 10PK,58.2,58.2,True,P66 MUNLIPLEX
187152,2026-03-27,7706,4,1.0,Shop,Shop Towel Roll,5.14,5.14,True,Shop
187155,2026-03-27,13059,1,29.87,"DIESEL, LOW SULPHUR",500-ppm sulphur LSD,5.029,150.22,False,"DIESEL, LOW SULPHUR"
187158,2026-03-27,13072,1,19.82,"GASOLINE, UNLEADED",UNLEADED GASOLINE,3.599,71.33,False,"GASOLINE, UNLEADED"
187159,2026-03-30,7722,1,27.7,"DIESEL, LOW SULPHUR",500-ppm sulphur LSD,5.279,146.23,False,"DIESEL, LOW SULPHUR"
187159,2026-03-30,7722,2,50.01,"DIESEL, DYED FUEL",Dyed Diesel Fuel 2. Nontaxable use only,4.839,242.0,False,"DIESEL, DYED FUEL"
187162,2026-03-30,7723,1,4.76,"GASOLINE, UNLEADED",UNLEADED GASOLINE,3.699,17.61,False,"GASOLINE, UNLEADED"
187162,2026-03-30,7723,2,32.64,"DIESEL, LOW SULPHUR",500-ppm sulphur LSD,5.279,172.31,False,"DIESEL, LOW SULPHUR"
187164,2026-03-30,7729,1,20.95,"DIESEL, LOW SULPHUR",500-ppm sulphur LSD,5.279,110.6,False,"DIESEL, LOW SULPHUR"
187165,2026-03-30,322501,1,81.45,"GASOLINE, UNLEADED",UNLEADED GASOLINE,3.699,301.28,False,"GASOLINE, UNLEADED"
187165,2026-03-30,322501,2,21.51,"DIESEL, LOW SULPHUR",500-ppm sulphur LSD,5.279,113.55,False,"DIESEL, LOW SULPHUR"
187165,2026-03-30,322501,3,1.0,WD-40,WD-40,15.525,15.53,True,WD-40
187166,2026-03-30,7731,1,1.21,"GASOLINE, UNLEADED",UNLEADED GASOLINE,3.699,4.48,False,"GASOLINE, UNLEADED"
187166,2026-03-30,7731,2,27.57,"DIESEL, LOW SULPHUR",500-ppm sulphur LSD,5.279,145.54,False,"DIESEL, LOW SULPHUR"
187168,2026-03-31,7734,1,24.02,"DIESEL, LOW SULPHUR",500-ppm sulphur LSD,5.209,125.12,False,"DIESEL, LOW SULPHUR"
187168,2026-03-31,7734,2,75.51,"DIESEL, DYED FUEL",Dyed Diesel Fuel 2. Nontaxable use only,4.769,360.11,False,"DIESEL, DYED FUEL"
187168,2026-03-31,7734,3,2.0,EXHAUST,DIESEL EXHAUST FLUID 1/2.5,12.99,25.98,True,EXHAUST
187169,2026-03-31,7728,1,13.91,"GASOLINE, UNLEADED",UNLEADED GASOLINE,3.729,51.87,False,"GASOLINE, UNLEADED"
187169,2026-03-31,7728,2,41.6,"DIESEL, LOW SULPHUR",500-ppm sulphur LSD,5.209,216.69,False,"DIESEL, LOW SULPHUR"
187169,2026-03-31,7728,3,41.72,"DIESEL, DYED FUEL",Dyed Diesel Fuel 2. Nontaxable use only,4.769,198.96,False,"DIESEL, DYED FUEL"
187170,2026-03-31,7732,1,10.0,"GASOLINE, UNLEADED",UNLEADED GASOLINE,3.729,37.29,False,"GASOLINE, UNLEADED"
187170,2026-03-31,7732,2,41.14,"DIESEL, LOW SULPHUR",500-ppm sulphur LSD,5.209,214.3,False,"DIESEL, LOW SULPHUR"
187170,2026-03-31,7732,3,45.19,"DIESEL, DYED FUEL",Dyed Diesel Fuel 2. Nontaxable use only,4.769,215.51,False,"DIESEL, DYED FUEL"
187171,2026-03-31,7733,1,5.4,"GASOLINE, UNLEADED",UNLEADED GASOLINE,3.729,20.14,False,"GASOLINE, UNLEADED"
187171,2026-03-31,7733,2,28.23,"DIESEL, LOW SULPHUR",500-ppm sulphur LSD,5.209,147.05,False,"DIESEL, LOW SULPHUR"
187171,2026-03-31,7733,3,79.64,"DIESEL, DYED FUEL",Dyed Diesel Fuel 2. Nontaxable use only,4.769,379.8,False,"DIESEL, DYED FUEL"
187172,2026-03-31,7737,1,6.48,"GASOLINE, UNLEADED",UNLEADED GASOLINE,3.729,24.16,False,"GASOLINE, UNLEADED"
187172,2026-03-31,7737,2,23.2,"DIESEL, LOW SULPHUR",500-ppm sulphur LSD,5.209,120.85,False,"DIESEL, LOW SULPHUR"
187172,2026-03-31,7737,3,73.63,"DIESEL, DYED FUEL",Dyed Diesel Fuel 2. Nontaxable use only,4.769,351.14,False,"DIESEL, DYED FUEL"
187173,2026-03-31,7739,1,21.78,"DIESEL, LOW SULPHUR",500-ppm sulphur LSD,5.209,113.45,False,"DIESEL, LOW SULPHUR"
187174,2026-03-31,13078,1,28.48,"GASOLINE, UNLEADED",UNLEADED GASOLINE,3.729,106.2,False,"GASOLINE, UNLEADED"
187175,2026-03-31,13076,1,27.32,"GASOLINE, UNLEADED",UNLEADED GASOLINE,3.729,101.88,False,"GASOLINE, UNLEADED"
187179,2026-03-31,13080,1,19.58,"GASOLINE, UNLEADED",UNLEADED GASOLINE,3.729,73.01,False,"GASOLINE, UNLEADED"
187180,2026-03-31,7751,1,98.68,"DIESEL, LOW SULPHUR",500-ppm sulphur LSD,5.209,514.02,False,"DIESEL, LOW SULPHUR"
187186,2026-04-01,7753,1,14.89,"GASOLINE, UNLEADED",UNLEADED GASOLINE,3.699,55.08,False,"GASOLINE, UNLEADED"
187186,2026-04-01,7753,2,38.44,"DIESEL, LOW SULPHUR",500-ppm sulphur LSD,5.049,194.08,False,"DIESEL, LOW SULPHUR"
187186,2026-04-01,7753,3,67.49,"DIESEL, DYED FUEL",Dyed Diesel Fuel 2. Nontaxable use only,4.609,311.06,False,"DIESEL, DYED FUEL"
187186,2026-04-01,7753,4,2.94,EXHAUST BULK,DIESEL EXHAUST FLUID BULK,7.62,22.4,True,EXHAUST BULK
187186,2026-04-01,7753,5,2.0,EXHAUST,DIESEL EXHAUST FLUID 1/2.5,12.99,25.98,True,EXHAUST
187186,2026-04-01,7753,6,1.0,"WASHER, WIND",Windshield Washer,5.9625,5.96,True,"WASHER, WIND"
187192,2026-04-01,7759,1,30.77,"DIESEL, LOW SULPHUR",500-ppm sulphur LSD,5.049,155.36,False,"DIESEL, LOW SULPHUR"
187195,2026-04-02,7736,1,8.37,"GASOLINE, UNLEADED",UNLEADED GASOLINE,3.559,29.79,False,"GASOLINE, UNLEADED"
187195,2026-04-02,7736,2,28.23,"DIESEL, LOW SULPHUR",500-ppm sulphur LSD,5.039,142.25,False,"DIESEL, LOW SULPHUR"
187195,2026-04-02,7736,3,11.62,"DIESEL, DYED FUEL",Dyed Diesel Fuel 2. Nontaxable use only,4.599,53.44,False,"DIESEL, DYED FUEL"
187195,2026-04-02,7736,4,2.31,EXHAUST BULK,DIESEL EXHAUST FLUID BULK,7.62,17.6,True,EXHAUST BULK
187196,2026-04-02,7763,1,168.6,"DIESEL, LOW SULPHUR",500-ppm sulphur LSD,5.039,849.58,False,"DIESEL, LOW SULPHUR"
187196,2026-04-02,7763,2,0.99,EXHAUST BULK,DIESEL EXHAUST FLUID BULK,7.62,7.54,True,EXHAUST BULK
187196,2026-04-02,7763,3,1.0,Book,Drivers Log Book,16.0125,16.01,True,Book
187197,2026-04-02,13086,1,5.75,"GASOLINE, UNLEADED",UNLEADED GASOLINE,3.559,20.46,False,"GASOLINE, UNLEADED"
187197,2026-04-02,13086,2,22.86,"DIESEL, LOW SULPHUR",500-ppm sulphur LSD,5.039,115.19,False,"DIESEL, LOW SULPHUR"
187197,2026-04-02,13086,3,79.44,"DIESEL, DYED FUEL",Dyed Diesel Fuel 2. Nontaxable use only,4.599,365.34,False,"DIESEL, DYED FUEL"
187197,2026-04-02,13086,4,1.0,Shop Towel BX,Shop towel box,27.19,27.19,True,Shop Towel BX
187198,2026-04-02,7764,1,7.98,"GASOLINE, UNLEADED",UNLEADED GASOLINE,3.759,30.0,False,"GASOLINE, UNLEADED"
187198,2026-04-02,7764,2,35.82,"DIESEL, LOW SULPHUR",500-ppm sulphur LSD,5.539,198.41,False,"DIESEL, LOW SULPHUR"
187198,2026-04-02,7764,3,40.32,"DIESEL, DYED FUEL",Dyed Diesel Fuel 2. Nontaxable use only,5.099,205.59,False,"DIESEL, DYED FUEL"
187201,2026-04-02,7766,1,39.21,"DIESEL, LOW SULPHUR",500-ppm sulphur LSD,5.539,217.18,False,"DIESEL, LOW SULPHUR"
187201,2026-04-02,7766,2,68.84,"DIESEL, DYED FUEL",Dyed Diesel Fuel 2. Nontaxable use only,5.099,351.02,False,"DIESEL, DYED FUEL"
187202,2026-04-02,13091,1,21.28,"GASOLINE, UNLEADED",UNLEADED GASOLINE,3.759,79.99,False,"GASOLINE, UNLEADED"
187203,2026-04-02,7758,1,19.8,"GASOLINE, UNLEADED",UNLEADED GASOLINE,3.759,74.43,False,"GASOLINE, UNLEADED"
187203,2026-04-02,7758,2,22.46,"DIESEL, LOW SULPHUR",500-ppm sulphur LSD,5.539,124.41,False,"DIESEL, LOW SULPHUR"
187203,2026-04-02,7758,3,46.71,"DIESEL, DYED FUEL",Dyed Diesel Fuel 2. Nontaxable use only,5.099,238.17,False,"DIESEL, DYED FUEL"
187204,2026-04-02,7762,1,16.2,"GASOLINE, UNLEADED",UNLEADED GASOLINE,3.559,57.66,False,"GASOLINE, UNLEADED"
187204,2026-04-02,7762,2,21.61,"DIESEL, LOW SULPHUR",500-ppm sulphur LSD,5.039,108.89,False,"DIESEL, LOW SULPHUR"
187204,2026-04-02,7762,3,74.16,"DIESEL, DYED FUEL",Dyed Diesel Fuel 2. Nontaxable use only,4.599,341.06,False,"DIESEL, DYED FUEL"
187204,2026-04-02,7762,4,1.0,Shop,Shop Towel Roll,5.14,5.14,True,Shop
187205,2026-04-02,7767,1,24.47,"DIESEL, LOW SULPHUR",500-ppm sulphur LSD,5.539,135.54,False,"DIESEL, LOW SULPHUR"
187208,2026-04-06,7778,1,29.69,"DIESEL, LOW SULPHUR",500-ppm sulphur LSD,5.369,159.41,False,"DIESEL, LOW SULPHUR"
187209,2026-04-06,7777,1,12.06,"GASOLINE, UNLEADED",UNLEADED GASOLINE,3.759,45.33,False,"GASOLINE, UNLEADED"
187209,2026-04-06,7777,2,38.42,"DIESEL, LOW SULPHUR",500-ppm sulphur LSD,5.369,206.28,False,"DIESEL, LOW SULPHUR"
187209,2026-04-06,7777,3,27.64,"DIESEL, DYED FUEL",Dyed Diesel Fuel 2. Nontaxable use only,4.929,136.24,False,"DIESEL, DYED FUEL"
187215,2026-04-07,7991,1,20.0,"GASOLINE, UNLEADED",UNLEADED GASOLINE,3.759,75.18,False,"GASOLINE, UNLEADED"
187215,2026-04-07,7991,2,22.74,"DIESEL, LOW SULPHUR",500-ppm sulphur LSD,5.329,121.18,False,"DIESEL, LOW SULPHUR"
187215,2026-04-07,7991,3,18.08,"DIESEL, DYED FUEL",Dyed Diesel Fuel 2. Nontaxable use only,4.889,88.39,False,"DIESEL, DYED FUEL"
187216,2026-04-07,7790,1,8.91,"GASOLINE, UNLEADED",UNLEADED GASOLINE,3.759,33.49,False,"GASOLINE, UNLEADED"
187216,2026-04-07,7790,2,36.59,"DIESEL, LOW SULPHUR",500-ppm sulphur LSD,5.329,194.99,False,"DIESEL, LOW SULPHUR"
187216,2026-04-07,7790,3,21.9,"DIESEL, DYED FUEL",Dyed Diesel Fuel 2. Nontaxable use only,4.889,107.07,False,"DIESEL, DYED FUEL"
187216,2026-04-07,7790,4,12.0,CYCLE,2-CYCLE OIL,2.1125,25.35,True,CYCLE
187216,2026-04-07,7790,5,2.0,WD-40,WD-40,15.525,31.05,True,WD-40
187217,2026-04-07,13105,1,5.76,"GASOLINE, UNLEADED",UNLEADED GASOLINE,3.759,21.65,False,"GASOLINE, UNLEADED"
187217,2026-04-07,13105,2,48.82,"DIESEL, LOW SULPHUR",500-ppm sulphur LSD,5.329,260.16,False,"DIESEL, LOW SULPHUR"
187218,2026-04-07,7792,1,11.63,"GASOLINE, UNLEADED",UNLEADED GASOLINE,3.759,43.72,False,"GASOLINE, UNLEADED"
187220,2026-04-07,7796,1,5.64,"GASOLINE, UNLEADED",UNLEADED GASOLINE,3.759,21.2,False,"GASOLINE, UNLEADED"
187220,2026-04-07,7796,2,29.34,"DIESEL, LOW SULPHUR",500-ppm sulphur LSD,5.329,156.35,False,"DIESEL, LOW SULPHUR"
187220,2026-04-07,7796,3,16.16,"DIESEL, DYED FUEL",Dyed Diesel Fuel 2. Nontaxable use only,4.889,79.01,False,"DIESEL, DYED FUEL"
187221,2026-04-07,7798,1,4.92,"GASOLINE, UNLEADED",UNLEADED GASOLINE,3.759,18.49,False,"GASOLINE, UNLEADED"
187221,2026-04-07,7798,2,28.18,"DIESEL, LOW SULPHUR",500-ppm sulphur LSD,5.329,150.17,False,"DIESEL, LOW SULPHUR"
187221,2026-04-07,7798,3,31.66,"DIESEL, DYED FUEL",Dyed Diesel Fuel 2. Nontaxable use only,4.889,154.79,False,"DIESEL, DYED FUEL"
187221,2026-04-07,7798,4,12.0,CYCLE,2-CYCLE OIL,2.1125,25.35,True,CYCLE
187223,2026-04-07,7800,1,27.29,"DIESEL, LOW SULPHUR",500-ppm sulphur LSD,5.329,145.43,False,"DIESEL, LOW SULPHUR"
187223,2026-04-07,7800,2,54.96,"DIESEL, DYED FUEL",Dyed Diesel Fuel 2. Nontaxable use only,4.889,268.7,False,"DIESEL, DYED FUEL"
187227,2026-04-08,7809,1,35.32,"DIESEL, LOW SULPHUR",500-ppm sulphur LSD,5.479,193.52,False,"DIESEL, LOW SULPHUR"
187227,2026-04-08,7809,2,31.33,"DIESEL, DYED FUEL",Dyed Diesel Fuel 2. Nontaxable use only,5.039,157.87,False,"DIESEL, DYED FUEL"
187227,2026-04-08,7809,3,3.95,EXHAUST BULK,DIESEL EXHAUST FLUID BULK,7.62,30.1,True,EXHAUST BULK
187227,2026-04-08,7809,4,1.0,"GLASS, CLEANER",GLASS CLEANER EACH,5.4375,5.44,True,"GLASS, CLEANER"
187228,2026-04-08,7812,1,2.94,"GASOLINE, UNLEADED",UNLEADED GASOLINE,3.759,11.05,False,"GASOLINE, UNLEADED"
187228,2026-04-08,7812,2,25.52,"DIESEL, LOW SULPHUR",500-ppm sulphur LSD,5.479,139.82,False,"DIESEL, LOW SULPHUR"
187228,2026-04-08,7812,3,15.56,"DIESEL, DYED FUEL",Dyed Diesel Fuel 2. Nontaxable use only,5.039,78.41,False,"DIESEL, DYED FUEL"
187229,2026-04-08,7810,1,10.0,"GASOLINE, UNLEADED",UNLEADED GASOLINE,3.759,37.59,False,"GASOLINE, UNLEADED"
187229,2026-04-08,7810,2,21.67,"DIESEL, LOW SULPHUR",500-ppm sulphur LSD,5.479,118.73,False,"DIESEL, LOW SULPHUR"
187229,2026-04-08,7810,3,17.36,"DIESEL, DYED FUEL",Dyed Diesel Fuel 2. Nontaxable use only,5.039,87.48,False,"DIESEL, DYED FUEL"
187230,2026-04-08,13111,1,36.01,"GASOLINE, UNLEADED",UNLEADED GASOLINE,3.759,135.36,False,"GASOLINE, UNLEADED"
187234,2026-04-08,7815,1,28.36,"DIESEL, LOW SULPHUR",500-ppm sulphur LSD,4.979,141.2,False,"DIESEL, LOW SULPHUR"
187236,2026-04-08,7817,1,29.5,"DIESEL, LOW SULPHUR",500-ppm sulphur LSD,4.979,146.88,False,"DIESEL, LOW SULPHUR"
187237,2026-04-09,7818,1,107.31,"DIESEL, LOW SULPHUR",500-ppm sulphur LSD,4.999,536.44,False,"DIESEL, LOW SULPHUR"
187237,2026-04-09,7818,2,3.49,EXHAUST BULK,DIESEL EXHAUST FLUID BULK,7.62,26.59,True,EXHAUST BULK
187237,2026-04-09,7818,3,1.0,"WASHER, WIND",Windshield Washer,5.9625,5.96,True,"WASHER, WIND"
187237,2026-04-09,7818,4,1.0,WYPALL,Wypall Wipes,11.04,11.04,True,WYPALL
187241,2026-04-09,7824,1,40.48,"DIESEL, LOW SULPHUR",500-ppm sulphur LSD,4.999,202.36,False,"DIESEL, LOW SULPHUR"
187241,2026-04-09,7824,2,63.93,"DIESEL, DYED FUEL",Dyed Diesel Fuel 2. Nontaxable use only,4.559,291.46,False,"DIESEL, DYED FUEL"
187241,2026-04-09,7824,3,1.0,WYPALL,Wypall Wipes,11.04,11.04,True,WYPALL
187242,2026-04-09,7826,1,28.16,"DIESEL, LOW SULPHUR",500-ppm sulphur LSD,4.999,140.77,False,"DIESEL, LOW SULPHUR"
187242,2026-04-09,7826,2,33.98,"DIESEL, DYED FUEL",Dyed Diesel Fuel 2. Nontaxable use only,4.559,154.91,False,"DIESEL, DYED FUEL"
187242,2026-04-09,7826,3,1.0,P66 MUNLIPLEX,P66 MULTIPLEX 600 #2 10PK,59.625,59.63,True,P66 MUNLIPLEX
187250,2026-04-10,7832,1,15.43,"GASOLINE, UNLEADED",UNLEADED GASOLINE,3.559,54.92,False,"GASOLINE, UNLEADED"
187250,2026-04-10,7832,2,37.62,"DIESEL, LOW SULPHUR",500-ppm sulphur LSD,4.999,188.06,False,"DIESEL, LOW SULPHUR"
187250,2026-04-10,7832,3,37.29,"DIESEL, DYED FUEL",Dyed Diesel Fuel 2. Nontaxable use only,4.559,170.01,False,"DIESEL, DYED FUEL"
187250,2026-04-10,7832,4,0.91,EXHAUST BULK,DIESEL EXHAUST FLUID BULK,7.62,6.93,True,EXHAUST BULK
187251,2026-04-10,7835,1,17.9,"GASOLINE, UNLEADED",UNLEADED GASOLINE,3.559,63.71,False,"GASOLINE, UNLEADED"
187251,2026-04-10,7835,2,44.29,"DIESEL, LOW SULPHUR",500-ppm sulphur LSD,4.999,221.41,False,"DIESEL, LOW SULPHUR"
187251,2026-04-10,7835,3,43.37,"DIESEL, DYED FUEL",Dyed Diesel Fuel 2. Nontaxable use only,4.559,197.72,False,"DIESEL, DYED FUEL"
187252,2026-04-10,7938,1,4.3,"GASOLINE, UNLEADED",UNLEADED GASOLINE,3.559,15.3,False,"GASOLINE, UNLEADED"
187252,2026-04-10,7938,2,29.89,"DIESEL, LOW SULPHUR",500-ppm sulphur LSD,4.999,149.42,False,"DIESEL, LOW SULPHUR"
187252,2026-04-10,7938,3,76.04,"DIESEL, DYED FUEL",Dyed Diesel Fuel 2. Nontaxable use only,4.559,346.67,False,"DIESEL, DYED FUEL"
187252,2026-04-10,7938,4,1.0,WD-40,WD-40,15.525,15.53,True,WD-40
187252,2026-04-10,7938,5,1.0,EXHAUST,DIESEL EXHAUST FLUID 1/2.5,12.99,12.99,True,EXHAUST
187252,2026-04-10,7938,6,12.0,CYCLE,2-CYCLE OIL,2.1125,25.35,True,CYCLE
187253,2026-04-10,7837,1,4.96,"GASOLINE, UNLEADED",UNLEADED GASOLINE,3.559,17.65,False,"GASOLINE, UNLEADED"
187253,2026-04-10,7837,2,29.89,"DIESEL, LOW SULPHUR",500-ppm sulphur LSD,4.999,149.42,False,"DIESEL, LOW SULPHUR"
187253,2026-04-10,7837,3,26.58,"DIESEL, DYED FUEL",Dyed Diesel Fuel 2. Nontaxable use only,4.559,121.18,False,"DIESEL, DYED FUEL"
187253,2026-04-10,7837,4,4.0,EXHAUST,DIESEL EXHAUST FLUID 1/2.5,12.99,51.96,True,EXHAUST
187254,2026-04-10,7841,1,9.9,"GASOLINE, UNLEADED",UNLEADED GASOLINE,3.559,35.23,False,"GASOLINE, UNLEADED"
187254,2026-04-10,7841,2,20.93,"DIESEL, LOW SULPHUR",500-ppm sulphur LSD,4.999,104.63,False,"DIESEL, LOW SULPHUR"
187254,2026-04-10,7841,3,3.55,"DIESEL, DYED FUEL",Dyed Diesel Fuel 2. Nontaxable use only,4.559,16.18,False,"DIESEL, DYED FUEL"
187255,2026-04-10,7840,1,4.96,"GASOLINE, UNLEADED",UNLEADED GASOLINE,3.559,17.65,False,"GASOLINE, UNLEADED"
187255,2026-04-10,7840,2,25.37,"DIESEL, LOW SULPHUR",500-ppm sulphur LSD,4.999,126.82,False,"DIESEL, LOW SULPHUR"
187255,2026-04-10,7840,3,82.44,"DIESEL, DYED FUEL",Dyed Diesel Fuel 2. Nontaxable use only,4.559,375.84,False,"DIESEL, DYED FUEL"
187256,2026-04-10,13124,1,85.28,"DIESEL, LOW SULPHUR",500-ppm sulphur LSD,4.999,426.31,False,"DIESEL, LOW SULPHUR"
187256,2026-04-10,13124,2,1.0,LUCAS,Lucas Fuel Treatment EACH,24.0375,24.04,True,LUCAS
187259,2026-04-10,7845,1,107.88,"DIESEL, LOW SULPHUR",500-ppm sulphur LSD,4.999,539.29,False,"DIESEL, LOW SULPHUR"
187259,2026-04-10,7845,2,1.0,Shop,Shop Towel Roll,5.14,5.14,True,Shop
187260,2026-04-10,13127,1,17.78,"GASOLINE, UNLEADED",UNLEADED GASOLINE,3.559,63.28,False,"GASOLINE, UNLEADED"
187261,2026-04-10,7839,1,32.8,"GASOLINE, UNLEADED",UNLEADED GASOLINE,3.559,116.74,False,"GASOLINE, UNLEADED"
187261,2026-04-10,7839,2,1.0,Shop Towel BX,Shop towel box,27.19,27.19,True,Shop Towel BX
187261,2026-04-10,7839,3,2.0,"GLASS, CLEANER",GLASS CLEANER EACH,5.4375,10.88,True,"GLASS, CLEANER"
187261,2026-04-10,7839,4,2.0,"WASHER, WIND",Windshield Washer,5.9625,11.93,True,"WASHER, WIND"
187264,2026-04-13,7848,1,15.86,"GASOLINE, UNLEADED",UNLEADED GASOLINE,3.559,56.45,False,"GASOLINE, UNLEADED"
187264,2026-04-13,7848,2,40.96,"DIESEL, LOW SULPHUR",500-ppm sulphur LSD,4.849,198.62,False,"DIESEL, LOW SULPHUR"
187264,2026-04-13,7848,3,83.1,"DIESEL, DYED FUEL",Dyed Diesel Fuel 2. Nontaxable use only,4.409,366.39,False,"DIESEL, DYED FUEL"
187264,2026-04-13,7848,4,1.0,"WASHER, WIND",Windshield Washer,5.9625,5.96,True,"WASHER, WIND"
187264,2026-04-13,7848,5,2.0,EXHAUST,DIESEL EXHAUST FLUID 1/2.5,12.99,25.98,True,EXHAUST
187265,2026-04-13,7850,1,29.67,"DIESEL, LOW SULPHUR",500-ppm sulphur LSD,4.849,143.87,False,"DIESEL, LOW SULPHUR"
187267,2026-04-13,13130,1,5.6,"GASOLINE, UNLEADED",UNLEADED GASOLINE,3.559,19.93,False,"GASOLINE, UNLEADED"
187267,2026-04-13,13130,2,25.18,"DIESEL, LOW SULPHUR",500-ppm sulphur LSD,4.849,122.1,False,"DIESEL, LOW SULPHUR"
187267,2026-04-13,13130,3,81.85,"DIESEL, DYED FUEL",Dyed Diesel Fuel 2. Nontaxable use only,4.409,360.88,False,"DIESEL, DYED FUEL"
187270,2026-04-14,7866,1,27.18,"DIESEL, LOW SULPHUR",500-ppm sulphur LSD,4.749,129.08,False,"DIESEL, LOW SULPHUR"
187270,2026-04-14,7866,2,42.36,"DIESEL, DYED FUEL",Dyed Diesel Fuel 2. Nontaxable use only,4.309,182.53,False,"DIESEL, DYED FUEL"
187271,2026-04-14,7875,1,3.54,"GASOLINE, UNLEADED",UNLEADED GASOLINE,3.519,12.46,False,"GASOLINE, UNLEADED"
187271,2026-04-14,7875,2,18.77,"DIESEL, LOW SULPHUR",500-ppm sulphur LSD,4.749,89.14,False,"DIESEL, LOW SULPHUR"
187271,2026-04-14,7875,3,48.09,"DIESEL, DYED FUEL",Dyed Diesel Fuel 2. Nontaxable use only,4.309,207.22,False,"DIESEL, DYED FUEL"
187272,2026-04-14,7871,1,41.0,"DIESEL, LOW SULPHUR",500-ppm sulphur LSD,4.749,194.71,False,"DIESEL, LOW SULPHUR"
187275,2026-04-14,13135,1,13.21,"GASOLINE, UNLEADED",UNLEADED GASOLINE,3.519,46.49,False,"GASOLINE, UNLEADED"
187278,2026-04-14,7802,1,14.99,"DIESEL, LOW SULPHUR",500-ppm sulphur LSD,4.749,71.19,False,"DIESEL, LOW SULPHUR"
187278,2026-04-14,7802,2,86.01,"DIESEL, DYED FUEL",Dyed Diesel Fuel 2. Nontaxable use only,4.309,370.62,False,"DIESEL, DYED FUEL"
187279,2026-04-14,7880,1,5.1,"GASOLINE, UNLEADED",UNLEADED GASOLINE,3.519,17.95,False,"GASOLINE, UNLEADED"
187279,2026-04-14,7880,2,28.88,"DIESEL, LOW SULPHUR",500-ppm sulphur LSD,4.479,129.35,False,"DIESEL, LOW SULPHUR"
187279,2026-04-14,7880,3,55.03,"DIESEL, DYED FUEL",Dyed Diesel Fuel 2. Nontaxable use only,4.039,222.27,False,"DIESEL, DYED FUEL"
187279,2026-04-14,7880,4,1.0,EXHAUST,DIESEL EXHAUST FLUID 1/2.5,12.99,12.99,True,EXHAUST
187279,2026-04-14,7880,5,1.0,"GLASS, CLEANER",GLASS CLEANER EACH,5.4375,5.44,True,"GLASS, CLEANER"
187279,2026-04-14,7880,6,1.0,Shop Towel BX,Shop towel box,27.19,27.19,True,Shop Towel BX
187279,2026-04-14,7880,7,1.0,WD-40,WD-40,15.525,15.53,True,WD-40
187281,2026-04-15,7882,1,1.97,"GASOLINE, UNLEADED",UNLEADED GASOLINE,3.389,6.68,False,"GASOLINE, UNLEADED"
187281,2026-04-15,7882,2,18.78,"DIESEL, LOW SULPHUR",500-ppm sulphur LSD,4.479,84.12,False,"DIESEL, LOW SULPHUR"
187282,2026-04-15,7885,1,19.3,"GASOLINE, UNLEADED",UNLEADED GASOLINE,3.389,65.41,False,"GASOLINE, UNLEADED"
187282,2026-04-15,7885,2,20.76,"DIESEL, LOW SULPHUR",500-ppm sulphur LSD,4.479,92.98,False,"DIESEL, LOW SULPHUR"
187282,2026-04-15,7885,3,36.89,"DIESEL, DYED FUEL",Dyed Diesel Fuel 2. Nontaxable use only,4.039,149.0,False,"DIESEL, DYED FUEL"
187283,2026-04-15,7872,1,161.34,"DIESEL, LOW SULPHUR",500-ppm sulphur LSD,4.479,722.64,False,"DIESEL, LOW SULPHUR"
187285,2026-04-15,7888,1,31.29,"DIESEL, LOW SULPHUR",500-ppm sulphur LSD,4.479,140.15,False,"DIESEL, LOW SULPHUR"
187285,2026-04-15,7888,2,30.33,"DIESEL, DYED FUEL",Dyed Diesel Fuel 2. Nontaxable use only,4.039,122.5,False,"DIESEL, DYED FUEL"
187289,2026-04-15,7890,1,36.14,"DIESEL, LOW SULPHUR",500-ppm sulphur LSD,4.479,161.87,False,"DIESEL, LOW SULPHUR"
187289,2026-04-15,7890,2,63.71,"DIESEL, DYED FUEL",Dyed Diesel Fuel 2. Nontaxable use only,4.039,257.32,False,"DIESEL, DYED FUEL"
187289,2026-04-15,7890,3,1.0,Shop Towel BX,Shop towel box,27.19,27.19,True,Shop Towel BX
187289,2026-04-15,7890,4,1.0,"GREASE, GUN",LEVER GREASE GUN,103.1125,103.11,True,"GREASE, GUN"
187289,2026-04-15,7890,5,1.0,Shop,Shop Towel Roll,5.14,5.14,True,Shop
187290,2026-04-15,7897,1,19.0,"GASOLINE, UNLEADED",UNLEADED GASOLINE,3.499,66.48,False,"GASOLINE, UNLEADED"
187290,2026-04-15,7897,2,25.75,"DIESEL, LOW SULPHUR",500-ppm sulphur LSD,4.619,118.94,False,"DIESEL, LOW SULPHUR"
187290,2026-04-15,7897,3,53.02,"DIESEL, DYED FUEL",Dyed Diesel Fuel 2. Nontaxable use only,4.279,226.87,False,"DIESEL, DYED FUEL"
187296,2026-04-16,7901,1,28.75,"DIESEL, LOW SULPHUR",500-ppm sulphur LSD,4.769,137.11,False,"DIESEL, LOW SULPHUR"
187296,2026-04-16,7901,2,48.25,"DIESEL, DYED FUEL",Dyed Diesel Fuel 2. Nontaxable use only,4.329,208.87,False,"DIESEL, DYED FUEL"
187297,2026-04-16,13141,1,31.1,"DIESEL, LOW SULPHUR",500-ppm sulphur LSD,4.769,148.32,False,"DIESEL, LOW SULPHUR"
187297,2026-04-16,13141,2,52.81,"DIESEL, DYED FUEL",Dyed Diesel Fuel 2. Nontaxable use only,4.329,228.61,False,"DIESEL, DYED FUEL"
187297,2026-04-16,13141,3,1.0,Shop Towel BX,Shop towel box,29.8125,29.81,True,Shop Towel BX
187299,2026-04-16,13142,1,26.51,"GASOLINE, UNLEADED",UNLEADED GASOLINE,3.549,94.08,False,"GASOLINE, UNLEADED"
187301,2026-04-17,7907,1,2.18,"GASOLINE, UNLEADED",UNLEADED GASOLINE,3.569,7.78,False,"GASOLINE, UNLEADED"
187301,2026-04-17,7907,2,34.85,"DIESEL, LOW SULPHUR",500-ppm sulphur LSD,4.729,164.81,False,"DIESEL, LOW SULPHUR"
187301,2026-04-17,7907,3,5.4,"DIESEL, DYED FUEL",Dyed Diesel Fuel 2. Nontaxable use only,4.289,23.16,False,"DIESEL, DYED FUEL"
187301,2026-04-17,7907,4,1.36,EXHAUST BULK,DIESEL EXHAUST FLUID BULK,7.9625,10.83,True,EXHAUST BULK
187303,2026-04-17,7911,1,21.14,"DIESEL, LOW SULPHUR",500-ppm sulphur LSD,4.729,99.97,False,"DIESEL, LOW SULPHUR"
187303,2026-04-17,7911,2,21.96,"DIESEL, DYED FUEL",Dyed Diesel Fuel 2. Nontaxable use only,4.289,94.19,False,"DIESEL, DYED FUEL"
187308,2026-04-17,13145,1,21.24,"GASOLINE, UNLEADED",UNLEADED GASOLINE,3.569,75.81,False,"GASOLINE, UNLEADED"
187309,2026-04-17,13146,1,20.58,"GASOLINE, UNLEADED",UNLEADED GASOLINE,3.569,73.45,False,"GASOLINE, UNLEADED"
187310,2026-04-17,2902,1,113.07,"DIESEL, LOW SULPHUR",500-ppm sulphur LSD,4.729,534.71,False,"DIESEL, LOW SULPHUR"
187310,2026-04-17,2902,2,4.31,EXHAUST BULK,DIESEL EXHAUST FLUID BULK,7.96,34.31,True,EXHAUST BULK
187311,2026-04-17,7913,1,23.25,"DIESEL, LOW SULPHUR",500-ppm sulphur LSD,4.729,109.95,False,"DIESEL, LOW SULPHUR"
187311,2026-04-17,7913,2,19.9,"GASOLINE, UNLEADED",UNLEADED GASOLINE,3.569,71.02,False,"GASOLINE, UNLEADED"
187312,2026-04-17,7914,1,110.33,"DIESEL, LOW SULPHUR",500-ppm sulphur LSD,4.729,521.75,False,"DIESEL, LOW SULPHUR"
187312,2026-04-17,7914,2,6.73,EXHAUST BULK,DIESEL EXHAUST FLUID BULK,7.96,53.57,True,EXHAUST BULK
187312,2026-04-17,7914,3,1.0,WYPALL,Wypall Wipes,11.04,11.04,True,WYPALL
187315,2026-04-20,7824,1,3.4,"GASOLINE, UNLEADED",UNLEADED GASOLINE,3.509,11.93,False,"GASOLINE, UNLEADED"
187315,2026-04-20,7824,2,28.45,"DIESEL, LOW SULPHUR",500-ppm sulphur LSD,4.419,125.72,False,"DIESEL, LOW SULPHUR"
187315,2026-04-20,7824,3,14.32,"DIESEL, DYED FUEL",Dyed Diesel Fuel 2. Nontaxable use only,3.979,56.98,False,"DIESEL, DYED FUEL"
187316,2026-04-20,7915,1,4.32,"GASOLINE, UNLEADED",UNLEADED GASOLINE,3.509,15.16,False,"GASOLINE, UNLEADED"
187316,2026-04-20,7915,2,26.83,"DIESEL, LOW SULPHUR",500-ppm sulphur LSD,4.419,118.56,False,"DIESEL, LOW SULPHUR"
187316,2026-04-20,7915,3,48.36,"DIESEL, DYED FUEL",Dyed Diesel Fuel 2. Nontaxable use only,3.979,192.42,False,"DIESEL, DYED FUEL"
187317,2026-04-20,7918,1,3.81,"GASOLINE, UNLEADED",UNLEADED GASOLINE,3.509,13.37,False,"GASOLINE, UNLEADED"
187317,2026-04-20,7918,2,17.65,"DIESEL, LOW SULPHUR",500-ppm sulphur LSD,4.419,78.0,False,"DIESEL, LOW SULPHUR"
187317,2026-04-20,7918,3,15.34,"DIESEL, DYED FUEL",Dyed Diesel Fuel 2. Nontaxable use only,3.979,61.04,False,"DIESEL, DYED FUEL"
187318,2026-04-20,7920,1,5.17,"GASOLINE, UNLEADED",UNLEADED GASOLINE,3.509,18.14,False,"GASOLINE, UNLEADED"
187318,2026-04-20,7920,2,36.25,"DIESEL, LOW SULPHUR",500-ppm sulphur LSD,4.419,160.19,False,"DIESEL, LOW SULPHUR"
187318,2026-04-20,7920,3,86.5,"DIESEL, DYED FUEL",Dyed Diesel Fuel 2. Nontaxable use only,3.979,344.18,False,"DIESEL, DYED FUEL"
187318,2026-04-20,7920,4,1.0,VENT CAP,"2"" Vent Cap",49.325,49.33,True,VENT CAP
187322,2026-04-21,7925,1,31.39,"DIESEL, LOW SULPHUR",500-ppm sulphur LSD,4.569,143.42,False,"DIESEL, LOW SULPHUR"
187322,2026-04-21,7925,2,8.28,"DIESEL, DYED FUEL",Dyed Diesel Fuel 2. Nontaxable use only,4.129,34.19,False,"DIESEL, DYED FUEL"
187322,2026-04-21,7925,3,1.0,Shop Towel BX,Shop towel box,29.81,29.81,True,Shop Towel BX
187322,2026-04-21,7925,4,1.0,VENT CAP,"2"" Vent Cap",49.325,49.33,True,VENT CAP
187325,2026-04-21,13157,1,34.61,"GASOLINE, UNLEADED",UNLEADED GASOLINE,3.599,124.56,False,"GASOLINE, UNLEADED"
187328,2026-04-21,13158,1,18.77,"GASOLINE, UNLEADED",UNLEADED GASOLINE,3.599,67.55,False,"GASOLINE, UNLEADED"
187333,2026-04-22,7930,1,49.64,"DIESEL, LOW SULPHUR",500-ppm sulphur LSD,4.639,230.28,False,"DIESEL, LOW SULPHUR"
187333,2026-04-22,7930,2,24.42,"DIESEL, DYED FUEL",Dyed Diesel Fuel 2. Nontaxable use only,4.199,102.54,False,"DIESEL, DYED FUEL"
187333,2026-04-22,7930,3,1.0,Shop Towel BX,Shop towel box,29.81,29.81,True,Shop Towel BX
187333,2026-04-22,7930,4,1.0,GLOVES,LEATHER RR PAIR,22.675,22.68,True,GLOVES
187334,2026-04-22,7906,1,15.7,"GASOLINE, UNLEADED",UNLEADED GASOLINE,3.589,56.35,False,"GASOLINE, UNLEADED"
187334,2026-04-22,7906,2,37.47,"DIESEL, LOW SULPHUR",500-ppm sulphur LSD,4.639,173.82,False,"DIESEL, LOW SULPHUR"
187334,2026-04-22,7906,3,60.05,"DIESEL, DYED FUEL",Dyed Diesel Fuel 2. Nontaxable use only,4.199,252.15,False,"DIESEL, DYED FUEL"
187334,2026-04-22,7906,4,2.0,GLOVES,LEATHER RR PAIR,22.675,45.35,True,GLOVES
187334,2026-04-22,7906,5,1.0,Gloves Ins,Insulated RR Pair,24.7125,24.71,True,Gloves Ins
187334,2026-04-22,7906,6,1.0,"WASHER, WIND",Windshield Washer,5.9625,5.96,True,"WASHER, WIND"
187336,2026-04-22,13160,1,5.66,"GASOLINE, UNLEADED",UNLEADED GASOLINE,3.589,20.31,False,"GASOLINE, UNLEADED"
187336,2026-04-22,13160,2,59.6,"DIESEL, LOW SULPHUR",500-ppm sulphur LSD,4.639,276.48,False,"DIESEL, LOW SULPHUR"
187336,2026-04-22,13160,3,1.0,Shop,Shop Towel Roll,5.7875,5.79,True,Shop
187336,2026-04-22,13160,4,1.0,Shop Towel BX,Shop towel box,29.81,29.81,True,Shop Towel BX
187338,2026-04-22,7935,1,24.1,"GASOLINE, UNLEADED",UNLEADED GASOLINE,3.689,88.9,False,"GASOLINE, UNLEADED"
187338,2026-04-22,7935,2,32.67,"DIESEL, LOW SULPHUR",500-ppm sulphur LSD,4.789,156.46,False,"DIESEL, LOW SULPHUR"
187338,2026-04-22,7935,3,16.75,"DIESEL, DYED FUEL",Dyed Diesel Fuel 2. Nontaxable use only,4.349,72.85,False,"DIESEL, DYED FUEL"
187339,2026-04-23,7937,1,16.0,"GASOLINE, UNLEADED",UNLEADED GASOLINE,3.679,58.86,False,"GASOLINE, UNLEADED"
187339,2026-04-23,7937,2,40.74,"DIESEL, LOW SULPHUR",500-ppm sulphur LSD,4.799,195.51,False,"DIESEL, LOW SULPHUR"
187339,2026-04-23,7937,3,35.72,"DIESEL, DYED FUEL",Dyed Diesel Fuel 2. Nontaxable use only,4.359,155.7,False,"DIESEL, DYED FUEL"
187339,2026-04-23,7937,4,4.45,EXHAUST BULK,DIESEL EXHAUST FLUID BULK,7.96,35.42,True,EXHAUST BULK
187339,2026-04-23,7937,5,1.0,"WASHER, WIND",Windshield Washer,5.9625,5.96,True,"WASHER, WIND"
187340,2026-04-23,7941,1,9.44,"GASOLINE, UNLEADED",UNLEADED GASOLINE,3.679,34.73,False,"GASOLINE, UNLEADED"
187340,2026-04-23,7941,2,17.5,"DIESEL, LOW SULPHUR",500-ppm sulphur LSD,4.799,83.98,False,"DIESEL, LOW SULPHUR"
187340,2026-04-23,7941,3,41.73,"DIESEL, DYED FUEL",Dyed Diesel Fuel 2. Nontaxable use only,4.359,181.9,False,"DIESEL, DYED FUEL"
187343,2026-04-23,7944,1,27.56,"DIESEL, LOW SULPHUR",500-ppm sulphur LSD,4.799,132.26,False,"DIESEL, LOW SULPHUR"
187343,2026-04-23,7944,2,1.0,EXHAUST,DIESEL EXHAUST FLUID 1/2.5,12.99,12.99,True,EXHAUST
187344,2026-04-23,13163,1,22.84,"DIESEL, LOW SULPHUR",500-ppm sulphur LSD,4.799,109.61,False,"DIESEL, LOW SULPHUR"
187345,2026-04-23,13168,1,19.93,"GASOLINE, UNLEADED",UNLEADED GASOLINE,3.679,73.32,False,"GASOLINE, UNLEADED"
187347,2026-04-24,7952,1,19.49,"GASOLINE, UNLEADED",UNLEADED GASOLINE,3.739,72.87,False,"GASOLINE, UNLEADED"
187347,2026-04-24,7952,2,6.38,"DIESEL, LOW SULPHUR",500-ppm sulphur LSD,4.829,30.81,False,"DIESEL, LOW SULPHUR"
187347,2026-04-24,7952,3,21.7,"DIESEL, DYED FUEL",Dyed Diesel Fuel 2. Nontaxable use only,4.389,95.24,False,"DIESEL, DYED FUEL"
187348,2026-04-24,7948,1,43.13,"DIESEL, LOW SULPHUR",500-ppm sulphur LSD,4.829,208.27,False,"DIESEL, LOW SULPHUR"
187348,2026-04-24,7948,2,94.34,"DIESEL, DYED FUEL",Dyed Diesel Fuel 2. Nontaxable use only,4.389,414.06,False,"DIESEL, DYED FUEL"
187350,2026-04-24,7958,1,39.26,"DIESEL, LOW SULPHUR",500-ppm sulphur LSD,4.829,189.59,False,"DIESEL, LOW SULPHUR"
187350,2026-04-24,7958,2,74.13,"DIESEL, DYED FUEL",Dyed Diesel Fuel 2. Nontaxable use only,4.389,325.36,False,"DIESEL, DYED FUEL"
187350,2026-04-24,7958,3,3.02,EXHAUST BULK,DIESEL EXHAUST FLUID BULK,7.96,24.04,True,EXHAUST BULK
187352,2026-04-24,7956,1,8.4,"GASOLINE, UNLEADED",UNLEADED GASOLINE,3.739,31.41,False,"GASOLINE, UNLEADED"
187352,2026-04-24,7956,2,32.64,"DIESEL, LOW SULPHUR",500-ppm sulphur LSD,4.829,157.62,False,"DIESEL, LOW SULPHUR"
187352,2026-04-24,7956,3,1.05,EXHAUST BULK,DIESEL EXHAUST FLUID BULK,7.96,8.36,True,EXHAUST BULK
187353,2026-04-24,7140,1,23.36,"DIESEL, LOW SULPHUR",500-ppm sulphur LSD,4.829,112.81,False,"DIESEL, LOW SULPHUR"
187353,2026-04-24,7140,2,50.93,"DIESEL, DYED FUEL",Dyed Diesel Fuel 2. Nontaxable use only,4.389,223.53,False,"DIESEL, DYED FUEL"
187356,2026-04-24,13689,1,4.6,"GASOLINE, UNLEADED",UNLEADED GASOLINE,3.739,17.2,False,"GASOLINE, UNLEADED"
187356,2026-04-24,13689,2,31.5,"DIESEL, LOW SULPHUR",500-ppm sulphur LSD,4.829,152.11,False,"DIESEL, LOW SULPHUR"
187356,2026-04-24,13689,3,1.0,GOJO,GOJO HAND WIPES,41.475,41.48,True,GOJO
187357,2026-04-24,13174,1,28.17,"DIESEL, LOW SULPHUR",500-ppm sulphur LSD,4.829,136.03,False,"DIESEL, LOW SULPHUR"
187357,2026-04-24,13174,2,1.0,Starting Fluid,Starting Fluid,7.5375,7.54,True,Starting Fluid
187360,2026-04-27,7969,1,4.8,"GASOLINE, UNLEADED",UNLEADED GASOLINE,3.739,17.95,False,"GASOLINE, UNLEADED"
187360,2026-04-27,7969,2,26.79,"DIESEL, LOW SULPHUR",500-ppm sulphur LSD,4.759,127.49,False,"DIESEL, LOW SULPHUR"
187363,2026-04-27,7954,1,11.53,"GASOLINE, UNLEADED",UNLEADED GASOLINE,3.739,43.11,False,"GASOLINE, UNLEADED"
187363,2026-04-27,7954,2,41.32,"DIESEL, LOW SULPHUR",500-ppm sulphur LSD,4.759,196.64,False,"DIESEL, LOW SULPHUR"
187363,2026-04-27,7954,3,57.85,"DIESEL, DYED FUEL",Dyed Diesel Fuel 2. Nontaxable use only,4.319,249.85,False,"DIESEL, DYED FUEL"
187363,2026-04-27,7954,4,1.0,WD-40,WD-40,15.525,15.53,True,WD-40
187363,2026-04-27,7954,5,1.0,"CLEANER, BRAKE",Brake Cleaner,9.625,9.63,True,"CLEANER, BRAKE"
187364,2026-04-27,7966,1,4.71,"GASOLINE, UNLEADED",UNLEADED GASOLINE,3.739,17.61,False,"GASOLINE, UNLEADED"
187364,2026-04-27,7966,2,16.98,"DIESEL, LOW SULPHUR",500-ppm sulphur LSD,4.759,80.81,False,"DIESEL, LOW SULPHUR"
187364,2026-04-27,7966,3,18.02,"DIESEL, DYED FUEL",Dyed Diesel Fuel 2. Nontaxable use only,4.319,77.83,False,"DIESEL, DYED FUEL"
187364,2026-04-27,7966,4,1.0,JOES,JOES HAND CLEANER GREEN EACH,7.625,7.63,True,JOES
187366,2026-04-27,7967,1,28.69,"DIESEL, LOW SULPHUR",500-ppm sulphur LSD,4.759,136.54,False,"DIESEL, LOW SULPHUR"
187366,2026-04-27,7967,2,54.16,"DIESEL, DYED FUEL",Dyed Diesel Fuel 2. Nontaxable use only,4.319,233.92,False,"DIESEL, DYED FUEL"
187369,2026-04-27,7973,1,40.05,"DIESEL, LOW SULPHUR",500-ppm sulphur LSD,4.759,190.6,False,"DIESEL, LOW SULPHUR"
187369,2026-04-27,7973,2,1.0,Shop,Shop Towel Roll,5.79,5.79,True,Shop
187372,2026-04-27,13176,1,16.11,"GASOLINE, UNLEADED",UNLEADED GASOLINE,3.739,60.24,False,"GASOLINE, UNLEADED"
187381,2026-04-28,7980,1,14.45,"GASOLINE, UNLEADED",UNLEADED GASOLINE,3.769,54.46,False,"GASOLINE, UNLEADED"
187381,2026-04-28,7980,2,18.83,"DIESEL, LOW SULPHUR",500-ppm sulphur LSD,4.819,90.74,False,"DIESEL, LOW SULPHUR"
187381,2026-04-28,7980,3,44.05,"DIESEL, DYED FUEL",Dyed Diesel Fuel 2. Nontaxable use only,4.379,192.89,False,"DIESEL, DYED FUEL"
187381,2026-04-28,7980,4,1.0,Shop Towel BX,Shop towel box,29.81,29.81,True,Shop Towel BX
187381,2026-04-28,7980,5,1.0,P66 MUNLIPLEX,P66 MULTIPLEX 600 #2 10PK,61.85,61.85,True,P66 MUNLIPLEX
187381,2026-04-28,7980,6,1.0,GOJO,GOJO HAND WIPES,41.475,41.48,True,GOJO
187383,2026-04-28,7983,1,4.94,"GASOLINE, UNLEADED",UNLEADED GASOLINE,3.769,18.62,False,"GASOLINE, UNLEADED"
187383,2026-04-28,7983,2,33.08,"DIESEL, LOW SULPHUR",500-ppm sulphur LSD,4.819,159.41,False,"DIESEL, LOW SULPHUR"
187383,2026-04-28,7983,3,90.72,"DIESEL, DYED FUEL",Dyed Diesel Fuel 2. Nontaxable use only,4.379,397.26,False,"DIESEL, DYED FUEL"
187383,2026-04-28,7983,4,2.0,EXHAUST,DIESEL EXHAUST FLUID 1/2.5,12.99,25.98,True,EXHAUST
187383,2026-04-28,7983,5,1.0,WYPALL,Wypall Wipes,11.04,11.04,True,WYPALL
187385,2026-04-28,13185,1,65.4,"DIESEL, LOW SULPHUR",500-ppm sulphur LSD,4.819,315.16,False,"DIESEL, LOW SULPHUR"
187387,2026-04-28,7982,1,4.9,"GASOLINE, UNLEADED",UNLEADED GASOLINE,3.769,18.47,False,"GASOLINE, UNLEADED"
187387,2026-04-28,7982,2,39.07,"DIESEL, LOW SULPHUR",500-ppm sulphur LSD,4.819,188.28,False,"DIESEL, LOW SULPHUR"
187387,2026-04-28,7982,3,17.06,"DIESEL, DYED FUEL",Dyed Diesel Fuel 2. Nontaxable use only,4.379,74.71,False,"DIESEL, DYED FUEL"
187388,2026-04-28,7971,1,4.87,"GASOLINE, UNLEADED",UNLEADED GASOLINE,3.769,18.36,False,"GASOLINE, UNLEADED"
187388,2026-04-28,7971,2,32.73,"DIESEL, LOW SULPHUR",500-ppm sulphur LSD,4.819,157.73,False,"DIESEL, LOW SULPHUR"
187389,2026-04-28,7985,1,37.42,"DIESEL, DYED FUEL",Dyed Diesel Fuel 2. Nontaxable use only,4.379,163.86,False,"DIESEL, DYED FUEL"
187389,2026-04-28,7985,2,1.0,Shop,Shop Towel Roll,5.79,5.79,True,Shop
187391,2026-04-28,7988,1,107.9,"DIESEL, LOW SULPHUR",500-ppm sulphur LSD,4.819,519.97,False,"DIESEL, LOW SULPHUR"
187391,2026-04-28,7988,2,1.0,Shop,Shop Towel Roll,5.79,5.79,True,Shop
187391,2026-04-28,7988,3,1.0,"CLEANER, BRAKE",Brake Cleaner,9.625,9.63,True,"CLEANER, BRAKE"
187392,2026-04-28,7977,1,20.1,"GASOLINE, UNLEADED",UNLEADED GASOLINE,3.769,75.76,False,"GASOLINE, UNLEADED"
187392,2026-04-28,7977,2,29.0,"DIESEL, LOW SULPHUR",500-ppm sulphur LSD,4.819,139.75,False,"DIESEL, LOW SULPHUR"
187392,2026-04-28,7977,3,19.11,"DIESEL, DYED FUEL",Dyed Diesel Fuel 2. Nontaxable use only,4.379,83.68,False,"DIESEL, DYED FUEL"
187395,2026-04-29,7992,1,28.03,"DIESEL, LOW SULPHUR",500-ppm sulphur LSD,4.819,135.08,False,"DIESEL, LOW SULPHUR"
187395,2026-04-29,7992,2,1.0,EXHAUST,DIESEL EXHAUST FLUID 1/2.5,12.99,12.99,True,EXHAUST
187395,2026-04-29,7992,3,1.0,PISTOL,PISTOL GREASE GUN,117.4265,117.43,True,PISTOL
187395,2026-04-29,7992,4,1.0,WD-40,WD-40,15.525,15.53,True,WD-40
187395,2026-04-29,7992,5,1.0,P66 MUNLIPLEX,P66 MULTIPLEX 600 #2 10PK,61.85,61.85,True,P66 MUNLIPLEX
187396,2026-04-29,13169,1,32.33,"DIESEL, LOW SULPHUR",500-ppm sulphur LSD,4.819,155.8,False,"DIESEL, LOW SULPHUR"
187397,2026-04-29,7993,1,19.85,"DIESEL, LOW SULPHUR",500-ppm sulphur LSD,4.819,95.66,False,"DIESEL, LOW SULPHUR"
187398,2026-04-29,7990,1,117.21,"DIESEL, LOW SULPHUR",500-ppm sulphur LSD,4.819,564.83,False,"DIESEL, LOW SULPHUR"
187398,2026-04-29,7990,2,4.34,EXHAUST BULK,DIESEL EXHAUST FLUID BULK,7.96,34.55,True,EXHAUST BULK
187398,2026-04-29,7990,3,1.0,WYPALL,Wypall Wipes,11.04,11.04,True,WYPALL
187400,2026-04-29,13188,1,36.91,"GASOLINE, UNLEADED",UNLEADED GASOLINE,3.989,147.23,False,"GASOLINE, UNLEADED"
187402,2026-04-29,13192,1,33.74,"DIESEL, LOW SULPHUR",500-ppm sulphur LSD,4.969,167.65,False,"DIESEL, LOW SULPHUR"
187404,2026-04-30,8004,1,21.2,"DIESEL, LOW SULPHUR",500-ppm sulphur LSD,5.029,106.61,False,"DIESEL, LOW SULPHUR"
187404,2026-04-30,8004,2,26.24,"DIESEL, DYED FUEL",Dyed Diesel Fuel 2. Nontaxable use only,4.589,120.42,False,"DIESEL, DYED FUEL"
187404,2026-04-30,8004,3,12.0,CYCLE,2-CYCLE OIL,2.1125,25.35,True,CYCLE
187406,2026-04-30,8006,1,166.54,"DIESEL, LOW SULPHUR",500-ppm sulphur LSD,5.029,837.53,False,"DIESEL, LOW SULPHUR"
187406,2026-04-30,8006,2,1.0,"WASHER, WIND",Windshield Washer,5.9625,5.96,True,"WASHER, WIND"
187406,2026-04-30,8006,3,1.0,Book,Drivers Log Book,16.0125,16.01,True,Book
187409,2026-04-30,8007,1,32.35,"DIESEL, LOW SULPHUR",500-ppm sulphur LSD,5.029,162.69,False,"DIESEL, LOW SULPHUR"
187409,2026-04-30,8007,2,45.94,"DIESEL, DYED FUEL",Dyed Diesel Fuel 2. Nontaxable use only,4.589,210.82,False,"DIESEL, DYED FUEL"
187410,2026-04-30,8009,1,19.5,"GASOLINE, UNLEADED",UNLEADED GASOLINE,3.979,77.59,False,"GASOLINE, UNLEADED"
187410,2026-04-30,8009,2,37.83,"DIESEL, LOW SULPHUR",500-ppm sulphur LSD,5.029,190.25,False,"DIESEL, LOW SULPHUR"
187410,2026-04-30,8009,3,1.0,Shop Towel BX,Shop towel box,29.81,29.81,True,Shop Towel BX
187412,2026-04-30,8016 HECTOR,1,20.69,"GASOLINE, UNLEADED",3.979UNLEADED GASOLINE,3.979,82.33,False,"GASOLINE, UNLEADED"
187413,2026-05-01,8017,1,6.04,"GASOLINE, UNLEADED",UNLEADED GASOLINE,3.979,24.03,False,"GASOLINE, UNLEADED"
187413,2026-05-01,8017,2,30.15,"DIESEL, LOW SULPHUR",500-ppm sulphur LSD,5.009,151.02,False,"DIESEL, LOW SULPHUR"
187413,2026-05-01,8017,3,40.67,"DIESEL, DYED FUEL",Dyed Diesel Fuel 2. Nontaxable use only,4.569,185.82,False,"DIESEL, DYED FUEL"
187413,2026-05-01,8017,4,2.33,EXHAUST BULK,DIESEL EXHAUST FLUID BULK,7.96,18.55,True,EXHAUST BULK
187415,2026-05-01,8012,1,41.06,"DIESEL, LOW SULPHUR",500-ppm sulphur LSD,5.009,205.67,False,"DIESEL, LOW SULPHUR"
187415,2026-05-01,8012,2,2.49,"DIESEL, DYED FUEL",Dyed Diesel Fuel 2. Nontaxable use only,4.569,11.38,False,"DIESEL, DYED FUEL"
187415,2026-05-01,8012,3,12.0,CYCLE,2-CYCLE OIL,2.1125,25.35,True,CYCLE
187416,2026-05-01,8020,1,8.43,"GASOLINE, UNLEADED",UNLEADED GASOLINE,3.999,33.71,False,"GASOLINE, UNLEADED"
187416,2026-05-01,8020,2,16.94,"DIESEL, LOW SULPHUR",500-ppm sulphur LSD,5.009,84.85,False,"DIESEL, LOW SULPHUR"
187417,2026-05-01,8022,1,32.11,"DIESEL, LOW SULPHUR",500-ppm sulphur LSD,5.009,160.84,False,"DIESEL, LOW SULPHUR"
187418,2026-05-01,8010,1,4.86,"GASOLINE, UNLEADED",3.999UNLEADED GASOLINE,3.979,19.34,False,"GASOLINE, UNLEADED"
187418,2026-05-01,8010,2,25.93,"DIESEL, LOW SULPHUR",500-ppm sulphur LSD,5.009,129.88,False,"DIESEL, LOW SULPHUR"
187418,2026-05-01,8010,3,21.31,"DIESEL, DYED FUEL",Dyed Diesel Fuel 2. Nontaxable use only,4.569,97.37,False,"DIESEL, DYED FUEL"
187419,2026-05-02,8018,1,21.81,"DIESEL, LOW SULPHUR",500-ppm sulphur LSD,4.959,108.16,False,"DIESEL, LOW SULPHUR"
187427,2026-05-04,8027,1,4.79,"GASOLINE, UNLEADED",UNLEADED GASOLINE,3.999,19.16,False,"GASOLINE, UNLEADED"
187427,2026-05-04,8027,2,17.03,"DIESEL, LOW SULPHUR",500-ppm sulphur LSD,4.959,84.45,False,"DIESEL, LOW SULPHUR"
187428,2026-05-04,8030,1,4.44,"GASOLINE, UNLEADED",UNLEADED GASOLINE,3.999,17.76,False,"GASOLINE, UNLEADED"
187428,2026-05-04,8030,2,27.56,"DIESEL, LOW SULPHUR",500-ppm sulphur LSD,4.959,136.67,False,"DIESEL, LOW SULPHUR"
187428,2026-05-04,8030,3,19.17,"DIESEL, DYED FUEL",Dyed Diesel Fuel 2. Nontaxable use only,4.519,86.63,False,"DIESEL, DYED FUEL"
187428,2026-05-04,8030,4,12.0,CYCLE,2-CYCLE OIL,2.1125,25.35,True,CYCLE
187429,2026-05-04,13201,1,16.92,"GASOLINE, UNLEADED",UNLEADED GASOLINE,3.999,67.66,False,"GASOLINE, UNLEADED"
187430,2026-05-04,8032,1,65.69,"DIESEL, LOW SULPHUR",500-ppm sulphur LSD,4.959,325.76,False,"DIESEL, LOW SULPHUR"
187431,2026-05-04,8033,1,21.2,"GASOLINE, UNLEADED",UNLEADED GASOLINE,3.999,84.78,False,"GASOLINE, UNLEADED"
187431,2026-05-04,8033,2,29.77,"DIESEL, LOW SULPHUR",500-ppm sulphur LSD,4.959,147.63,False,"DIESEL, LOW SULPHUR"
187431,2026-05-04,8033,3,13.14,"DIESEL, DYED FUEL",Dyed Diesel Fuel 2. Nontaxable use only,4.519,59.38,False,"DIESEL, DYED FUEL"
187432,2026-05-05,8038,1,8.15,"GASOLINE, UNLEADED",UNLEADED GASOLINE,4.099,33.41,False,"GASOLINE, UNLEADED"
187432,2026-05-05,8038,2,26.45,"DIESEL, LOW SULPHUR",500-ppm sulphur LSD,5.009,132.49,False,"DIESEL, LOW SULPHUR"
187432,2026-05-05,8038,3,0.97,EXHAUST BULK,DIESEL EXHAUST FLUID BULK,7.96,7.72,True,EXHAUST BULK
187433,2026-05-05,13204,1,31.62,"GASOLINE, UNLEADED",UNLEADED GASOLINE,4.099,129.61,False,"GASOLINE, UNLEADED"
187434,2026-05-05,13206,1,33.57,"DIESEL, LOW SULPHUR",500-ppm sulphur LSD,5.009,168.15,False,"DIESEL, LOW SULPHUR"
187434,2026-05-05,13206,2,34.65,"DIESEL, DYED FUEL",Dyed Diesel Fuel 2. Nontaxable use only,4.569,158.32,False,"DIESEL, DYED FUEL"
187435,2026-05-05,13205,1,8.16,"GASOLINE, UNLEADED",UNLEADED GASOLINE,4.099,33.45,False,"GASOLINE, UNLEADED"
187435,2026-05-05,13205,2,26.48,"DIESEL, LOW SULPHUR",500-ppm sulphur LSD,5.009,132.64,False,"DIESEL, LOW SULPHUR"
187435,2026-05-05,13205,3,78.34,"DIESEL, DYED FUEL",Dyed Diesel Fuel 2. Nontaxable use only,4.569,357.94,False,"DIESEL, DYED FUEL"
187435,2026-05-05,13205,4,1.0,Shop Towel BX,Shop towel box,29.81,29.81,True,Shop Towel BX
187436,2026-05-05,8042,1,13.68,"GASOLINE, UNLEADED",UNLEADED GASOLINE,4.099,56.07,False,"GASOLINE, UNLEADED"
187436,2026-05-05,8042,2,22.51,"DIESEL, LOW SULPHUR",500-ppm sulphur LSD,5.009,112.75,False,"DIESEL, LOW SULPHUR"
187436,2026-05-05,8042,3,68.53,"DIESEL, DYED FUEL",Dyed Diesel Fuel 2. Nontaxable use only,4.569,313.11,False,"DIESEL, DYED FUEL"
187437,2026-05-05,1309,1,25.38,"GASOLINE, UNLEADED",UNLEADED GASOLINE,4.099,104.03,False,"GASOLINE, UNLEADED"
187441,2026-05-05,13206,1,33.71,"DIESEL, LOW SULPHUR",500-ppm sulphur LSD,5.009,168.85,False,"DIESEL, LOW SULPHUR"
187442,2026-05-06,8049,1,4.92,"GASOLINE, UNLEADED",UNLEADED GASOLINE,3.989,19.63,False,"GASOLINE, UNLEADED"
187442,2026-05-06,8049,2,16.89,"DIESEL, LOW SULPHUR",500-ppm sulphur LSD,4.989,84.26,False,"DIESEL, LOW SULPHUR"
187442,2026-05-06,8049,3,29.18,"DIESEL, DYED FUEL",Dyed Diesel Fuel 2. Nontaxable use only,4.549,132.74,False,"DIESEL, DYED FUEL"
187443,2026-05-06,8051,1,4.9,"GASOLINE, UNLEADED",UNLEADED GASOLINE,3.989,19.55,False,"GASOLINE, UNLEADED"
187443,2026-05-06,8051,2,31.77,"DIESEL, LOW SULPHUR",500-ppm sulphur LSD,4.989,158.5,False,"DIESEL, LOW SULPHUR"
187443,2026-05-06,8051,3,35.32,"DIESEL, DYED FUEL",Dyed Diesel Fuel 2. Nontaxable use only,4.549,160.67,False,"DIESEL, DYED FUEL"
187443,2026-05-06,8051,4,2.0,EXHAUST,DIESEL EXHAUST FLUID 1/2.5,12.99,25.98,True,EXHAUST
187444,2026-05-06,8044,1,12.83,"GASOLINE, UNLEADED",UNLEADED GASOLINE,3.989,51.18,False,"GASOLINE, UNLEADED"
187444,2026-05-06,8044,2,38.19,"DIESEL, LOW SULPHUR",500-ppm sulphur LSD,4.989,190.53,False,"DIESEL, LOW SULPHUR"
187444,2026-05-06,8044,3,35.16,"DIESEL, DYED FUEL",Dyed Diesel Fuel 2. Nontaxable use only,4.549,159.94,False,"DIESEL, DYED FUEL"
187444,2026-05-06,8044,4,1.0,PISTOL,PISTOL GREASE GUN,117.3,117.3,True,PISTOL
187444,2026-05-06,8044,5,1.0,"CLEANER, BRAKE",Brake Cleaner,9.625,9.63,True,"CLEANER, BRAKE"
187444,2026-05-06,8044,6,1.0,"GLASS, CLEANER",GLASS CLEANER EACH,5.4375,5.44,True,"GLASS, CLEANER"
187444,2026-05-06,8044,7,2.0,EXHAUST,DIESEL EXHAUST FLUID 1/2.5,12.99,25.98,True,EXHAUST
187447,2026-05-07,8064,1,7.78,"GASOLINE, UNLEADED",UNLEADED GASOLINE,3.959,30.8,False,"GASOLINE, UNLEADED"
187447,2026-05-07,8064,2,25.36,"DIESEL, LOW SULPHUR",500-ppm sulphur LSD,4.919,124.75,False,"DIESEL, LOW SULPHUR"
187447,2026-05-07,8064,3,39.37,"DIESEL, DYED FUEL",Dyed Diesel Fuel 2. Nontaxable use only,4.479,176.34,False,"DIESEL, DYED FUEL"
187447,2026-05-07,8064,4,1.0,Shop Towel BX,Shop towel box,29.81,29.81,True,Shop Towel BX
187447,2026-05-07,8064,5,1.0,P66 MEGAPLEX,P66 MEGAPLEX XD5 #2 10PK,87.375,87.38,True,P66 MEGAPLEX
187449,2026-05-07,8066,1,37.61,"DIESEL, LOW SULPHUR",500-ppm sulphur LSD,4.919,185.0,False,"DIESEL, LOW SULPHUR"
187449,2026-05-07,8066,2,1.0,"GLASS, CLEANER",GLASS CLEANER EACH,5.4375,5.44,True,"GLASS, CLEANER"
187452,2026-05-07,8071,1,120.24,"DIESEL, LOW SULPHUR",500-ppm sulphur LSD,4.919,591.46,False,"DIESEL, LOW SULPHUR"
187453,2026-05-07,13217,1,17.43,"GASOLINE, UNLEADED",UNLEADED GASOLINE,3.959,69.01,False,"GASOLINE, UNLEADED"
187453,2026-05-07,13217,2,2.0,"GREASE, GUN",LEVER Grease Gun,94.8635,189.73,True,"GREASE, GUN"
187454,2026-05-07,8073,1,16.14,"DIESEL, LOW SULPHUR",500-ppm sulphur LSD,4.919,79.39,False,"DIESEL, LOW SULPHUR"
187454,2026-05-07,8073,2,19.96,"DIESEL, DYED FUEL",Dyed Diesel Fuel 2. Nontaxable use only,4.479,89.4,False,"DIESEL, DYED FUEL"
187455,2026-05-07,13216,1,32.86,"DIESEL, LOW SULPHUR",500-ppm sulphur LSD,4.919,161.64,False,"DIESEL, LOW SULPHUR"
187457,2026-05-07,8067,1,12.5,"GASOLINE, UNLEADED",UNLEADED GASOLINE,3.959,49.49,False,"GASOLINE, UNLEADED"
187457,2026-05-07,8067,2,21.23,"DIESEL, LOW SULPHUR",500-ppm sulphur LSD,4.919,104.43,False,"DIESEL, LOW SULPHUR"
187459,2026-05-07,8075,1,26.43,"DIESEL, LOW SULPHUR",500-ppm sulphur LSD,4.839,127.89,False,"DIESEL, LOW SULPHUR"
187459,2026-05-07,8075,2,83.5,"DIESEL, DYED FUEL",Dyed Diesel Fuel 2. Nontaxable use only,4.399,367.32,False,"DIESEL, DYED FUEL"
187459,2026-05-07,8075,3,1.0,P66 MUNLIPLEX,P66 MULTIPLEX 600 #2 10PK,62.0,62.0,True,P66 MUNLIPLEX
187461,2026-05-08,8077,1,27.04,"DIESEL, LOW SULPHUR",500-ppm sulphur LSD,4.839,130.85,False,"DIESEL, LOW SULPHUR"
187461,2026-05-08,8077,2,75.1,"DIESEL, DYED FUEL",Dyed Diesel Fuel 2. Nontaxable use only,4.399,330.36,False,"DIESEL, DYED FUEL"
187461,2026-05-08,8077,3,1.0,Filter,Filter,32.55,32.55,True,Filter
187461,2026-05-08,8077,4,2.0,Shop,Shop Towel Roll,5.79,11.58,True,Shop
187466,2026-05-08,8088,1,26.7,"GASOLINE, UNLEADED",UNLEADED GASOLINE,3.909,104.37,False,"GASOLINE, UNLEADED"
187466,2026-05-08,8088,2,14.68,"DIESEL, LOW SULPHUR",500-ppm sulphur LSD,4.839,71.04,False,"DIESEL, LOW SULPHUR"
187466,2026-05-08,8088,3,26.6,"DIESEL, DYED FUEL",Dyed Diesel Fuel 2. Nontaxable use only,4.399,117.01,False,"DIESEL, DYED FUEL"
187474,2026-05-11,7995,1,112.53,"DIESEL, LOW SULPHUR",500-ppm sulphur LSD,4.969,559.16,False,"DIESEL, LOW SULPHUR"
187474,2026-05-11,7995,2,4.57,EXHAUST BULK,DIESEL EXHAUST FLUID BULK,8.5625,39.13,True,EXHAUST BULK
187474,2026-05-11,7995,3,1.0,WYPALL,Wypall Wipes,11.04,11.04,True,WYPALL
187475,2026-05-11,8092,1,27.56,"GASOLINE, UNLEADED",UNLEADED GASOLINE,3.979,109.66,False,"GASOLINE, UNLEADED"
187475,2026-05-11,8092,2,23.41,"DIESEL, LOW SULPHUR",500-ppm sulphur LSD,4.969,116.32,False,"DIESEL, LOW SULPHUR"
187476,2026-05-11,8091,1,41.04,"DIESEL, LOW SULPHUR",500-ppm sulphur LSD,4.969,203.93,False,"DIESEL, LOW SULPHUR"
187479,2026-05-11,8393,1,6.98,"GASOLINE, UNLEADED",UNLEADED GASOLINE,3.979,27.77,False,"GASOLINE, UNLEADED"
187479,2026-05-11,8393,2,31.0,"DIESEL, LOW SULPHUR",500-ppm sulphur LSD,4.969,154.04,False,"DIESEL, LOW SULPHUR"
187479,2026-05-11,8393,3,16.45,"DIESEL, DYED FUEL",Dyed Diesel Fuel 2. Nontaxable use only,4.529,74.5,False,"DIESEL, DYED FUEL"
187479,2026-05-11,8393,4,2.98,EXHAUST BULK,DIESEL EXHAUST FLUID BULK,8.56,25.51,True,EXHAUST BULK
187480,2026-05-11,13225,1,31.77,"DIESEL, LOW SULPHUR",500-ppm sulphur LSD,5.019,159.45,False,"DIESEL, LOW SULPHUR"
187482,2026-05-11,8096,1,162.81,"DIESEL, LOW SULPHUR",500-ppm sulphur LSD,4.969,809.0,False,"DIESEL, LOW SULPHUR"
187482,2026-05-11,8096,2,12.07,EXHAUST BULK,DIESEL EXHAUST FLUID BULK,8.56,103.32,True,EXHAUST BULK
187482,2026-05-11,8096,3,2.0,INSPECTION BOOK,INSPECTION BOOK,12.375,24.75,True,INSPECTION BOOK
187482,2026-05-11,8096,4,2.0,Book,Drivers Log Book,16.0125,32.03,True,Book
187482,2026-05-11,8096,5,1.0,"WASHER, WIND",Windshield Washer,5.9625,5.96,True,"WASHER, WIND"
187482,2026-05-11,8096,6,1.0,GLOVES,LEATHER RR PAIR,22.675,22.68,True,GLOVES
187483,2026-05-11,8097,1,4.61,"GASOLINE, UNLEADED",UNLEADED GASOLINE,3.979,18.34,False,"GASOLINE, UNLEADED"
187483,2026-05-11,8097,2,87.8,"DIESEL, DYED FUEL",Dyed Diesel Fuel 2. Nontaxable use only,4.529,397.65,False,"DIESEL, DYED FUEL"
187483,2026-05-11,8097,3,1.0,P66 MUNLIPLEX,P66 MULTIPLEX 600 #2 10PK,62.0,62.0,True,P66 MUNLIPLEX
187483,2026-05-11,8097,4,1.0,WYPALL,Wypall Wipes,11.05,11.05,True,WYPALL
187486,2026-05-12,9001,1,6.14,"GASOLINE, UNLEADED",UNLEADED GASOLINE,4.029,24.74,False,"GASOLINE, UNLEADED"
187486,2026-05-12,9001,2,26.43,"DIESEL, LOW SULPHUR",500-ppm sulphur LSD,4.969,131.33,False,"DIESEL, LOW SULPHUR"
187486,2026-05-12,9001,3,22.79,"DIESEL, DYED FUEL",Dyed Diesel Fuel 2. Nontaxable use only,4.529,103.22,False,"DIESEL, DYED FUEL"
187487,2026-05-12,8098,1,17.06,"DIESEL, LOW SULPHUR",500-ppm sulphur LSD,4.969,84.77,False,"DIESEL, LOW SULPHUR"
187488,2026-05-12,9003,1,7.44,"GASOLINE, UNLEADED",UNLEADED GASOLINE,4.029,29.98,False,"GASOLINE, UNLEADED"
187488,2026-05-12,9003,2,49.43,"DIESEL, LOW SULPHUR",500-ppm sulphur LSD,4.969,245.62,False,"DIESEL, LOW SULPHUR"
187488,2026-05-12,9003,3,20.09,"DIESEL, DYED FUEL",Dyed Diesel Fuel 2. Nontaxable use only,4.529,90.99,False,"DIESEL, DYED FUEL"
187490,2026-05-12,13233,1,5.68,"GASOLINE, UNLEADED",UNLEADED GASOLINE,4.029,22.88,False,"GASOLINE, UNLEADED"
187490,2026-05-12,13233,2,25.28,"DIESEL, LOW SULPHUR",500-ppm sulphur LSD,4.969,125.62,False,"DIESEL, LOW SULPHUR"
187494,2026-05-13,9011,1,31.36,"DIESEL, LOW SULPHUR",500-ppm sulphur LSD,5.139,161.16,False,"DIESEL, LOW SULPHUR"
187494,2026-05-13,9011,2,64.8,"DIESEL, DYED FUEL",Dyed Diesel Fuel 2. Nontaxable use only,4.699,304.5,False,"DIESEL, DYED FUEL"
187494,2026-05-13,9011,3,2.0,P66 MEGAPLEX,P66 MEGAPLEX XD5 #2 10PK,87.375,174.75,True,P66 MEGAPLEX
187495,2026-05-13,9014,1,9.8,"GASOLINE, UNLEADED",UNLEADED GASOLINE,4.129,40.46,False,"GASOLINE, UNLEADED"
187495,2026-05-13,9014,2,66.92,"DIESEL, DYED FUEL",Dyed Diesel Fuel 2. Nontaxable use only,4.699,314.46,False,"DIESEL, DYED FUEL"
187496,2026-05-13,9019,1,9.8,"GASOLINE, UNLEADED",UNLEADED GASOLINE,3.969,38.9,False,"GASOLINE, UNLEADED"
187496,2026-05-13,9019,2,30.11,"DIESEL, LOW SULPHUR",500-ppm sulphur LSD,4.899,147.51,False,"DIESEL, LOW SULPHUR"
187496,2026-05-13,9019,3,49.93,"DIESEL, DYED FUEL",Dyed Diesel Fuel 2. Nontaxable use only,4.409,220.14,False,"DIESEL, DYED FUEL"
187497,2026-05-13,9021,1,57.94,"DIESEL, LOW SULPHUR",500-ppm sulphur LSD,5.139,297.75,False,"DIESEL, LOW SULPHUR"
187497,2026-05-13,9021,2,1.0,GLOVES,LEATHER RR PAIR,22.675,22.68,True,GLOVES
187498,2026-05-13,8261,1,21.57,"DIESEL, LOW SULPHUR",500-ppm sulphur LSD,5.139,110.85,False,"DIESEL, LOW SULPHUR"
187499,2026-05-13,9026,1,17.76,"DIESEL, LOW SULPHUR",500-ppm sulphur LSD,5.139,91.27,False,"DIESEL, LOW SULPHUR"
187500,2026-05-13,9015,1,40.2,"DIESEL, LOW SULPHUR",500-ppm sulphur LSD,5.139,206.59,False,"DIESEL, LOW SULPHUR"
187500,2026-05-13,9015,2,46.7,"DIESEL, DYED FUEL",Dyed Diesel Fuel 2. Nontaxable use only,4.699,219.44,False,"DIESEL, DYED FUEL"
187502,2026-05-14,9045,1,31.6,"GASOLINE, UNLEADED",UNLEADED GASOLINE,3.939,124.47,False,"GASOLINE, UNLEADED"
187502,2026-05-14,9045,2,30.76,"DIESEL, LOW SULPHUR",500-ppm sulphur LSD,4.829,148.54,False,"DIESEL, LOW SULPHUR"
187502,2026-05-14,9045,3,17.98,"DIESEL, DYED FUEL",Dyed Diesel Fuel 2. Nontaxable use only,4.389,78.91,False,"DIESEL, DYED FUEL"
187502,2026-05-14,9045,4,1.0,SIMPLE,SIMPLE GREEN 1/G,26.35,26.35,True,SIMPLE
187503,2026-05-14,9046,1,22.64,"DIESEL, LOW SULPHUR",500-ppm sulphur LSD,4.829,109.33,False,"DIESEL, LOW SULPHUR"
187505,2026-05-14,9034,1,23.74,"DIESEL, LOW SULPHUR",500-ppm sulphur LSD,4.899,116.3,False,"DIESEL, LOW SULPHUR"
187509,2026-05-14,13245,1,34.37,"DIESEL, LOW SULPHUR",500-ppm sulphur LSD,4.829,165.97,False,"DIESEL, LOW SULPHUR"
187510,2026-05-15,9036,1,14.28,"GASOLINE, UNLEADED",UNLEADED GASOLINE,3.939,56.25,False,"GASOLINE, UNLEADED"
187510,2026-05-15,9036,2,38.84,"DIESEL, LOW SULPHUR",500-ppm sulphur LSD,4.829,187.56,False,"DIESEL, LOW SULPHUR"
187510,2026-05-15,9036,3,56.86,"DIESEL, DYED FUEL",Dyed Diesel Fuel 2. Nontaxable use only,4.389,249.56,False,"DIESEL, DYED FUEL"
187510,2026-05-15,9036,4,1.0,"WASHER, WIND",Windshield Washer,5.9625,5.96,True,"WASHER, WIND"
187510,2026-05-15,9036,5,1.0,P66 MUNLIPLEX,P66 MULTIPLEX 600 #2 10PK,62.0,62.0,True,P66 MUNLIPLEX
187511,2026-05-15,9047,1,7.98,"GASOLINE, UNLEADED",UNLEADED GASOLINE,3.939,31.43,False,"GASOLINE, UNLEADED"
187511,2026-05-15,9047,2,19.4,"DIESEL, LOW SULPHUR",500-ppm sulphur LSD,4.829,93.68,False,"DIESEL, LOW SULPHUR"
187511,2026-05-15,9047,3,73.04,"DIESEL, DYED FUEL",Dyed Diesel Fuel 2. Nontaxable use only,4.389,320.57,False,"DIESEL, DYED FUEL"
187511,2026-05-15,9047,4,1.0,Shop Towel BX,Shop towel box,29.81,29.81,True,Shop Towel BX
187512,2026-05-15,13246,1,21.55,"GASOLINE, UNLEADED",UNLEADED GASOLINE,3.939,84.89,False,"GASOLINE, UNLEADED"
187513,2026-05-15,9050,1,20.59,"DIESEL, LOW SULPHUR",500-ppm sulphur LSD,4.829,99.43,False,"DIESEL, LOW SULPHUR"
187513,2026-05-15,9050,2,61.98,"DIESEL, DYED FUEL",Dyed Diesel Fuel 2. Nontaxable use only,4.389,272.03,False,"DIESEL, DYED FUEL"
187514,2026-05-15,9051,1,107.76,"DIESEL, LOW SULPHUR",500-ppm sulphur LSD,4.829,520.37,False,"DIESEL, LOW SULPHUR"
187514,2026-05-15,9051,2,6.39,EXHAUST BULK,DIESEL EXHAUST FLUID BULK,8.56,54.7,True,EXHAUST BULK
187515,2026-05-15,8075.1,1,31.44,"DIESEL, LOW SULPHUR",500-ppm sulphur LSD,4.929,154.97,False,"DIESEL, LOW SULPHUR"
187515,2026-05-15,8075.1,2,77.22,"DIESEL, DYED FUEL",Dyed Diesel Fuel 2. Nontaxable use only,4.489,346.64,False,"DIESEL, DYED FUEL"
187517,2026-05-15,9056,1,4.94,"GASOLINE, UNLEADED",UNLEADED GASOLINE,3.939,19.46,False,"GASOLINE, UNLEADED"
187517,2026-05-15,9056,2,16.04,"DIESEL, LOW SULPHUR",500-ppm sulphur LSD,4.829,77.46,False,"DIESEL, LOW SULPHUR"
187517,2026-05-15,9056,3,19.11,"DIESEL, DYED FUEL",Dyed Diesel Fuel 2. Nontaxable use only,4.389,83.87,False,"DIESEL, DYED FUEL"
187521,2026-05-16,12249,1,22.03,"DIESEL, LOW SULPHUR",500-ppm sulphur LSD,4.929,108.59,False,"DIESEL, LOW SULPHUR"
187521,2026-05-16,12249,2,3.94,EXHAUST BULK,DIESEL EXHAUST FLUID BULK,8.56,33.73,True,EXHAUST BULK
187522,2026-05-16,9058,1,21.72,"DIESEL, LOW SULPHUR",500-ppm sulphur LSD,4.929,107.06,False,"DIESEL, LOW SULPHUR"
187524,2026-05-18,9065,1,57.53,"DIESEL, LOW SULPHUR",500-ppm sulphur LSD,4.929,283.57,False,"DIESEL, LOW SULPHUR"
187524,2026-05-18,9065,2,6.9,EXHAUST BULK,DIESEL EXHAUST FLUID BULK,8.56,59.06,True,EXHAUST BULK
187526,2026-05-18,13253,1,19.43,"GASOLINE, UNLEADED",UNLEADED GASOLINE,3.989,77.51,False,"GASOLINE, UNLEADED"
187527,2026-05-18,9066,1,71.0,"DIESEL, LOW SULPHUR",500-ppm sulphur LSD,4.929,349.96,False,"DIESEL, LOW SULPHUR"
187527,2026-05-18,9066,2,3.93,EXHAUST BULK,DIESEL EXHAUST FLUID BULK,8.56,33.64,True,EXHAUST BULK
187528,2026-05-18,13245,1,16.27,"GASOLINE, UNLEADED",UNLEADED GASOLINE,3.989,64.9,False,"GASOLINE, UNLEADED"
187528,2026-05-18,13245,2,31.29,"DIESEL, LOW SULPHUR",500-ppm sulphur LSD,4.929,154.23,False,"DIESEL, LOW SULPHUR"
187528,2026-05-18,13245,3,1.0,Shop,Shop Towel Roll,5.79,5.79,True,Shop
187528,2026-05-18,13245,4,1.0,WYPALL,Wypall Wipes,11.05,11.05,True,WYPALL
187528,2026-05-18,13245,5,1.0,P66 MEGAFLOW,MEGAFLOW AW HYD 32 1/5,120.3015,120.3,True,P66 MEGAFLOW
187530,2026-05-18,9054,1,119.34,"DIESEL, LOW SULPHUR",500-ppm sulphur LSD,4.929,588.23,False,"DIESEL, LOW SULPHUR"
187530,2026-05-18,9054,2,4.99,EXHAUST BULK,DIESEL EXHAUST FLUID BULK,8.56,42.71,True,EXHAUST BULK
187530,2026-05-18,9054,3,1.0,GOJO,GOJO HAND WIPES,41.48,41.48,True,GOJO
187530,2026-05-18,9054,4,1.0,"WASHER, WIND",Windshield Washer,5.9625,5.96,True,"WASHER, WIND"
187531,2026-05-18,13255,1,5.65,"GASOLINE, UNLEADED",UNLEADED GASOLINE,3.989,22.54,False,"GASOLINE, UNLEADED"
187531,2026-05-18,13255,2,90.31,"DIESEL, LOW SULPHUR",500-ppm sulphur LSD,4.929,445.14,False,"DIESEL, LOW SULPHUR"
187531,2026-05-18,13255,3,1.0,NOZZLE,3/4 LEADED NOZZLE DIESEL,165.5195,165.52,True,NOZZLE
187533,2026-05-19,9071,1,29.29,"DIESEL, LOW SULPHUR",500-ppm sulphur LSD,4.929,144.37,False,"DIESEL, LOW SULPHUR"
187533,2026-05-19,9071,2,1.0,EXHAUST,DIESEL EXHAUST FLUID 1/2.5,13.53,13.53,True,EXHAUST
187533,2026-05-19,9071,3,1.0,"GLASS, CLEANER",GLASS CLEANER EACH,5.7875,5.79,True,"GLASS, CLEANER"
187533,2026-05-19,9071,4,1.0,WD-40,WD-40,15.525,15.53,True,WD-40
187534,2026-05-19,9069,1,8.23,"GASOLINE, UNLEADED",UNLEADED GASOLINE,4.049,33.32,False,"GASOLINE, UNLEADED"
187534,2026-05-19,9069,2,21.97,"DIESEL, LOW SULPHUR",500-ppm sulphur LSD,4.929,108.29,False,"DIESEL, LOW SULPHUR"
187534,2026-05-19,9069,3,72.99,"DIESEL, DYED FUEL",Dyed Diesel Fuel 2. Nontaxable use only,4.489,327.65,False,"DIESEL, DYED FUEL"
187535,2026-05-19,9060,1,13.35,"GASOLINE, UNLEADED",UNLEADED GASOLINE,4.049,54.05,False,"GASOLINE, UNLEADED"
187535,2026-05-19,9060,2,16.84,"DIESEL, LOW SULPHUR",500-ppm sulphur LSD,4.929,83.0,False,"DIESEL, LOW SULPHUR"
187535,2026-05-19,9060,3,15.52,"DIESEL, DYED FUEL",Dyed Diesel Fuel 2. Nontaxable use only,4.489,69.67,False,"DIESEL, DYED FUEL"
187535,2026-05-19,9060,4,0.3,EXHAUST BULK,DIESEL EXHAUST FLUID BULK,8.56,2.57,True,EXHAUST BULK
187535,2026-05-19,9060,5,1.0,PISTOL,PISTOL GREASE GUN,123.1995,123.2,True,PISTOL
187536,2026-05-19,9072,1,24.99,"GASOLINE, UNLEADED",UNLEADED GASOLINE,4.049,101.18,False,"GASOLINE, UNLEADED"
187536,2026-05-19,9072,2,35.05,"DIESEL, LOW SULPHUR",500-ppm sulphur LSD,4.929,172.76,False,"DIESEL, LOW SULPHUR"
187537,2026-05-19,9075,1,24.65,"DIESEL, LOW SULPHUR",500-ppm sulphur LSD,4.929,121.5,False,"DIESEL, LOW SULPHUR"
187539,2026-05-19,13262,1,1.0,PUMP,FR NEXTEC 12V-24V PUMP 25GPM,2068.374,2068.37,True,PUMP
187542,2026-05-20,19084,1,90.8,"DIESEL, DYED FUEL",Dyed Diesel Fuel 2. Nontaxable use only,4.539,412.14,False,"DIESEL, DYED FUEL"
187542,2026-05-20,19084,2,23.1,"DIESEL, DYED FUEL",Dyed Diesel Fuel 2. Nontaxable use only,4.979,115.01,False,"DIESEL, DYED FUEL"
187543,2026-05-20,13244,1,1.0,PUMP,Pump-12V 16GPM,581.35,581.35,True,PUMP
187544,2026-05-20,13265,1,34.81,"DIESEL, LOW SULPHUR",500-ppm sulphur LSD,4.979,173.32,False,"DIESEL, LOW SULPHUR"
187545,2026-05-20,9091,1,17.5,"GASOLINE, UNLEADED",UNLEADED GASOLINE,3.859,67.53,False,"GASOLINE, UNLEADED"
187545,2026-05-20,9091,2,28.15,"DIESEL, LOW SULPHUR",500-ppm sulphur LSD,4.839,136.22,False,"DIESEL, LOW SULPHUR"
187545,2026-05-20,9091,3,32.96,"DIESEL, DYED FUEL",Dyed Diesel Fuel 2. Nontaxable use only,4.399,144.99,False,"DIESEL, DYED FUEL"
187547,2026-05-20,9067,1,13.03,"GASOLINE, UNLEADED",UNLEADED GASOLINE,3.999,52.11,False,"GASOLINE, UNLEADED"
187547,2026-05-20,9067,2,37.97,"DIESEL, LOW SULPHUR",500-ppm sulphur LSD,4.979,189.05,False,"DIESEL, LOW SULPHUR"
187547,2026-05-20,9067,3,49.76,"DIESEL, DYED FUEL",Dyed Diesel Fuel 2. Nontaxable use only,4.539,225.86,False,"DIESEL, DYED FUEL"
187547,2026-05-20,9067,4,1.35,EXHAUST BULK,DIESEL EXHAUST FLUID BULK,8.56,11.56,True,EXHAUST BULK
187547,2026-05-20,9067,5,1.0,Shop,Shop Towel Roll,5.79,5.79,True,Shop
187548,2026-05-20,9078,1,20.52,"GASOLINE, UNLEADED",UNLEADED GASOLINE,3.999,82.06,False,"GASOLINE, UNLEADED"
187549,2026-05-20,9080,1,18.83,"GASOLINE, UNLEADED",UNLEADED GASOLINE,3.999,75.3,False,"GASOLINE, UNLEADED"
187549,2026-05-20,9080,2,20.25,"DIESEL, LOW SULPHUR",500-ppm sulphur LSD,4.979,100.82,False,"DIESEL, LOW SULPHUR"
187549,2026-05-20,9080,3,28.83,"DIESEL, DYED FUEL",Dyed Diesel Fuel 2. Nontaxable use only,4.539,130.86,False,"DIESEL, DYED FUEL"
187550,2026-05-20,9960,1,39.95,"DIESEL, LOW SULPHUR",500-ppm sulphur LSD,4.979,198.91,False,"DIESEL, LOW SULPHUR"
187550,2026-05-20,9960,2,1.19,EXHAUST BULK,DIESEL EXHAUST FLUID BULK,8.56,10.19,True,EXHAUST BULK
187551,2026-05-20,9079,1,8.82,"GASOLINE, UNLEADED",UNLEADED GASOLINE,3.999,35.27,False,"GASOLINE, UNLEADED"
187551,2026-05-20,9079,2,22.47,"DIESEL, LOW SULPHUR",500-ppm sulphur LSD,4.979,111.88,False,"DIESEL, LOW SULPHUR"
187551,2026-05-20,9079,3,84.34,"DIESEL, DYED FUEL",Dyed Diesel Fuel 2. Nontaxable use only,4.539,382.82,False,"DIESEL, DYED FUEL"
187552,2026-05-20,9086,1,58.31,"DIESEL, LOW SULPHUR",500-ppm sulphur LSD,4.979,290.33,False,"DIESEL, LOW SULPHUR"
187553,2026-05-20,9089,1,45.38,"DIESEL, LOW SULPHUR",500-ppm sulphur LSD,4.979,225.95,False,"DIESEL, LOW SULPHUR"
187555,2026-05-20,9092,1,28.0,"GASOLINE, UNLEADED",UNLEADED GASOLINE,3.859,108.05,False,"GASOLINE, UNLEADED"
187555,2026-05-20,9092,2,1.0,Shop Towel BX,Shop towel box,29.81,29.81,True,Shop Towel BX
187558,2026-05-21,9094,1,8.4,"GASOLINE, UNLEADED",UNLEADED GASOLINE,3.859,32.42,False,"GASOLINE, UNLEADED"
187558,2026-05-21,9094,2,43.56,"DIESEL, LOW SULPHUR",500-ppm sulphur LSD,4.839,210.79,False,"DIESEL, LOW SULPHUR"
187558,2026-05-21,9094,3,20.79,"DIESEL, DYED FUEL",Dyed Diesel Fuel 2. Nontaxable use only,4.399,91.46,False,"DIESEL, DYED FUEL"
187558,2026-05-21,9094,4,2.0,EXHAUST,DIESEL EXHAUST FLUID 1/2.5,13.53,27.06,True,EXHAUST
187558,2026-05-21,9094,5,1.0,Shop,Shop Towel Roll,5.7875,5.79,True,Shop
187559,2026-05-21,9094,1,40.82,"DIESEL, LOW SULPHUR",500-ppm sulphur LSD,4.839,197.53,False,"DIESEL, LOW SULPHUR"
187561,2026-05-21,13259,1,50.97,"DIESEL, LOW SULPHUR",500-ppm sulphur LSD,4.839,246.64,False,"DIESEL, LOW SULPHUR"
187562,2026-05-21,9096,1,167.88,"DIESEL, LOW SULPHUR",500-ppm sulphur LSD,4.389,736.83,False,"DIESEL, LOW SULPHUR"
187563,2026-05-21,13267,1,16.45,"GASOLINE, UNLEADED",UNLEADED GASOLINE,3.859,63.48,False,"GASOLINE, UNLEADED"
187564,2026-05-21,1001,1,19.01,"DIESEL, LOW SULPHUR",500-ppm sulphur LSD,4.749,90.28,False,"DIESEL, LOW SULPHUR"
187569,2026-05-22,10002,1,13.33,"GASOLINE, UNLEADED",UNLEADED GASOLINE,3.759,50.11,False,"GASOLINE, UNLEADED"
187569,2026-05-22,10002,2,36.22,"DIESEL, LOW SULPHUR",500-ppm sulphur LSD,4.749,172.01,False,"DIESEL, LOW SULPHUR"
187569,2026-05-22,10002,3,67.28,"DIESEL, DYED FUEL",Dyed Diesel Fuel 2. Nontaxable use only,4.309,289.91,False,"DIESEL, DYED FUEL"
187570,2026-05-22,13262,1,14.92,"GASOLINE, UNLEADED",UNLEADED GASOLINE,3.759,56.08,False,"GASOLINE, UNLEADED"
187572,2026-05-22,10040,1,23.95,"DIESEL, LOW SULPHUR",500-ppm sulphur LSD,4.749,113.74,False,"DIESEL, LOW SULPHUR"
187572,2026-05-22,10040,2,1.0,"WASHER, WIND",Windshield Washer,5.96,5.96,True,"WASHER, WIND"
187573,2026-05-22,10016,1,6.28,"GASOLINE, UNLEADED",UNLEADED GASOLINE,3.759,23.61,False,"GASOLINE, UNLEADED"
187573,2026-05-22,10016,2,32.27,"DIESEL, LOW SULPHUR",500-ppm sulphur LSD,4.749,153.25,False,"DIESEL, LOW SULPHUR"
187573,2026-05-22,10016,3,22.49,"DIESEL, DYED FUEL",Dyed Diesel Fuel 2. Nontaxable use only,4.309,96.91,False,"DIESEL, DYED FUEL"
187578,2026-05-26,10036,1,29.69,"DIESEL, LOW SULPHUR",500-ppm sulphur LSD,4.749,141.0,False,"DIESEL, LOW SULPHUR"
187578,2026-05-26,10036,2,70.48,"DIESEL, DYED FUEL",Dyed Diesel Fuel 2. Nontaxable use only,4.309,303.7,False,"DIESEL, DYED FUEL"
187578,2026-05-26,10036,3,1.0,Shop,Shop Towel Roll,5.79,5.79,True,Shop
187579,2026-05-26,13289,1,4.74,"GASOLINE, UNLEADED",UNLEADED GASOLINE,3.849,18.24,False,"GASOLINE, UNLEADED"
187579,2026-05-26,13289,2,12.31,"DIESEL, LOW SULPHUR",500-ppm sulphur LSD,4.749,58.46,False,"DIESEL, LOW SULPHUR"
187580,2026-05-26,10024,1,16.5,"GASOLINE, UNLEADED",UNLEADED GASOLINE,3.849,63.51,False,"GASOLINE, UNLEADED"
187580,2026-05-26,10024,2,30.66,"DIESEL, LOW SULPHUR",500-ppm sulphur LSD,4.749,145.6,False,"DIESEL, LOW SULPHUR"
187580,2026-05-26,10024,3,20.59,"DIESEL, DYED FUEL",Dyed Diesel Fuel 2. Nontaxable use only,4.309,88.72,False,"DIESEL, DYED FUEL"
187580,2026-05-26,10024,4,12.0,CYCLE,2-CYCLE OIL,2.1125,25.35,True,CYCLE
187581,2026-05-26,4823,1,25.74,"DIESEL, LOW SULPHUR",500-ppm sulphur LSD,4.749,122.24,False,"DIESEL, LOW SULPHUR"
187581,2026-05-26,4823,2,72.05,"DIESEL, DYED FUEL",Dyed Diesel Fuel 2. Nontaxable use only,4.309,310.46,False,"DIESEL, DYED FUEL"
187582,2026-05-26,125,1,24.14,"DIESEL, LOW SULPHUR",500-ppm sulphur LSD,4.749,114.64,False,"DIESEL, LOW SULPHUR"
187582,2026-05-26,125,2,59.21,"DIESEL, DYED FUEL",Dyed Diesel Fuel 2. Nontaxable use only,4.309,255.14,False,"DIESEL, DYED FUEL"
187583,2026-05-26,13280,1,17.93,"GASOLINE, UNLEADED",UNLEADED GASOLINE,3.849,69.01,False,"GASOLINE, UNLEADED"
187584,2026-05-26,132,1,38.15,"DIESEL, LOW SULPHUR",500-ppm sulphur LSD,4.749,181.17,False,"DIESEL, LOW SULPHUR"
187585,2026-05-26,10027,1,30.0,"GASOLINE, UNLEADED",UNLEADED GASOLINE,3.849,115.47,False,"GASOLINE, UNLEADED"
187586,2026-05-26,1038,1,19.26,"DIESEL, LOW SULPHUR",500-ppm sulphur LSD,4.749,91.47,False,"DIESEL, LOW SULPHUR"
187587,2026-05-26,139,1,24.35,"GASOLINE, UNLEADED",UNLEADED GASOLINE,3.849,93.72,False,"GASOLINE, UNLEADED"
187588,2026-05-26,13282,1,9.78,"GASOLINE, UNLEADED",UNLEADED GASOLINE,3.849,37.64,False,"GASOLINE, UNLEADED"
187588,2026-05-26,13282,2,47.55,"DIESEL, LOW SULPHUR",500-ppm sulphur LSD,4.749,225.81,False,"DIESEL, LOW SULPHUR"
187588,2026-05-26,13282,3,1.0,Shop Towel BX,Shop towel box,29.81,29.81,True,Shop Towel BX
187595,2026-05-27,10022,1,18.49,"GASOLINE, UNLEADED",UNLEADED GASOLINE,3.659,67.65,False,"GASOLINE, UNLEADED"
187595,2026-05-27,10022,2,39.61,"DIESEL, LOW SULPHUR",500-ppm sulphur LSD,4.599,182.17,False,"DIESEL, LOW SULPHUR"
187595,2026-05-27,10022,3,44.24,"DIESEL, DYED FUEL",Dyed Diesel Fuel 2. Nontaxable use only,4.159,183.99,False,"DIESEL, DYED FUEL"
187596,2026-05-27,10035,1,114.44,"DIESEL, LOW SULPHUR",500-ppm sulphur LSD,4.599,526.31,False,"DIESEL, LOW SULPHUR"
187596,2026-05-27,10035,2,4.44,EXHAUST BULK,DIESEL EXHAUST FLUID BULK,8.56,38.01,True,EXHAUST BULK
187596,2026-05-27,10035,3,1.0,Shop Towel BX,Shop towel box,29.81,29.81,True,Shop Towel BX
187598,2026-05-27,13286,1,19.19,"GASOLINE, UNLEADED",UNLEADED GASOLINE,3.659,70.22,False,"GASOLINE, UNLEADED"
187599,2026-05-27,10050,1,104.38,"DIESEL, LOW SULPHUR",500-ppm sulphur LSD,4.599,480.04,False,"DIESEL, LOW SULPHUR"
187599,2026-05-27,10050,2,2.67,EXHAUST BULK,DIESEL EXHAUST FLUID BULK,8.56,22.86,True,EXHAUST BULK
187601,2026-05-27,10051,1,33.82,"DIESEL, LOW SULPHUR",500-ppm sulphur LSD,4.599,155.54,False,"DIESEL, LOW SULPHUR"
187609,2026-05-28,10054,1,7.72,"GASOLINE, UNLEADED",UNLEADED GASOLINE,3.569,27.55,False,"GASOLINE, UNLEADED"
187609,2026-05-28,10054,2,8.13,"DIESEL, LOW SULPHUR",500-ppm sulphur LSD,4.479,36.41,False,"DIESEL, LOW SULPHUR"
187609,2026-05-28,10054,3,21.29,"DIESEL, DYED FUEL",Dyed Diesel Fuel 2. Nontaxable use only,4.039,85.99,False,"DIESEL, DYED FUEL"
187609,2026-05-28,10054,4,1.29,EXHAUST BULK,DIESEL EXHAUST FLUID BULK,8.56,11.04,True,EXHAUST BULK
187611,2026-05-28,10066,1,37.79,"DIESEL, LOW SULPHUR",500-ppm sulphur LSD,4.479,169.26,False,"DIESEL, LOW SULPHUR"
187611,2026-05-28,10066,2,54.74,"DIESEL, DYED FUEL",Dyed Diesel Fuel 2. Nontaxable use only,4.039,221.09,False,"DIESEL, DYED FUEL"
187612,2026-05-28,10062,1,24.75,"DIESEL, LOW SULPHUR",500-ppm sulphur LSD,4.479,110.86,False,"DIESEL, LOW SULPHUR"
187614,2026-05-28,10063,1,11.78,"GASOLINE, UNLEADED",UNLEADED GASOLINE,3.609,42.51,False,"GASOLINE, UNLEADED"
187614,2026-05-28,10063,2,20.96,"DIESEL, LOW SULPHUR",500-ppm sulphur LSD,4.499,94.3,False,"DIESEL, LOW SULPHUR"
187614,2026-05-28,10063,3,20.59,"DIESEL, DYED FUEL",Dyed Diesel Fuel 2. Nontaxable use only,4.059,83.57,False,"DIESEL, DYED FUEL"
187615,2026-05-29,10066,1,14.5,"GASOLINE, UNLEADED",UNLEADED GASOLINE,3.609,52.33,False,"GASOLINE, UNLEADED"
187615,2026-05-29,10066,2,5.87,"DIESEL, LOW SULPHUR",500-ppm sulphur LSD,4.499,26.41,False,"DIESEL, LOW SULPHUR"
187615,2026-05-29,10066,3,37.9,"DIESEL, DYED FUEL",Dyed Diesel Fuel 2. Nontaxable use only,4.059,153.84,False,"DIESEL, DYED FUEL"
187616,2026-05-29,10065,1,34.1,"DIESEL, LOW SULPHUR",500-ppm sulphur LSD,4.499,153.42,False,"DIESEL, LOW SULPHUR"
187616,2026-05-29,10065,2,59.02,"DIESEL, DYED FUEL",Dyed Diesel Fuel 2. Nontaxable use only,4.059,239.56,False,"DIESEL, DYED FUEL"
187618,2026-05-29,13296,1,5.76,"GASOLINE, UNLEADED",UNLEADED GASOLINE,3.609,20.79,False,"GASOLINE, UNLEADED"
187618,2026-05-29,13296,2,60.19,"DIESEL, LOW SULPHUR",500-ppm sulphur LSD,4.499,270.79,False,"DIESEL, LOW SULPHUR"
187618,2026-05-29,13296,3,1.0,Shop Towel BX,Shop towel box,29.81,29.81,True,Shop Towel BX
187619,2026-05-29,13297,1,20.44,"GASOLINE, UNLEADED",UNLEADED GASOLINE,3.609,73.77,False,"GASOLINE, UNLEADED"
187621,2026-05-29,13300,1,32.7,"DIESEL, LOW SULPHUR",500-ppm sulphur LSD,4.499,147.12,False,"DIESEL, LOW SULPHUR"
187621,2026-05-29,13300,2,1.0,GOJO,GOJO HAND WIPES,41.475,41.48,True,GOJO
187622,2026-05-29,13301,1,20.39,"GASOLINE, UNLEADED",UNLEADED GASOLINE,3.609,73.59,False,"GASOLINE, UNLEADED"
187625,2026-05-29,10076,1,19.72,"GASOLINE, UNLEADED",UNLEADED GASOLINE,3.549,69.99,False,"GASOLINE, UNLEADED"
187625,2026-05-29,10076,2,24.99,"DIESEL, LOW SULPHUR",500-ppm sulphur LSD,4.469,111.68,False,"DIESEL, LOW SULPHUR"
187625,2026-05-29,10076,3,8.61,"DIESEL, DYED FUEL",Dyed Diesel Fuel 2. Nontaxable use only,4.029,34.69,False,"DIESEL, DYED FUEL"
187626,2026-05-30,1077,1,14.82,"GASOLINE, UNLEADED",UNLEADED GASOLINE,3.549,52.6,False,"GASOLINE, UNLEADED"
187626,2026-05-30,1077,2,20.93,"DIESEL, LOW SULPHUR",500-ppm sulphur LSD,4.469,93.54,False,"DIESEL, LOW SULPHUR"
187626,2026-05-30,1077,3,31.51,"DIESEL, DYED FUEL",Dyed Diesel Fuel 2. Nontaxable use only,4.029,126.95,False,"DIESEL, DYED FUEL"
187633,2026-06-01,1078,1,39.39,"DIESEL, LOW SULPHUR",500-ppm sulphur LSD,4.469,176.03,False,"DIESEL, LOW SULPHUR"
187633,2026-06-01,1078,2,20.32,"DIESEL, DYED FUEL",Dyed Diesel Fuel 2. Nontaxable use only,4.029,81.87,False,"DIESEL, DYED FUEL"
187634,2026-06-01,1078,1,20.48,"DIESEL, LOW SULPHUR",500-ppm sulphur LSD,4.469,91.53,False,"DIESEL, LOW SULPHUR"
187634,2026-06-01,1078,2,69.82,"DIESEL, DYED FUEL",Dyed Diesel Fuel 2. Nontaxable use only,4.029,281.3,False,"DIESEL, DYED FUEL"
187635,2026-06-01,1083,1,24.25,"GASOLINE, UNLEADED",UNLEADED GASOLINE,3.549,86.06,False,"GASOLINE, UNLEADED"
187635,2026-06-01,1083,2,1.0,LUCAS,Lucas Fuel Treatment EACH,17.8875,17.89,True,LUCAS
187635,2026-06-01,1083,3,1.0,Shop,Shop Towel Roll,5.79,5.79,True,Shop
187637,2026-06-01,ADA32,1,45.26,"DIESEL, LOW SULPHUR",500-ppm sulphur LSD,4.469,202.27,False,"DIESEL, LOW SULPHUR"
187637,2026-06-01,ADA32,2,64.92,"DIESEL, DYED FUEL",Dyed Diesel Fuel 2. Nontaxable use only,4.029,261.56,False,"DIESEL, DYED FUEL"
187637,2026-06-01,ADA32,3,1.0,WD-40,WD-40,15.525,15.53,True,WD-40
187641,2026-06-01,1079,1,25.62,"DIESEL, LOW SULPHUR",500-ppm sulphur LSD,4.469,114.5,False,"DIESEL, LOW SULPHUR"
187641,2026-06-01,1079,2,68.04,"DIESEL, DYED FUEL",Dyed Diesel Fuel 2. Nontaxable use only,4.029,274.13,False,"DIESEL, DYED FUEL"
187643,2026-06-02,10093,1,6.86,"GASOLINE, UNLEADED",UNLEADED GASOLINE,3.539,24.28,False,"GASOLINE, UNLEADED"
187643,2026-06-02,10093,2,28.0,"DIESEL, LOW SULPHUR",500-ppm sulphur LSD,4.499,125.97,False,"DIESEL, LOW SULPHUR"
187643,2026-06-02,10093,3,39.09,"DIESEL, DYED FUEL",Dyed Diesel Fuel 2. Nontaxable use only,4.059,158.67,False,"DIESEL, DYED FUEL"
187644,2026-06-02,10097,1,24.89,"GASOLINE, UNLEADED",UNLEADED GASOLINE,3.539,88.09,False,"GASOLINE, UNLEADED"
187647,2026-06-02,13306,1,23.73,"GASOLINE, UNLEADED",UNLEADED GASOLINE,3.539,83.98,False,"GASOLINE, UNLEADED"
187649,2026-06-02,10081,1,13.11,"DIESEL, LOW SULPHUR",500-ppm sulphur LSD,4.499,58.98,False,"DIESEL, LOW SULPHUR"
187650,2026-06-02,10100,1,11.43,"GASOLINE, UNLEADED",UNLEADED GASOLINE,3.539,40.45,False,"GASOLINE, UNLEADED"
187650,2026-06-02,10100,2,38.23,"DIESEL, LOW SULPHUR",500-ppm sulphur LSD,4.499,172.0,False,"DIESEL, LOW SULPHUR"
187650,2026-06-02,10100,3,64.44,"DIESEL, DYED FUEL",Dyed Diesel Fuel 2. Nontaxable use only,4.059,261.56,False,"DIESEL, DYED FUEL"
187651,2026-06-02,10103,1,28.22,"GASOLINE, UNLEADED",UNLEADED GASOLINE,3.539,99.87,False,"GASOLINE, UNLEADED"
187653,2026-06-02,10092,1,10.9,"GASOLINE, UNLEADED",UNLEADED GASOLINE,3.539,38.58,False,"GASOLINE, UNLEADED"
187653,2026-06-02,10092,2,30.66,"DIESEL, LOW SULPHUR",500-ppm sulphur LSD,4.499,137.94,False,"DIESEL, LOW SULPHUR"
187653,2026-06-02,10092,3,39.29,"DIESEL, DYED FUEL",Dyed Diesel Fuel 2. Nontaxable use only,4.059,159.48,False,"DIESEL, DYED FUEL"
187653,2026-06-02,10092,4,2.0,Shop,Shop Towel Roll,5.79,11.58,True,Shop
187654,2026-06-02,10021,1,11.43,"GASOLINE, UNLEADED",UNLEADED GASOLINE,3.539,40.45,False,"GASOLINE, UNLEADED"
187654,2026-06-02,10021,2,31.52,"DIESEL, LOW SULPHUR",500-ppm sulphur LSD,4.499,141.81,False,"DIESEL, LOW SULPHUR"
187654,2026-06-02,10021,3,26.08,"DIESEL, DYED FUEL",Dyed Diesel Fuel 2. Nontaxable use only,4.059,105.86,False,"DIESEL, DYED FUEL"
187655,2026-06-02,10105,1,91.48,"DIESEL, LOW SULPHUR",500-ppm sulphur LSD,4.549,416.14,False,"DIESEL, LOW SULPHUR"
187658,2026-06-03,10108,1,25.58,"GASOLINE, UNLEADED",UNLEADED GASOLINE,3.599,92.06,False,"GASOLINE, UNLEADED"
187658,2026-06-03,10108,2,17.84,"DIESEL, LOW SULPHUR",500-ppm sulphur LSD,4.549,81.15,False,"DIESEL, LOW SULPHUR"
187658,2026-06-03,10108,3,22.93,"DIESEL, DYED FUEL",Dyed Diesel Fuel 2. Nontaxable use only,4.109,94.22,False,"DIESEL, DYED FUEL"
187659,2026-06-03,10117,1,20.44,"DIESEL, LOW SULPHUR",500-ppm sulphur LSD,4.549,92.98,False,"DIESEL, LOW SULPHUR"
187659,2026-06-03,10117,2,23.79,"DIESEL, DYED FUEL",Dyed Diesel Fuel 2. Nontaxable use only,4.109,97.75,False,"DIESEL, DYED FUEL"
187660,2026-06-03,10114,1,118.57,"DIESEL, LOW SULPHUR",500-ppm sulphur LSD,4.549,539.37,False,"DIESEL, LOW SULPHUR"
187660,2026-06-03,10114,2,4.71,EXHAUST BULK,DIESEL EXHAUST FLUID BULK,8.56,40.32,True,EXHAUST BULK
187660,2026-06-03,10114,3,1.0,WYPALL,Wypall Wipes,11.05,11.05,True,WYPALL
187663,2026-06-03,13316,1,15.15,"GASOLINE, UNLEADED",UNLEADED GASOLINE,3.599,54.52,False,"GASOLINE, UNLEADED"
187663,2026-06-03,13316,2,6.0,"ANTI, 50/50",Antifreeze ELC 50/50 RED 1/G,14.6625,87.98,True,"ANTI, 50/50"
187664,2026-06-03,10188,1,38.0,"DIESEL, LOW SULPHUR",500-ppm sulphur LSD,4.549,172.86,False,"DIESEL, LOW SULPHUR"
187664,2026-06-03,10188,2,73.0,"DIESEL, DYED FUEL",Dyed Diesel Fuel 2. Nontaxable use only,4.109,299.96,False,"DIESEL, DYED FUEL"
187665,2026-06-03,13312,1,40.85,"DIESEL, LOW SULPHUR",500-ppm sulphur LSD,4.549,185.83,False,"DIESEL, LOW SULPHUR"
187665,2026-06-03,13312,2,1.0,Shop Towel BX,Shop towel box,29.81,29.81,True,Shop Towel BX
187668,2026-06-04,10127,1,4.13,"GASOLINE, UNLEADED",UNLEADED GASOLINE,3.489,14.41,False,"GASOLINE, UNLEADED"
187668,2026-06-04,10127,2,36.73,"DIESEL, LOW SULPHUR",500-ppm sulphur LSD,4.709,172.96,False,"DIESEL, LOW SULPHUR"
187670,2026-06-04,10129,1,57.6,"DIESEL, LOW SULPHUR",500-ppm sulphur LSD,4.709,271.24,False,"DIESEL, LOW SULPHUR"
187672,2026-06-04,13320,1,31.81,"DIESEL, LOW SULPHUR",500-ppm sulphur LSD,4.709,149.79,False,"DIESEL, LOW SULPHUR"
187672,2026-06-04,13320,2,40.7,"DIESEL, DYED FUEL",Dyed Diesel Fuel 2. Nontaxable use only,4.269,173.75,False,"DIESEL, DYED FUEL"
187675,2026-06-04,10132,1,75.46,"DIESEL, LOW SULPHUR",500-ppm sulphur LSD,4.709,355.34,False,"DIESEL, LOW SULPHUR"
187676,2026-06-04,10124,1,32.4,"GASOLINE, UNLEADED",UNLEADED GASOLINE,3.489,113.04,False,"GASOLINE, UNLEADED"
187676,2026-06-04,10124,2,27.42,"DIESEL, LOW SULPHUR",500-ppm sulphur LSD,4.709,129.12,False,"DIESEL, LOW SULPHUR"
187676,2026-06-04,10124,3,40.45,"DIESEL, DYED FUEL",Dyed Diesel Fuel 2. Nontaxable use only,4.269,172.68,False,"DIESEL, DYED FUEL"
187676,2026-06-04,10124,4,2.0,EXHAUST,DIESEL EXHAUST FLUID 1/2.5,13.53,27.06,True,EXHAUST
187679,2026-06-05,10136,1,6.88,"GASOLINE, UNLEADED",UNLEADED GASOLINE,3.459,23.8,False,"GASOLINE, UNLEADED"
187679,2026-06-05,10136,2,35.29,"DIESEL, LOW SULPHUR",500-ppm sulphur LSD,4.609,162.65,False,"DIESEL, LOW SULPHUR"
187680,2026-06-05,10137,1,7.83,"GASOLINE, UNLEADED",UNLEADED GASOLINE,3.459,27.08,False,"GASOLINE, UNLEADED"
187680,2026-06-05,10137,2,29.58,"DIESEL, LOW SULPHUR",500-ppm sulphur LSD,4.609,136.33,False,"DIESEL, LOW SULPHUR"
187680,2026-06-05,10137,3,67.15,"DIESEL, DYED FUEL",Dyed Diesel Fuel 2. Nontaxable use only,4.169,279.95,False,"DIESEL, DYED FUEL"
187681,2026-06-05,10140,1,74.0,"DIESEL, DYED FUEL",Dyed Diesel Fuel 2. Nontaxable use only,4.169,308.51,False,"DIESEL, DYED FUEL"
187682,2026-06-05,10140,1,20.0,"DIESEL, LOW SULPHUR",500-ppm sulphur LSD,4.609,92.18,False,"DIESEL, LOW SULPHUR"
187682,2026-06-05,10140,2,1.0,Shop,Shop Towel Roll,5.79,5.79,True,Shop
187683,2026-06-05,10142,1,23.19,"GASOLINE, UNLEADED",UNLEADED GASOLINE,3.459,80.21,False,"GASOLINE, UNLEADED"
187683,2026-06-05,10142,2,1.0,"WASHER, WIND",Windshield Washer,5.9625,5.96,True,"WASHER, WIND"
187684,2026-06-05,10143,1,5.1,"GASOLINE, UNLEADED",UNLEADED GASOLINE,3.539,18.05,False,"GASOLINE, UNLEADED"
187684,2026-06-05,10143,2,20.66,"DIESEL, LOW SULPHUR",500-ppm sulphur LSD,4.549,93.98,False,"DIESEL, LOW SULPHUR"
187684,2026-06-05,10143,3,9.38,"DIESEL, DYED FUEL",Dyed Diesel Fuel 2. Nontaxable use only,4.109,38.54,False,"DIESEL, DYED FUEL"
187687,2026-06-01,,1,,GAS STATION,Gas & Others (Gas Station),117.91,117.91,False,GAS STATION
187687,2026-06-01,,2,,GAS STATION,Gas & Others (Gas Station),197.23,197.23,False,GAS STATION
187688,2026-06-06,13313,1,60.3,"DIESEL, LOW SULPHUR",500-ppm sulphur LSD,4.499,271.29,False,"DIESEL, LOW SULPHUR"
187689,2026-06-08,10145,1,9.41,"GASOLINE, UNLEADED",UNLEADED GASOLINE,3.489,32.83,False,"GASOLINE, UNLEADED"
187689,2026-06-08,10145,2,22.86,"DIESEL, LOW SULPHUR",500-ppm sulphur LSD,4.499,102.85,False,"DIESEL, LOW SULPHUR"
187689,2026-06-08,10145,3,14.65,"DIESEL, DYED FUEL",Dyed Diesel Fuel 2. Nontaxable use only,4.059,59.46,False,"DIESEL, DYED FUEL"
187690,2026-06-08,10151,1,37.0,"DIESEL, LOW SULPHUR",500-ppm sulphur LSD,4.499,166.46,False,"DIESEL, LOW SULPHUR"
187693,2026-06-08,13340,1,20.58,"GASOLINE, UNLEADED",UNLEADED GASOLINE,3.489,71.8,False,"GASOLINE, UNLEADED"
187694,2026-06-08,10154,1,35.24,"DIESEL, LOW SULPHUR",500-ppm sulphur LSD,4.499,158.54,False,"DIESEL, LOW SULPHUR"
187694,2026-06-08,10154,2,56.75,"DIESEL, DYED FUEL",Dyed Diesel Fuel 2. Nontaxable use only,4.059,230.35,False,"DIESEL, DYED FUEL"
187695,2026-06-08,13341,1,5.82,"GASOLINE, UNLEADED",UNLEADED GASOLINE,3.489,20.31,False,"GASOLINE, UNLEADED"
187695,2026-06-08,13341,2,74.71,"DIESEL, LOW SULPHUR",500-ppm sulphur LSD,4.499,336.12,False,"DIESEL, LOW SULPHUR"
187697,2026-06-08,10150,1,6.64,"GASOLINE, UNLEADED",UNLEADED GASOLINE,3.489,23.17,False,"GASOLINE, UNLEADED"
187697,2026-06-08,10150,2,38.35,"DIESEL, LOW SULPHUR",500-ppm sulphur LSD,4.499,172.54,False,"DIESEL, LOW SULPHUR"
187697,2026-06-08,10150,3,57.31,"DIESEL, DYED FUEL",Dyed Diesel Fuel 2. Nontaxable use only,4.059,232.62,False,"DIESEL, DYED FUEL"
187697,2026-06-08,10150,4,2.77,EXHAUST BULK,DIESEL EXHAUST FLUID BULK,8.56,23.71,True,EXHAUST BULK
187701,2026-06-09,10159,1,4.98,"GASOLINE, UNLEADED",UNLEADED GASOLINE,3.489,17.38,False,"GASOLINE, UNLEADED"
187701,2026-06-09,10159,2,27.86,"DIESEL, LOW SULPHUR",500-ppm sulphur LSD,4.499,125.34,False,"DIESEL, LOW SULPHUR"
187701,2026-06-09,10159,3,52.56,"DIESEL, DYED FUEL",Dyed Diesel Fuel 2. Nontaxable use only,4.059,213.34,False,"DIESEL, DYED FUEL"
187702,2026-06-09,10160,1,11.0,"GASOLINE, UNLEADED",UNLEADED GASOLINE,3.489,38.38,False,"GASOLINE, UNLEADED"
187702,2026-06-09,10160,2,43.99,"DIESEL, LOW SULPHUR",500-ppm sulphur LSD,4.499,197.91,False,"DIESEL, LOW SULPHUR"
187702,2026-06-09,10160,3,13.74,"DIESEL, DYED FUEL",Dyed Diesel Fuel 2. Nontaxable use only,4.059,55.77,False,"DIESEL, DYED FUEL"
187702,2026-06-09,10160,4,2.0,EXHAUST,DIESEL EXHAUST FLUID 1/2.5,13.53,27.06,True,EXHAUST
187703,2026-06-09,10147,1,10.85,"GASOLINE, UNLEADED",UNLEADED GASOLINE,3.489,37.86,False,"GASOLINE, UNLEADED"
187703,2026-06-09,10147,2,40.48,"DIESEL, LOW SULPHUR",500-ppm sulphur LSD,4.499,182.12,False,"DIESEL, LOW SULPHUR"
187703,2026-06-09,10147,3,35.69,"DIESEL, DYED FUEL",Dyed Diesel Fuel 2. Nontaxable use only,4.059,144.87,False,"DIESEL, DYED FUEL"
187705,2026-06-09,10161,1,12.32,"GASOLINE, UNLEADED",UNLEADED GASOLINE,3.489,42.98,False,"GASOLINE, UNLEADED"
187705,2026-06-09,10161,2,21.01,"DIESEL, LOW SULPHUR",500-ppm sulphur LSD,4.499,94.52,False,"DIESEL, LOW SULPHUR"
187705,2026-06-09,10161,3,77.6,"DIESEL, DYED FUEL",Dyed Diesel Fuel 2. Nontaxable use only,4.059,314.98,False,"DIESEL, DYED FUEL"
187705,2026-06-09,10161,4,1.23,EXHAUST BULK,DIESEL EXHAUST FLUID BULK,8.56,10.53,True,EXHAUST BULK
187705,2026-06-09,10161,5,1.0,P66 MUNLIPLEX,P66 MULTIPLEX 600 #2 10PK,65.3375,65.34,True,P66 MUNLIPLEX
187707,2026-06-09,10166,1,106.22,"DIESEL, LOW SULPHUR",500-ppm sulphur LSD,4.499,477.88,False,"DIESEL, LOW SULPHUR"
187707,2026-06-09,10166,2,4.13,EXHAUST BULK,DIESEL EXHAUST FLUID BULK,8.56,35.35,True,EXHAUST BULK
187708,2026-06-09,10167,1,84.71,"DIESEL, LOW SULPHUR",500-ppm sulphur LSD,4.499,381.11,False,"DIESEL, LOW SULPHUR"
187709,2026-06-09,13349,1,17.35,"GASOLINE, UNLEADED",UNLEADED GASOLINE,3.489,60.53,False,"GASOLINE, UNLEADED"
187710,2026-06-09,10173,1,27.07,"DIESEL, LOW SULPHUR",500-ppm sulphur LSD,4.439,120.16,False,"DIESEL, LOW SULPHUR"
187710,2026-06-09,10173,2,22.0,"GASOLINE, UNLEADED",3.439UNLEADED GASOLINE,3.439,75.66,False,"GASOLINE, UNLEADED"
187712,2026-06-09,10157,1,38.45,"DIESEL, LOW SULPHUR",500-ppm sulphur LSD,4.439,170.68,False,"DIESEL, LOW SULPHUR"
187717,2026-06-10,13344,1,4.71,"GASOLINE, UNLEADED",UNLEADED GASOLINE,3.439,16.2,False,"GASOLINE, UNLEADED"
187717,2026-06-10,13344,2,34.72,"DIESEL, LOW SULPHUR",500-ppm sulphur LSD,4.439,154.12,False,"DIESEL, LOW SULPHUR"
187718,2026-06-10,10175,1,36.98,"DIESEL, LOW SULPHUR",500-ppm sulphur LSD,4.439,164.15,False,"DIESEL, LOW SULPHUR"
187718,2026-06-10,10175,2,22.99,"DIESEL, DYED FUEL",Dyed Diesel Fuel 2. Nontaxable use only,3.999,91.94,False,"DIESEL, DYED FUEL"
187718,2026-06-10,10175,3,1.0,EXHAUST,DIESEL EXHAUST FLUID 1/2.5,13.53,13.53,True,EXHAUST
187720,2026-06-10,10168,1,31.07,"GASOLINE, UNLEADED",UNLEADED GASOLINE,3.439,106.85,False,"GASOLINE, UNLEADED"
187723,2026-06-10,10177,1,68.64,"DIESEL, DYED FUEL",Dyed Diesel Fuel 2. Nontaxable use only,3.999,274.49,False,"DIESEL, DYED FUEL"
187723,2026-06-10,10177,2,37.01,"DIESEL, LOW SULPHUR",500-ppm sulphur LSD,4.439,164.29,False,"DIESEL, LOW SULPHUR"
187724,2026-06-10,10180,1,6.6,"GASOLINE, UNLEADED",UNLEADED GASOLINE,3.479,22.96,False,"GASOLINE, UNLEADED"
187724,2026-06-10,10180,2,21.62,"DIESEL, LOW SULPHUR",500-ppm sulphur LSD,4.459,96.4,False,"DIESEL, LOW SULPHUR"
187724,2026-06-10,10180,3,51.59,"DIESEL, DYED FUEL",Dyed Diesel Fuel 2. Nontaxable use only,4.019,207.34,False,"DIESEL, DYED FUEL"
187726,2026-06-11,10183,1,20.7,"DIESEL, LOW SULPHUR",500-ppm sulphur LSD,4.459,92.3,False,"DIESEL, LOW SULPHUR"
187729,2026-06-11,10181,1,5.02,"GASOLINE, UNLEADED",UNLEADED GASOLINE,3.479,17.46,False,"GASOLINE, UNLEADED"
187729,2026-06-11,10181,2,34.48,"DIESEL, LOW SULPHUR",500-ppm sulphur LSD,4.459,153.75,False,"DIESEL, LOW SULPHUR"
187729,2026-06-11,10181,3,46.69,"DIESEL, DYED FUEL",Dyed Diesel Fuel 2. Nontaxable use only,4.019,187.65,False,"DIESEL, DYED FUEL"
187731,2026-06-11,13357,1,38.25,"GASOLINE, UNLEADED",UNLEADED GASOLINE,3.479,133.07,False,"GASOLINE, UNLEADED"
187732,2026-06-11,10190,1,9.9,"GASOLINE, UNLEADED",UNLEADED GASOLINE,3.479,34.44,False,"GASOLINE, UNLEADED"
187732,2026-06-11,10190,2,26.63,"DIESEL, DYED FUEL",Dyed Diesel Fuel 2. Nontaxable use only,4.019,107.03,False,"DIESEL, DYED FUEL"
187732,2026-06-11,10190,3,16.6,"DIESEL, LOW SULPHUR",500-ppm sulphur LSD,4.459,74.02,False,"DIESEL, LOW SULPHUR"
187732,2026-06-11,10190,4,1.0,GOJO,GOJO HAND WIPES,41.48,41.48,True,GOJO
187732,2026-06-11,10190,5,12.0,CYCLE,2-CYCLE OIL,2.1125,25.35,True,CYCLE
187733,2026-06-11,10191,1,39.29,"DIESEL, LOW SULPHUR",500-ppm sulphur LSD,4.459,175.19,False,"DIESEL, LOW SULPHUR"
187733,2026-06-11,10191,2,51.51,"DIESEL, DYED FUEL",Dyed Diesel Fuel 2. Nontaxable use only,4.019,207.02,False,"DIESEL, DYED FUEL"
187735,2026-06-11,10193,1,33.19,"DIESEL, LOW SULPHUR",500-ppm sulphur LSD,4.459,147.99,False,"DIESEL, LOW SULPHUR"
187735,2026-06-11,10193,2,72.65,"DIESEL, DYED FUEL",Dyed Diesel Fuel 2. Nontaxable use only,4.019,291.98,False,"DIESEL, DYED FUEL"
187735,2026-06-11,10193,3,2.0,P66 MUNLIPLEX,P66 MULTIPLEX 600 #2 10PK,65.3375,130.68,True,P66 MUNLIPLEX
187735,2026-06-11,10193,4,2.0,Shop,Shop Towel Roll,5.79,11.58,True,Shop
187735,2026-06-11,10193,5,1.0,Gloves Ins,Insulated RR Pair,24.71,24.71,True,Gloves Ins
187739,2026-06-12,10198,1,61.8,"DIESEL, DYED FUEL",Dyed Diesel Fuel 2. Nontaxable use only,3.919,242.19,False,"DIESEL, DYED FUEL"
187739,2026-06-12,10198,2,32.95,"DIESEL, LOW SULPHUR",500-ppm sulphur LSD,4.359,143.63,False,"DIESEL, LOW SULPHUR"
187739,2026-06-12,10198,3,1.0,Shop,Shop Towel Roll,5.79,5.79,True,Shop
187739,2026-06-12,10198,4,1.0,WD-40,WD-40,15.525,15.53,True,WD-40
187740,2026-06-12,10199,1,27.65,"DIESEL, LOW SULPHUR",500-ppm sulphur LSD,4.359,120.53,False,"DIESEL, LOW SULPHUR"
187740,2026-06-12,10199,2,36.16,"DIESEL, DYED FUEL",Dyed Diesel Fuel 2. Nontaxable use only,3.919,141.71,False,"DIESEL, DYED FUEL"
187742,2026-06-12,10202,1,38.84,"DIESEL, DYED FUEL",Dyed Diesel Fuel 2. Nontaxable use only,3.919,152.21,False,"DIESEL, DYED FUEL"
187742,2026-06-12,10202,2,30.29,"DIESEL, LOW SULPHUR",500-ppm sulphur LSD,4.359,132.03,False,"DIESEL, LOW SULPHUR"
187742,2026-06-12,10202,3,0.16,EXHAUST BULK,DIESEL EXHAUST FLUID BULK,8.56,1.37,True,EXHAUST BULK
187743,2026-06-12,13362,1,19.99,"GASOLINE, UNLEADED",UNLEADED GASOLINE,3.459,69.15,False,"GASOLINE, UNLEADED"
187744,2026-06-12,10206,1,17.38,"DIESEL, LOW SULPHUR",500-ppm sulphur LSD,4.359,75.76,False,"DIESEL, LOW SULPHUR"
187747,2026-06-12,10209,1,29.93,"DIESEL, LOW SULPHUR",500-ppm sulphur LSD,4.319,129.27,False,"DIESEL, LOW SULPHUR"
187747,2026-06-12,10209,2,55.36,"DIESEL, DYED FUEL",Dyed Diesel Fuel 2. Nontaxable use only,3.879,214.74,False,"DIESEL, DYED FUEL"
187756,2026-06-15,10210,1,8.04,"GASOLINE, UNLEADED",UNLEADED GASOLINE,3.449,27.73,False,"GASOLINE, UNLEADED"
187756,2026-06-15,10210,2,29.79,"DIESEL, LOW SULPHUR",500-ppm sulphur LSD,4.319,128.66,False,"DIESEL, LOW SULPHUR"
187756,2026-06-15,10210,3,41.23,"DIESEL, DYED FUEL",Dyed Diesel Fuel 2. Nontaxable use only,3.879,159.93,False,"DIESEL, DYED FUEL"
187760,2026-06-16,10212,1,18.78,"DIESEL, LOW SULPHUR",500-ppm sulphur LSD,4.189,78.67,False,"DIESEL, LOW SULPHUR"
187761,2026-06-16,10215,1,12.08,"GASOLINE, UNLEADED",UNLEADED GASOLINE,3.359,40.58,False,"GASOLINE, UNLEADED"
187761,2026-06-16,10215,2,20.37,"DIESEL, LOW SULPHUR",500-ppm sulphur LSD,4.189,85.33,False,"DIESEL, LOW SULPHUR"
187761,2026-06-16,10215,3,0.83,"DIESEL, DYED FUEL",Dyed Diesel Fuel 2. Nontaxable use only,3.749,3.11,False,"DIESEL, DYED FUEL"
187763,2026-06-16,4477,1,100.44,"DIESEL, LOW SULPHUR",500-ppm sulphur LSD,4.189,420.74,False,"DIESEL, LOW SULPHUR"
187764,2026-06-16,10217,1,9.19,"GASOLINE, UNLEADED",UNLEADED GASOLINE,3.359,30.87,False,"GASOLINE, UNLEADED"
187764,2026-06-16,10217,2,27.33,"DIESEL, LOW SULPHUR",500-ppm sulphur LSD,4.189,114.49,False,"DIESEL, LOW SULPHUR"
187764,2026-06-16,10217,3,79.69,"DIESEL, DYED FUEL",Dyed Diesel Fuel 2. Nontaxable use only,3.749,298.76,False,"DIESEL, DYED FUEL"
187765,2026-06-16,10220,1,1.0,P66 MUNLIPLEX,P66 MULTIPLEX 600 #2 10PK,65.3375,65.34,True,P66 MUNLIPLEX
187766,2026-06-16,2810,1,27.62,"DIESEL, LOW SULPHUR",500-ppm sulphur LSD,4.189,115.7,False,"DIESEL, LOW SULPHUR"
187770,2026-06-17,ADA#32 N LAMAR,1,49.92,"DIESEL, LOW SULPHUR",500-ppm sulphur LSD,4.169,208.12,False,"DIESEL, LOW SULPHUR"
187770,2026-06-17,ADA#32 N LAMAR,2,37.74,"DIESEL, DYED FUEL",Dyed Diesel Fuel 2. Nontaxable use only,3.729,140.73,False,"DIESEL, DYED FUEL"
187770,2026-06-17,ADA#32 N LAMAR,3,1.0,EXHAUST,DIESEL EXHAUST FLUID 1/2.5,13.53,13.53,True,EXHAUST
187770,2026-06-17,ADA#32 N LAMAR,4,1.0,"WASHER, WIND",Windshield Washer,5.96,5.96,True,"WASHER, WIND"
187773,2026-06-17,10226,1,35.75,"DIESEL, LOW SULPHUR",500-ppm sulphur LSD,4.169,149.04,False,"DIESEL, LOW SULPHUR"
187773,2026-06-17,10226,2,91.69,"DIESEL, DYED FUEL",Dyed Diesel Fuel 2. Nontaxable use only,3.729,341.91,False,"DIESEL, DYED FUEL"
187773,2026-06-17,10226,3,2.77,EXHAUST BULK,DIESEL EXHAUST FLUID BULK,8.56,23.71,True,EXHAUST BULK
187773,2026-06-17,10226,4,1.0,WYPALL,Wypall Wipes,11.05,11.05,True,WYPALL
187774,2026-06-17,13374,1,19.37,"GASOLINE, UNLEADED",UNLEADED GASOLINE,3.369,65.26,False,"GASOLINE, UNLEADED"
187775,2026-06-17,10236,1,77.07,"DIESEL, LOW SULPHUR",500-ppm sulphur LSD,4.169,321.3,False,"DIESEL, LOW SULPHUR"
187776,2026-06-17,10237,1,54.62,"DIESEL, LOW SULPHUR",500-ppm sulphur LSD,4.169,227.71,False,"DIESEL, LOW SULPHUR"
187777,2026-06-17,10241,1,14.65,"GASOLINE, UNLEADED",UNLEADED GASOLINE,3.399,49.8,False,"GASOLINE, UNLEADED"
187777,2026-06-17,10241,2,18.68,"DIESEL, LOW SULPHUR",500-ppm sulphur LSD,4.189,78.25,False,"DIESEL, LOW SULPHUR"
187777,2026-06-17,10241,3,29.07,"DIESEL, DYED FUEL",Dyed Diesel Fuel 2. Nontaxable use only,3.749,108.98,False,"DIESEL, DYED FUEL"
187781,2026-06-18,10240,1,14.13,"GASOLINE, UNLEADED",UNLEADED GASOLINE,3.399,48.03,False,"GASOLINE, UNLEADED"
187781,2026-06-18,10240,2,35.66,"DIESEL, LOW SULPHUR",500-ppm sulphur LSD,4.189,149.38,False,"DIESEL, LOW SULPHUR"
187781,2026-06-18,10240,3,20.59,"DIESEL, DYED FUEL",Dyed Diesel Fuel 2. Nontaxable use only,3.749,77.19,False,"DIESEL, DYED FUEL"
187781,2026-06-18,10240,4,1.43,EXHAUST BULK,DIESEL EXHAUST FLUID BULK,8.56,12.24,True,EXHAUST BULK
187783,2026-06-18,13379,1,13.33,"GASOLINE, UNLEADED",UNLEADED GASOLINE,3.399,45.31,False,"GASOLINE, UNLEADED"
187783,2026-06-18,13379,2,28.77,"DIESEL, LOW SULPHUR",500-ppm sulphur LSD,4.189,120.52,False,"DIESEL, LOW SULPHUR"
187783,2026-06-18,13379,3,1.0,P66 MEGAFLOW,MEGAFLOW AW HYD 32 1/5,120.3015,120.3,True,P66 MEGAFLOW
187785,2026-06-18,10248,1,34.0,"DIESEL, LOW SULPHUR",500-ppm sulphur LSD,4.189,142.43,False,"DIESEL, LOW SULPHUR"
187789,2026-06-19,10255,1,22.31,"DIESEL, LOW SULPHUR",500-ppm sulphur LSD,4.129,92.12,False,"DIESEL, LOW SULPHUR"
187789,2026-06-19,10255,2,14.71,"DIESEL, DYED FUEL",Dyed Diesel Fuel 2. Nontaxable use only,3.689,54.27,False,"DIESEL, DYED FUEL"
187790,2026-06-19,10256,1,5.66,"GASOLINE, UNLEADED",UNLEADED GASOLINE,3.369,19.07,False,"GASOLINE, UNLEADED"
187790,2026-06-19,10256,2,19.0,"DIESEL, LOW SULPHUR",500-ppm sulphur LSD,4.129,78.45,False,"DIESEL, LOW SULPHUR"
187790,2026-06-19,10256,3,54.66,"DIESEL, DYED FUEL",Dyed Diesel Fuel 2. Nontaxable use only,3.689,201.64,False,"DIESEL, DYED FUEL"
187790,2026-06-19,10256,4,4.07,EXHAUST BULK,DIESEL EXHAUST FLUID BULK,8.56,34.84,True,EXHAUST BULK
187790,2026-06-19,10256,5,2.0,EXHAUST,DIESEL EXHAUST FLUID 1/2.5,13.53,27.06,True,EXHAUST
187791,2026-06-19,10253,1,23.08,"GASOLINE, UNLEADED",UNLEADED GASOLINE,3.369,77.76,False,"GASOLINE, UNLEADED"
187791,2026-06-19,10253,2,37.86,"DIESEL, LOW SULPHUR",500-ppm sulphur LSD,4.129,156.32,False,"DIESEL, LOW SULPHUR"
187791,2026-06-19,10253,3,47.29,"DIESEL, DYED FUEL",Dyed Diesel Fuel 2. Nontaxable use only,3.689,174.45,False,"DIESEL, DYED FUEL"
187791,2026-06-19,10253,4,1.0,Shop,Shop Towel Roll,5.79,5.79,True,Shop
187791,2026-06-19,10253,5,2.0,EXHAUST,DIESEL EXHAUST FLUID 1/2.5,13.53,27.06,True,EXHAUST
187791,2026-06-19,10253,6,1.0,"WASHER, WIND",Windshield Washer,5.96,5.96,True,"WASHER, WIND"
187792,2026-06-19,10257,1,32.95,"DIESEL, LOW SULPHUR",500-ppm sulphur LSD,4.129,136.05,False,"DIESEL, LOW SULPHUR"
187793,2026-06-19,13380,1,20.93,"GASOLINE, UNLEADED",UNLEADED GASOLINE,3.369,70.51,False,"GASOLINE, UNLEADED"
187794,2026-06-19,10257,1,7.08,"GASOLINE, UNLEADED",UNLEADED GASOLINE,3.369,23.85,False,"GASOLINE, UNLEADED"
187794,2026-06-19,10257,2,61.53,"DIESEL, DYED FUEL",Dyed Diesel Fuel 2. Nontaxable use only,3.689,226.98,False,"DIESEL, DYED FUEL"
187795,2026-06-19,10263,1,17.37,"GASOLINE, UNLEADED",UNLEADED GASOLINE,3.369,58.52,False,"GASOLINE, UNLEADED"
187796,2026-06-19,10254,1,8.99,"DIESEL, LOW SULPHUR",500-ppm sulphur LSD,4.129,37.12,False,"DIESEL, LOW SULPHUR"
187796,2026-06-19,10254,2,86.26,"DIESEL, DYED FUEL",Dyed Diesel Fuel 2. Nontaxable use only,3.689,318.21,False,"DIESEL, DYED FUEL"
187796,2026-06-19,10254,3,0.66,EXHAUST BULK,DIESEL EXHAUST FLUID BULK,8.56,5.65,True,EXHAUST BULK
187797,2026-06-19,DS275,1,36.61,"DIESEL, LOW SULPHUR",500-ppm sulphur LSD,4.129,151.16,False,"DIESEL, LOW SULPHUR"
187797,2026-06-19,DS275,2,28.79,"DIESEL, DYED FUEL",Dyed Diesel Fuel 2. Nontaxable use only,3.689,106.21,False,"DIESEL, DYED FUEL"
187800,2026-06-19,10266,1,13.5,"GASOLINE, UNLEADED",UNLEADED GASOLINE,3.369,45.48,False,"GASOLINE, UNLEADED"
187800,2026-06-19,10266,2,16.03,"DIESEL, LOW SULPHUR",500-ppm sulphur LSD,4.129,66.19,False,"DIESEL, LOW SULPHUR"
187800,2026-06-19,10266,3,1.53,"DIESEL, DYED FUEL",Dyed Diesel Fuel 2. Nontaxable use only,3.689,5.64,False,"DIESEL, DYED FUEL"
187801,2026-06-22,10267,1,20.05,"DIESEL, LOW SULPHUR",500-ppm sulphur LSD,4.129,82.79,False,"DIESEL, LOW SULPHUR"
187802,2026-06-22,10268,1,34.02,"DIESEL, LOW SULPHUR",500-ppm sulphur LSD,4.129,140.47,False,"DIESEL, LOW SULPHUR"
187803,2026-06-22,10249,1,17.8,"GASOLINE, UNLEADED",UNLEADED GASOLINE,3.369,59.97,False,"GASOLINE, UNLEADED"
187803,2026-06-22,10249,2,42.77,"DIESEL, LOW SULPHUR",500-ppm sulphur LSD,4.129,176.6,False,"DIESEL, LOW SULPHUR"
187803,2026-06-22,10249,3,1.0,EXHAUST,DIESEL EXHAUST FLUID 1/2.5,13.53,13.53,True,EXHAUST
187805,2026-06-22,13390,1,21.46,"GASOLINE, UNLEADED",UNLEADED GASOLINE,3.369,72.3,False,"GASOLINE, UNLEADED"
187806,2026-06-22,10269,1,35.57,"DIESEL, LOW SULPHUR",500-ppm sulphur LSD,4.129,146.87,False,"DIESEL, LOW SULPHUR"
187807,2026-06-22,10272,1,20.81,"DIESEL, LOW SULPHUR",500-ppm sulphur LSD,4.129,85.92,False,"DIESEL, LOW SULPHUR"
187809,2026-06-22,10273,1,162.93,"DIESEL, LOW SULPHUR",500-ppm sulphur LSD,4.129,672.74,False,"DIESEL, LOW SULPHUR"
187811,2026-06-23,10289,1,29.83,"DIESEL, LOW SULPHUR",500-ppm sulphur LSD,4.099,122.27,False,"DIESEL, LOW SULPHUR"
187811,2026-06-23,10289,2,70.33,"DIESEL, DYED FUEL",Dyed Diesel Fuel 2. Nontaxable use only,3.659,257.34,False,"DIESEL, DYED FUEL"
187811,2026-06-23,10289,3,2.32,EXHAUST BULK,DIESEL EXHAUST FLUID BULK,8.56,19.86,True,EXHAUST BULK
187811,2026-06-23,10289,4,1.0,Shop,Shop Towel Roll,5.79,5.79,True,Shop
187811,2026-06-23,10289,5,1.0,JOES,JOES HAND CLEANER RED EACH,10.8875,10.89,True,JOES
187811,2026-06-23,10289,6,1.0,Starting Fluid,Starting Fluid,7.5375,7.54,True,Starting Fluid
187812,2026-06-23,10292,1,26.5,"GASOLINE, UNLEADED",UNLEADED GASOLINE,3.369,89.28,False,"GASOLINE, UNLEADED"
187813,2026-06-23,10279,1,13.2,"GASOLINE, UNLEADED",UNLEADED GASOLINE,3.339,44.07,False,"GASOLINE, UNLEADED"
187813,2026-06-23,10279,2,24.65,"DIESEL, LOW SULPHUR",500-ppm sulphur LSD,4.029,99.31,False,"DIESEL, LOW SULPHUR"
187813,2026-06-23,10279,3,24.0,"DIESEL, DYED FUEL",Dyed Diesel Fuel 2. Nontaxable use only,3.589,86.14,False,"DIESEL, DYED FUEL"
187814,2026-06-23,10270,1,12.83,"DIESEL, LOW SULPHUR",500-ppm sulphur LSD,4.099,52.59,False,"DIESEL, LOW SULPHUR"
187814,2026-06-23,10270,2,78.18,"DIESEL, DYED FUEL",Dyed Diesel Fuel 2. Nontaxable use only,3.659,286.06,False,"DIESEL, DYED FUEL"
187815,2026-06-23,10280,1,5.03,"GASOLINE, UNLEADED",UNLEADED GASOLINE,3.369,16.95,False,"GASOLINE, UNLEADED"
187815,2026-06-23,10280,2,30.49,"DIESEL, LOW SULPHUR",500-ppm sulphur LSD,4.099,124.98,False,"DIESEL, LOW SULPHUR"
187817,2026-06-23,13392,1,6.75,"GASOLINE, UNLEADED",UNLEADED GASOLINE,3.369,22.74,False,"GASOLINE, UNLEADED"
187817,2026-06-23,13392,2,85.45,"DIESEL, LOW SULPHUR",500-ppm sulphur LSD,4.099,350.26,False,"DIESEL, LOW SULPHUR"
187817,2026-06-23,13392,3,1.0,Shop Towel BX,Shop towel box,29.81,29.81,True,Shop Towel BX
187817,2026-06-23,13392,4,1.0,P66 MEGAFLOW,MEGAFLOW AW HYD 46 1/5,120.3015,120.3,True,P66 MEGAFLOW
187818,2026-06-23,10284,1,4.96,"GASOLINE, UNLEADED",UNLEADED GASOLINE,3.369,16.71,False,"GASOLINE, UNLEADED"
187818,2026-06-23,10284,2,33.88,"DIESEL, LOW SULPHUR",500-ppm sulphur LSD,4.099,138.87,False,"DIESEL, LOW SULPHUR"
187818,2026-06-23,10284,3,60.12,"DIESEL, DYED FUEL",Dyed Diesel Fuel 2. Nontaxable use only,3.659,219.98,False,"DIESEL, DYED FUEL"
187819,2026-06-23,13395,1,34.75,"GASOLINE, UNLEADED",UNLEADED GASOLINE,3.369,117.07,False,"GASOLINE, UNLEADED"
187821,2026-06-23,10288,1,11.81,"GASOLINE, UNLEADED",UNLEADED GASOLINE,3.369,39.79,False,"GASOLINE, UNLEADED"
187821,2026-06-23,10288,2,26.59,"DIESEL, LOW SULPHUR",500-ppm sulphur LSD,4.099,108.99,False,"DIESEL, LOW SULPHUR"
187821,2026-06-23,10288,3,75.91,"DIESEL, DYED FUEL",Dyed Diesel Fuel 2. Nontaxable use only,3.659,277.75,False,"DIESEL, DYED FUEL"
187822,2026-06-23,10286,1,115.33,"DIESEL, LOW SULPHUR",500-ppm sulphur LSD,4.099,472.74,False,"DIESEL, LOW SULPHUR"
187822,2026-06-23,10286,2,4.06,EXHAUST BULK,DIESEL EXHAUST FLUID BULK,8.56,34.75,True,EXHAUST BULK
187822,2026-06-23,10286,3,1.0,Shop,Shop Towel Roll,5.79,5.79,True,Shop
187823,2026-06-23,10294,1,6.36,"GASOLINE, UNLEADED",UNLEADED GASOLINE,3.339,21.24,False,"GASOLINE, UNLEADED"
187823,2026-06-23,10294,2,36.71,"DIESEL, LOW SULPHUR",500-ppm sulphur LSD,4.029,147.9,False,"DIESEL, LOW SULPHUR"
187827,2026-06-24,10296,1,25.14,"DIESEL, LOW SULPHUR",500-ppm sulphur LSD,4.029,101.29,False,"DIESEL, LOW SULPHUR"
187830,2026-06-24,10295,1,20.3,"GASOLINE, UNLEADED",UNLEADED GASOLINE,3.339,67.78,False,"GASOLINE, UNLEADED"
187830,2026-06-24,10295,2,28.87,"DIESEL, LOW SULPHUR",500-ppm sulphur LSD,4.029,116.32,False,"DIESEL, LOW SULPHUR"
187830,2026-06-24,10295,3,50.46,"DIESEL, DYED FUEL",Dyed Diesel Fuel 2. Nontaxable use only,3.589,181.1,False,"DIESEL, DYED FUEL"
187831,2026-06-24,10303,1,16.8,"DIESEL, LOW SULPHUR",500-ppm sulphur LSD,4.029,67.69,False,"DIESEL, LOW SULPHUR"
187835,2026-06-25,10308,1,14.5,"GASOLINE, UNLEADED",UNLEADED GASOLINE,3.299,47.84,False,"GASOLINE, UNLEADED"
187835,2026-06-25,10308,2,30.78,"DIESEL, LOW SULPHUR",500-ppm sulphur LSD,4.019,123.7,False,"DIESEL, LOW SULPHUR"
187836,2026-06-25,10307,1,4.5,"GASOLINE, UNLEADED",UNLEADED GASOLINE,3.299,14.85,False,"GASOLINE, UNLEADED"
187836,2026-06-25,10307,2,29.6,"DIESEL, LOW SULPHUR",500-ppm sulphur LSD,4.019,118.96,False,"DIESEL, LOW SULPHUR"
187836,2026-06-25,10307,3,43.18,"DIESEL, DYED FUEL",Dyed Diesel Fuel 2. Nontaxable use only,3.579,154.54,False,"DIESEL, DYED FUEL"
187837,2026-06-25,ADA32,1,12.5,"GASOLINE, UNLEADED",UNLEADED GASOLINE,3.299,41.24,False,"GASOLINE, UNLEADED"
187837,2026-06-25,ADA32,2,48.2,"DIESEL, LOW SULPHUR",500-ppm sulphur LSD,4.019,193.72,False,"DIESEL, LOW SULPHUR"
187837,2026-06-25,ADA32,3,33.74,"DIESEL, DYED FUEL",Dyed Diesel Fuel 2. Nontaxable use only,3.579,120.76,False,"DIESEL, DYED FUEL"
187837,2026-06-25,ADA32,4,1.0,Shop Towel BX,Shop towel box,29.81,29.81,True,Shop Towel BX
187837,2026-06-25,ADA32,5,1.0,EXHAUST,DIESEL EXHAUST FLUID 1/2.5,13.53,13.53,True,EXHAUST
187838,2026-06-25,10314,1,27.75,"DIESEL, LOW SULPHUR",500-ppm sulphur LSD,4.019,111.53,False,"DIESEL, LOW SULPHUR"
187838,2026-06-25,10314,2,71.79,"DIESEL, DYED FUEL",Dyed Diesel Fuel 2. Nontaxable use only,3.579,256.94,False,"DIESEL, DYED FUEL"
187838,2026-06-25,10314,3,4.4,EXHAUST BULK,DIESEL EXHAUST FLUID BULK,8.56,37.66,True,EXHAUST BULK
187838,2026-06-25,10314,4,1.0,WD-40,WD-40,15.525,15.53,True,WD-40
187838,2026-06-25,10314,5,1.0,Shop,Shop Towel Roll,5.79,5.79,True,Shop
187839,2026-06-25,10305,1,33.66,"DIESEL, LOW SULPHUR",500-ppm sulphur LSD,4.019,135.28,False,"DIESEL, LOW SULPHUR"
187839,2026-06-25,10305,2,1.35,EXHAUST BULK,DIESEL EXHAUST FLUID BULK,8.56,11.56,True,EXHAUST BULK
187839,2026-06-25,10305,3,1.0,"GLASS, CLEANER",GLASS CLEANER EACH,5.7875,5.79,True,"GLASS, CLEANER"
187840,2026-06-25,10309,1,21.28,"DIESEL, LOW SULPHUR",500-ppm sulphur LSD,4.019,85.52,False,"DIESEL, LOW SULPHUR"
187841,2026-06-25,13403,1,20.03,"GASOLINE, UNLEADED",UNLEADED GASOLINE,3.299,66.08,False,"GASOLINE, UNLEADED"
187848,2026-06-26,10320,1,11.86,"GASOLINE, UNLEADED",UNLEADED GASOLINE,3.399,40.31,False,"GASOLINE, UNLEADED"
187848,2026-06-26,10320,2,17.42,"DIESEL, LOW SULPHUR",500-ppm sulphur LSD,4.119,71.75,False,"DIESEL, LOW SULPHUR"
187849,2026-06-26,DBP-0201,1,73.34,"DIESEL, LOW SULPHUR",500-ppm sulphur LSD,4.119,302.09,False,"DIESEL, LOW SULPHUR"
187849,2026-06-26,DBP-0201,2,2.0,Shop,Shop Towel Roll,5.79,11.58,True,Shop
187850,2026-06-26,10322,1,4.96,"GASOLINE, UNLEADED",UNLEADED GASOLINE,3.399,16.86,False,"GASOLINE, UNLEADED"
187850,2026-06-26,10322,2,16.7,"DIESEL, LOW SULPHUR",500-ppm sulphur LSD,4.119,68.79,False,"DIESEL, LOW SULPHUR"
187850,2026-06-26,10322,3,1.08,EXHAUST BULK,DIESEL EXHAUST FLUID BULK,8.56,9.24,True,EXHAUST BULK
187851,2026-06-26,10327,1,26.25,"DIESEL, LOW SULPHUR",500-ppm sulphur LSD,4.119,108.12,False,"DIESEL, LOW SULPHUR"
187853,2026-06-26,13411,1,21.96,"GASOLINE, UNLEADED",UNLEADED GASOLINE,3.399,74.64,False,"GASOLINE, UNLEADED"
187856,2026-06-29,10329,1,24.04,"DIESEL, LOW SULPHUR",500-ppm sulphur LSD,3.999,96.14,False,"DIESEL, LOW SULPHUR"
187856,2026-06-29,10329,2,1.0,Shop Towel BX,Shop towel box,29.81,29.81,True,Shop Towel BX
187857,2026-06-29,10335,1,1.65,"GASOLINE, UNLEADED",UNLEADED GASOLINE,3.339,5.51,False,"GASOLINE, UNLEADED"
187857,2026-06-29,10335,2,29.69,"DIESEL, LOW SULPHUR",500-ppm sulphur LSD,3.999,118.73,False,"DIESEL, LOW SULPHUR"
187857,2026-06-29,10335,3,36.53,"DIESEL, DYED FUEL",Dyed Diesel Fuel 2. Nontaxable use only,3.559,130.01,False,"DIESEL, DYED FUEL"
187857,2026-06-29,10335,4,1.0,"GLASS, CLEANER",GLASS CLEANER EACH,5.7875,5.79,True,"GLASS, CLEANER"
187857,2026-06-29,10335,5,1.0,WD-40,WD-40,15.525,15.53,True,WD-40
187858,2026-06-29,10332,1,27.01,"DIESEL, LOW SULPHUR",500-ppm sulphur LSD,3.999,108.01,False,"DIESEL, LOW SULPHUR"
187859,2026-06-29,10120,1,59.72,"DIESEL, LOW SULPHUR",500-ppm sulphur LSD,3.999,238.82,False,"DIESEL, LOW SULPHUR"
187859,2026-06-29,10120,2,4.02,EXHAUST BULK,DIESEL EXHAUST FLUID BULK,8.56,34.41,True,EXHAUST BULK
187859,2026-06-29,10120,3,2.0,GLOVES,LEATHER RR PAIR,22.675,45.35,True,GLOVES
187861,2026-06-29,13392,1,10.86,"GASOLINE, UNLEADED",UNLEADED GASOLINE,3.339,36.26,False,"GASOLINE, UNLEADED"
187861,2026-06-29,13392,2,108.05,"DIESEL, LOW SULPHUR",500-ppm sulphur LSD,3.999,432.09,False,"DIESEL, LOW SULPHUR"
187862,2026-06-29,10337,1,6.56,"GASOLINE, UNLEADED",UNLEADED GASOLINE,3.339,21.9,False,"GASOLINE, UNLEADED"
187862,2026-06-29,10337,2,31.18,"DIESEL, LOW SULPHUR",500-ppm sulphur LSD,3.999,124.69,False,"DIESEL, LOW SULPHUR"
187863,2026-06-29,10334,1,24.79,"GASOLINE, UNLEADED",UNLEADED GASOLINE,3.339,82.77,False,"GASOLINE, UNLEADED"
187865,2026-06-29,10338,1,35.84,"DIESEL, LOW SULPHUR",500-ppm sulphur LSD,3.999,143.32,False,"DIESEL, LOW SULPHUR"
187866,2026-06-29,10337,1,8.56,"GASOLINE, UNLEADED",UNLEADED GASOLINE,3.339,28.58,False,"GASOLINE, UNLEADED"
187866,2026-06-29,10337,2,33.69,"DIESEL, LOW SULPHUR",500-ppm sulphur LSD,3.999,134.73,False,"DIESEL, LOW SULPHUR"
187866,2026-06-29,10337,3,20.43,"DIESEL, DYED FUEL",Dyed Diesel Fuel 2. Nontaxable use only,3.559,72.71,False,"DIESEL, DYED FUEL"
187866,2026-06-29,10337,4,1.41,EXHAUST BULK,DIESEL EXHAUST FLUID BULK,8.56,12.07,True,EXHAUST BULK
187866,2026-06-29,10337,5,1.0,Shop Towel BX,Shop towel box,29.81,29.81,True,Shop Towel BX
187867,2026-06-29,13402,1,9.0,"GASOLINE, UNLEADED",UNLEADED GASOLINE,3.339,30.05,False,"GASOLINE, UNLEADED"
187867,2026-06-29,13402,2,32.03,"DIESEL, LOW SULPHUR",500-ppm sulphur LSD,3.999,128.09,False,"DIESEL, LOW SULPHUR"
187868,2026-06-29,10342,1,16.85,"DIESEL, LOW SULPHUR",500-ppm sulphur LSD,3.999,67.38,False,"DIESEL, LOW SULPHUR"
187868,2026-06-29,10342,2,74.8,"DIESEL, DYED FUEL",Dyed Diesel Fuel 2. Nontaxable use only,3.559,266.21,False,"DIESEL, DYED FUEL"
187869,2026-06-29,10345,1,18.49,"GASOLINE, UNLEADED",UNLEADED GASOLINE,3.339,61.74,False,"GASOLINE, UNLEADED"
187870,2026-06-29,10339,1,19.36,"DIESEL, LOW SULPHUR",500-ppm sulphur LSD,3.999,77.42,False,"DIESEL, LOW SULPHUR"
187870,2026-06-29,10339,2,11.11,"DIESEL, DYED FUEL",Dyed Diesel Fuel 2. Nontaxable use only,3.559,39.54,False,"DIESEL, DYED FUEL"
187875,2026-06-30,10361,1,14.36,"GASOLINE, UNLEADED",UNLEADED GASOLINE,3.319,47.66,False,"GASOLINE, UNLEADED"
187875,2026-06-30,10361,2,33.51,"DIESEL, LOW SULPHUR",500-ppm sulphur LSD,4.089,137.02,False,"DIESEL, LOW SULPHUR"
187875,2026-06-30,10361,3,0.97,EXHAUST BULK,DIESEL EXHAUST FLUID BULK,8.56,8.3,True,EXHAUST BULK
187875,2026-06-30,10361,4,1.0,Shop,Shop Towel Roll,5.79,5.79,True,Shop
187875,2026-06-30,10361,5,12.0,CYCLE,2-CYCLE OIL,2.1125,25.35,True,CYCLE
187876,2026-06-30,10356,1,6.49,"GASOLINE, UNLEADED",UNLEADED GASOLINE,3.319,21.54,False,"GASOLINE, UNLEADED"
187876,2026-06-30,10356,2,17.43,"DIESEL, LOW SULPHUR",500-ppm sulphur LSD,4.089,71.27,False,"DIESEL, LOW SULPHUR"
187876,2026-06-30,10356,3,32.61,"DIESEL, DYED FUEL",Dyed Diesel Fuel 2. Nontaxable use only,3.649,118.99,False,"DIESEL, DYED FUEL"
187877,2026-06-30,10355,1,42.89,"DIESEL, DYED FUEL",Dyed Diesel Fuel 2. Nontaxable use only,3.649,156.51,False,"DIESEL, DYED FUEL"
187877,2026-06-30,10355,2,37.94,"DIESEL, LOW SULPHUR",500-ppm sulphur LSD,4.089,155.14,False,"DIESEL, LOW SULPHUR"
187877,2026-06-30,10355,3,9.47,"GASOLINE, UNLEADED",UNLEADED GASOLINE,3.319,31.43,False,"GASOLINE, UNLEADED"
187879,2026-06-30,10359,1,26.0,"GASOLINE, UNLEADED",UNLEADED GASOLINE,3.319,86.29,False,"GASOLINE, UNLEADED"
187879,2026-06-30,10359,2,39.42,"DIESEL, LOW SULPHUR",500-ppm sulphur LSD,4.089,161.19,False,"DIESEL, LOW SULPHUR"
187879,2026-06-30,10359,3,32.41,"DIESEL, DYED FUEL",Dyed Diesel Fuel 2. Nontaxable use only,3.649,118.26,False,"DIESEL, DYED FUEL"
187716,2026-06-10,10116,1,102.47,"DIESEL, LOW SULPHUR",500-ppm sulphur LSD,4.439,454.86,False,"DIESEL, LOW SULPHUR"
187716,2026-06-10,10116,2,3.92,EXHAUST BULK,DIESEL EXHAUST FLUID BULK,8.56,33.56,True,EXHAUST BULK
187716,2026-06-10,10116,3,2.0,WYPALL,Wypall Wipes,11.05,22.1,True,WYPALL
187889,2026-07-01,10368,1,32.06,"DIESEL, LOW SULPHUR",500-ppm sulphur LSD,4.089,131.09,False,"DIESEL, LOW SULPHUR"
187889,2026-07-01,10368,2,60.18,"DIESEL, DYED FUEL",Dyed Diesel Fuel 2. Nontaxable use only,3.649,219.6,False,"DIESEL, DYED FUEL"
187890,2026-07-01,10358,1,19.42,"GASOLINE, UNLEADED",UNLEADED GASOLINE,3.319,64.45,False,"GASOLINE, UNLEADED"
187890,2026-07-01,10358,2,40.07,"DIESEL, LOW SULPHUR",500-ppm sulphur LSD,4.089,163.85,False,"DIESEL, LOW SULPHUR"
187890,2026-07-01,10358,3,59.59,"DIESEL, DYED FUEL",Dyed Diesel Fuel 2. Nontaxable use only,3.649,217.44,False,"DIESEL, DYED FUEL"
187890,2026-07-01,10358,4,1.0,"WASHER, WIND",Windshield Washer,5.96,5.96,True,"WASHER, WIND"
187890,2026-07-01,10358,5,2.0,Shop,Shop Towel Roll,5.79,11.58,True,Shop
187890,2026-07-01,10358,6,1.0,"GLASS, CLEANER",GLASS CLEANER EACH,5.7875,5.79,True,"GLASS, CLEANER"
187890,2026-07-01,10358,7,1.0,"CLEANER, BRAKE",Brake Cleaner,10.425,10.43,True,"CLEANER, BRAKE"
187891,2026-07-01,10632,1,18.18,"GASOLINE, UNLEADED",UNLEADED GASOLINE,3.319,60.34,False,"GASOLINE, UNLEADED"
187891,2026-07-01,10632,2,32.07,"DIESEL, LOW SULPHUR",500-ppm sulphur LSD,4.089,131.13,False,"DIESEL, LOW SULPHUR"
187891,2026-07-01,10632,3,60.43,"DIESEL, DYED FUEL",Dyed Diesel Fuel 2. Nontaxable use only,3.649,220.51,False,"DIESEL, DYED FUEL"
187891,2026-07-01,10632,4,4.18,EXHAUST BULK,DIESEL EXHAUST FLUID BULK,8.56,35.78,True,EXHAUST BULK
187891,2026-07-01,10632,5,1.0,Shop Towel BX,Shop towel box,29.81,29.81,True,Shop Towel BX
187892,2026-07-01,10366,1,111.78,"DIESEL, LOW SULPHUR",500-ppm sulphur LSD,4.089,457.07,False,"DIESEL, LOW SULPHUR"
187894,2026-07-01,10317,1,9.7,"GASOLINE, UNLEADED",UNLEADED GASOLINE,3.319,32.19,False,"GASOLINE, UNLEADED"
187894,2026-07-01,10317,2,36.05,"DIESEL, LOW SULPHUR",500-ppm sulphur LSD,4.089,147.41,False,"DIESEL, LOW SULPHUR"
187894,2026-07-01,10317,3,52.85,"DIESEL, DYED FUEL",Dyed Diesel Fuel 2. Nontaxable use only,3.649,192.85,False,"DIESEL, DYED FUEL"
187894,2026-07-01,10317,4,1.0,"GLASS, CLEANER",GLASS CLEANER EACH,5.7875,5.79,True,"GLASS, CLEANER"
187894,2026-07-01,10317,5,1.0,Shop,Shop Towel Roll,5.79,5.79,True,Shop
187895,2026-07-01,10370,1,163.78,"DIESEL, LOW SULPHUR",500-ppm sulphur LSD,4.089,669.7,False,"DIESEL, LOW SULPHUR"
187895,2026-07-01,10370,2,14.62,EXHAUST BULK,DIESEL EXHAUST FLUID BULK,8.56,125.15,True,EXHAUST BULK
187895,2026-07-01,10370,3,1.0,Shop,Shop Towel Roll,5.79,5.79,True,Shop
187896,2026-07-01,10372,1,4.49,"GASOLINE, UNLEADED",UNLEADED GASOLINE,3.319,14.9,False,"GASOLINE, UNLEADED"
187896,2026-07-01,10372,2,21.08,"DIESEL, LOW SULPHUR",500-ppm sulphur LSD,4.089,86.2,False,"DIESEL, LOW SULPHUR"
187896,2026-07-01,10372,3,48.17,"DIESEL, DYED FUEL",Dyed Diesel Fuel 2. Nontaxable use only,3.649,175.77,False,"DIESEL, DYED FUEL"
187896,2026-07-01,10372,4,0.7,EXHAUST BULK,DIESEL EXHAUST FLUID BULK,8.56,5.99,True,EXHAUST BULK
187897,2026-07-01,10373,1,36.23,"DIESEL, LOW SULPHUR",500-ppm sulphur LSD,4.089,148.14,False,"DIESEL, LOW SULPHUR"
187897,2026-07-01,10373,2,1.0,WYPALL,Wypall Wipes,11.05,11.05,True,WYPALL
187899,2026-07-02,10378,1,19.37,"DIESEL, LOW SULPHUR",500-ppm sulphur LSD,4.079,79.01,False,"DIESEL, LOW SULPHUR"
187900,2026-07-02,10377,1,19.8,"GASOLINE, UNLEADED",UNLEADED GASOLINE,3.359,66.51,False,"GASOLINE, UNLEADED"
187900,2026-07-02,10377,2,17.5,"DIESEL, LOW SULPHUR",500-ppm sulphur LSD,4.079,71.38,False,"DIESEL, LOW SULPHUR"
187901,2026-07-02,10376,1,11.83,"GASOLINE, UNLEADED",UNLEADED GASOLINE,3.359,39.74,False,"GASOLINE, UNLEADED"
187901,2026-07-02,10376,2,55.5,"DIESEL, DYED FUEL",Dyed Diesel Fuel 2. Nontaxable use only,3.639,201.96,False,"DIESEL, DYED FUEL"
187901,2026-07-02,10376,3,24.23,"DIESEL, LOW SULPHUR",500-ppm sulphur LSD,4.079,98.83,False,"DIESEL, LOW SULPHUR"
187903,2026-07-02,13423,1,21.81,"GASOLINE, UNLEADED",UNLEADED GASOLINE,3.359,73.26,False,"GASOLINE, UNLEADED"
187904,2026-07-02,10385,1,27.07,"GASOLINE, UNLEADED",UNLEADED GASOLINE,3.359,90.93,False,"GASOLINE, UNLEADED"
187905,2026-07-02,10384,1,37.43,"DIESEL, LOW SULPHUR",500-ppm sulphur LSD,4.079,152.68,False,"DIESEL, LOW SULPHUR"
187906,2026-07-02,10387,1,8.91,"GASOLINE, UNLEADED",UNLEADED GASOLINE,3.359,29.93,False,"GASOLINE, UNLEADED"
187906,2026-07-02,10387,2,16.27,"DIESEL, LOW SULPHUR",500-ppm sulphur LSD,4.079,66.37,False,"DIESEL, LOW SULPHUR"
187906,2026-07-02,10387,3,48.55,"DIESEL, DYED FUEL",Dyed Diesel Fuel 2. Nontaxable use only,3.639,176.67,False,"DIESEL, DYED FUEL"
187909,2026-07-06,10396,1,43.68,"DIESEL, LOW SULPHUR",500-ppm sulphur LSD,4.029,175.99,False,"DIESEL, LOW SULPHUR"
187909,2026-07-06,10396,2,56.4,"DIESEL, DYED FUEL",Dyed Diesel Fuel 2. Nontaxable use only,3.589,202.42,False,"DIESEL, DYED FUEL"
187909,2026-07-06,10396,3,0.84,EXHAUST BULK,DIESEL EXHAUST FLUID BULK,8.56,7.19,True,EXHAUST BULK
187913,2026-07-06,13438,1,22.02,"GASOLINE, UNLEADED",UNLEADED GASOLINE,3.299,72.64,False,"GASOLINE, UNLEADED"
187914,2026-07-06,13433,1,5.74,"GASOLINE, UNLEADED",UNLEADED GASOLINE,3.299,18.94,False,"GASOLINE, UNLEADED"
187914,2026-07-06,13433,2,70.7,"DIESEL, LOW SULPHUR",500-ppm sulphur LSD,4.029,284.85,False,"DIESEL, LOW SULPHUR"
187916,2026-07-06,1044,1,22.85,"DIESEL, LOW SULPHUR",500-ppm sulphur LSD,4.149,94.8,False,"DIESEL, LOW SULPHUR"
187919,2026-07-07,10408,1,19.42,"DIESEL, LOW SULPHUR",500-ppm sulphur LSD,4.149,80.57,False,"DIESEL, LOW SULPHUR"
187919,2026-07-07,10408,2,7.15,"DIESEL, DYED FUEL",Dyed Diesel Fuel 2. Nontaxable use only,3.709,26.52,False,"DIESEL, DYED FUEL"
187920,2026-07-07,10413,1,27.57,"DIESEL, LOW SULPHUR",500-ppm sulphur LSD,4.149,114.39,False,"DIESEL, LOW SULPHUR"
187921,2026-07-07,10412,1,2.25,"GASOLINE, UNLEADED",UNLEADED GASOLINE,3.369,7.58,False,"GASOLINE, UNLEADED"
187921,2026-07-07,10412,2,21.0,"DIESEL, LOW SULPHUR",500-ppm sulphur LSD,4.149,87.13,False,"DIESEL, LOW SULPHUR"
187921,2026-07-07,10412,3,13.61,"DIESEL, DYED FUEL",Dyed Diesel Fuel 2. Nontaxable use only,3.709,50.48,False,"DIESEL, DYED FUEL"
187922,2026-07-07,10416,1,1.04,"GASOLINE, UNLEADED",UNLEADED GASOLINE,3.369,3.5,False,"GASOLINE, UNLEADED"
187922,2026-07-07,10416,2,12.04,"DIESEL, LOW SULPHUR",500-ppm sulphur LSD,4.149,49.95,False,"DIESEL, LOW SULPHUR"
187922,2026-07-07,10416,3,55.45,"DIESEL, DYED FUEL",Dyed Diesel Fuel 2. Nontaxable use only,3.709,205.66,False,"DIESEL, DYED FUEL"
187924,2026-07-07,13444,1,18.43,"GASOLINE, UNLEADED",UNLEADED GASOLINE,3.369,62.09,False,"GASOLINE, UNLEADED"
187927,2026-07-07,10416,1,14.9,"GASOLINE, UNLEADED",UNLEADED GASOLINE,3.369,50.2,False,"GASOLINE, UNLEADED"
187927,2026-07-07,10416,2,46.15,"DIESEL, LOW SULPHUR",500-ppm sulphur LSD,4.149,191.48,False,"DIESEL, LOW SULPHUR"
187927,2026-07-07,10416,3,62.44,"DIESEL, DYED FUEL",Dyed Diesel Fuel 2. Nontaxable use only,3.709,231.59,False,"DIESEL, DYED FUEL"
187927,2026-07-07,10416,4,1.0,EXHAUST,DIESEL EXHAUST FLUID 1/2.5,13.53,13.53,True,EXHAUST
187927,2026-07-07,10416,5,1.0,P66 MEGAPLEX,P66 MEGAPLEX XD5 #2 10PK,92.45,92.45,True,P66 MEGAPLEX
187933,2026-07-08,10424,1,11.99,"GASOLINE, UNLEADED",UNLEADED GASOLINE,3.299,39.56,False,"GASOLINE, UNLEADED"
187933,2026-07-08,10424,2,27.02,"DIESEL, LOW SULPHUR",500-ppm sulphur LSD,4.139,111.84,False,"DIESEL, LOW SULPHUR"
187933,2026-07-08,10424,3,0.48,EXHAUST BULK,DIESEL EXHAUST FLUID BULK,8.56,4.11,True,EXHAUST BULK
187934,2026-07-08,10421,1,28.84,"GASOLINE, UNLEADED",UNLEADED GASOLINE,3.299,95.14,False,"GASOLINE, UNLEADED"
187936,2026-07-08,10426,1,8.91,"GASOLINE, UNLEADED",UNLEADED GASOLINE,3.299,29.39,False,"GASOLINE, UNLEADED"
187936,2026-07-08,10426,2,38.57,"DIESEL, LOW SULPHUR",500-ppm sulphur LSD,4.139,159.64,False,"DIESEL, LOW SULPHUR"
187936,2026-07-08,10426,3,82.68,"DIESEL, DYED FUEL",Dyed Diesel Fuel 2. Nontaxable use only,3.699,305.83,False,"DIESEL, DYED FUEL"
187937,2026-07-08,10431,1,30.08,"DIESEL, LOW SULPHUR",500-ppm sulphur LSD,4.139,124.5,False,"DIESEL, LOW SULPHUR"
187937,2026-07-08,10431,2,29.89,"DIESEL, DYED FUEL",Dyed Diesel Fuel 2. Nontaxable use only,3.699,110.56,False,"DIESEL, DYED FUEL"
187937,2026-07-08,10431,3,1.05,EXHAUST BULK,DIESEL EXHAUST FLUID BULK,8.56,8.99,True,EXHAUST BULK
187940,2026-07-08,10438,1,120.69,"DIESEL, LOW SULPHUR",500-ppm sulphur LSD,4.439,535.74,False,"DIESEL, LOW SULPHUR"
187941,2026-07-08,13448,1,21.26,"GASOLINE, UNLEADED",UNLEADED GASOLINE,3.449,73.33,False,"GASOLINE, UNLEADED"
187943,2026-07-08,10441,1,16.2,"GASOLINE, UNLEADED",UNLEADED GASOLINE,3.429,55.55,False,"GASOLINE, UNLEADED"
187943,2026-07-08,10441,2,40.37,"DIESEL, LOW SULPHUR",500-ppm sulphur LSD,4.479,180.82,False,"DIESEL, LOW SULPHUR"
187943,2026-07-08,10441,3,34.32,"DIESEL, DYED FUEL",Dyed Diesel Fuel 2. Nontaxable use only,4.039,138.62,False,"DIESEL, DYED FUEL"
187943,2026-07-08,10441,4,1.0,P66 MUNLIPLEX,P66 MULTIPLEX 600 #2 10PK,66.925,66.93,True,P66 MUNLIPLEX
187946,2026-07-09,10443,1,15.68,"GASOLINE, UNLEADED",UNLEADED GASOLINE,3.429,53.77,False,"GASOLINE, UNLEADED"
187946,2026-07-09,10443,2,30.39,"DIESEL, LOW SULPHUR",500-ppm sulphur LSD,4.479,136.12,False,"DIESEL, LOW SULPHUR"
187946,2026-07-09,10443,3,34.92,"DIESEL, DYED FUEL",Dyed Diesel Fuel 2. Nontaxable use only,4.039,141.04,False,"DIESEL, DYED FUEL"
187946,2026-07-09,10443,4,1.0,Shop Towel BX,Shop towel box,29.81,29.81,True,Shop Towel BX
187946,2026-07-09,10443,5,1.0,P66 MUNLIPLEX,P66 MULTIPLEX 600 #2 10PK,66.925,66.93,True,P66 MUNLIPLEX
187946,2026-07-09,10443,6,2.0,EXHAUST,DIESEL EXHAUST FLUID 1/2.5,13.53,27.06,True,EXHAUST
187947,2026-07-09,10439,1,109.24,"DIESEL, LOW SULPHUR",500-ppm sulphur LSD,4.479,489.29,False,"DIESEL, LOW SULPHUR"
187947,2026-07-09,10439,2,4.61,EXHAUST BULK,DIESEL EXHAUST FLUID BULK,8.56,39.46,True,EXHAUST BULK
187947,2026-07-09,10439,3,1.0,Shop,Shop Towel Roll,5.79,5.79,True,Shop
187947,2026-07-09,10439,4,1.0,"WASHER, WIND",Windshield Washer,5.9625,5.96,True,"WASHER, WIND"
187947,2026-07-09,10439,5,1.0,SIMPLE,SIMPLE GREEN 1/G,26.35,26.35,True,SIMPLE
187948,2026-07-09,10449,1,19.48,"GASOLINE, UNLEADED",UNLEADED GASOLINE,3.429,66.8,False,"GASOLINE, UNLEADED"
187948,2026-07-09,10449,2,17.39,"DIESEL, LOW SULPHUR",500-ppm sulphur LSD,4.479,77.89,False,"DIESEL, LOW SULPHUR"
187948,2026-07-09,10449,3,34.5,"DIESEL, DYED FUEL",Dyed Diesel Fuel 2. Nontaxable use only,4.039,139.35,False,"DIESEL, DYED FUEL"
187949,2026-07-09,10450,1,6.95,"GASOLINE, UNLEADED",UNLEADED GASOLINE,3.429,23.83,False,"GASOLINE, UNLEADED"
187949,2026-07-09,10450,2,39.52,"DIESEL, LOW SULPHUR",500-ppm sulphur LSD,4.479,177.01,False,"DIESEL, LOW SULPHUR"
187949,2026-07-09,10450,3,62.67,"DIESEL, DYED FUEL",Dyed Diesel Fuel 2. Nontaxable use only,4.039,253.12,False,"DIESEL, DYED FUEL"
187951,2026-07-10,10452,1,19.76,"GASOLINE, UNLEADED",UNLEADED GASOLINE,3.359,66.37,False,"GASOLINE, UNLEADED"
187951,2026-07-10,10452,2,40.01,"DIESEL, LOW SULPHUR",500-ppm sulphur LSD,4.409,176.4,False,"DIESEL, LOW SULPHUR"
187951,2026-07-10,10452,3,78.77,"DIESEL, DYED FUEL",Dyed Diesel Fuel 2. Nontaxable use only,3.969,312.64,False,"DIESEL, DYED FUEL"
187952,2026-07-10,10456,1,10.87,"GASOLINE, UNLEADED",UNLEADED GASOLINE,3.359,36.51,False,"GASOLINE, UNLEADED"
187952,2026-07-10,10456,2,23.43,"DIESEL, LOW SULPHUR",500-ppm sulphur LSD,4.409,103.3,False,"DIESEL, LOW SULPHUR"
187953,2026-07-10,13451,1,5.74,"GASOLINE, UNLEADED",UNLEADED GASOLINE,3.359,19.28,False,"GASOLINE, UNLEADED"
187953,2026-07-10,13451,2,31.04,"DIESEL, LOW SULPHUR",500-ppm sulphur LSD,4.409,136.86,False,"DIESEL, LOW SULPHUR"
187953,2026-07-10,13451,3,82.8,"DIESEL, DYED FUEL",Dyed Diesel Fuel 2. Nontaxable use only,3.969,328.63,False,"DIESEL, DYED FUEL"
187955,2026-07-10,10465,1,16.94,"DIESEL, LOW SULPHUR",500-ppm sulphur LSD,4.409,74.69,False,"DIESEL, LOW SULPHUR"
187955,2026-07-10,10465,2,1.13,EXHAUST BULK,DIESEL EXHAUST FLUID BULK,8.56,9.67,True,EXHAUST BULK
187958,2026-07-10,10462,1,31.66,"DIESEL, LOW SULPHUR",500-ppm sulphur LSD,4.409,139.59,False,"DIESEL, LOW SULPHUR"
187959,2026-07-10,13427,1,35.22,"DIESEL, LOW SULPHUR",500-ppm sulphur LSD,4.409,155.28,False,"DIESEL, LOW SULPHUR"
187959,2026-07-10,13427,2,8.5,"GASOLINE, UNLEADED",UNLEADED GASOLINE,3.359,28.55,False,"GASOLINE, UNLEADED"
187960,2026-07-10,13427,1,2.0,WYPALL,Wypall Wipes,11.05,22.1,True,WYPALL
187960,2026-07-10,13427,2,1.0,GOJO,GOJO HAND WIPES,41.48,41.48,True,GOJO
187961,2026-07-10,10468,1,35.0,"DIESEL, LOW SULPHUR",500-ppm sulphur LSD,4.379,153.27,False,"DIESEL, LOW SULPHUR"
187961,2026-07-10,10468,2,14.41,"DIESEL, DYED FUEL",Dyed Diesel Fuel 2. Nontaxable use only,3.939,56.76,False,"DIESEL, DYED FUEL"
187961,2026-07-10,10468,3,1.05,EXHAUST BULK,DIESEL EXHAUST FLUID BULK,8.56,8.99,True,EXHAUST BULK
187963,2026-07-13,10469,1,8.3,"GASOLINE, UNLEADED",UNLEADED GASOLINE,3.309,27.46,False,"GASOLINE, UNLEADED"
187963,2026-07-13,10469,2,37.67,"DIESEL, LOW SULPHUR",500-ppm sulphur LSD,4.379,164.96,False,"DIESEL, LOW SULPHUR"
187963,2026-07-13,10469,3,56.87,"DIESEL, DYED FUEL",Dyed Diesel Fuel 2. Nontaxable use only,3.939,224.01,False,"DIESEL, DYED FUEL"
187963,2026-07-13,10469,4,1.0,GOJO,GOJO HAND WIPES,41.48,41.48,True,GOJO
187963,2026-07-13,10469,5,1.0,WD-40,WD-40,15.525,15.53,True,WD-40
187964,2026-07-13,10470,1,4.94,"GASOLINE, UNLEADED",UNLEADED GASOLINE,3.309,16.35,False,"GASOLINE, UNLEADED"
187964,2026-07-13,10470,2,26.03,"DIESEL, LOW SULPHUR",500-ppm sulphur LSD,4.379,113.99,False,"DIESEL, LOW SULPHUR"
187964,2026-07-13,10470,3,0.38,EXHAUST BULK,DIESEL EXHAUST FLUID BULK,8.56,3.25,True,EXHAUST BULK
187966,2026-07-13,13454,1,38.63,"GASOLINE, UNLEADED",UNLEADED GASOLINE,3.409,131.69,False,"GASOLINE, UNLEADED"
187967,2026-07-13,10476,1,5.04,"GASOLINE, UNLEADED",UNLEADED GASOLINE,3.409,17.18,False,"GASOLINE, UNLEADED"
187967,2026-07-13,10476,2,30.27,"DIESEL, LOW SULPHUR",500-ppm sulphur LSD,4.579,138.61,False,"DIESEL, LOW SULPHUR"
187967,2026-07-13,10476,3,14.79,"DIESEL, DYED FUEL",Dyed Diesel Fuel 2. Nontaxable use only,4.139,61.22,False,"DIESEL, DYED FUEL"
187967,2026-07-13,10476,4,0.73,EXHAUST BULK,DIESEL EXHAUST FLUID BULK,8.56,6.25,True,EXHAUST BULK
187968,2026-07-13,10479,1,4.89,"GASOLINE, UNLEADED",UNLEADED GASOLINE,3.409,16.67,False,"GASOLINE, UNLEADED"
187968,2026-07-13,10479,2,23.03,"DIESEL, LOW SULPHUR",500-ppm sulphur LSD,4.579,105.45,False,"DIESEL, LOW SULPHUR"
187968,2026-07-13,10479,3,80.45,"DIESEL, DYED FUEL",Dyed Diesel Fuel 2. Nontaxable use only,4.139,332.98,False,"DIESEL, DYED FUEL"
187968,2026-07-13,10479,4,1.0,LUBE,LUBE BREAK-AWAY,10.3625,10.36,True,LUBE
187968,2026-07-13,10479,5,1.0,P66 MEGAPLEX,P66 MEGAPLEX XD5 #2 10PK,92.45,92.45,True,P66 MEGAPLEX
187968,2026-07-13,10479,6,12.0,CYCLE,2-CYCLE OIL,2.1125,25.35,True,CYCLE
187969,2026-07-13,10482,1,20.91,"GASOLINE, UNLEADED",UNLEADED GASOLINE,3.409,71.28,False,"GASOLINE, UNLEADED"
187972,2026-07-14,10486,1,4.93,"GASOLINE, UNLEADED",UNLEADED GASOLINE,3.489,17.2,False,"GASOLINE, UNLEADED"
187972,2026-07-14,10486,2,29.55,"DIESEL, LOW SULPHUR",500-ppm sulphur LSD,4.679,138.26,False,"DIESEL, LOW SULPHUR"
187972,2026-07-14,10486,3,64.47,"DIESEL, DYED FUEL",Dyed Diesel Fuel 2. Nontaxable use only,4.239,273.29,False,"DIESEL, DYED FUEL"
187972,2026-07-14,10486,4,1.0,Shop,Shop Towel Roll,5.79,5.79,True,Shop
187972,2026-07-14,10486,5,1.0,P66 MUNLIPLEX,P66 MULTIPLEX 600 #2 10PK,66.925,66.93,True,P66 MUNLIPLEX
187976,2026-07-15,10486,1,29.02,"GASOLINE, UNLEADED",UNLEADED GASOLINE,3.539,102.7,False,"GASOLINE, UNLEADED"
187976,2026-07-15,10486,2,22.76,"DIESEL, LOW SULPHUR",500-ppm sulphur LSD,4.839,110.14,False,"DIESEL, LOW SULPHUR"
187976,2026-07-15,10486,3,32.81,"DIESEL, DYED FUEL",Dyed Diesel Fuel 2. Nontaxable use only,4.399,144.33,False,"DIESEL, DYED FUEL"
187976,2026-07-15,10486,4,1.0,"WASHER, WIND",Windshield Washer,5.96,5.96,True,"WASHER, WIND"
187977,2026-07-15,10495,1,8.11,"GASOLINE, UNLEADED",UNLEADED GASOLINE,3.539,28.7,False,"GASOLINE, UNLEADED"
187977,2026-07-15,10495,2,18.97,"DIESEL, LOW SULPHUR",500-ppm sulphur LSD,4.839,91.8,False,"DIESEL, LOW SULPHUR"
187977,2026-07-15,10495,3,39.64,"DIESEL, DYED FUEL",Dyed Diesel Fuel 2. Nontaxable use only,4.399,174.38,False,"DIESEL, DYED FUEL"
187981,2026-07-15,10492,1,8.15,"GASOLINE, UNLEADED",UNLEADED GASOLINE,3.539,28.84,False,"GASOLINE, UNLEADED"
187981,2026-07-15,10492,2,22.34,"DIESEL, LOW SULPHUR",500-ppm sulphur LSD,4.839,108.1,False,"DIESEL, LOW SULPHUR"
187983,2026-07-16,10500,1,25.25,"DIESEL, LOW SULPHUR",500-ppm sulphur LSD,4.769,120.42,False,"DIESEL, LOW SULPHUR"
187984,2026-07-16,10501,1,15.4,"GASOLINE, UNLEADED",UNLEADED GASOLINE,3.579,55.12,False,"GASOLINE, UNLEADED"
187984,2026-07-16,10501,2,19.51,"DIESEL, LOW SULPHUR",500-ppm sulphur LSD,4.769,93.04,False,"DIESEL, LOW SULPHUR"
187984,2026-07-16,10501,3,20.49,"DIESEL, DYED FUEL",Dyed Diesel Fuel 2. Nontaxable use only,4.329,88.7,False,"DIESEL, DYED FUEL"
187984,2026-07-16,10501,4,1.0,Shop Towel BX,Shop towel box,29.81,29.81,True,Shop Towel BX
187984,2026-07-16,10501,5,12.0,CYCLE,2-CYCLE OIL,2.1125,25.35,True,CYCLE
187985,2026-07-16,10499,1,34.43,"DIESEL, LOW SULPHUR",500-ppm sulphur LSD,4.769,164.2,False,"DIESEL, LOW SULPHUR"
187986,2026-07-16,ADA#32,1,5.4,"GASOLINE, UNLEADED",UNLEADED GASOLINE,3.579,19.33,False,"GASOLINE, UNLEADED"
187986,2026-07-16,ADA#32,2,40.03,"DIESEL, LOW SULPHUR",500-ppm sulphur LSD,4.769,190.9,False,"DIESEL, LOW SULPHUR"
187986,2026-07-16,ADA#32,3,16.56,"DIESEL, DYED FUEL",Dyed Diesel Fuel 2. Nontaxable use only,4.329,71.69,False,"DIESEL, DYED FUEL"
187986,2026-07-16,ADA#32,4,1.0,"CLEANER, BRAKE",Brake Cleaner,10.425,10.43,True,"CLEANER, BRAKE"
187990,2026-07-16,10504,1,32.1,"GASOLINE, UNLEADED",UNLEADED GASOLINE,3.579,114.89,False,"GASOLINE, UNLEADED"
187990,2026-07-16,10504,2,40.65,"DIESEL, LOW SULPHUR",500-ppm sulphur LSD,4.769,193.86,False,"DIESEL, LOW SULPHUR"
187990,2026-07-16,10504,3,32.63,"DIESEL, DYED FUEL",Dyed Diesel Fuel 2. Nontaxable use only,4.329,141.26,False,"DIESEL, DYED FUEL"
187991,2026-07-16,13462,1,5.68,"GASOLINE, UNLEADED",UNLEADED GASOLINE,3.579,20.33,False,"GASOLINE, UNLEADED"
187991,2026-07-16,13462,2,31.55,"DIESEL, LOW SULPHUR",500-ppm sulphur LSD,4.769,150.46,False,"DIESEL, LOW SULPHUR"
187991,2026-07-16,13462,3,1.0,Shop Towel BX,Shop towel box,29.81,29.81,True,Shop Towel BX
187997,2026-07-17,10515,1,112.1,"DIESEL, LOW SULPHUR",500-ppm sulphur LSD,4.859,544.69,False,"DIESEL, LOW SULPHUR"
187999,2026-07-17,10512,1,7.34,"GASOLINE, UNLEADED",UNLEADED GASOLINE,3.549,26.05,False,"GASOLINE, UNLEADED"
187999,2026-07-17,10512,2,39.95,"DIESEL, LOW SULPHUR",500-ppm sulphur LSD,4.859,194.12,False,"DIESEL, LOW SULPHUR"
187999,2026-07-17,10512,3,22.21,"DIESEL, DYED FUEL",Dyed Diesel Fuel 2. Nontaxable use only,4.419,98.15,False,"DIESEL, DYED FUEL"
188001,2026-07-18,10518,1,16.91,"DIESEL, LOW SULPHUR",500-ppm sulphur LSD,4.839,81.83,False,"DIESEL, LOW SULPHUR"
188003,2026-07-20,10522,1,8.83,"GASOLINE, UNLEADED",UNLEADED GASOLINE,3.599,31.78,False,"GASOLINE, UNLEADED"
188003,2026-07-20,10522,2,33.7,"DIESEL, LOW SULPHUR",500-ppm sulphur LSD,4.839,163.07,False,"DIESEL, LOW SULPHUR"
188003,2026-07-20,10522,3,70.68,"DIESEL, DYED FUEL",Dyed Diesel Fuel 2. Nontaxable use only,4.399,310.92,False,"DIESEL, DYED FUEL"
188003,2026-07-20,10522,4,2.0,EXHAUST,DIESEL EXHAUST FLUID 1/2.5,13.53,27.06,True,EXHAUST
188003,2026-07-20,10522,5,1.0,"CLEANER, BRAKE",Brake Cleaner,10.425,10.43,True,"CLEANER, BRAKE"
188003,2026-07-20,10522,6,12.0,CYCLE,2-CYCLE OIL,2.1125,25.35,True,CYCLE
188004,2026-07-20,10524,1,78.59,"DIESEL, DYED FUEL",Dyed Diesel Fuel 2. Nontaxable use only,4.399,345.72,False,"DIESEL, DYED FUEL"
188005,2026-07-20,10526,1,34.7,"DIESEL, LOW SULPHUR",500-ppm sulphur LSD,4.839,167.91,False,"DIESEL, LOW SULPHUR"
188005,2026-07-20,10526,2,66.87,"DIESEL, DYED FUEL",Dyed Diesel Fuel 2. Nontaxable use only,4.399,294.16,False,"DIESEL, DYED FUEL"
188007,2026-07-20,13471,1,7.31,"GASOLINE, UNLEADED",UNLEADED GASOLINE,3.599,26.31,False,"GASOLINE, UNLEADED"
188007,2026-07-20,13471,2,24.36,"DIESEL, LOW SULPHUR",500-ppm sulphur LSD,4.839,117.88,False,"DIESEL, LOW SULPHUR"
188007,2026-07-20,13471,3,88.76,"DIESEL, DYED FUEL",Dyed Diesel Fuel 2. Nontaxable use only,4.399,390.46,False,"DIESEL, DYED FUEL"
188007,2026-07-20,13471,4,1.0,Shop Towel BX,Shop towel box,29.81,29.81,True,Shop Towel BX
188008,2026-07-20,13473,1,22.12,"GASOLINE, UNLEADED",UNLEADED GASOLINE,3.599,79.61,False,"GASOLINE, UNLEADED"
188009,2026-07-20,10533,1,31.89,"DIESEL, LOW SULPHUR",500-ppm sulphur LSD,4.839,154.32,False,"DIESEL, LOW SULPHUR"
188009,2026-07-20,10533,2,88.35,"DIESEL, DYED FUEL",Dyed Diesel Fuel 2. Nontaxable use only,4.399,388.65,False,"DIESEL, DYED FUEL"
188009,2026-07-20,10533,3,1.0,Shop,Shop Towel Roll,5.79,5.79,True,Shop
188010,2026-07-20,10536,1,36.31,"DIESEL, LOW SULPHUR",500-ppm sulphur LSD,4.839,175.7,False,"DIESEL, LOW SULPHUR"
188010,2026-07-20,10536,2,1.23,EXHAUST BULK,DIESEL EXHAUST FLUID BULK,8.56,10.53,True,EXHAUST BULK
188010,2026-07-20,10536,3,1.0,Shop,Shop Towel Roll,5.79,5.79,True,Shop
188013,2026-07-20,10537,1,18.38,"GASOLINE, UNLEADED",UNLEADED GASOLINE,3.599,66.15,False,"GASOLINE, UNLEADED"
188013,2026-07-20,10537,2,23.63,"DIESEL, LOW SULPHUR",500-ppm sulphur LSD,4.839,114.35,False,"DIESEL, LOW SULPHUR"
188013,2026-07-20,10537,3,1.0,WD-40,WD-40,15.525,15.53,True,WD-40
188017,2026-07-21,13476,1,9.48,"GASOLINE, UNLEADED",UNLEADED GASOLINE,3.609,34.21,False,"GASOLINE, UNLEADED"
188017,2026-07-21,13476,2,32.42,"DIESEL, LOW SULPHUR",500-ppm sulphur LSD,4.879,158.18,False,"DIESEL, LOW SULPHUR"
188018,2026-07-21,10551,1,25.2,"DIESEL, LOW SULPHUR",500-ppm sulphur LSD,4.879,122.95,False,"DIESEL, LOW SULPHUR"
188018,2026-07-21,10551,2,40.56,"DIESEL, DYED FUEL",Dyed Diesel Fuel 2. Nontaxable use only,4.439,180.05,False,"DIESEL, DYED FUEL"
188018,2026-07-21,10551,3,2.0,GOJO,GOJO HAND WIPES,41.48,82.96,True,GOJO
188019,2026-07-21,10552,1,24.51,"DIESEL, LOW SULPHUR",500-ppm sulphur LSD,4.879,119.58,False,"DIESEL, LOW SULPHUR"
188020,2026-07-21,10538,1,21.86,"DIESEL, LOW SULPHUR",500-ppm sulphur LSD,4.879,106.65,False,"DIESEL, LOW SULPHUR"
188021,2026-07-21,10540,1,4.21,"GASOLINE, UNLEADED",UNLEADED GASOLINE,4.609,19.4,False,"GASOLINE, UNLEADED"
188021,2026-07-21,10540,2,26.85,"DIESEL, LOW SULPHUR",500-ppm sulphur LSD,4.879,131.0,False,"DIESEL, LOW SULPHUR"
188021,2026-07-21,10540,3,0.62,EXHAUST BULK,DIESEL EXHAUST FLUID BULK,8.56,5.31,True,EXHAUST BULK
188022,2026-07-21,10539,1,23.11,"DIESEL, LOW SULPHUR",500-ppm sulphur LSD,4.879,112.75,False,"DIESEL, LOW SULPHUR"
188023,2026-07-21,10542,1,24.03,"DIESEL, LOW SULPHUR",500-ppm sulphur LSD,4.879,117.24,False,"DIESEL, LOW SULPHUR"
188023,2026-07-21,10542,2,1.97,EXHAUST BULK,DIESEL EXHAUST FLUID BULK,8.56,16.86,True,EXHAUST BULK
188024,2026-07-21,10544,1,14.06,"GASOLINE, UNLEADED",UNLEADED GASOLINE,3.609,50.74,False,"GASOLINE, UNLEADED"
188024,2026-07-21,10544,2,25.23,"DIESEL, LOW SULPHUR",500-ppm sulphur LSD,4.879,123.1,False,"DIESEL, LOW SULPHUR"
188024,2026-07-21,10544,3,83.0,"DIESEL, DYED FUEL",Dyed Diesel Fuel 2. Nontaxable use only,4.439,368.44,False,"DIESEL, DYED FUEL"
188025,2026-07-21,10390,1,104.84,"DIESEL, LOW SULPHUR",500-ppm sulphur LSD,4.879,511.51,False,"DIESEL, LOW SULPHUR"
188025,2026-07-21,10390,2,4.78,EXHAUST BULK,DIESEL EXHAUST FLUID BULK,8.56,40.92,True,EXHAUST BULK
188025,2026-07-21,10390,3,2.0,WYPALL,Wypall Wipes,11.05,22.1,True,WYPALL
188026,2026-07-21,10550,1,23.03,"GASOLINE, UNLEADED",UNLEADED GASOLINE,3.609,83.12,False,"GASOLINE, UNLEADED"
188032,2026-07-22,10557,1,14.2,"GASOLINE, UNLEADED",UNLEADED GASOLINE,3.629,51.53,False,"GASOLINE, UNLEADED"
188032,2026-07-22,10557,2,16.37,"DIESEL, LOW SULPHUR",500-ppm sulphur LSD,4.919,80.52,False,"DIESEL, LOW SULPHUR"
188032,2026-07-22,10557,3,21.27,"DIESEL, DYED FUEL",Dyed Diesel Fuel 2. Nontaxable use only,4.479,95.27,False,"DIESEL, DYED FUEL"
188033,2026-07-22,10555,1,12.67,"GASOLINE, UNLEADED",UNLEADED GASOLINE,3.629,45.98,False,"GASOLINE, UNLEADED"
188033,2026-07-22,10555,2,32.29,"DIESEL, LOW SULPHUR",500-ppm sulphur LSD,4.919,158.83,False,"DIESEL, LOW SULPHUR"
188035,2026-07-22,MXY3005/TRK8074,1,59.59,"DIESEL, LOW SULPHUR",500-ppm sulphur LSD,4.919,293.12,False,"DIESEL, LOW SULPHUR"
188039,2026-07-23,10567,1,23.39,"GASOLINE, UNLEADED",UNLEADED GASOLINE,3.609,84.41,False,"GASOLINE, UNLEADED"
188039,2026-07-23,10567,2,35.21,"DIESEL, LOW SULPHUR",500-ppm sulphur LSD,4.929,173.55,False,"DIESEL, LOW SULPHUR"
188039,2026-07-23,10567,3,57.15,"DIESEL, DYED FUEL",Dyed Diesel Fuel 2. Nontaxable use only,4.489,256.55,False,"DIESEL, DYED FUEL"
188039,2026-07-23,10567,4,2.0,EXHAUST,DIESEL EXHAUST FLUID 1/2.5,13.53,27.06,True,EXHAUST
188040,2026-07-23,10568,1,38.97,"DIESEL, LOW SULPHUR",500-ppm sulphur LSD,4.929,192.08,False,"DIESEL, LOW SULPHUR"
188040,2026-07-23,10568,2,20.24,"DIESEL, DYED FUEL",Dyed Diesel Fuel 2. Nontaxable use only,4.489,90.86,False,"DIESEL, DYED FUEL"
188040,2026-07-23,10568,3,1.0,Shop,Shop Towel Roll,5.79,5.79,True,Shop
188040,2026-07-23,10568,4,1.0,WD-40,WD-40,15.525,15.53,True,WD-40
188041,2026-07-23,10569,1,21.97,"DIESEL, LOW SULPHUR",500-ppm sulphur LSD,4.929,108.29,False,"DIESEL, LOW SULPHUR"
188041,2026-07-23,10569,2,30.84,"DIESEL, DYED FUEL",Dyed Diesel Fuel 2. Nontaxable use only,4.489,138.44,False,"DIESEL, DYED FUEL"
188042,2026-07-23,10570,1,9.4,"GASOLINE, UNLEADED",UNLEADED GASOLINE,3.609,33.92,False,"GASOLINE, UNLEADED"
188042,2026-07-23,10570,2,35.83,"DIESEL, LOW SULPHUR",500-ppm sulphur LSD,4.929,176.61,False,"DIESEL, LOW SULPHUR"
188042,2026-07-23,10570,3,46.03,"DIESEL, DYED FUEL",Dyed Diesel Fuel 2. Nontaxable use only,4.489,206.63,False,"DIESEL, DYED FUEL"
188043,2026-07-23,13482,1,37.85,"GASOLINE, UNLEADED",UNLEADED GASOLINE,3.609,136.6,False,"GASOLINE, UNLEADED"
188044,2026-07-23,10572,1,41.67,"DIESEL, LOW SULPHUR",500-ppm sulphur LSD,4.929,205.39,False,"DIESEL, LOW SULPHUR"
188044,2026-07-23,10572,2,88.26,"DIESEL, DYED FUEL",Dyed Diesel Fuel 2. Nontaxable use only,4.489,396.2,False,"DIESEL, DYED FUEL"
188045,2026-07-23,10580,1,96.77,"DIESEL, LOW SULPHUR",500-ppm sulphur LSD,5.109,494.4,False,"DIESEL, LOW SULPHUR"
188045,2026-07-23,10580,2,4.81,EXHAUST BULK,DIESEL EXHAUST FLUID BULK,8.56,41.17,True,EXHAUST BULK
188045,2026-07-23,10580,3,1.0,GLOVES,LEATHER RR PAIR,22.675,22.68,True,GLOVES
188049,2026-07-24,10582,1,4.9,"GASOLINE, UNLEADED",UNLEADED GASOLINE,3.689,18.08,False,"GASOLINE, UNLEADED"
188049,2026-07-24,10582,2,15.74,"DIESEL, LOW SULPHUR",500-ppm sulphur LSD,5.129,80.73,False,"DIESEL, LOW SULPHUR"
188049,2026-07-24,10582,3,14.25,"DIESEL, DYED FUEL",Dyed Diesel Fuel 2. Nontaxable use only,4.689,66.82,False,"DIESEL, DYED FUEL"
188051,2026-07-24,10581,1,32.67,"DIESEL, LOW SULPHUR",500-ppm sulphur LSD,5.129,167.56,False,"DIESEL, LOW SULPHUR"
188052,2026-07-24,10586,1,11.6,"GASOLINE, UNLEADED",UNLEADED GASOLINE,3.689,42.79,False,"GASOLINE, UNLEADED"
188052,2026-07-24,10586,2,46.41,"DIESEL, LOW SULPHUR",500-ppm sulphur LSD,5.129,238.04,False,"DIESEL, LOW SULPHUR"
188052,2026-07-24,10586,3,50.82,"DIESEL, DYED FUEL",Dyed Diesel Fuel 2. Nontaxable use only,4.689,238.29,False,"DIESEL, DYED FUEL"
188052,2026-07-24,10586,4,1.0,EXHAUST,DIESEL EXHAUST FLUID 1/2.5,13.53,13.53,True,EXHAUST
188053,2026-07-24,10543,1,8.5,"GASOLINE, UNLEADED",UNLEADED GASOLINE,3.689,31.36,False,"GASOLINE, UNLEADED"
188053,2026-07-24,10543,2,38.3,"DIESEL, LOW SULPHUR",500-ppm sulphur LSD,5.129,196.44,False,"DIESEL, LOW SULPHUR"
188053,2026-07-24,10543,3,70.21,"DIESEL, DYED FUEL",Dyed Diesel Fuel 2. Nontaxable use only,4.689,329.21,False,"DIESEL, DYED FUEL"
188053,2026-07-24,10543,4,4.08,EXHAUST BULK,DIESEL EXHAUST FLUID BULK,8.56,34.92,True,EXHAUST BULK
188053,2026-07-24,10543,5,2.0,P66 MUNLIPLEX,P66 MULTIPLEX 600 #2 10PK,66.925,133.85,True,P66 MUNLIPLEX
188053,2026-07-24,10543,6,2.0,Shop,Shop Towel Roll,5.79,11.58,True,Shop
188053,2026-07-24,10543,7,1.0,"GLASS, CLEANER",GLASS CLEANER EACH,5.7875,5.79,True,"GLASS, CLEANER"
188053,2026-07-24,10543,8,1.0,"WASHER, WIND",Windshield Washer,5.96,5.96,True,"WASHER, WIND"
188054,2026-07-24,13486,1,29.44,"DIESEL, LOW SULPHUR",500-ppm sulphur LSD,5.129,151.0,False,"DIESEL, LOW SULPHUR"
188054,2026-07-24,13486,2,88.04,"DIESEL, DYED FUEL",Dyed Diesel Fuel 2. Nontaxable use only,4.689,412.82,False,"DIESEL, DYED FUEL"
188054,2026-07-24,13486,3,1.0,Starting Fluid,Starting Fluid,7.5375,7.54,True,Starting Fluid
188059,2026-07-27,10600,1,5.9,"GASOLINE, UNLEADED",UNLEADED GASOLINE,3.619,21.35,False,"GASOLINE, UNLEADED"
188059,2026-07-27,10600,2,27.15,"DIESEL, LOW SULPHUR",500-ppm sulphur LSD,4.989,135.45,False,"DIESEL, LOW SULPHUR"
188059,2026-07-27,10600,3,67.78,"DIESEL, DYED FUEL",Dyed Diesel Fuel 2. Nontaxable use only,4.549,308.33,False,"DIESEL, DYED FUEL"
188060,2026-07-27,10596,1,1.64,"GASOLINE, UNLEADED",UNLEADED GASOLINE,3.619,5.94,False,"GASOLINE, UNLEADED"
188060,2026-07-27,10596,2,34.31,"DIESEL, LOW SULPHUR",500-ppm sulphur LSD,4.989,171.17,False,"DIESEL, LOW SULPHUR"
188060,2026-07-27,10596,3,62.42,"DIESEL, DYED FUEL",Dyed Diesel Fuel 2. Nontaxable use only,4.549,283.95,False,"DIESEL, DYED FUEL"
188064,2026-07-28,10603,1,15.2,"GASOLINE, UNLEADED",UNLEADED GASOLINE,3.569,54.25,False,"GASOLINE, UNLEADED"
188064,2026-07-28,10603,2,16.52,"DIESEL, LOW SULPHUR",500-ppm sulphur LSD,4.919,81.26,False,"DIESEL, LOW SULPHUR"
188064,2026-07-28,10603,3,9.98,"DIESEL, DYED FUEL",Dyed Diesel Fuel 2. Nontaxable use only,4.479,44.7,False,"DIESEL, DYED FUEL"
188065,2026-07-28,10614,1,25.4,"GASOLINE, UNLEADED",UNLEADED GASOLINE,3.569,90.65,False,"GASOLINE, UNLEADED"
188065,2026-07-28,10614,2,42.76,"DIESEL, LOW SULPHUR",500-ppm sulphur LSD,4.919,210.34,False,"DIESEL, LOW SULPHUR"
188065,2026-07-28,10614,3,20.93,"DIESEL, DYED FUEL",Dyed Diesel Fuel 2. Nontaxable use only,4.479,93.75,False,"DIESEL, DYED FUEL"
188065,2026-07-28,10614,4,2.0,EXHAUST,DIESEL EXHAUST FLUID 1/2.5,13.53,27.06,True,EXHAUST
188066,2026-07-28,10595,1,4.63,"GASOLINE, UNLEADED",UNLEADED GASOLINE,3.569,16.52,False,"GASOLINE, UNLEADED"
188066,2026-07-28,10595,2,40.27,"DIESEL, LOW SULPHUR",500-ppm sulphur LSD,4.919,198.09,False,"DIESEL, LOW SULPHUR"
188066,2026-07-28,10595,3,48.81,"DIESEL, DYED FUEL",Dyed Diesel Fuel 2. Nontaxable use only,4.479,218.62,False,"DIESEL, DYED FUEL"
188067,2026-07-28,10602,1,4.48,"GASOLINE, UNLEADED",UNLEADED GASOLINE,3.569,15.99,False,"GASOLINE, UNLEADED"
188067,2026-07-28,10602,2,43.21,"DIESEL, LOW SULPHUR",500-ppm sulphur LSD,4.919,212.55,False,"DIESEL, LOW SULPHUR"
188067,2026-07-28,10602,3,34.5,"DIESEL, DYED FUEL",Dyed Diesel Fuel 2. Nontaxable use only,4.479,154.53,False,"DIESEL, DYED FUEL"
188068,2026-07-28,10601,1,9.64,"GASOLINE, UNLEADED",UNLEADED GASOLINE,3.569,34.41,False,"GASOLINE, UNLEADED"
188068,2026-07-28,10601,2,15.49,"DIESEL, LOW SULPHUR",500-ppm sulphur LSD,4.919,76.2,False,"DIESEL, LOW SULPHUR"
188068,2026-07-28,10601,3,25.3,"DIESEL, DYED FUEL",Dyed Diesel Fuel 2. Nontaxable use only,4.479,113.32,False,"DIESEL, DYED FUEL"
188069,2026-07-28,10593,1,14.38,"GASOLINE, UNLEADED",UNLEADED GASOLINE,3.569,51.32,False,"GASOLINE, UNLEADED"
188069,2026-07-28,10593,2,25.8,"DIESEL, LOW SULPHUR",500-ppm sulphur LSD,4.919,126.91,False,"DIESEL, LOW SULPHUR"
188069,2026-07-28,10593,3,75.85,"DIESEL, DYED FUEL",Dyed Diesel Fuel 2. Nontaxable use only,4.479,339.73,False,"DIESEL, DYED FUEL"
188069,2026-07-28,10593,4,0.47,EXHAUST BULK,DIESEL EXHAUST FLUID BULK,8.56,4.02,True,EXHAUST BULK
188069,2026-07-28,10593,5,1.0,GLOVES,LEATHER RR PAIR,22.675,22.68,True,GLOVES
188070,2026-07-28,10589,1,105.07,"DIESEL, LOW SULPHUR",500-ppm sulphur LSD,4.919,516.84,False,"DIESEL, LOW SULPHUR"
188070,2026-07-28,10589,2,4.33,EXHAUST BULK,DIESEL EXHAUST FLUID BULK,8.56,37.06,True,EXHAUST BULK
188070,2026-07-28,10589,3,1.0,Shop Towel BX,Shop towel box,29.81,29.81,True,Shop Towel BX
188071,2026-07-28,13496,1,21.45,"GASOLINE, UNLEADED",UNLEADED GASOLINE,3.569,76.56,False,"GASOLINE, UNLEADED"
188071,2026-07-28,13496,2,1.0,P66 MUNLIPLEX,P66 MULTIPLEX 600 #2 1/120,778.389,778.39,True,P66 MUNLIPLEX
188072,2026-07-28,10608,1,9.42,"GASOLINE, UNLEADED",UNLEADED GASOLINE,3.569,33.62,False,"GASOLINE, UNLEADED"
188072,2026-07-28,10608,2,52.59,"DIESEL, DYED FUEL",Dyed Diesel Fuel 2. Nontaxable use only,4.479,235.55,False,"DIESEL, DYED FUEL"
188073,2026-07-28,10609,1,14.39,"GASOLINE, UNLEADED",UNLEADED GASOLINE,3.569,51.36,False,"GASOLINE, UNLEADED"
188073,2026-07-28,10609,2,32.84,"DIESEL, LOW SULPHUR",500-ppm sulphur LSD,4.919,161.54,False,"DIESEL, LOW SULPHUR"
188073,2026-07-28,10609,3,1.0,WD-40,WD-40,15.525,15.53,True,WD-40
188073,2026-07-28,10609,4,12.0,CYCLE,2-CYCLE OIL,2.1125,25.35,True,CYCLE
188074,2026-07-28,10611,1,5.65,"GASOLINE, UNLEADED",UNLEADED GASOLINE,3.569,20.16,False,"GASOLINE, UNLEADED"
188074,2026-07-28,10611,2,41.61,"DIESEL, LOW SULPHUR",500-ppm sulphur LSD,4.919,204.68,False,"DIESEL, LOW SULPHUR"
188074,2026-07-28,10611,3,56.97,"DIESEL, DYED FUEL",Dyed Diesel Fuel 2. Nontaxable use only,4.479,255.17,False,"DIESEL, DYED FUEL"
188077,2026-07-28,10617,1,24.54,"GASOLINE, UNLEADED",UNLEADED GASOLINE,3.569,87.58,False,"GASOLINE, UNLEADED"
188077,2026-07-28,10617,2,1.0,"WASHER, WIND",Windshield Washer,5.96,5.96,True,"WASHER, WIND"
188081,2026-07-29,10616,1,14.53,"GASOLINE, UNLEADED",UNLEADED GASOLINE,3.569,51.86,False,"GASOLINE, UNLEADED"
188081,2026-07-29,10616,2,22.26,"DIESEL, LOW SULPHUR",500-ppm sulphur LSD,4.969,110.61,False,"DIESEL, LOW SULPHUR"
188081,2026-07-29,10616,3,76.17,"DIESEL, DYED FUEL",Dyed Diesel Fuel 2. Nontaxable use only,4.529,344.97,False,"DIESEL, DYED FUEL"
188081,2026-07-29,10616,4,1.0,P66 MEGAPLEX,P66 MEGAPLEX XD5 #2 10PK,92.45,92.45,True,P66 MEGAPLEX
188082,2026-07-29,13500,1,5.72,"GASOLINE, UNLEADED",UNLEADED GASOLINE,3.569,20.41,False,"GASOLINE, UNLEADED"
188082,2026-07-29,13500,2,31.49,"DIESEL, LOW SULPHUR",500-ppm sulphur LSD,4.969,156.47,False,"DIESEL, LOW SULPHUR"
188082,2026-07-29,13500,3,89.14,"DIESEL, DYED FUEL",Dyed Diesel Fuel 2. Nontaxable use only,4.529,403.72,False,"DIESEL, DYED FUEL"
188082,2026-07-29,13500,4,1.0,Shop Towel BX,Shop towel box,29.81,29.81,True,Shop Towel BX
188084,2026-07-29,10624,1,4.49,"GASOLINE, UNLEADED",UNLEADED GASOLINE,3.569,16.02,False,"GASOLINE, UNLEADED"
188084,2026-07-29,10624,2,10.61,"DIESEL, LOW SULPHUR",500-ppm sulphur LSD,4.969,52.72,False,"DIESEL, LOW SULPHUR"
188084,2026-07-29,10624,3,41.64,"DIESEL, DYED FUEL",Dyed Diesel Fuel 2. Nontaxable use only,4.529,188.59,False,"DIESEL, DYED FUEL"
188084,2026-07-29,10624,4,1.88,EXHAUST BULK,DIESEL EXHAUST FLUID BULK,8.56,16.09,True,EXHAUST BULK
188085,2026-07-29,10620,1,162.5,"DIESEL, LOW SULPHUR",500-ppm sulphur LSD,5.139,835.09,False,"DIESEL, LOW SULPHUR"
188088,2026-07-29,10626,1,32.01,"DIESEL, LOW SULPHUR",500-ppm sulphur LSD,5.189,166.1,False,"DIESEL, LOW SULPHUR"
188090,2026-07-30,10631,1,9.7,"GASOLINE, UNLEADED",UNLEADED GASOLINE,3.659,35.49,False,"GASOLINE, UNLEADED"
188090,2026-07-30,10631,2,32.46,"DIESEL, LOW SULPHUR",500-ppm sulphur LSD,5.189,168.43,False,"DIESEL, LOW SULPHUR"
188091,2026-07-30,10630,1,33.51,"DIESEL, LOW SULPHUR",500-ppm sulphur LSD,5.189,173.88,False,"DIESEL, LOW SULPHUR"
188091,2026-07-30,10630,2,42.53,"DIESEL, DYED FUEL",Dyed Diesel Fuel 2. Nontaxable use only,4.749,201.97,False,"DIESEL, DYED FUEL"
188092,2026-07-30,10628,1,28.69,"DIESEL, LOW SULPHUR",500-ppm sulphur LSD,5.189,148.87,False,"DIESEL, LOW SULPHUR"
188092,2026-07-30,10628,2,50.37,"DIESEL, DYED FUEL",Dyed Diesel Fuel 2. Nontaxable use only,4.749,239.21,False,"DIESEL, DYED FUEL"
188093,2026-07-30,13504,1,37.27,"GASOLINE, UNLEADED",UNLEADED GASOLINE,3.659,136.37,False,"GASOLINE, UNLEADED"
188093,2026-07-30,13504,2,9.0,Filter,CIM-TEK Filter 70003,34.225,308.03,True,Filter
188094,2026-07-30,10635,1,18.04,"DIESEL, LOW SULPHUR",500-ppm sulphur LSD,5.189,93.61,False,"DIESEL, LOW SULPHUR"
188094,2026-07-30,10635,2,76.6,"DIESEL, DYED FUEL",Dyed Diesel Fuel 2. Nontaxable use only,4.749,363.77,False,"DIESEL, DYED FUEL"
188096,2026-07-30,10637,1,109.62,"DIESEL, LOW SULPHUR",500-ppm sulphur LSD,5.189,568.82,False,"DIESEL, LOW SULPHUR"
188097,2026-07-30,10638,1,12.99,"GASOLINE, UNLEADED",UNLEADED GASOLINE,3.659,47.53,False,"GASOLINE, UNLEADED"
188097,2026-07-30,10638,2,27.07,"DIESEL, LOW SULPHUR",500-ppm sulphur LSD,5.189,140.47,False,"DIESEL, LOW SULPHUR"
188099,2026-07-30,10639,1,25.9,"GASOLINE, UNLEADED",UNLEADED GASOLINE,3.659,94.77,False,"GASOLINE, UNLEADED"
188103,2026-07-31,10642,1,5.9,"GASOLINE, UNLEADED",UNLEADED GASOLINE,3.569,21.06,False,"GASOLINE, UNLEADED"
188103,2026-07-31,10642,2,18.64,"DIESEL, LOW SULPHUR",500-ppm sulphur LSD,5.089,94.86,False,"DIESEL, LOW SULPHUR"
188103,2026-07-31,10642,3,12.0,CYCLE,2-CYCLE OIL,2.1125,25.35,True,CYCLE
188106,2026-07-31,10648,1,51.15,"DIESEL, LOW SULPHUR",500-ppm sulphur LSD,5.089,260.3,False,"DIESEL, LOW SULPHUR"
188107,2026-07-31,10650,1,15.1,"GASOLINE, UNLEADED",UNLEADED GASOLINE,3.569,53.89,False,"GASOLINE, UNLEADED"
188107,2026-07-31,10650,2,23.87,"DIESEL, LOW SULPHUR",500-ppm sulphur LSD,5.089,121.47,False,"DIESEL, LOW SULPHUR"
188109,2026-07-31,10652,1,29.52,"DIESEL, LOW SULPHUR",500-ppm sulphur LSD,5.059,149.34,False,"DIESEL, LOW SULPHUR"
188115,2026-08-03,10653,1,4.98,"GASOLINE, UNLEADED",UNLEADED GASOLINE,3.569,17.77,False,"GASOLINE, UNLEADED"
188115,2026-08-03,10653,2,29.78,"DIESEL, LOW SULPHUR",500-ppm sulphur LSD,5.059,150.66,False,"DIESEL, LOW SULPHUR"
188115,2026-08-03,10653,3,0.46,EXHAUST BULK,DIESEL EXHAUST FLUID BULK,8.56,3.94,True,EXHAUST BULK
188115,2026-08-03,10653,4,1.0,PISTOL,PISTOL GREASE GUN,129.3635,129.36,True,PISTOL
188115,2026-08-03,10653,5,1.0,Shop,Shop Towel Roll,5.79,5.79,True,Shop
188116,2026-08-03,13510,1,6.27,"GASOLINE, UNLEADED",UNLEADED GASOLINE,3.569,22.38,False,"GASOLINE, UNLEADED"
188116,2026-08-03,13510,2,27.8,"DIESEL, LOW SULPHUR",500-ppm sulphur LSD,5.059,140.64,False,"DIESEL, LOW SULPHUR"
188118,2026-08-03,10659,1,19.12,"DIESEL, LOW SULPHUR",500-ppm sulphur LSD,5.059,96.73,False,"DIESEL, LOW SULPHUR"
188122,2026-08-04,10663,1,5.0,"GASOLINE, UNLEADED",UNLEADED GASOLINE,3.479,17.4,False,"GASOLINE, UNLEADED"
188122,2026-08-04,10663,2,19.83,"DIESEL, LOW SULPHUR",500-ppm sulphur LSD,4.859,96.35,False,"DIESEL, LOW SULPHUR"
188122,2026-08-04,10663,3,47.23,"DIESEL, DYED FUEL",Dyed Diesel Fuel 2. Nontaxable use only,4.419,208.71,False,"DIESEL, DYED FUEL"
188124,2026-08-04,10660,1,28.16,"GASOLINE, UNLEADED",UNLEADED GASOLINE,3.479,97.97,False,"GASOLINE, UNLEADED"
188124,2026-08-04,10660,2,40.39,"DIESEL, LOW SULPHUR",500-ppm sulphur LSD,4.859,196.26,False,"DIESEL, LOW SULPHUR"
188124,2026-08-04,10660,3,52.62,"DIESEL, DYED FUEL",Dyed Diesel Fuel 2. Nontaxable use only,4.419,232.53,False,"DIESEL, DYED FUEL"
188125,2026-08-04,13513,1,17.39,"GASOLINE, UNLEADED",UNLEADED GASOLINE,3.479,60.5,False,"GASOLINE, UNLEADED"
188126,2026-08-04,10672,1,8.07,"GASOLINE, UNLEADED",UNLEADED GASOLINE,3.479,28.08,False,"GASOLINE, UNLEADED"
188126,2026-08-04,10672,2,29.5,"DIESEL, LOW SULPHUR",500-ppm sulphur LSD,4.859,143.34,False,"DIESEL, LOW SULPHUR"
188126,2026-08-04,10672,3,51.76,"DIESEL, DYED FUEL",Dyed Diesel Fuel 2. Nontaxable use only,4.419,228.73,False,"DIESEL, DYED FUEL"
188127,2026-08-04,10673,1,8.5,"GASOLINE, UNLEADED",UNLEADED GASOLINE,3.479,29.57,False,"GASOLINE, UNLEADED"
188127,2026-08-04,10673,2,35.93,"DIESEL, LOW SULPHUR",500-ppm sulphur LSD,4.859,174.58,False,"DIESEL, LOW SULPHUR"
188128,2026-08-04,10676,1,97.62,"DIESEL, LOW SULPHUR",500-ppm sulphur LSD,4.859,474.34,False,"DIESEL, LOW SULPHUR"
188128,2026-08-04,10676,2,1.0,WYPALL,Wypall Wipes,11.05,11.05,True,WYPALL
188131,2026-08-04,10671,1,11.77,"GASOLINE, UNLEADED",UNLEADED GASOLINE,3.379,39.77,False,"GASOLINE, UNLEADED"
188131,2026-08-04,10671,2,33.0,"DIESEL, LOW SULPHUR",500-ppm sulphur LSD,4.739,156.39,False,"DIESEL, LOW SULPHUR"
188131,2026-08-04,10671,3,48.23,"DIESEL, DYED FUEL",Dyed Diesel Fuel 2. Nontaxable use only,4.299,207.34,False,"DIESEL, DYED FUEL"
188131,2026-08-04,10671,4,0.37,EXHAUST BULK,DIESEL EXHAUST FLUID BULK,8.56,3.17,True,EXHAUST BULK
188131,2026-08-04,10671,5,2.0,EXHAUST,DIESEL EXHAUST FLUID 1/2.5,13.53,27.06,True,EXHAUST
188132,2026-08-05,10678,1,27.3,"DIESEL, LOW SULPHUR",500-ppm sulphur LSD,4.739,129.37,False,"DIESEL, LOW SULPHUR"
188132,2026-08-05,10678,2,73.99,"DIESEL, DYED FUEL",Dyed Diesel Fuel 2. Nontaxable use only,4.299,318.08,False,"DIESEL, DYED FUEL"
188133,2026-08-05,10679,1,4.64,"GASOLINE, UNLEADED",UNLEADED GASOLINE,3.379,15.68,False,"GASOLINE, UNLEADED"
188133,2026-08-05,10679,2,13.48,"DIESEL, LOW SULPHUR",500-ppm sulphur LSD,4.739,63.88,False,"DIESEL, LOW SULPHUR"
188133,2026-08-05,10679,3,28.51,"DIESEL, DYED FUEL",Dyed Diesel Fuel 2. Nontaxable use only,4.299,122.56,False,"DIESEL, DYED FUEL"
188134,2026-08-05,10670,1,122.07,"DIESEL, LOW SULPHUR",500-ppm sulphur LSD,4.739,578.49,False,"DIESEL, LOW SULPHUR"
188134,2026-08-05,10670,2,4.88,EXHAUST BULK,DIESEL EXHAUST FLUID BULK,8.56,41.77,True,EXHAUST BULK
188134,2026-08-05,10670,3,1.0,"WASHER, WIND",Windshield Washer,5.96,5.96,True,"WASHER, WIND"
188134,2026-08-05,10670,4,1.0,Shop Towel BX,Shop towel box,29.81,29.81,True,Shop Towel BX
188135,2026-08-05,10682,1,40.27,"DIESEL, LOW SULPHUR",500-ppm sulphur LSD,4.739,190.84,False,"DIESEL, LOW SULPHUR"
188135,2026-08-05,10682,2,65.38,"DIESEL, DYED FUEL",Dyed Diesel Fuel 2. Nontaxable use only,4.299,281.07,False,"DIESEL, DYED FUEL"
188135,2026-08-05,10682,3,1.0,P66 MUNLIPLEX,P66 MULTIPLEX 600 #2 10PK,66.925,66.93,True,P66 MUNLIPLEX
188136,2026-08-05,10684,1,43.05,"DIESEL, LOW SULPHUR",500-ppm sulphur LSD,4.739,204.01,False,"DIESEL, LOW SULPHUR"
188136,2026-08-05,10684,2,39.98,"DIESEL, DYED FUEL",Dyed Diesel Fuel 2. Nontaxable use only,4.299,171.87,False,"DIESEL, DYED FUEL"
188138,2026-08-05,10683,1,58.9,"DIESEL, LOW SULPHUR",500-ppm sulphur LSD,4.739,279.13,False,"DIESEL, LOW SULPHUR"
188139,2026-08-05,10685,1,75.82,"DIESEL, DYED FUEL",Dyed Diesel Fuel 2. Nontaxable use only,4.299,325.95,False,"DIESEL, DYED FUEL"
188140,2026-08-05,10681,1,4.79,"GASOLINE, UNLEADED",UNLEADED GASOLINE,3.379,16.19,False,"GASOLINE, UNLEADED"
188140,2026-08-05,10681,2,35.77,"DIESEL, LOW SULPHUR",500-ppm sulphur LSD,4.739,169.51,False,"DIESEL, LOW SULPHUR"
188140,2026-08-05,10681,3,49.61,"DIESEL, DYED FUEL",Dyed Diesel Fuel 2. Nontaxable use only,4.299,213.27,False,"DIESEL, DYED FUEL"
188141,2026-08-05,10688,1,31.23,"DIESEL, LOW SULPHUR",500-ppm sulphur LSD,4.739,148.0,False,"DIESEL, LOW SULPHUR"
188141,2026-08-05,10688,2,83.21,"DIESEL, DYED FUEL",Dyed Diesel Fuel 2. Nontaxable use only,4.299,357.72,False,"DIESEL, DYED FUEL"
188145,2026-08-06,10701,1,17.67,"DIESEL, LOW SULPHUR",500-ppm sulphur LSD,4.739,83.74,False,"DIESEL, LOW SULPHUR"
188145,2026-08-06,10701,2,15.37,"DIESEL, DYED FUEL",Dyed Diesel Fuel 2. Nontaxable use only,4.299,66.08,False,"DIESEL, DYED FUEL"
188147,2026-08-06,10702,1,27.4,"GASOLINE, UNLEADED",UNLEADED GASOLINE,3.359,92.04,False,"GASOLINE, UNLEADED"
188147,2026-08-06,10702,2,31.99,"DIESEL, LOW SULPHUR",500-ppm sulphur LSD,4.739,151.6,False,"DIESEL, LOW SULPHUR"
188147,2026-08-06,10702,3,47.44,"DIESEL, DYED FUEL",Dyed Diesel Fuel 2. Nontaxable use only,4.299,203.94,False,"DIESEL, DYED FUEL"
188148,2026-08-06,10690,1,52.75,"DIESEL, DYED FUEL",Dyed Diesel Fuel 2. Nontaxable use only,4.299,226.77,False,"DIESEL, DYED FUEL"
188149,2026-08-06,10694,1,26.06,"DIESEL, LOW SULPHUR",500-ppm sulphur LSD,4.739,123.5,False,"DIESEL, LOW SULPHUR"
188149,2026-08-06,10694,2,0.39,EXHAUST BULK,DIESEL EXHAUST FLUID BULK,8.56,3.34,True,EXHAUST BULK
188150,2026-08-06,13522,1,10.96,"GASOLINE, UNLEADED",UNLEADED GASOLINE,3.359,36.81,False,"GASOLINE, UNLEADED"
188150,2026-08-06,13522,2,31.88,"DIESEL, LOW SULPHUR",500-ppm sulphur LSD,4.739,151.08,False,"DIESEL, LOW SULPHUR"
188150,2026-08-06,13522,3,1.0,Shop Towel BX,Shop towel box,29.81,29.81,True,Shop Towel BX
188151,2026-08-06,1075,1,52.03,"DIESEL, LOW SULPHUR",500-ppm sulphur LSD,4.739,246.57,False,"DIESEL, LOW SULPHUR"
188154,2026-08-07,10695,1,3.37,"GASOLINE, UNLEADED",UNLEADED GASOLINE,3.419,11.52,False,"GASOLINE, UNLEADED"
188154,2026-08-07,10695,2,35.08,"DIESEL, LOW SULPHUR",500-ppm sulphur LSD,4.829,169.4,False,"DIESEL, LOW SULPHUR"
188154,2026-08-07,10695,3,37.66,"DIESEL, DYED FUEL",Dyed Diesel Fuel 2. Nontaxable use only,4.389,165.29,False,"DIESEL, DYED FUEL"
188155,2026-08-07,10703,1,29.26,"DIESEL, LOW SULPHUR",500-ppm sulphur LSD,4.829,141.3,False,"DIESEL, LOW SULPHUR"
188155,2026-08-07,10703,2,73.27,"DIESEL, DYED FUEL",Dyed Diesel Fuel 2. Nontaxable use only,4.389,321.58,False,"DIESEL, DYED FUEL"
188156,2026-08-07,10706,1,8.18,"GASOLINE, UNLEADED",UNLEADED GASOLINE,3.419,27.97,False,"GASOLINE, UNLEADED"
188156,2026-08-07,10706,2,40.11,"DIESEL, LOW SULPHUR",500-ppm sulphur LSD,4.829,193.69,False,"DIESEL, LOW SULPHUR"
188156,2026-08-07,10706,3,26.12,"DIESEL, DYED FUEL",Dyed Diesel Fuel 2. Nontaxable use only,4.389,114.64,False,"DIESEL, DYED FUEL"
188161,2026-08-10,10713,1,18.3,"GASOLINE, UNLEADED",UNLEADED GASOLINE,3.459,63.3,False,"GASOLINE, UNLEADED"
188161,2026-08-10,10713,2,18.3,"DIESEL, LOW SULPHUR",500-ppm sulphur LSD,4.809,88.0,False,"DIESEL, LOW SULPHUR"
188161,2026-08-10,10713,3,14.49,"DIESEL, DYED FUEL",Dyed Diesel Fuel 2. Nontaxable use only,4.369,63.31,False,"DIESEL, DYED FUEL"
188162,2026-08-10,10712,1,9.59,"GASOLINE, UNLEADED",UNLEADED GASOLINE,3.459,33.17,False,"GASOLINE, UNLEADED"
188162,2026-08-10,10712,2,31.78,"DIESEL, LOW SULPHUR",500-ppm sulphur LSD,4.809,152.83,False,"DIESEL, LOW SULPHUR"
188163,2026-08-10,10714,1,3.81,"GASOLINE, UNLEADED",UNLEADED GASOLINE,3.459,13.18,False,"GASOLINE, UNLEADED"
188163,2026-08-10,10714,2,33.31,"DIESEL, LOW SULPHUR",500-ppm sulphur LSD,4.809,160.19,False,"DIESEL, LOW SULPHUR"
188163,2026-08-10,10714,3,9.11,"DIESEL, DYED FUEL",Dyed Diesel Fuel 2. Nontaxable use only,4.369,39.8,False,"DIESEL, DYED FUEL"
188164,2026-08-10,10719,1,44.29,"DIESEL, LOW SULPHUR",500-ppm sulphur LSD,5.109,226.28,False,"DIESEL, LOW SULPHUR"
188171,2026-08-11,13530,1,42.53,"GASOLINE, UNLEADED",UNLEADED GASOLINE,3.609,153.49,False,"GASOLINE, UNLEADED"
188172,2026-08-11,10722,1,62.31,"DIESEL, LOW SULPHUR",500-ppm sulphur LSD,5.109,318.34,False,"DIESEL, LOW SULPHUR"
188172,2026-08-11,10722,2,8.72,EXHAUST BULK,DIESEL EXHAUST FLUID BULK,8.56,74.64,True,EXHAUST BULK
188173,2026-08-11,10724,1,4.95,"GASOLINE, UNLEADED",UNLEADED GASOLINE,3.609,17.86,False,"GASOLINE, UNLEADED"
188173,2026-08-11,10724,2,33.68,"DIESEL, LOW SULPHUR",500-ppm sulphur LSD,5.109,172.07,False,"DIESEL, LOW SULPHUR"
188173,2026-08-11,10724,3,64.46,"DIESEL, DYED FUEL",Dyed Diesel Fuel 2. Nontaxable use only,4.669,300.96,False,"DIESEL, DYED FUEL"
188174,2026-08-11,10726,1,24.28,"GASOLINE, UNLEADED",UNLEADED GASOLINE,3.609,87.63,False,"GASOLINE, UNLEADED"
188175,2026-08-11,13532,1,5.77,"GASOLINE, UNLEADED",UNLEADED GASOLINE,3.609,20.82,False,"GASOLINE, UNLEADED"
188175,2026-08-11,13532,2,30.89,"DIESEL, LOW SULPHUR",500-ppm sulphur LSD,5.109,157.82,False,"DIESEL, LOW SULPHUR"
188175,2026-08-11,13532,3,89.14,"DIESEL, DYED FUEL",Dyed Diesel Fuel 2. Nontaxable use only,4.669,416.19,False,"DIESEL, DYED FUEL"
188175,2026-08-11,13532,4,1.0,WD-40,WD-40,15.525,15.53,True,WD-40
188175,2026-08-11,13532,5,1.0,GLOVES,LEATHER RR PAIR,22.675,22.68,True,GLOVES
188176,2026-08-11,13533,1,3.0,P66 GEAR,P66 MP GEAR LUBE 85W140 1/5,175.95,527.85,True,P66 GEAR
188176,2026-08-11,13533,2,3.0,Book,Drivers Log Book,16.0125,48.04,True,Book
188176,2026-08-11,13533,3,1.0,"GREASE, GUN",LEVER GREASE GUN,104.65,104.65,True,"GREASE, GUN"
188179,2026-08-12,10731,1,19.43,"DIESEL, LOW SULPHUR",500-ppm sulphur LSD,5.169,100.43,False,"DIESEL, LOW SULPHUR"
188181,2026-08-12,10729,1,33.56,"DIESEL, LOW SULPHUR",500-ppm sulphur LSD,5.169,173.47,False,"DIESEL, LOW SULPHUR"
188182,2026-08-12,10732,1,18.44,"GASOLINE, UNLEADED",UNLEADED GASOLINE,3.539,65.26,False,"GASOLINE, UNLEADED"
188182,2026-08-12,10732,2,25.99,"DIESEL, LOW SULPHUR",500-ppm sulphur LSD,5.169,134.34,False,"DIESEL, LOW SULPHUR"
188182,2026-08-12,10732,3,67.53,"DIESEL, DYED FUEL",Dyed Diesel Fuel 2. Nontaxable use only,4.729,319.35,False,"DIESEL, DYED FUEL"
188183,2026-08-12,10737,1,14.75,"GASOLINE, UNLEADED",UNLEADED GASOLINE,3.539,52.2,False,"GASOLINE, UNLEADED"
188183,2026-08-12,10737,2,33.37,"DIESEL, DYED FUEL",Dyed Diesel Fuel 2. Nontaxable use only,4.729,157.81,False,"DIESEL, DYED FUEL"
188184,2026-08-12,10778,1,56.16,"DIESEL, LOW SULPHUR",500-ppm sulphur LSD,5.169,290.29,False,"DIESEL, LOW SULPHUR"
188184,2026-08-12,10778,2,4.34,EXHAUST BULK,DIESEL EXHAUST FLUID BULK,8.56,37.15,True,EXHAUST BULK
188184,2026-08-12,10778,3,1.0,WYPALL,Wypall Wipes,11.05,11.05,True,WYPALL
188184,2026-08-12,10778,4,1.0,GUARDOL,P66 GUARDOL ECT 15W40 1/G,33.1125,33.11,True,GUARDOL
188185,2026-08-12,10739,1,26.39,"DIESEL, LOW SULPHUR",500-ppm sulphur LSD,5.169,136.41,False,"DIESEL, LOW SULPHUR"
188186,2026-08-12,10741,1,5.63,"GASOLINE, UNLEADED",UNLEADED GASOLINE,3.539,19.92,False,"GASOLINE, UNLEADED"
188186,2026-08-12,10741,2,55.79,"DIESEL, DYED FUEL",Dyed Diesel Fuel 2. Nontaxable use only,4.729,263.83,False,"DIESEL, DYED FUEL"
188187,2026-08-12,10740,1,4.7,"GASOLINE, UNLEADED",UNLEADED GASOLINE,3.539,16.63,False,"GASOLINE, UNLEADED"
188187,2026-08-12,10740,2,28.11,"DIESEL, LOW SULPHUR",500-ppm sulphur LSD,5.169,145.3,False,"DIESEL, LOW SULPHUR"
188187,2026-08-12,10740,3,17.99,"DIESEL, DYED FUEL",Dyed Diesel Fuel 2. Nontaxable use only,4.729,85.07,False,"DIESEL, DYED FUEL"
188190,2026-08-12,10743,1,25.21,"DIESEL, LOW SULPHUR",500-ppm sulphur LSD,5.169,130.31,False,"DIESEL, LOW SULPHUR"
188191,2026-08-12,10746,1,102.04,"DIESEL, LOW SULPHUR",500-ppm sulphur LSD,5.169,527.44,False,"DIESEL, LOW SULPHUR"
188191,2026-08-12,10746,2,6.55,EXHAUST BULK,DIESEL EXHAUST FLUID BULK,8.56,56.07,True,EXHAUST BULK
188195,2026-08-12,10748,1,8.0,"GASOLINE, UNLEADED",UNLEADED GASOLINE,3.549,28.39,False,"GASOLINE, UNLEADED"
188195,2026-08-12,10748,2,18.02,"DIESEL, LOW SULPHUR",500-ppm sulphur LSD,5.169,93.15,False,"DIESEL, LOW SULPHUR"
188195,2026-08-12,10748,3,1.0,EXHAUST,DIESEL EXHAUST FLUID 1/2.5,13.53,13.53,True,EXHAUST
188195,2026-08-12,10748,4,1.0,"CLEANER, BRAKE",Brake Cleaner,10.425,10.43,True,"CLEANER, BRAKE"
188195,2026-08-12,10748,5,1.0,P66 MUNLIPLEX,P66 MULTIPLEX 600 #2 10PK,66.925,66.93,True,P66 MUNLIPLEX
188202,2026-08-13,10749,1,16.18,"GASOLINE, UNLEADED",UNLEADED GASOLINE,3.549,57.42,False,"GASOLINE, UNLEADED"
188202,2026-08-13,10749,2,27.15,"DIESEL, LOW SULPHUR",500-ppm sulphur LSD,5.169,140.34,False,"DIESEL, LOW SULPHUR"
188202,2026-08-13,10749,3,86.22,"DIESEL, DYED FUEL",Dyed Diesel Fuel 2. Nontaxable use only,4.729,407.73,False,"DIESEL, DYED FUEL"
188202,2026-08-13,10749,4,3.24,EXHAUST BULK,DIESEL EXHAUST FLUID BULK,8.56,27.73,True,EXHAUST BULK
188203,2026-08-13,10753,1,60.88,"DIESEL, LOW SULPHUR",500-ppm sulphur LSD,5.169,314.69,False,"DIESEL, LOW SULPHUR"
188203,2026-08-13,10753,2,2.0,Shop,Shop Towel Roll,5.79,11.58,True,Shop
188203,2026-08-13,10753,3,1.0,SIMPLE,SIMPLE GREEN 1/G,26.35,26.35,True,SIMPLE
188205,2026-08-13,10755,1,21.91,"GASOLINE, UNLEADED",UNLEADED GASOLINE,3.549,77.76,False,"GASOLINE, UNLEADED"
188206,2026-08-13,10756,1,39.32,"DIESEL, LOW SULPHUR",500-ppm sulphur LSD,5.169,203.25,False,"DIESEL, LOW SULPHUR"
188211,2026-08-14,10759,1,24.94,"GASOLINE, UNLEADED",UNLEADED GASOLINE,3.519,87.76,False,"GASOLINE, UNLEADED"
188211,2026-08-14,10759,2,36.75,"DIESEL, LOW SULPHUR",500-ppm sulphur LSD,5.119,188.12,False,"DIESEL, LOW SULPHUR"
188211,2026-08-14,10759,3,63.44,"DIESEL, DYED FUEL",Dyed Diesel Fuel 2. Nontaxable use only,4.679,296.84,False,"DIESEL, DYED FUEL"
188212,2026-08-14,13542,1,20.64,"GASOLINE, UNLEADED",UNLEADED GASOLINE,3.519,72.63,False,"GASOLINE, UNLEADED"
188214,2026-08-14,10760,1,5.0,"GASOLINE, UNLEADED",UNLEADED GASOLINE,3.519,17.6,False,"GASOLINE, UNLEADED"
188214,2026-08-14,10760,2,27.33,"DIESEL, LOW SULPHUR",500-ppm sulphur LSD,5.119,139.9,False,"DIESEL, LOW SULPHUR"
188215,2026-08-14,10763,1,42.11,"DIESEL, LOW SULPHUR",500-ppm sulphur LSD,5.119,215.56,False,"DIESEL, LOW SULPHUR"
188215,2026-08-14,10763,2,2.0,EXHAUST,DIESEL EXHAUST FLUID 1/2.5,13.53,27.06,True,EXHAUST
188216,2026-08-14,10765,1,19.15,"DIESEL, LOW SULPHUR",500-ppm sulphur LSD,5.119,98.03,False,"DIESEL, LOW SULPHUR"
188216,2026-08-14,10765,2,9.3,"GASOLINE, UNLEADED",UNLEADED GASOLINE,3.519,32.73,False,"GASOLINE, UNLEADED"
188217,2026-08-15,10766,1,41.11,"DIESEL, LOW SULPHUR",500-ppm sulphur LSD,5.159,212.09,False,"DIESEL, LOW SULPHUR"
188218,2026-08-17,10767,1,9.37,"GASOLINE, UNLEADED",UNLEADED GASOLINE,3.569,33.44,False,"GASOLINE, UNLEADED"
188218,2026-08-17,10767,2,35.86,"DIESEL, LOW SULPHUR",500-ppm sulphur LSD,5.159,185.0,False,"DIESEL, LOW SULPHUR"
188218,2026-08-17,10767,3,17.35,"DIESEL, DYED FUEL",Dyed Diesel Fuel 2. Nontaxable use only,4.719,81.87,False,"DIESEL, DYED FUEL"
188219,2026-08-17,10758,1,10.91,"GASOLINE, UNLEADED",UNLEADED GASOLINE,3.569,38.94,False,"GASOLINE, UNLEADED"
188219,2026-08-17,10758,2,29.92,"DIESEL, LOW SULPHUR",500-ppm sulphur LSD,5.159,154.36,False,"DIESEL, LOW SULPHUR"
188219,2026-08-17,10758,3,51.65,"DIESEL, DYED FUEL",Dyed Diesel Fuel 2. Nontaxable use only,4.719,243.74,False,"DIESEL, DYED FUEL"
188219,2026-08-17,10758,4,0.51,EXHAUST BULK,DIESEL EXHAUST FLUID BULK,8.56,4.37,True,EXHAUST BULK
188220,2026-08-17,10780,1,34.63,"DIESEL, LOW SULPHUR",500-ppm sulphur LSD,5.159,178.66,False,"DIESEL, LOW SULPHUR"
188220,2026-08-17,10780,2,78.09,"DIESEL, DYED FUEL",Dyed Diesel Fuel 2. Nontaxable use only,4.719,368.51,False,"DIESEL, DYED FUEL"
188221,2026-08-17,13548,1,6.5,"GASOLINE, UNLEADED",UNLEADED GASOLINE,3.569,23.2,False,"GASOLINE, UNLEADED"
188221,2026-08-17,13548,2,35.83,"DIESEL, LOW SULPHUR",500-ppm sulphur LSD,5.159,184.85,False,"DIESEL, LOW SULPHUR"
188221,2026-08-17,13548,3,1.0,Shop Towel BX,Shop towel box,29.81,29.81,True,Shop Towel BX
188221,2026-08-17,13548,4,1.0,WD-40,WD-40,15.525,15.53,True,WD-40
188223,2026-08-17,10773,1,92.13,"DIESEL, LOW SULPHUR",500-ppm sulphur LSD,5.159,475.3,False,"DIESEL, LOW SULPHUR"
188224,2026-08-17,10774,1,42.22,"DIESEL, LOW SULPHUR",500-ppm sulphur LSD,5.159,217.81,False,"DIESEL, LOW SULPHUR"
188226,2026-08-17,10776,1,86.21,"DIESEL, DYED FUEL",Dyed Diesel Fuel 2. Nontaxable use only,4.719,406.82,False,"DIESEL, DYED FUEL"
188227,2026-08-17,10769,1,35.53,"DIESEL, LOW SULPHUR",500-ppm sulphur LSD,5.309,188.63,False,"DIESEL, LOW SULPHUR"
188227,2026-08-17,10769,2,63.59,"DIESEL, DYED FUEL",Dyed Diesel Fuel 2. Nontaxable use only,4.869,309.62,False,"DIESEL, DYED FUEL"
188227,2026-08-17,10769,3,4.37,EXHAUST BULK,DIESEL EXHAUST FLUID BULK,8.56,37.41,True,EXHAUST BULK
188230,2026-08-18,10779,1,6.65,"GASOLINE, UNLEADED",UNLEADED GASOLINE,3.619,24.07,False,"GASOLINE, UNLEADED"
188230,2026-08-18,10779,2,16.99,"DIESEL, LOW SULPHUR",500-ppm sulphur LSD,5.309,90.2,False,"DIESEL, LOW SULPHUR"
188230,2026-08-18,10779,3,50.09,"DIESEL, DYED FUEL",Dyed Diesel Fuel 2. Nontaxable use only,4.869,243.89,False,"DIESEL, DYED FUEL"
188230,2026-08-18,10779,4,1.13,EXHAUST BULK,DIESEL EXHAUST FLUID BULK,8.56,9.67,True,EXHAUST BULK
188231,2026-08-18,10781,1,16.27,"GASOLINE, UNLEADED",UNLEADED GASOLINE,3.619,58.88,False,"GASOLINE, UNLEADED"
188231,2026-08-18,10781,2,32.68,"DIESEL, LOW SULPHUR",500-ppm sulphur LSD,5.309,173.5,False,"DIESEL, LOW SULPHUR"
188231,2026-08-18,10781,3,81.36,"DIESEL, DYED FUEL",Dyed Diesel Fuel 2. Nontaxable use only,4.869,396.14,False,"DIESEL, DYED FUEL"
188231,2026-08-18,10781,4,12.0,CYCLE,2-CYCLE OIL,2.1125,25.35,True,CYCLE
188232,2026-08-18,10778,1,9.6,"GASOLINE, UNLEADED",UNLEADED GASOLINE,3.619,34.74,False,"GASOLINE, UNLEADED"
188232,2026-08-18,10778,2,31.7,"DIESEL, LOW SULPHUR",500-ppm sulphur LSD,5.309,168.3,False,"DIESEL, LOW SULPHUR"
188233,2026-08-18,10784,1,78.06,"DIESEL, LOW SULPHUR",500-ppm sulphur LSD,5.309,414.42,False,"DIESEL, LOW SULPHUR"
188234,2026-08-18,13555,1,36.22,"GASOLINE, UNLEADED",UNLEADED GASOLINE,3.619,131.08,False,"GASOLINE, UNLEADED"
188235,2026-08-18,10791,1,4.8,"GASOLINE, UNLEADED",UNLEADED GASOLINE,3.619,17.37,False,"GASOLINE, UNLEADED"
188235,2026-08-18,10791,2,28.37,"DIESEL, LOW SULPHUR",500-ppm sulphur LSD,5.309,150.62,False,"DIESEL, LOW SULPHUR"
188239,2026-08-19,10806,1,27.5,"GASOLINE, UNLEADED",UNLEADED GASOLINE,3.619,99.52,False,"GASOLINE, UNLEADED"
188239,2026-08-19,10806,2,35.39,"DIESEL, DYED FUEL",Dyed Diesel Fuel 2. Nontaxable use only,4.869,172.31,False,"DIESEL, DYED FUEL"
188240,2026-08-19,10796,1,17.25,"GASOLINE, UNLEADED",UNLEADED GASOLINE,3.619,62.43,False,"GASOLINE, UNLEADED"
188240,2026-08-19,10796,2,34.74,"DIESEL, LOW SULPHUR",500-ppm sulphur LSD,5.289,183.74,False,"DIESEL, LOW SULPHUR"
188240,2026-08-19,10796,3,26.56,"DIESEL, DYED FUEL",Dyed Diesel Fuel 2. Nontaxable use only,4.849,128.79,False,"DIESEL, DYED FUEL"
188240,2026-08-19,10796,4,2.77,EXHAUST BULK,DIESEL EXHAUST FLUID BULK,8.56,23.71,True,EXHAUST BULK
188241,2026-08-19,10797,1,12.33,"GASOLINE, UNLEADED",UNLEADED GASOLINE,3.619,44.62,False,"GASOLINE, UNLEADED"
188241,2026-08-19,10797,2,31.89,"DIESEL, LOW SULPHUR",500-ppm sulphur LSD,5.289,168.67,False,"DIESEL, LOW SULPHUR"
188241,2026-08-19,10797,3,42.85,"DIESEL, DYED FUEL",Dyed Diesel Fuel 2. Nontaxable use only,4.849,207.78,False,"DIESEL, DYED FUEL"
188242,2026-08-19,10798,1,4.81,"GASOLINE, UNLEADED",UNLEADED GASOLINE,3.619,17.41,False,"GASOLINE, UNLEADED"
188242,2026-08-19,10798,2,19.47,"DIESEL, LOW SULPHUR",500-ppm sulphur LSD,5.289,102.98,False,"DIESEL, LOW SULPHUR"
188242,2026-08-19,10798,3,46.71,"DIESEL, DYED FUEL",Dyed Diesel Fuel 2. Nontaxable use only,4.849,226.5,False,"DIESEL, DYED FUEL"
188242,2026-08-19,10798,4,1.0,Shop Towel BX,Shop towel box,29.81,29.81,True,Shop Towel BX
188243,2026-08-19,13558,1,5.73,"GASOLINE, UNLEADED",UNLEADED GASOLINE,3.619,20.74,False,"GASOLINE, UNLEADED"
188243,2026-08-19,13558,2,40.31,"DIESEL, LOW SULPHUR",500-ppm sulphur LSD,5.289,213.2,False,"DIESEL, LOW SULPHUR"
188244,2026-08-19,10793,1,94.19,"DIESEL, LOW SULPHUR",500-ppm sulphur LSD,5.289,498.17,False,"DIESEL, LOW SULPHUR"
188245,2026-08-19,10762,1,121.22,"DIESEL, LOW SULPHUR",500-ppm sulphur LSD,5.289,641.13,False,"DIESEL, LOW SULPHUR"
188245,2026-08-19,10762,2,2.9,EXHAUST BULK,DIESEL EXHAUST FLUID BULK,8.56,24.82,True,EXHAUST BULK
188245,2026-08-19,10762,3,1.0,ANTIFREEZE 50/50,ANTIFREEZE 50/50 GREEN,11.25,11.25,True,ANTIFREEZE 50/50
188247,2026-08-19,10804,1,55.04,"DIESEL, LOW SULPHUR",500-ppm sulphur LSD,5.289,291.11,False,"DIESEL, LOW SULPHUR"
188247,2026-08-19,10804,2,1.0,Book,Drivers Log Book,16.0125,16.01,True,Book
188251,2026-08-20,10808,1,5.6,"GASOLINE, UNLEADED",UNLEADED GASOLINE,3.579,20.04,False,"GASOLINE, UNLEADED"
188251,2026-08-20,10808,2,19.48,"DIESEL, LOW SULPHUR",500-ppm sulphur LSD,5.269,102.64,False,"DIESEL, LOW SULPHUR"
188251,2026-08-20,10808,3,2.39,EXHAUST BULK,DIESEL EXHAUST FLUID BULK,8.56,20.46,True,EXHAUST BULK
188252,2026-08-20,10812,1,8.01,"GASOLINE, UNLEADED",UNLEADED GASOLINE,3.579,28.67,False,"GASOLINE, UNLEADED"
188252,2026-08-20,10812,2,31.2,"DIESEL, LOW SULPHUR",500-ppm sulphur LSD,5.269,164.39,False,"DIESEL, LOW SULPHUR"
188252,2026-08-20,10812,3,1.0,P66 MUNLIPLEX,P66 MULTIPLEX 600 #2 10PK,66.925,66.93,True,P66 MUNLIPLEX
188253,2026-08-20,13562,1,18.44,"GASOLINE, UNLEADED",UNLEADED GASOLINE,3.579,66.0,False,"GASOLINE, UNLEADED"
188255,2026-08-20,10807,1,25.27,"GASOLINE, UNLEADED",UNLEADED GASOLINE,3.579,90.44,False,"GASOLINE, UNLEADED"
188256,2026-08-20,10816,1,27.11,"DIESEL, LOW SULPHUR",500-ppm sulphur LSD,5.269,142.84,False,"DIESEL, LOW SULPHUR"
188267,2026-08-21,10819,1,32.84,"DIESEL, LOW SULPHUR",500-ppm sulphur LSD,5.319,174.68,False,"DIESEL, LOW SULPHUR"
188267,2026-08-21,10819,2,52.82,"DIESEL, DYED FUEL",Dyed Diesel Fuel 2. Nontaxable use only,4.879,257.71,False,"DIESEL, DYED FUEL"
188268,2026-08-21,10820,1,16.27,"DIESEL, LOW SULPHUR",500-ppm sulphur LSD,5.319,86.54,False,"DIESEL, LOW SULPHUR"
188269,2026-08-21,10822,1,11.73,"GASOLINE, UNLEADED",3.589UNLEADED GASOLINE,3.579,41.98,False,"GASOLINE, UNLEADED"
188269,2026-08-21,10822,2,33.66,"DIESEL, LOW SULPHUR",500-ppm sulphur LSD,5.319,179.04,False,"DIESEL, LOW SULPHUR"
188269,2026-08-21,10822,3,1.0,P66 MUNLIPLEX,P66 MULTIPLEX 600 #2 10PK,66.925,66.93,True,P66 MUNLIPLEX
188273,2026-08-24,13571,1,5.77,"GASOLINE, UNLEADED",UNLEADED GASOLINE,3.619,20.88,False,"GASOLINE, UNLEADED"
188273,2026-08-24,13571,2,31.41,"DIESEL, LOW SULPHUR",500-ppm sulphur LSD,5.349,168.01,False,"DIESEL, LOW SULPHUR"
188273,2026-08-24,13571,3,88.02,"DIESEL, DYED FUEL",Dyed Diesel Fuel 2. Nontaxable use only,4.909,432.09,False,"DIESEL, DYED FUEL"
188274,2026-08-24,10829,1,84.69,"DIESEL, DYED FUEL",Dyed Diesel Fuel 2. Nontaxable use only,4.909,415.74,False,"DIESEL, DYED FUEL"
188274,2026-08-24,10829,2,2.0,EXHAUST,DIESEL EXHAUST FLUID 1/2.5,13.53,27.06,True,EXHAUST
188275,2026-08-24,10834,1,30.17,"GASOLINE, UNLEADED",UNLEADED GASOLINE,3.619,109.19,False,"GASOLINE, UNLEADED"
188276,2026-08-24,10831,1,58.63,"DIESEL, LOW SULPHUR",500-ppm sulphur LSD,5.349,313.61,False,"DIESEL, LOW SULPHUR"
188276,2026-08-24,10831,2,1.0,Shop,Shop Towel Roll,5.79,5.79,True,Shop
188278,2026-08-24,10835,1,156.37,"DIESEL, LOW SULPHUR",500-ppm sulphur LSD,5.349,836.42,False,"DIESEL, LOW SULPHUR"
188282,2026-08-25,10840,1,25.37,"DIESEL, LOW SULPHUR",500-ppm sulphur LSD,5.119,129.87,False,"DIESEL, LOW SULPHUR"
188282,2026-08-25,10840,2,36.52,"DIESEL, DYED FUEL",Dyed Diesel Fuel 2. Nontaxable use only,4.679,170.88,False,"DIESEL, DYED FUEL"
188282,2026-08-25,10840,3,12.0,CYCLE,2-CYCLE OIL,2.1125,25.35,True,CYCLE
188283,2026-08-25,10828,1,11.62,"GASOLINE, UNLEADED",UNLEADED GASOLINE,3.569,41.47,False,"GASOLINE, UNLEADED"
188283,2026-08-25,10828,2,36.35,"DIESEL, LOW SULPHUR",500-ppm sulphur LSD,5.119,186.08,False,"DIESEL, LOW SULPHUR"
188283,2026-08-25,10828,3,14.6,"DIESEL, DYED FUEL",Dyed Diesel Fuel 2. Nontaxable use only,4.679,68.31,False,"DIESEL, DYED FUEL"
188283,2026-08-25,10828,4,1.0,Shop,Shop Towel Roll,5.79,5.79,True,Shop
188283,2026-08-25,10828,5,1.0,P66 MULTIPLEX,P66 MULTIPLEX 600 #2 10PK,66.925,66.93,True,P66 MULTIPLEX
188284,2026-08-25,10837,1,20.0,"DIESEL, LOW SULPHUR",500-ppm sulphur LSD,5.119,102.38,False,"DIESEL, LOW SULPHUR"
188285,2026-08-25,10842,1,23.6,"GASOLINE, UNLEADED",UNLEADED GASOLINE,3.569,84.23,False,"GASOLINE, UNLEADED"
188285,2026-08-25,10842,2,19.17,"DIESEL, LOW SULPHUR",500-ppm sulphur LSD,5.119,98.13,False,"DIESEL, LOW SULPHUR"
188285,2026-08-25,10842,3,44.54,"DIESEL, DYED FUEL",Dyed Diesel Fuel 2. Nontaxable use only,4.679,208.4,False,"DIESEL, DYED FUEL"
188286,2026-08-25,10838,1,8.68,"GASOLINE, UNLEADED",UNLEADED GASOLINE,3.569,30.98,False,"GASOLINE, UNLEADED"
188286,2026-08-25,10838,2,29.42,"DIESEL, LOW SULPHUR",500-ppm sulphur LSD,5.119,150.6,False,"DIESEL, LOW SULPHUR"
188286,2026-08-25,10838,3,63.22,"DIESEL, DYED FUEL",Dyed Diesel Fuel 2. Nontaxable use only,4.679,295.81,False,"DIESEL, DYED FUEL"
188286,2026-08-25,10838,4,12.0,CYCLE,2-CYCLE OIL,2.1125,25.35,True,CYCLE
188287,2026-08-25,10832,1,13.45,"GASOLINE, UNLEADED",UNLEADED GASOLINE,3.569,48.0,False,"GASOLINE, UNLEADED"
188287,2026-08-25,10832,2,37.11,"DIESEL, LOW SULPHUR",500-ppm sulphur LSD,5.119,189.97,False,"DIESEL, LOW SULPHUR"
188287,2026-08-25,10832,3,62.04,"DIESEL, DYED FUEL",Dyed Diesel Fuel 2. Nontaxable use only,4.679,290.29,False,"DIESEL, DYED FUEL"
188287,2026-08-25,10832,4,1.0,Shop,Shop Towel Roll,5.79,5.79,True,Shop
188287,2026-08-25,10832,5,1.0,"WASHER, WIND",Windshield Washer,5.96,5.96,True,"WASHER, WIND"
188287,2026-08-25,10832,6,2.0,WD-40,WD-40,15.525,31.05,True,WD-40
188287,2026-08-25,10832,7,1.0,"CLEANER, BRAKE",Brake Cleaner,10.425,10.43,True,"CLEANER, BRAKE"
188288,2026-08-25,10847,1,23.98,"GASOLINE, UNLEADED",UNLEADED GASOLINE,3.569,85.58,False,"GASOLINE, UNLEADED"
188292,2026-08-26,10839,1,15.11,"GASOLINE, UNLEADED",UNLEADED GASOLINE,3.539,53.47,False,"GASOLINE, UNLEADED"
188292,2026-08-26,10839,2,39.2,"DIESEL, LOW SULPHUR",500-ppm sulphur LSD,5.149,201.84,False,"DIESEL, LOW SULPHUR"
188292,2026-08-26,10839,3,43.27,"DIESEL, DYED FUEL",Dyed Diesel Fuel 2. Nontaxable use only,4.709,203.76,False,"DIESEL, DYED FUEL"
188292,2026-08-26,10839,4,1.46,EXHAUST BULK,DIESEL EXHAUST FLUID BULK,8.56,12.5,True,EXHAUST BULK
188293,2026-08-26,10841,1,16.5,"DIESEL, LOW SULPHUR",500-ppm sulphur LSD,5.149,84.96,False,"DIESEL, LOW SULPHUR"
188293,2026-08-26,10841,2,45.78,"DIESEL, DYED FUEL",Dyed Diesel Fuel 2. Nontaxable use only,4.709,215.58,False,"DIESEL, DYED FUEL"
188294,2026-08-26,10851,1,9.59,"GASOLINE, UNLEADED",UNLEADED GASOLINE,3.539,33.94,False,"GASOLINE, UNLEADED"
188294,2026-08-26,10851,2,29.18,"DIESEL, LOW SULPHUR",500-ppm sulphur LSD,5.149,150.25,False,"DIESEL, LOW SULPHUR"
188294,2026-08-26,10851,3,51.05,"DIESEL, DYED FUEL",Dyed Diesel Fuel 2. Nontaxable use only,4.709,240.39,False,"DIESEL, DYED FUEL"
188294,2026-08-26,10851,4,0.7,EXHAUST BULK,DIESEL EXHAUST FLUID BULK,8.56,5.99,True,EXHAUST BULK
188295,2026-08-26,10858,1,7.28,"GASOLINE, UNLEADED",UNLEADED GASOLINE,3.539,25.76,False,"GASOLINE, UNLEADED"
188295,2026-08-26,10858,2,32.76,"DIESEL, LOW SULPHUR",500-ppm sulphur LSD,5.149,168.68,False,"DIESEL, LOW SULPHUR"
188295,2026-08-26,10858,3,46.15,"DIESEL, DYED FUEL",Dyed Diesel Fuel 2. Nontaxable use only,4.709,217.32,False,"DIESEL, DYED FUEL"
188295,2026-08-26,10858,4,1.0,WD-40,WD-40,15.525,15.53,True,WD-40
188296,2026-08-26,10863,1,28.62,"DIESEL, LOW SULPHUR",500-ppm sulphur LSD,5.149,147.36,False,"DIESEL, LOW SULPHUR"
188296,2026-08-26,10863,2,84.81,"DIESEL, DYED FUEL",Dyed Diesel Fuel 2. Nontaxable use only,4.709,399.37,False,"DIESEL, DYED FUEL"
188297,2026-08-26,10864,1,52.27,"DIESEL, LOW SULPHUR",500-ppm sulphur LSD,5.149,269.14,False,"DIESEL, LOW SULPHUR"
188297,2026-08-26,10864,2,7.67,EXHAUST BULK,DIESEL EXHAUST FLUID BULK,8.56,65.66,True,EXHAUST BULK
188299,2026-08-26,10867,1,21.7,"GASOLINE, UNLEADED",UNLEADED GASOLINE,3.539,76.8,False,"GASOLINE, UNLEADED"
188299,2026-08-26,10867,2,53.52,"DIESEL, LOW SULPHUR",500-ppm sulphur LSD,5.149,275.57,False,"DIESEL, LOW SULPHUR"
188299,2026-08-26,10867,3,1.0,GLOVES,LEATHER RR PAIR,22.675,22.68,True,GLOVES
188303,2026-08-27,10870,1,40.01,"DIESEL, LOW SULPHUR",500-ppm sulphur LSD,5.149,206.01,False,"DIESEL, LOW SULPHUR"
188304,2026-08-27,10868,1,2.25,"GASOLINE, UNLEADED",UNLEADED GASOLINE,3.569,8.03,False,"GASOLINE, UNLEADED"
188304,2026-08-27,10868,2,37.62,"DIESEL, LOW SULPHUR",500-ppm sulphur LSD,5.149,193.71,False,"DIESEL, LOW SULPHUR"
188304,2026-08-27,10868,3,39.85,"DIESEL, DYED FUEL",Dyed Diesel Fuel 2. Nontaxable use only,4.709,187.65,False,"DIESEL, DYED FUEL"
188304,2026-08-27,10868,4,1.0,Shop,Shop Towel Roll,5.79,5.79,True,Shop
188305,2026-08-27,10873,1,15.57,"GASOLINE, UNLEADED",UNLEADED GASOLINE,3.569,55.57,False,"GASOLINE, UNLEADED"
188305,2026-08-27,10873,2,17.11,"DIESEL, LOW SULPHUR",500-ppm sulphur LSD,5.149,88.1,False,"DIESEL, LOW SULPHUR"
188305,2026-08-27,10873,3,10.1,"DIESEL, DYED FUEL",Dyed Diesel Fuel 2. Nontaxable use only,4.709,47.56,False,"DIESEL, DYED FUEL"
188306,2026-08-27,10852,1,10.36,"GASOLINE, UNLEADED",UNLEADED GASOLINE,3.569,36.97,False,"GASOLINE, UNLEADED"
188306,2026-08-27,10852,2,37.21,"DIESEL, LOW SULPHUR",500-ppm sulphur LSD,5.149,191.59,False,"DIESEL, LOW SULPHUR"
188306,2026-08-27,10852,3,85.97,"DIESEL, DYED FUEL",Dyed Diesel Fuel 2. Nontaxable use only,4.709,404.83,False,"DIESEL, DYED FUEL"
188307,2026-08-27,10849,1,9.36,"GASOLINE, UNLEADED",UNLEADED GASOLINE,3.569,33.41,False,"GASOLINE, UNLEADED"
188307,2026-08-27,10849,2,38.42,"DIESEL, LOW SULPHUR",500-ppm sulphur LSD,5.149,197.82,False,"DIESEL, LOW SULPHUR"
188307,2026-08-27,10849,3,58.99,"DIESEL, DYED FUEL",Dyed Diesel Fuel 2. Nontaxable use only,4.709,277.78,False,"DIESEL, DYED FUEL"
188308,2026-08-27,10872,1,10.4,"GASOLINE, UNLEADED",UNLEADED GASOLINE,3.569,37.12,False,"GASOLINE, UNLEADED"
188308,2026-08-27,10872,2,29.71,"DIESEL, LOW SULPHUR",500-ppm sulphur LSD,5.149,152.98,False,"DIESEL, LOW SULPHUR"
188308,2026-08-27,10872,3,1.0,"WASHER, WIND",Windshield Washer,5.96,5.96,True,"WASHER, WIND"
188308,2026-08-27,10872,4,1.0,JOES,JOES HAND CLEANER GREEN EACH,12.55,12.55,True,JOES
188308,2026-08-27,10872,5,1.0,"OIL, ROTELLA 15W40",Shell Rotella T MG 15W40,42.75,42.75,True,"OIL, ROTELLA 15W40"
188308,2026-08-27,10872,6,1.0,WD-40,WD-40,15.525,15.53,True,WD-40
188308,2026-08-27,10872,7,1.0,SIMPLE,SIMPLE GREEN 1/G,26.35,26.35,True,SIMPLE
188309,2026-08-27,10875,1,34.99,"DIESEL, LOW SULPHUR",500-ppm sulphur LSD,5.149,180.16,False,"DIESEL, LOW SULPHUR"
188309,2026-08-27,10875,2,53.9,"DIESEL, DYED FUEL",Dyed Diesel Fuel 2. Nontaxable use only,4.709,253.82,False,"DIESEL, DYED FUEL"
188309,2026-08-27,10875,3,4.29,EXHAUST BULK,DIESEL EXHAUST FLUID BULK,8.56,36.72,True,EXHAUST BULK
188309,2026-08-27,10875,4,1.0,MEGAPLEX,P66 MEGAPLEX XD5 #2 10PK,85.054,85.05,True,MEGAPLEX
188310,2026-08-27,13578,1,29.55,"DIESEL, LOW SULPHUR",500-ppm sulphur LSD,5.149,152.15,False,"DIESEL, LOW SULPHUR"
188310,2026-08-27,13578,2,1.0,Shop,Shop Towel Roll,5.79,5.79,True,Shop
188311,2026-08-27,10878,1,41.64,"DIESEL, LOW SULPHUR",500-ppm sulphur LSD,5.149,214.4,False,"DIESEL, LOW SULPHUR"
188311,2026-08-27,10878,2,55.12,"DIESEL, DYED FUEL",Dyed Diesel Fuel 2. Nontaxable use only,4.709,259.56,False,"DIESEL, DYED FUEL"
188312,2026-08-27,10877,1,27.7,"DIESEL, LOW SULPHUR",500-ppm sulphur LSD,5.149,142.63,False,"DIESEL, LOW SULPHUR"
188313,2026-08-27,10880,1,23.07,"GASOLINE, UNLEADED",UNLEADED GASOLINE,3.569,82.34,False,"GASOLINE, UNLEADED"
188314,2026-08-27,10861,1,123.7,"DIESEL, LOW SULPHUR",500-ppm sulphur LSD,5.149,636.93,False,"DIESEL, LOW SULPHUR"
188314,2026-08-27,10861,2,5.34,EXHAUST BULK,DIESEL EXHAUST FLUID BULK,8.56,45.71,True,EXHAUST BULK
188314,2026-08-27,10861,3,1.0,WYPALL,Wypall Wipes,11.05,11.05,True,WYPALL
188315,2026-08-27,13580,1,20.85,"GASOLINE, UNLEADED",UNLEADED GASOLINE,3.569,74.41,False,"GASOLINE, UNLEADED"
188316,2026-08-27,10883,1,10.92,"GASOLINE, UNLEADED",UNLEADED GASOLINE,3.569,38.97,False,"GASOLINE, UNLEADED"
188316,2026-08-27,10883,2,28.76,"DIESEL, LOW SULPHUR",500-ppm sulphur LSD,5.149,148.09,False,"DIESEL, LOW SULPHUR"
188316,2026-08-27,10883,3,49.82,"DIESEL, DYED FUEL",Dyed Diesel Fuel 2. Nontaxable use only,4.709,234.6,False,"DIESEL, DYED FUEL"
188316,2026-08-27,10883,4,2.0,EXHAUST,DIESEL EXHAUST FLUID 1/2.5,13.53,27.06,True,EXHAUST
188318,2026-08-27,10854,1,13.1,"GASOLINE, UNLEADED",UNLEADED GASOLINE,3.569,46.75,False,"GASOLINE, UNLEADED"
188318,2026-08-27,10854,2,36.01,"DIESEL, LOW SULPHUR",500-ppm sulphur LSD,5.149,185.42,False,"DIESEL, LOW SULPHUR"
188318,2026-08-27,10854,3,80.45,"DIESEL, DYED FUEL",Dyed Diesel Fuel 2. Nontaxable use only,4.709,378.84,False,"DIESEL, DYED FUEL"
188324,2026-08-28,10888,1,3.84,"GASOLINE, UNLEADED",UNLEADED GASOLINE,3.589,13.78,False,"GASOLINE, UNLEADED"
188324,2026-08-28,10888,2,33.28,"DIESEL, LOW SULPHUR",500-ppm sulphur LSD,5.149,171.36,False,"DIESEL, LOW SULPHUR"
188324,2026-08-28,10888,3,0.93,EXHAUST BULK,DIESEL EXHAUST FLUID BULK,8.56,7.96,True,EXHAUST BULK
188325,2026-08-28,10892,1,55.0,"DIESEL, LOW SULPHUR",500-ppm sulphur LSD,5.149,283.2,False,"DIESEL, LOW SULPHUR"
188325,2026-08-28,10892,2,1.0,"WASHER, WIND",Windshield Washer,5.96,5.96,True,"WASHER, WIND"
188326,2026-08-28,10895,1,51.33,"DIESEL, LOW SULPHUR",500-ppm sulphur LSD,5.149,264.3,False,"DIESEL, LOW SULPHUR"
188327,2026-08-28,10896,1,104.05,"DIESEL, LOW SULPHUR",500-ppm sulphur LSD,5.149,535.75,False,"DIESEL, LOW SULPHUR"
188327,2026-08-28,10896,2,1.0,Shop,Shop Towel Roll,5.79,5.79,True,Shop
188327,2026-08-28,10896,3,1.0,JOES,JOES HAND CLEANER RED EACH,10.8875,10.89,True,JOES
188337,2026-08-31,10898,1,8.73,"GASOLINE, UNLEADED",UNLEADED GASOLINE,3.629,31.68,False,"GASOLINE, UNLEADED"
188337,2026-08-31,10898,2,20.75,"DIESEL, LOW SULPHUR",500-ppm sulphur LSD,5.219,108.29,False,"DIESEL, LOW SULPHUR"
188337,2026-08-31,10898,3,18.84,"DIESEL, DYED FUEL",Dyed Diesel Fuel 2. Nontaxable use only,4.779,90.04,False,"DIESEL, DYED FUEL"
188337,2026-08-31,10898,4,0.38,EXHAUST BULK,DIESEL EXHAUST FLUID BULK,8.56,3.25,True,EXHAUST BULK
188338,2026-08-31,10899,1,4.94,"GASOLINE, UNLEADED",UNLEADED GASOLINE,3.629,17.93,False,"GASOLINE, UNLEADED"
188338,2026-08-31,10899,2,21.36,"DIESEL, LOW SULPHUR",500-ppm sulphur LSD,5.219,111.48,False,"DIESEL, LOW SULPHUR"
188338,2026-08-31,10899,3,16.55,"DIESEL, DYED FUEL",Dyed Diesel Fuel 2. Nontaxable use only,4.779,79.09,False,"DIESEL, DYED FUEL"
188339,2026-08-31,13588,1,5.77,"GASOLINE, UNLEADED",UNLEADED GASOLINE,3.629,20.94,False,"GASOLINE, UNLEADED"
188339,2026-08-31,13588,2,39.08,"DIESEL, LOW SULPHUR",500-ppm sulphur LSD,5.219,203.96,False,"DIESEL, LOW SULPHUR"
188339,2026-08-31,13588,3,1.0,Shop Towel BX,Shop towel box,29.81,29.81,True,Shop Towel BX
188340,2026-08-31,10901,1,3.93,"GASOLINE, UNLEADED",UNLEADED GASOLINE,3.629,14.26,False,"GASOLINE, UNLEADED"
188340,2026-08-31,10901,2,48.71,"DIESEL, DYED FUEL",Dyed Diesel Fuel 2. Nontaxable use only,4.779,232.79,False,"DIESEL, DYED FUEL"
188341,2026-08-31,10900,1,25.0,"GASOLINE, UNLEADED",UNLEADED GASOLINE,3.629,90.73,False,"GASOLINE, UNLEADED"
188341,2026-08-31,10900,2,34.29,"DIESEL, LOW SULPHUR",500-ppm sulphur LSD,5.219,178.96,False,"DIESEL, LOW SULPHUR"
188341,2026-08-31,10900,3,3.08,"DIESEL, DYED FUEL",Dyed Diesel Fuel 2. Nontaxable use only,4.779,14.72,False,"DIESEL, DYED FUEL"
188342,2026-08-31,10905,1,27.33,"DIESEL, LOW SULPHUR",500-ppm sulphur LSD,5.219,142.64,False,"DIESEL, LOW SULPHUR"
188342,2026-08-31,10905,2,17.33,"DIESEL, DYED FUEL",Dyed Diesel Fuel 2. Nontaxable use only,4.779,82.82,False,"DIESEL, DYED FUEL"
188342,2026-08-31,10905,3,1.0,Shop Towel BX,Shop towel box,29.81,29.81,True,Shop Towel BX
188343,2026-08-31,10902,1,36.78,"DIESEL, LOW SULPHUR",500-ppm sulphur LSD,5.219,191.95,False,"DIESEL, LOW SULPHUR"
188344,2026-08-31,13590,1,33.66,"GASOLINE, UNLEADED",UNLEADED GASOLINE,3.629,122.15,False,"GASOLINE, UNLEADED"
188345,2026-08-31,10909,1,14.73,"GASOLINE, UNLEADED",UNLEADED GASOLINE,3.629,53.46,False,"GASOLINE, UNLEADED"
188356,2026-09-01,10911,1,9.7,"GASOLINE, UNLEADED",UNLEADED GASOLINE,3.679,35.69,False,"GASOLINE, UNLEADED"
188356,2026-09-01,10911,2,25.91,"DIESEL, LOW SULPHUR",500-ppm sulphur LSD,5.399,139.89,False,"DIESEL, LOW SULPHUR"
188357,2026-09-01,10915,1,30.61,"DIESEL, LOW SULPHUR",500-ppm sulphur LSD,5.399,165.26,False,"DIESEL, LOW SULPHUR"
188358,2026-09-01,10918,1,56.06,"DIESEL, LOW SULPHUR",500-ppm sulphur LSD,5.399,302.67,False,"DIESEL, LOW SULPHUR"
188360,2026-09-01,10925,1,19.47,"DIESEL, LOW SULPHUR",500-ppm sulphur LSD,5.529,107.65,False,"DIESEL, LOW SULPHUR"
188362,2026-09-02,10920,1,7.66,"GASOLINE, UNLEADED",UNLEADED GASOLINE,3.689,28.26,False,"GASOLINE, UNLEADED"
188362,2026-09-02,10920,2,35.88,"DIESEL, LOW SULPHUR",500-ppm sulphur LSD,5.609,201.25,False,"DIESEL, LOW SULPHUR"
188362,2026-09-02,10920,3,30.05,"DIESEL, DYED FUEL",Dyed Diesel Fuel 2. Nontaxable use only,5.169,155.33,False,"DIESEL, DYED FUEL"
188365,2026-09-02,10933,1,24.05,"DIESEL, LOW SULPHUR",500-ppm sulphur LSD,5.609,134.9,False,"DIESEL, LOW SULPHUR"
188366,2026-09-02,13599,1,19.86,"GASOLINE, UNLEADED",UNLEADED GASOLINE,3.689,73.26,False,"GASOLINE, UNLEADED"
188373,2026-09-03,10935,1,34.9,"DIESEL, LOW SULPHUR",500-ppm sulphur LSD,5.599,195.41,False,"DIESEL, LOW SULPHUR"
188373,2026-09-03,10935,2,16.67,"DIESEL, DYED FUEL",Dyed Diesel Fuel 2. Nontaxable use only,5.159,86.0,False,"DIESEL, DYED FUEL"
188374,2026-09-03,10942,1,12.05,"DIESEL, LOW SULPHUR",500-ppm sulphur LSD,5.599,67.47,False,"DIESEL, LOW SULPHUR"
188375,2026-09-03,10943,1,13.66,"GASOLINE, UNLEADED",UNLEADED GASOLINE,3.689,50.39,False,"GASOLINE, UNLEADED"
188375,2026-09-03,10943,2,35.76,"DIESEL, LOW SULPHUR",500-ppm sulphur LSD,5.599,200.22,False,"DIESEL, LOW SULPHUR"
188375,2026-09-03,10943,3,16.59,"DIESEL, DYED FUEL",Dyed Diesel Fuel 2. Nontaxable use only,5.159,85.59,False,"DIESEL, DYED FUEL"
188375,2026-09-03,10943,4,1.0,"WASHER, WIND",Windshield Washer,5.96,5.96,True,"WASHER, WIND"
188377,2026-09-03,10953,1,27.74,"DIESEL, LOW SULPHUR",500-ppm sulphur LSD,5.599,155.32,False,"DIESEL, LOW SULPHUR"
188377,2026-09-03,10953,2,81.89,"DIESEL, DYED FUEL",Dyed Diesel Fuel 2. Nontaxable use only,5.159,422.47,False,"DIESEL, DYED FUEL"
188378,2026-09-03,10946,1,23.39,"GASOLINE, UNLEADED",UNLEADED GASOLINE,3.689,86.29,False,"GASOLINE, UNLEADED"
188379,2026-09-03,13596,1,5.75,"GASOLINE, UNLEADED",UNLEADED GASOLINE,3.689,21.21,False,"GASOLINE, UNLEADED"
188379,2026-09-03,13596,2,41.06,"DIESEL, LOW SULPHUR",500-ppm sulphur LSD,5.599,229.89,False,"DIESEL, LOW SULPHUR"
188380,2026-09-03,10952,1,9.32,"GASOLINE, UNLEADED",UNLEADED GASOLINE,3.689,34.38,False,"GASOLINE, UNLEADED"
188380,2026-09-03,10952,2,29.62,"DIESEL, LOW SULPHUR",500-ppm sulphur LSD,5.599,165.84,False,"DIESEL, LOW SULPHUR"
188380,2026-09-03,10952,3,53.76,"DIESEL, DYED FUEL",Dyed Diesel Fuel 2. Nontaxable use only,5.159,277.35,False,"DIESEL, DYED FUEL"
188382,2026-09-03,10938,1,23.35,"GASOLINE, UNLEADED",UNLEADED GASOLINE,3.689,86.14,False,"GASOLINE, UNLEADED"
188382,2026-09-03,10938,2,34.81,"DIESEL, LOW SULPHUR",500-ppm sulphur LSD,5.599,194.9,False,"DIESEL, LOW SULPHUR"
188382,2026-09-03,10938,3,55.46,"DIESEL, DYED FUEL",Dyed Diesel Fuel 2. Nontaxable use only,5.159,286.12,False,"DIESEL, DYED FUEL"
188382,2026-09-03,10938,4,2.0,Shop,Shop Towel Roll,5.79,11.58,True,Shop
188382,2026-09-03,10938,5,2.0,EXHAUST,DIESEL EXHAUST FLUID 1/2.5,13.53,27.06,True,EXHAUST
188385,2026-09-04,10969,1,27.48,"DIESEL, LOW SULPHUR",500-ppm sulphur LSD,5.509,151.39,False,"DIESEL, LOW SULPHUR"
188386,2026-09-04,10958,1,11.87,"GASOLINE, UNLEADED",UNLEADED GASOLINE,3.739,44.38,False,"GASOLINE, UNLEADED"
188386,2026-09-04,10958,2,28.17,"DIESEL, LOW SULPHUR",500-ppm sulphur LSD,5.509,155.19,False,"DIESEL, LOW SULPHUR"
188387,2026-09-04,10960,1,11.6,"GASOLINE, UNLEADED",UNLEADED GASOLINE,3.739,43.37,False,"GASOLINE, UNLEADED"
188387,2026-09-04,10960,2,22.65,"DIESEL, LOW SULPHUR",500-ppm sulphur LSD,5.509,124.78,False,"DIESEL, LOW SULPHUR"
188388,2026-09-04,10966,1,4.6,"GASOLINE, UNLEADED",UNLEADED GASOLINE,3.739,17.2,False,"GASOLINE, UNLEADED"
188388,2026-09-04,10966,2,19.56,"DIESEL, LOW SULPHUR",500-ppm sulphur LSD,5.509,107.76,False,"DIESEL, LOW SULPHUR"
188389,2026-09-04,10973,1,23.84,"GASOLINE, UNLEADED",UNLEADED GASOLINE,3.739,89.14,False,"GASOLINE, UNLEADED"
188393,2026-09-04,10978,1,25.1,"GASOLINE, UNLEADED",UNLEADED GASOLINE,3.839,96.36,False,"GASOLINE, UNLEADED"
188393,2026-09-04,10978,2,33.94,"DIESEL, LOW SULPHUR",500-ppm sulphur LSD,5.459,185.28,False,"DIESEL, LOW SULPHUR"
188393,2026-09-04,10978,3,31.64,"DIESEL, DYED FUEL",Dyed Diesel Fuel 2. Nontaxable use only,5.019,158.8,False,"DIESEL, DYED FUEL"
