po,date,project,creator,vendor,description,plates,driver,sheet,po_key
4173,,,,,,,,Felipe,4173
4174,,,,,,,,Felipe,4174
4175,,,,,,,,Felipe,4175
4176,,,,,,,,Felipe,4176
4177,,,,,,,,Felipe,4177
4178,,,,,,,,Felipe,4178
4179,,,,,,,,Felipe,4179
4180,,,,,,,,Felipe,4180
4181,,,,,,,,Felipe,4181
4182,,,,,,,,Felipe,4182
4183,,,,,,,,Felipe,4183
4184,,,,,,,,Felipe,4184
4185,,,,,,,,Felipe,4185
4186,,,,,,,,Felipe,4186
4187,,,,,,,,Felipe,4187
4188,,,,,,,,Felipe,4188
4189,,,,,,,,Felipe,4189
4190,,,,,,,,Felipe,4190
4191,,,,,,,,Felipe,4191
4192,,,,,,,,Felipe,4192
4193,,,,,,,,Felipe,4193
4194,,,,,,,,Felipe,4194
4195,,,,,,,,Felipe,4195
4196,,,,,,,,Felipe,4196
4197,,,,,,,,Felipe,4197
4198,,,,,,,,Felipe,4198
4199,,,,,,,,Felipe,4199
4200,,,,,,,,Felipe,4200
5000,2023-02-24 00:00:00.000000000,Mechanic Shop,Abel,Oreilly,"4 viper 3 antifreecer 1 caja de aceite de transmicion motorcraft, 3 antifreces VERDES 3 ROJOS", ,Carlos / Alonso/ Komotsu,Fer,5000
5001,2023-02-24 00:00:00.000000000,Mechanic shop,Abel,Waukesha Pearce,Mangueras para komazu ,,,Fer,5001
5002,2023-02-27 00:00:00.000000000,Mechanic shop,Ulises,Texcon,Diesel,,Ulises,Fer,5002
5003,2023-02-27 00:00:00.000000000,Mechanic shop,Ulises,Bobcat,"Alarma back, Kit seal",,,Fer,5003
5004,2023-02-28 00:00:00.000000000,Mechanic Shop,Abel,Oreilly,"Grasa, 2 cajas de toallas ",,Omar Dumptruck,Fer,5004
5005,2023-03-01 00:00:00.000000000,Mechanic shop,Ulises,Bobcat,Piezas para bobcat de Jose Luis Gil,,Jose Luis Gil,Fer,5005
5006,2023-03-01 00:00:00.000000000,Mechanic shop,Abraham,Texcon,Diesel para lugar de Alvaro,,Abraham,Fer,5006
5007,2023-02-28 00:00:00.000000000,Mechanic shop,Abel,Texcon,Diesel para camioneta de Abel,,Abel,Fer,5007
5008,2023-03-01 00:00:00.000000000,Mechanic Shop,Abraham,Oreilly,Calimper y balatas para camioneta de Victor,,Victor,Fer,5008
5009,2023-03-03 00:00:00.000000000,Mechanic shop,Ulises,Bobcat,,,,Fer,5009
5010,2023-03-03 00:00:00.000000000,Mechanic shop,Abel,Capitol Bearing,Filtros para camion de Rogelio,,Rogelio Dump truck,Fer,5010
5011,2023-03-03 00:00:00.000000000,Mechanic shop,Abraham,Bobcat,,,,Fer,5011
5012,2023-03-04 00:00:00.000000000,Mechanic Shop,Abel,Oreilly,Filtros para camineta de Jose Luis Zamarripa,,Jose Luis Zamarripa,Fer,5012
5013,2023-03-07 00:00:00.000000000,Mechanic shop,Ulises,Texcon,Diesel para camioneta de Ulises,,Ulises,Fer,5013
5014,2023-03-07 00:00:00.000000000,Mechanic shop,Abel,Capitol Bearing,"Hydraulic oil, hoses, Daniel's bobcat", ,Daniel Ortega,Fer,5014
5015,2023-03-08 00:00:00.000000000,Mechanic Shop,Ulises,Oreilly,baterias para camioneta de martin, ,Martin,Fer,5015
5016,2023-03-08 00:00:00.000000000,Mechanic shop,Abel,Texcon,1 galon de gasolina, ,Avel,Fer,5016
5017,2023-03-08 00:00:00.000000000,Mechanic Shop,Abel,Oreilly,tire ridedin barra completa y antifreze, ,julian,Fer,5017
5018,2023-03-08 00:00:00.000000000,Mechanic shop,Abraham,Matheson,Relleno de tanque para soldadura, ,Abraham,Fer,5018
5019,2023-03-09 00:00:00.000000000,Mechanic shop,Ulises,Bobcat,Cylinder for bobcat , , ,Fer,5019
5020,2023-03-09 00:00:00.000000000,Mechanic Shop,Abel,Oreilly,Littelfuse Holder - New truck, ,Lupe,Fer,5020
5021,2023-03-11 00:00:00.000000000,Mechanic shop,Ulises,Texcon,Diesel para la camioneta de Ulises, ,Ulises,Fer,5021
5022,2023-03-13 00:00:00.000000000,Mechanic Shop,Abel,Oreilly,Frenos para camioneta de Julian, , ,Fer,5022
5023,2023-03-13 00:00:00.000000000,Mechanic shop,Abel,Bobcat,Tornillos para bobcat de jose Luis Zamarripa, ,Jose Luis Zamarripa,Fer,5023
5024,2023-03-14 00:00:00.000000000,Mechanic Shop,Abraham,Oreilly,Lampara para camion de Rogelio, ,Rogelio,Fer,5024
5025,2023-03-15 00:00:00.000000000,Mechanic Shop,Abel,Oreilly,"Sensores para camioneta de martin, para limbiar el aceite ", ,Martin,Fer,5025
5026,2023-03-16 00:00:00.000000000,Mechanic shop,Abraham,Bobcat, , , ,Fer,5026
5027,2023-03-16 00:00:00.000000000,Mechanic shop,Abraham,Texcon,Diesel para camioneta de Abraham, ,Abraham,Fer,5027
5028,,,,,,,,Fer,5028
5029,2023-03-17 00:00:00.000000000,Mechanic Shop,Abel,Oreilly,Piezas para la camioneta de Jose Luis Z., ,Jose Luis Z.,Fer,5029
5030,2023-03-18 00:00:00.000000000,Mechanic shop,Abraham,Texcon,Diesel para la camioneta de Abraham, ,Abraham,Fer,5030
5031,2023-03-18 00:00:00.000000000,Mechanic Shop,Abraham,Oreilly,Filtros de camioneta para Jose Luis y Miguel, , ,Fer,5031
5032,2023-03-20 00:00:00.000000000,Mechanic shop,Ulises,Texcon,Diesel para la camioneta de Ulises, ,Ulises,Fer,5032
5033,2023-03-22 00:00:00.000000000,Mechanic Shop,Abel,Oreilly,Filtros para camioneta de Jose Luis Zamarripa,,,Fer,5033
5034,2023-03-23 00:00:00.000000000,Mechanic shop,Alex,Komatsu,Sello para cabina de makina komatsu,,Abel,Fer,5034
5035,2023-03-24 00:00:00.000000000,Mechanic shop,Abraham,Texcon,Diesel para camioneta de Abraham,,Abraham,Fer,5035
5036,2023-03-24 00:00:00.000000000,Mechanic Shop,Abraham,Oreilly,"Frenos para camioneta de Isidro, filtros para camioneta de Tacho, Omar y Daniel",,Isidro/Tacho/Omar/Daniel,Fer,5036
5037,2023-03-24 00:00:00.000000000,Mechanic shop,Abraham,Bobcat,Pintura para bobcats,,Bobcats,Fer,5037
5038,2023-03-28 00:00:00.000000000,Mechanic shop,Abraham,Texcon,Diesel para camion de Abraham,,Abraham,Fer,5038
5039,2023-03-28 00:00:00.000000000,Mechanic Shop,Abraham,Oreilly,Switch para traila de camioneta de Isidro ,,Isidro Sanchez,Fer,5039
5040,2023-03-28 00:00:00.000000000,Mechanic Shop,Abel,Oreilly,Bateria para bobcat de alberto y cables para pasr corriente  / Water Pump,,,Fer,5040
5041,,Cancelado,,,,,,Fer,5041
5042,2023-03-29 00:00:00.000000000,Mechanic Shop,Abraham,Oreilly,"Barras y terminales y relace, candados para camioneta de Ricardo/ tier rod, Drag link, light socket",,Ricardo,Fer,5042
5043,2023-03-30 00:00:00.000000000,Mechanic Shop,Abel,Oreilly,"Luces para camion de Rogelio / Track Bar, Tied Rod (Daniel's Truck)",,Rogelio,Fer,5043
5044,1970-01-01 00:00:00.000045015,Mechanic Shop,Alex,Oreilly,Brake rotor,,,Fer,5044
5045,1970-01-01 00:00:00.000045015,Mechanic Shop,Abel,Oreally,"Bracketed Cal / Ball Joint, ",,,Fer,5045
5046,,Mechanic shop,Abel,Capitol Bearing,"braided hose fitting ,cordura sleeve, Flange plug w/oring GR",,,Fer,5046
5046,2023-03-31 00:00:00.000000000,Mechanico Shop,Abraham,Texcon,Diesel para camioneta de brayan,,Brayan,Fer,5046
5047,,Cancel,,,,,,Fer,5047
5048,1970-01-01 00:00:00.000045017,Mechanic shop,Alex,Leo's,Gas to Truck's Alex,,,Fer,5048
5049,1970-01-01 00:00:00.000045019,Mechanic Shop,Abraham,Oreilly,"Oil for Generator, and Service Alonso's Truck",,,Fer,5049
5050,,,,,,,,Fer,5050
5051,2023-04-03 00:00:00.000000000,Mechanico Shop,Rodrigo,Home Depot,Pintura para bobcats,,Bobcats,Fer,5051
5052,2023-04-03 00:00:00.000000000,Mechanic Shop,Ulises,Oreilly,Mica para camioneta de Gerardo,,Gerardo,Fer,5052
5053,2023-04-04 00:00:00.000000000,Mechanic Shop,Abel,Oreilly,"Filtros de acite, aire y diesel / dos luces traceras para camioneta de ricardo ",,Ricardo,Fer,5053
5053,2023-04-04 00:00:00.000000000,Mechanic Shop,Abel,Oreilly,Tailgate Assembly,,,Fer,5053
5054,2023-04-04 00:00:00.000000000,Mechanic Shop,Abel,Oreilly,3 botes de 5 galones ,,Komtatus,Fer,5054
5055,2023-04-04 00:00:00.000000000,Mechanic shop,Ulises,Texcon,diesel para camioneta de Ulises,,Ulises,Fer,5055
5056,2023-04-04 00:00:00.000000000,Mechanic shop,Ulises,Capitol Bearing,mangueras para bobcat de Daniel ,,Bobcat 2004146,Fer,5056
5057,2023-04-04 00:00:00.000000000,Mechanic Shop,Jose Luis Zamarripa,Oreilly,Guantes para mecanico,,,Fer,5057
5058,2023-04-05 00:00:00.000000000,Mechanic shop,Abraham,Texcon,Fuel for Welding Machine,,Abraham,Fer,5058
5059,2023-04-05 00:00:00.000000000,Mechanic shop,Abraham,Matheson,Cables for Welding Machine,,Abraham,Fer,5059
5060,2023-04-05 00:00:00.000000000,Mechanic shop,Abel,Texcon,Diesel for Abel's Truck,,,Fer,5060
5061,2023-04-06 00:00:00.000000000,Mechanic shop,Alex,Bobcat,Piecsas del seatback para Bobcat 200821 y ,,,Fer,5061
5062,,Cancel,,,,,,Fer,5062
5063,2023-04-06 00:00:00.000000000,Mechanic Shop,Alex,Oreilly,"5 Qt Motor Oil, Wiring Kit, Universal Horn",,,Fer,5063
5064,2023-04-06 00:00:00.000000000,Mechanic Shop,Abel,Oreilly,Batteries for Generators,,,Fer,5064
5065,2023-04-07 00:00:00.000000000,Mechanic Shop,Abel,Oreilly,"Reservior, Fuel Filter, 5 QT Motor Oil, Air Filter, Fuel Filter, Oil Filter, Ring Terminal, Butt Splice",,,Fer,5065
5066,2023-04-10 00:00:00.000000000,Mechanic shop,Ulises,Bobcat,"Filter for Francisco's Bobcat, and Extras filters",,,Fer,5066
5067,2023-04-10 00:00:00.000000000,Mechanic Shop,Alex,Oreilly,"Oil Filters Gerardo's Truck, Dhiraj's Truck, Karla's Truck and Rudy's Truck",,,Fer,5067
5067,2023-04-08 00:00:00.000000000,Mechanic Shop,Alex,Oreilly,"Oil Filter, Air Filter, 5 Qt Motor Oil",,,Fer,5067
5069,2023-04-10 00:00:00.000000000,Mechanic Shop,Ulises,Oreilly,Start up Victor's Truck,,,Fer,5069
5070,2023-04-10 00:00:00.000000000,Mechanic shop,Abel,Capitol Bearing,"Hose Juan's Truck, Hydraulic oil",,,Fer,5070
5071,2023-04-10 00:00:00.000000000,Mechanic Shop,Abel,Oreilly,"Termostat, 3 gallons antifrezee, Abraham's TRuck",,,Fer,5071
5072,2023-04-11 00:00:00.000000000,Mechanic shop,Ulises,Texcon,Disel Ulises's truck,,,Fer,5072
5073,2023-04-11 00:00:00.000000000,Mechanic shop,Abel,Capitol Bearing,Hose for Yard's bobcat,,,Fer,5073
5074,2023-04-11 00:00:00.000000000,Mechanic shop,Alex,Leo's,Gasoline to Alex's Truck,,,Fer,5074
5075,2023-04-12 00:00:00.000000000,Mechanic shop,Abraham,Texcon,Diesel. Abraham's TRuck,,,Fer,5075
5072,2023-04-14 00:00:00.000000000,Mechanic Shop,Ulises,Texcon,Diesel,,,Fer,5072
5076,2023-04-12 00:00:00.000000000,Mechanic Shop,Ulises,Bobcat,Parts of Carlos's Bobcat ,,,Fer,5076
5077,2023-04-12 00:00:00.000000000,Mechanic Shop,Abel,Capitol Bearing,Hoses for Komatsu PC200,,,Fer,5077
5078,2023-04-12 00:00:00.000000000,Mechanic Shop,Abel,Oreilly,Parts of Ricardo's Truck,,,Fer,5078
5079,2023-04-13 00:00:00.000000000,Mechanic shop,Alex,Leo's,Diesel for Gerardo's truck(pacific Shop),,,Fer,5079
5080,2023-04-13 00:00:00.000000000,Mechanic shop,Alex,,,,,Fer,5080
5081,,Mechanic shop,,,,,,Fer,5081
5082,,Mechanic shop,,,,,,Fer,5082
5083,,Mechanic shop,,,,,,Fer,5083
5084,,Mechanic shop,,,,,,Fer,5084
5085,,Mechanic shop,,,,,,Fer,5085
5086,,Mechanic shop,,,,,,Fer,5086
5087,,Mechanic shop,,,,,,Fer,5087
5088,,Mechanic shop,,,,,,Fer,5088
5089,,Mechanic shop,,,,,,Fer,5089
5090,,Mechanic shop,,,,,,Fer,5090
5091,2023-04-20 00:00:00.000000000,Mechanic shop,Ulises,Texcon,,,,Fer,5091
5081,2023-04-13 00:00:00.000000000,Mechanic Shop,Alex,Oreilly,"Trailer Wire, Connector",,,Fer,5081
5082,2023-04-13 00:00:00.000000000,Mechanic Shop,Rodrigo,ACE Contractor Supply,2X8X18 #1 MCA Treated,,,Fer,5082
5083,2023-04-14 00:00:00.000000000,Mechanic Shop,Abel,Oreilly,"1/2"" Impact, Break-Away, Micro-V Belt",,,Fer,5083
5084,2023-04-18 00:00:00.000000000,Mechanic Shop,Alex,Texcon,Diesel,,,Fer,5084
5085,2023-04-17 00:00:00.000000000,Mechanic Shop,Abel,Oreilly,"Body Mount Kit, 1 Gal Anti Freeze",,,Fer,5085
5086,2023-04-18 00:00:00.000000000,Mechanic Shop,Ulises,Oreilly,Body Mount Kit,,,Fer,5086
5087,2023-04-18 00:00:00.000000000,Mechanic Shop,,Leo's,Fuel,,,Fer,5087
5088,2023-04-19 00:00:00.000000000,Mechanic Shop,Alex,Bobcat,Press Fit Bushing,,,Fer,5088
5091,2023-04-20 00:00:00.000000000,Mechanic Shop,Ulises,Texcon,Diesel,,,Fer,5091
5092,2023-04-20 00:00:00.000000000,Mechanic Shop,Ulises,Oreilly,coupler and clamp set,,,Fer,5092
5093,2023-04-20 00:00:00.000000000,Mechanic shop,Ulises,Capital Bearing,,,,Fer,5093
5093,2023-04-20 00:00:00.000000000,Mechanic Shop,Ulises,Capitol Bearing,"Flush Face Coupler, Flush Face Male Plug",,,Fer,5093
5094,2023-04-22 00:00:00.000000000,Mechanic Shop,Alex,Oreilly,DEF for Spare Truck Diesel,,,Fer,5094
5096,2023-04-21 00:00:00.000000000,Mechanic shop,Abraham,Texcon,Diesel Guerrero's Equipment,,,Fer,5096
5097,2023-04-21 00:00:00.000000000,Mechanic Shop,Alex,Oreilly,Ceramic Pads for Alex's Truck,,,Fer,5097
5098,2023-04-22 00:00:00.000000000,Mechanic shop,Alex,Home Depot,Degreaser for Workshop,,,Fer,5098
5099,2023-04-24 00:00:00.000000000,Mechanic Shop,Ulises,Oreilly,Filters for service Ulises's Truck,,,Fer,5099
5100,2023-04-24 00:00:00.000000000,Mechanic shop,Abraham,Texcon,,,,Fer,5100
5101,2023-04-28 00:00:00.000000000,Mechanic shop,Ulises,Bobcat,Parts for Mini ,,,Fer,5101
5102,2023-04-25 00:00:00.000000000,Mechanic shop,Ulises,Bobcat,"Pin, filters Zamarripa's Bob cat",,,Fer,5102
5103,2023-04-26 00:00:00.000000000,Mechanic Shop,Ulises,Oreilly,Battery of Francisco's Truck,,,Fer,5103
5104,2023-04-26 00:00:00.000000000,Mechanic shop,Ulises,Capital Bearing,Connections of Ricardo's BobCAt,,,Fer,5104
5105,2023-04-27 00:00:00.000000000,Mechanic shop,Ulises,Bobcat,,,,Fer,5105
5106,2023-04-26 00:00:00.000000000,Mechanic shop,Abel,Bobcat,Filter Hyd / Hose (Julian's BobCat),,,Fer,5106
5107,2023-04-26 00:00:00.000000000,Mechanic shop,Abel,Bobcat,Francisco's Bob Cat,,,Fer,5107
5108,2023-04-27 00:00:00.000000000,Mechanic Shop,Israel,0,Gas Israel,,,Fer,5108
5109,2023-04-27 00:00:00.000000000,Mechanic Shop,Abel,Oreilly,,,,Fer,5109
5110,2023-04-27 00:00:00.000000000,Mechanic Shop,Abraham,Oreilly,Paint for Trailer,,,Fer,5110
5111,2023-04-28 00:00:00.000000000,Mechanic Shop,Ulises,Capitol Bearing,,,,Fer,5111
5112,2023-04-28 00:00:00.000000000,Mechanic Shop,Abel,Oreilly,Francisco's Truck,,,Fer,5112
5113,2023-04-28 00:00:00.000000000,Mechanic Shop,Ulises,Bobcat,Julian's Bob Cat,,,Fer,5113
5114,,,,,,,,Fer,5114
5115,2023-05-02 00:00:00.000000000,Mechanic Shop,Abel,Oreilly,Hydaulic for miniexcavtor 2004118,,,Fer,5115
5116,2023-05-02 00:00:00.000000000,Mechanic Shop,Abraham,Bobcat,,,,Fer,5116
5117,2023-05-02 00:00:00.000000000,Mechanic Shop,Abraham,Bobcat,Mini excavator 200418,,,Fer,5117
5118,2023-05-03 00:00:00.000000000,Mechanic Shop,Alex (online),Oreilly,Hugo's Truck,,,Fer,5118
5119,2023-05-03 00:00:00.000000000,Mechanic Shop,Alex (online),Oreilly,Hydraulic oil for Julian's tractor and Ricardo's Tractor,,,Fer,5119
5120,2023-05-04 00:00:00.000000000,Mechanic Shop,Abraham,Texcon,Camion Servicio/Maquinaria Yd,,,Fer,5120
5121,2023-05-04 00:00:00.000000000,Mechanic Shop,Abraham,Texcon,Bob Cat 200489/200426,,,Fer,5121
5122,2023-05-03 00:00:00.000000000,Mechanic Shop,Ulises,Texcon,Diesle,,,Fer,5122
5123,2023-05-04 00:00:00.000000000,Mechanic Shop,Ulises,Oreilly,Filter Weldering,,,Fer,5123
5124,2023-05-05 00:00:00.000000000,Mechanic Shop,Ulises,Texcon,Diesel,,,Fer,5124
5125,2023-05-04 00:00:00.000000000,Mechanic Shop,Alex (online),Oreilly,Parts of service Alonso's truck and diesel's truck,,,Fer,5125
5126,2023-05-04 00:00:00.000000000,Mechanic Shop,Alex (online),Oreilly,parts of Omar's truck(service)Gerardo's Truck 9damage),,,Fer,5126
5127,2023-05-08 00:00:00.000000000,Mechanic Shop,Abraham,Bobcat,Filters for services ,,,Fer,5127
5127,2023-05-05 00:00:00.000000000,Mechanic Shop,Alex,Leo's,Gas of Alex's truck,,,Fer,5127
5128,2023-05-08 00:00:00.000000000,Mechanic Shop,Abel,Capitol Bearing,,,,Fer,5128
5128,2023-05-08 00:00:00.000000000,Yard,Israel,Texcon,"Gasoline to Eloy, Guerrero's yd",,,Fer,5128
5129,2023-05-09 00:00:00.000000000,Mechanic Shop,Alex (online),Oreilly,"Oil, wippers for Hugo's truck",,,Fer,5129
5130,2023-05-10 00:00:00.000000000,Mechanic Shop,Abraham,Texcon,Diesel,,,Fer,5130
5031,2023-05-10 00:00:00.000000000,Mechanic Shop,Ulises,Oreilly,"battery ,",,,Fer,5031
5132,2023-05-10 00:00:00.000000000,Mechanic Shop,Abel,Oreilly,Gasket and Repellant  ,,,Fer,5132
5133,2023-05-12 00:00:00.000000000,Mechanic Shop,Abel,Oreilly,Ring Terminal,,,Fer,5133
5134,2023-05-09 00:00:00.000000000,Mechanic Shop,Abel,Leo's,Diesel,,,Fer,5134
5135,2023-05-11 00:00:00.000000000,Mechanic Shop,Electronic/Ulises,Oreilly,Antifreeze,,,Fer,5135
5136,2023-05-12 00:00:00.000000000,Mechanic Shop,Alex,Leo's,Gas of Alex's truck,,,Fer,5136
5137,,,,,,,,Fer,5137
5138,,,,,,,,Fer,5138
5139,2023-05-12 00:00:00.000000000,Mechanic Shop,alex,Oreilly,"Batt, ring",,,Fer,5139
5140,2023-05-12 00:00:00.000000000,Mechanic Shop,Abraham,Bobcat,Pump Primer hand,,,Fer,5140
5141,2023-05-16 00:00:00.000000000,Mechanic Shop,Abel,Texcon,Diesel Truck,,,Fer,5141
5142,2023-05-12 00:00:00.000000000,Mechanic Shop,Abraham,Capitol Bearing,"copler, adapter and redcer",,,Fer,5142
5143,2023-05-04 00:00:00.000000000,Mechanic Shop,Abel,Capitol Bearing,Flange,,,Fer,5143
5144,2023-05-13 00:00:00.000000000,Mechanic Shop,Electronic  ,Oreilly,Filter Martin's Truck,,,Fer,5144
5145,2023-05-15 00:00:00.000000000,Mechanic Shop,Abraham,Texcon,Diesel,,,Fer,5145
5146,2023-05-17 00:00:00.000000000,Mechanic Shop,Electronic,Oreilly,Paint for Trailer,,,Fer,5146
5147,2023-05-15 00:00:00.000000000,Mechanic Shop,Electric,Oreilly,"Vaccum Filter, Fuel Pump for Truck 1275",,,Fer,5147
5148,2023-05-15 00:00:00.000000000,Mechanic Shop,Alex,Pye Barker,Extingueshers,,,Fer,5148
5149,2023-05-17 00:00:00.000000000,Mechanic Shop,Emiliano,Oreilly,"Reducer, hardner",,,Fer,5149
5150,2023-05-17 00:00:00.000000000,Mechanic Shop,Abraham,Texcon,Diesel,,,Fer,5150
5151,2023-05-17 00:00:00.000000000,Mechanic Shop,Ulises,Texcon,Diesle,,,Fer,5151
5152,2023-05-17 00:00:00.000000000,Mechanic Shop,Abel,Oreilly,"Brake rotor, Zamarripa's Truck",,,Fer,5152
5153,2023-05-18 00:00:00.000000000,Mechanic Shop,Ulises,Oreilly,"baterry, start bit",,,Fer,5153
5154,2023-05-18 00:00:00.000000000,Mechanic Shop,Abel,Oreilly,Brake Rotor and Disc Pad,,,Fer,5154
5155,2023-05-19 00:00:00.000000000,Mechanic Shop,Israel,Texcon,gasolina,,,Fer,5155
5156,2023-05-19 00:00:00.000000000,Mechanic Shop,Alex,Leo's,Gasolina,,,Fer,5156
5157,2023-05-19 00:00:00.000000000,Mechanic Shop,Abraham,Texcon,Diesel Rojo,,,Fer,5157
5158,2023-05-19 00:00:00.000000000,Mechanic Shop,electronic,Oreilly,Service Filters Eduardo's truck,,,Fer,5158
5159,2023-05-19 00:00:00.000000000,Mechanic Shop,Electronic,Oreilly,Service Filters 2003 truck,,,Fer,5159
5160,2023-05-22 00:00:00.000000000,Mechanic Shop,Abraham,Texcon,Diesel,,,Fer,5160
5161,2023-05-19 00:00:00.000000000,Mechanic Shop,Emiliano,Oreilly,Filters 2015 ford 350,,,Fer,5161
5162,2023-05-22 00:00:00.000000000,Mechanic Shop,Ulises,Oreilly,"Flip anchor, padlock",,,Fer,5162
5162,2023-05-20 00:00:00.000000000,Mechanic Shop,Abraham,Oreilly,Filters Alex's Truck,,,Fer,5162
5163,2023-05-23 00:00:00.000000000,Mechanic Shop,Abel,Capitol Bearing,"Norco floor jack, for the work shop",,,Fer,5163
5163,2023-05-22 00:00:00.000000000,Mechanic Shop,Electronic,Oreilly,Filters Service Carlos's Truck,,,Fer,5163
5164,2023-05-18 00:00:00.000000000,Mechanic Shop,Abraham,Matheson,Cylinder compressed gas NOS,,,Fer,5164
5165,2023-05-23 00:00:00.000000000,Mechanic Shop,Emiliano,Bobcat,FILTERS OF EQUIPMENT,,,Fer,5165
5166,2023-05-23 00:00:00.000000000,Mechanic Shop,Emiliano,Pye Barker,Extingueshers,,,Fer,5166
5167,,Mechanic Shop,Abel,Oreilly,,,,Fer,5167
5168,2023-05-24 00:00:00.000000000,Mechanic Shop,Emiliano,Capital Bearing,SETTING 264 TARGET,,,Fer,5168
5169,2023-05-25 00:00:00.000000000,Mechanic Shop,Emiliano,Texcon,Diesel,,,Fer,5169
5170,2023-05-26 00:00:00.000000000,Mechanic Shop,Abraham,Texcon,diesel,,,Fer,5170
5171,2023-05-31 00:00:00.000000000,Mechanic Shop,Ulises,Texcon,Diesel,,,Fer,5171
5172,2023-05-26 00:00:00.000000000,Mechanic Shop,Emiliano,Oreilly,pint for trailers,,,Fer,5172
5173,2023-05-26 00:00:00.000000000,Mechanic Shop,Abraham,Bobcat,filter for  miniexcavator,,,Fer,5173
5174,,,Emiliano,Texcon,Diesel,,,Fer,5174
5175,2023-05-26 00:00:00.000000000,Mechanic Shop,Emiliano,Bobcat,filters for equipments,,,Fer,5175
5176,2023-05-27 00:00:00.000000000,Mechanic Shop,Alex,Oreilly,Filters service Julian's Truck,,,Fer,5176
5177,2023-05-29 00:00:00.000000000,Mechanic Shop,Abel,Oreilly,Led markerlt lights for trailers,,,Fer,5177
5178,2023-05-30 00:00:00.000000000,Mechanic Shop,Emiliano,Bobcat,"tooht, bucket , sensor for bobcat Julian and Richard",,,Fer,5178
5179,2023-05-30 00:00:00.000000000,Mechanic Shop,Israel,Texcon,Diesel Hebicide,,,Fer,5179
5180,2023-05-30 00:00:00.000000000,Mechanic Shop,Emiliano,Pye Barker,Extingueshers,,,Fer,5180
5181,2023-05-30 00:00:00.000000000,Mechanic Shop,electronic,Oreally,Filter for Roller,,,Fer,5181
5182,2023-05-30 00:00:00.000000000,Mechanic Shop,Abraham,Matheson,"Oxygen, norton wheel, ms electrode holder",,,Fer,5182
5183,2023-05-30 00:00:00.000000000,Mechanic Shop,Electronic,CAT Holt,Spare Parts of Doozer in Cat,,,Fer,5183
5184,2023-05-30 00:00:00.000000000,Mechanic Shop,Emiliano,Central Texas Equipment,Filters for Roller ,,,Fer,5184
5185,2023-05-31 00:00:00.000000000,Mechanic Shop,Abraham,Capital Bearing,"Adapter, camlock alum, bushing",,,Fer,5185
5186,2023-05-31 00:00:00.000000000,Mechanic Shop,Electronic,Oreilly,"Oil motors, 45",,,Fer,5186
5187,2023-05-31 00:00:00.000000000,Mechanic Shop,Emiliano,Tex-con,Diesel truck,,,Fer,5187
5188,2023-05-31 00:00:00.000000000,Mechanic Shop,Abraham,Tex-con,Diesel,,,Fer,5188
5189,2023-05-31 00:00:00.000000000,Mechanic Shop,Abel,Tex-con,Diesel,,,Fer,5189
5190,2023-05-31 00:00:00.000000000,Mechanic Shop,Electronic,Oreilly,Oil for Loader 953 and Rollers,,,Fer,5190
5191,2023-06-01 00:00:00.000000000,Mechanic Shop,Emiliano,Bobcat,"Cable, Washer ",,,Fer,5191
5192,2023-06-01 00:00:00.000000000,Mechanic Shop,Emiliano,Bobcat,Couple and filters ,,,Fer,5192
5193,2023-06-01 00:00:00.000000000,Mechanic Shop,Alonso/Alex,Bobcat,to set up bobcat on the plataform,,,Fer,5193
5194,2023-06-02 00:00:00.000000000,Mechanic Shop,Emiliano,Tex-con,Diesel,,,Fer,5194
5195,2023-06-02 00:00:00.000000000,Mechanic Shop,Alex,Leo's,Diesel,,,Fer,5195
5196,2023-06-01 00:00:00.000000000,Mechanic Shop,Abel,Oreally,,,,Fer,5196
5197,2023-06-02 00:00:00.000000000,Mechanic Shop,Abel,Oreilly,Flasher,,,Fer,5197
5198,2023-06-03 00:00:00.000000000,Mechanic Shop,Ulises,Texcon,Diesel ,,Ulises,Fer,5198
5199,2023-06-05 00:00:00.000000000,Mechanic Shop,Ulises,Orreilly,Piezas para camioneta,,,Fer,5199
5200,2023-06-03 00:00:00.000000000,Mechanic Shop,Abraham,Tex-con,Diesel ,,,Fer,5200
5201,2023-06-05 00:00:00.000000000,Mechanic Shop,Abraham,Capital Bearing,Hose fitting for Bobcat's Julian,,,Fer,5201
5202,2023-06-05 00:00:00.000000000,Mechanic Shop,Emiliano,Pye Barker,Extingueshers,,,Fer,5202
5203,2023-06-05 00:00:00.000000000,Mechanic Shop,Abraham,Oreilly,Conector and ring for trailers,,,Fer,5203
5204,2023-06-08 00:00:00.000000000,Mechanic Shop,Ulises,Texcon,Diesel,,,Fer,5204
5205,2023-06-08 00:00:00.000000000,Mechanic Shop,Ulises,Orreilly,Lamparas para traila de Victor,,Victor,Fer,5205
5206,2023-06-09 00:00:00.000000000,Mechanic Shop,Abel,Texcon,Diesel para camion de Abel,,Abel,Fer,5206
5207,2023-06-09 00:00:00.000000000,Mechanic Shop,Rodrigo,Oreilly,"Filtros para camionteas de Abel, Miguel, Ruben",,"Abel, Miguel, Ruben",Fer,5207
5208,2023-06-09 00:00:00.000000000,Mechanic Shop,Israel,Texcon,Gasolina para camioneta de Israel,,Israel,Fer,5208
5209,2023-06-10 00:00:00.000000000,mechanic Shop,Alex,Leo's,Gaslinna para camioneta de Alejandro,,Alejandro,Fer,5209
5210,2023-06-12 00:00:00.000000000,Mechanic Shop,Abraham,Bobcat,Partes para Bobcat de Juilan,,,Fer,5210
5211,2023-06-12 00:00:00.000000000,Mechanic Shop,Abraham,Texcon,Diesel para camion de Abraham,,Abraham,Fer,5211
5212,2023-06-12 00:00:00.000000000,Mechanic Shop,Abrahan,Capital Bearing,Mangueras para martillo hidraulico de Julian,,Julian,Fer,5212
5213,2023-06-13 00:00:00.000000000,Mechanic Shop,Emiliano,Home Depot,Pintura prime para rejas y rodillos., , ,Fer,5213
5214,2023-06-13 00:00:00.000000000,Mechanic Shop,Yard,Ace Contructors,Tablas de madera verde para trailas, , ,Fer,5214
5215,2023-06-13 00:00:00.000000000,Mechanic Shop,Emiliano,Matheson,Soldadura para David de reparacion de Dumptruck Peterbuilt, , ,Fer,5215
5216,2023-06-13 00:00:00.000000000,Mechanic Shop,Emiliano,Pye Barker,Fire Extinguisher, , ,Fer,5216
5217,2023-06-13 00:00:00.000000000,Mechanic Shop,Abraham,Texcon,Diesel para camioneta spare de la Yarda,CKB2123, ,Fer,5217
5218,2023-06-14 00:00:00.000000000,Mechanic Shop,Emiliano,Leo's,Gasolina para camioneta de Alonso,DNC5410,Emiliano,Fer,5218
5219,2023-06-14 00:00:00.000000000,Mechanic Shop,Rodrigo,Orreilly,Partes para servicio de Dumptruck nuevo ,TDB,Yarda,Fer,5219
5220,2023-06-14 00:00:00.000000000,Mechanic Shop,Abel,Orreilly,2 batteries for truck F-350 , , ,Fer,5220
5221,2023-06-14 00:00:00.000000000,Mechanic Shop,Emiliano,Bobcat,Partes para bobcat de Richard y Carlos, ,Carlos,Fer,5221
5222,2023-06-14 00:00:00.000000000,Mechanic Shop,Emiliano,Leo's,Gasolina para tanques para soldadora, ,Yarda,Fer,5222
5223,2023-06-15 00:00:00.000000000,Mechanic Shop,Rodrigo,Orreilly,Fusibles para bobcat de Carlos, ,Carlos,Fer,5223
5224,2023-06-15 00:00:00.000000000,Mechanic Shop,Rodrigo,Orreilly,Kit de lamparas para traila,450195K,Traila de la Yarda,Fer,5224
5225,2023-06-15 00:00:00.000000000,Mechanic Shop,Emiliano,Texcon,Gasolina para camioneta y tanques para soldadora, ,Emiliano,Fer,5225
5226,2023-06-15 00:00:00.000000000,Mechanic Shop,Alejandro,Leo's,Gasolina para camioneta de Alejandro, ,Alejandro,Fer,5226
5227,2023-06-15 00:00:00.000000000,Mechanic Shop,Abraham,Matherson,Gas y soldadura para camion de servicio , ,Yarda,Fer,5227
5228,2023-06-16 00:00:00.000000000,Mechanic Shop,Abraham,Texcon,Diesel para camioneta de Ricardo, ,Abraham,Fer,5228
5229,2023-06-16 00:00:00.000000000,Mechanic Shop,Abraham,Orreilly,Pintura primer para rejas y pistola para compresor, ,Yarda,Fer,5229
5230,2023-06-16 00:00:00.000000000,Mechanic Shop,Rodrigo,Matherson,Discos de corte para camion peter built, ,David,Fer,5230
5231,2023-06-16 00:00:00.000000000,Mechanic Shop,Ulises,Bobcat,Piezas para bobcat de Carlos Diaz, ,Carlos Diaz  ,Fer,5231
5232,2023-06-16 00:00:00.000000000,Mechanic Shop,Israel,Texcon,Gasolina para camioneta de Israel , ,Israel,Fer,5232
5233,2023-06-19 00:00:00.000000000,Mechanic Shop,Ulises,Texcon,Diesel para camion de Ulises, ,Ulises,Fer,5233
5234,2023-06-19 00:00:00.000000000,Mechanic Shop,Abel,Orreilly,Aceite  , ,Ruben,Fer,5234
5235,2023-06-19 00:00:00.000000000,Mechanic Shop,Rodrigo,Orreilly,Hydraulic Oil and funnel, , ,Fer,5235
5236,2023-06-20 00:00:00.000000000,Mechanic Shop,Abel,Bobcat,Partes para bobcat de Omar, , ,Fer,5236
5237,2023-06-20 00:00:00.000000000,Mechanic Shop,Ulises,Bobcat,Parte para bobcat de Ricardo, , ,Fer,5237
5238,2023-06-20 00:00:00.000000000,Mechanic Shop,Abraham,Texcon,4 tanques de 5 gallones de gasolina para soldadora , , ,Fer,5238
5239,2023-06-21 00:00:00.000000000,Mechanic Shop,Abraham,Capital Bearing,Mangueras para martillo hidraulico de Daniel, ,Daniel,Fer,5239
5240,2023-06-21 00:00:00.000000000,Mechanic Shop,Emiliano,Texcon,Diesel para camioneta spare de la Yarda, , ,Fer,5240
5241,2023-06-21 00:00:00.000000000,Mechanic Shop,Emiliano,Orreilly,"Bateria para traila, luces para traila y camion Dump Trun nuevo.", , ,Fer,5241
5242,2023-06-21 00:00:00.000000000,Mechanic Shop,Abraham,Texcon,Diesel para camioneta de Abraham, ,Abraham,Fer,5242
5243,2023-06-21 00:00:00.000000000,Mechanic Shop,Israel,Texcon,Gas para camioneta de Israel, ,Israel,Fer,5243
5244,2023-06-21 00:00:00.000000000,Mechanic Shop,Alejandro,Leos,Gasolina para camioneta de Alejandro, ,Alejandro,Fer,5244
5245,2023-06-23 00:00:00.000000000,Mechanic Shop,Abraham,Orreilly,"Pintura Primer, pintura para mofle de tractor", ,Abraham,Fer,5245
5246,2023-06-26 00:00:00.000000000,Mechanic Shop,Rodrigo,Custom Crete,Concreto para cercas de guerro, , ,Fer,5246
5247,2023-06-26 00:00:00.000000000,Mechanic Shop,Rodrigo,Oreilly,Balatas para camioneta de Omar, ,Omar,Fer,5247
5248,2023-06-26 00:00:00.000000000,Mechanic Shop,Ulises,Bobcat,Piezas para bobcat de Alvaro y Zamarripa, , ,Fer,5248
5249,2023-06-26 00:00:00.000000000,Mechanic Shop,Abel,Capital Bering ,Mangueras y felling para la yarda,,,Fer,5249
5250,2023-06-27 00:00:00.000000000,Mechanic Shop,Abel,Bobcat,Partes para bobcat de Alvaro y Julian,,Alvaro/ Julian,Fer,5250
5251,2023-06-28 00:00:00.000000000,Mechanic Shop,Ulises,Texcon,Diesel,,,Fer,5251
5252,2023-06-28 00:00:00.000000000,Mechanic Shop,Abraham,Texcon,Diesel para camion de Abraham,,,Fer,5252
5253,2023-06-28 00:00:00.000000000,Mechanic Shop,Rodrigo,ACE,2 pallets de red paver,,,Fer,5253
5254,2023-06-28 00:00:00.000000000,Mechanic Shop,Abel,Texcon,Diesel y gasolina para camion de Abel,,,Fer,5254
5255,2023-06-28 00:00:00.000000000,Mechanic Shop,Abel,Matherson,Soldadura para David de reparacion de Dumptruck Peterbuilt,,,Fer,5255
5256,2023-06-28 00:00:00.000000000,Mechanic Shop,Israel,Texcon,Diesel para camioneta de Israel,,,Fer,5256
5257,2023-06-28 00:00:00.000000000,Mechanic Shop,Rodrigo,Oreilly,Luces para traila de Martin,,,Fer,5257
5258,2023-06-29 00:00:00.000000000,Mechanic Shop,Ulises,Bobcat,Traques para bobcat de Alberto,,,Fer,5258
5259,2023-06-29 00:00:00.000000000,Mechanic Shop,Abraham,Orreilly,Pintura para camion blanco,,,Fer,5259
5260,2023-06-29 00:00:00.000000000,Mechanic Shop,Rodrigo,Orreilly,Baterias para traila,,,Fer,5260
5261,2023-06-29 00:00:00.000000000,Mechanic Shop,Abel,Bobcat,,,,Fer,5261
5262,2023-06-29 00:00:00.000000000,Mechanic Shop,Abraham,Orreilly,luces para traila de martin,,,Fer,5262
5263,2023-06-30 00:00:00.000000000,Mechanic Shop,Ulises,Bobcat,Bateria para bobcat de Jose Zamarripa,,Zamarripa,Fer,5263
5264,2023-06-30 00:00:00.000000000,Mechanic Shop,Mechanic Shop,Ace Contructors,Fance para cerca de guerrero,,Alejandro,Fer,5264
5265,2023-06-30 00:00:00.000000000,Mechanic Shop,Abel,Orreilly,Bateria,,,Fer,5265
5266,2023-06-30 00:00:00.000000000,Mechanic Shop,Rodrigo,Orreilly,Filtros para camioneta de Jose A. Zamarripa,,Jose A. Zamarripa,Fer,5266
5267,2023-06-30 00:00:00.000000000,Mechanic Shop,Ulises,Texcon,Diesel para camion de Ulises, ,Ulises,Fer,5267
5268,2023-07-01 00:00:00.000000000,Mechanic Shop,Alejandro,Leos,Gasolina pra camioneta de Alex, ,Alejandro,Fer,5268
5269,2023-07-01 00:00:00.000000000,Mechanic Shop,Rodrigo,Leos,Gasolina para , , ,Fer,5269
5270,2023-07-03 00:00:00.000000000,Mechanic Shop,Rodrigo,Orreilly,Luz para camion dumpe y gromet, ,Rodrigo,Fer,5270
5271,2023-07-04 00:00:00.000000000,Mechanic Shop,Israel,Leos,Gasolina para camioneta de Israel, ,Israel,Fer,5271
5272,2023-07-03 00:00:00.000000000,Mechanic Shop,Rodrigo,Texcon,Gasolina para tanques para maquina de soldar y compresor, ,Rodrigo,Fer,5272
5273,2023-07-05 00:00:00.000000000,Mechanic Shop,Alejandro,Leos,Gasolina pra camioneta de Alex, ,Alejandro,Fer,5273
5274,2023-07-05 00:00:00.000000000,Mechanic Shop,Ulises,Texcon,diesel para camioneta de Ulises, ,Ulises,Fer,5274
5275,2023-07-05 00:00:00.000000000,Mechanic Shop,Rodrigo,OReilly,Tanque de A/C para el taller, ,Rodrigo,Fer,5275
5276,2023-07-05 00:00:00.000000000,Mechanic Shop,Rodrigo,OReilly,Orifice tube para camioneta NXK8947,NXK8947,Yarda,Fer,5276
5277,2023-07-05 00:00:00.000000000,Mechanic Shop,Rodrigo,Matherson,Soldadura para David de reparacion y discos de corte, , ,Fer,5277
5278,2023-07-05 00:00:00.000000000,Mechanic Shop,Abel,Texcon,Diesel para camion de Abel, ,Abel,Fer,5278
5279,2023-07-06 00:00:00.000000000,Mechanic Shop,Abraham,Texcon,Diesel para camion de Abraham, ,Abraham,Fer,5279
5280,2023-07-06 00:00:00.000000000,Mechanic Shop,Rodrigo,OReilly,Lijas y acetona para Dump Truck VIN # 0415, ,Dump Truck VIN # 0415,Fer,5280
5281,2023-07-06 00:00:00.000000000,Mechanic Shop,Abel,OReilly,Loctite para bobcat de Ruben, ,Abel,Fer,5281
5282,2023-07-06 00:00:00.000000000,Mechanic Shop,Rodrigo,OReilly,"Trailer connector, filtros de aire, aceite, diesel para camioneta de Jose Luis Zamarripa",JVS6663,Jose Luis Z,Fer,5282
5283,2023-07-07 00:00:00.000000000,Mechanic Shop,Rodrigo,Leos,Gasolina pra camioneta de Rodrigo, ,Rodrigo,Fer,5283
5284,2023-07-07 00:00:00.000000000,Mechanic Shop,Abraham,Oreilly,"Filtros para camioneta de Jose Luis Zamarripa,", ,Abraham,Fer,5284
5285,2023-07-07 00:00:00.000000000,Mechanic Shop,Rodrigo,Texcon,Diesel para Camion de Ricardo,MSD3153,Rodrigo,Fer,5285
5286,2023-07-07 00:00:00.000000000,Mechanic Shop,Rodrigo,Oreilly,Filtros para servicio de camioneta de Kristofer,NDP6409,Kristofer Rodriguez,Fer,5286
5287,2023-07-10 00:00:00.000000000,Mechanic Shop,Abraham,Matherson,Soldadura para el taller ,,Abraham,Fer,5287
5288,2023-07-10 00:00:00.000000000,Mechanic Shop,Rodrigo,Oreilly,Aceite para camioneta de Kristofer y Alejandro,,,Fer,5288
5289,2023-07-10 00:00:00.000000000,Mechanic Shop,Rodrigo,Oreilly,Aceite hidaulico para el taller,,Yard,Fer,5289
5290,2023-07-11 00:00:00.000000000,Mechanic Shop,Abraham,Texcon,Diesel para camion de Abraham,,Abraham,Fer,5290
5291,2023-07-11 00:00:00.000000000,Mechanic Shop,Abraham,Ace,Plastico para pintar camion blanco,,Yard,Fer,5291
5292,2023-07-11 00:00:00.000000000,Mechanic Shop,Israel,Texcon,Gasolina para camioneta de Israel,,Israel,Fer,5292
5293,2023-07-11 00:00:00.000000000,Mechanic Shop,Abel,Oreilly,Conexiones para traila de Alvaro,,Alvaro,Fer,5293
5294,2023-07-11 00:00:00.000000000,Mechanic Shop,Abel,Capital Bearing,Manguera para dispensador de diesel de Ricardo,,Ricardo,Fer,5294
5295,2023-07-11 00:00:00.000000000,Mechanic Shop,Abraham,Bobcat,Cilindro para bobcat de Alvaro (5293),,Alvaro,Fer,5295
5296,2023-07-11 00:00:00.000000000,Mechanic Shop,Rodrigo,Orreilly,Oil pan gasket,,Rodrigo,Fer,5296
5297,2023-07-12 00:00:00.000000000,Mechanic Shop,Rodrigo,Orreilly,Brakes para camioneta de Jose Luis Zamarripa,,Jose Luis Zamarriopa,Fer,5297
5298,2023-07-12 00:00:00.000000000,Mechanic Shop,Abraham,Texcon,Diesel rojo para tanque de camion de Abraham y filtros para tanque,,,Fer,5298
5299,2023-07-13 00:00:00.000000000,Mechanic Shop,Rodrigo,Orreilly,Trailer conncetor para camioneta de Abraham,RYV9721,Abraham,Fer,5299
5300,2023-07-13 00:00:00.000000000,Mechanic Shop,Rodrigo,Orreilly,"Cambio de filtros, brakes",,,Fer,5300
5301,2023-07-14 00:00:00.000000000,Mechanic Shop,Rodrigo,Oreilly,Parasol para camionetas faltantes (sunshade),,Yard trucks,Fer,5301
5302,2023-07-14 00:00:00.000000000,Mechanic Shop,Abel,Texcon,Diésel para camión de Abel,,Abel,Fer,5302
5303,2023-07-14 00:00:00.000000000,Mechanic Shop,Rodrigo,Komatsu,Tornillos para komatsu pc 200 en Duncan,,Ruben/ Duncan,Fer,5303
5304,2023-07-14 00:00:00.000000000,Mechanic Shop,Rodrigo,Orreilly,"Filtro de Aire, Aceite, 5W-30 Full syntentic Engine oil, para camioneta de Tacho",KXD5053,Tacho,Fer,5304
5305,2023-07-14 00:00:00.000000000,Mechanic Shop,Rodrigo,Orreilly,"Filtro de Aire, Aceite, 5W-30 Full syntentic Engine oil, para camioneta de Alberto",CSS2953,Alberto,Fer,5305
5306,2023-07-14 00:00:00.000000000,Mechanic Shop,Rodrigo,Orreilly,Filtros para camioneta de Jose Luiz (SPARE 5 ),RFF3772,Jose Luis Z,Fer,5306
5307,2023-07-15 00:00:00.000000000,Mechanic Shop,Abraham,Texcon,Diesel para camion de Abraham,RYV9721,Abraham,Fer,5307
5308,2023-07-15 00:00:00.000000000,Mechanic Shop,Rodrigo,Leos,Gasolina para camioneta de Alberto,CSS2953,Alberto,Fer,5308
5309,2023-07-17 00:00:00.000000000,Mechanic Shop,Rodrigo,Home Depot ,Pintura para camion blanco,,Yard,Fer,5309
5310,2023-07-15 00:00:00.000000000,Mechanic Shop,Rodrigo,Capital Bering,Felling para Dump Truck Peter Built,,Yard,Fer,5310
5311,2023-07-17 00:00:00.000000000,Mechanic Shop,Rodrigo,Bobcat,Partes para bobcat of Julian,,Julian,Fer,5311
5312,2023-07-17 00:00:00.000000000,Mechanic Shop,Abel,Texcon,Diesel para camion de Abel,HZJ4414,Abel,Fer,5312
5313,2023-07-17 00:00:00.000000000,Mechanic Shop,Rodrigo,OReilly,Filtros para camioneta de Alonso,DNC5410,Alonso ,Fer,5313
5314,2023-07-18 00:00:00.000000000,Mechanic Shop,Rodrigo,OReilly,Ball JOINT para camioneta de Jose Luis Zamarripa,,Jose Luis Zamarripa,Fer,5314
5315,2023-07-18 00:00:00.000000000,Mechanic Shop,Rodrigo,OReilly,"Candados para camionetas, lijas para Dump truck blanco, camps para rolla 200414",,Dump Truck VIN # 0415,Fer,5315
5316,2023-07-19 00:00:00.000000000,Mechanic Shop,Abraham,Texcon,Gasolina para soldadora de traila,,Yard,Fer,5316
5317,2023-07-19 00:00:00.000000000,Mechanic Shop,Israel,Texcon,Gasolina para camioneta de Israel,,Israel,Fer,5317
5318,2023-07-19 00:00:00.000000000,Mechanic Shop,Rodrigo,Oreilly,Parasol para camionetas faltantes (sunshade),,Yard trucks,Fer,5318
5319,2023-07-20 00:00:00.000000000,Mechanic Shop,Ulises,Texcon,Diesel para camioneta de Ulises,,Ulises,Fer,5319
5320,2023-07-20 00:00:00.000000000,Mechanic Shop,Ulises,Bobcat,Partes para bobcat de Francisco,,Francisco,Fer,5320
5321,2023-07-20 00:00:00.000000000,Mechanic Shop,Rodrigo,OReilly,Aceite hidaulico para el taller,,Yard,Fer,5321
5322,2023-07-20 00:00:00.000000000,Mechanic Shop,Rodrigo,OReilly,Ball JOINT para camioneta de Francisco,BY94144,Francisco,Fer,5322
5323,2023-07-20 00:00:00.000000000,Mechanic Shop,Abel,Bobcat,Pantalla para bobcat de Alvaro,,Alvaro,Fer,5323
5324,2023-07-21 00:00:00.000000000,Mechanic Shop,Abel,Oreilly,Frenos para camioneta de francisco,BY94144,Francisco,Fer,5324
5325,2023-07-21 00:00:00.000000000,Mechanic Shop,LEOS,Rodrigo,Gasolina para camioneta de Rodrigo,HSR4137,Rodrigo,Fer,5325
5326,2023-07-21 00:00:00.000000000,Mechanic Shop,Texcon,Abel,Diesel para camion de Abel,,Abel,Fer,5326
5327,2023-07-21 00:00:00.000000000,Mechanic Shop,Rodrigo,Orreily,Barra Tie Rod End para camioneta de Francisco,,Franscico,Fer,5327
5328,2023-07-21 00:00:00.000000000,Mechanic Shop,Abraham,Texcon,Diesel para camion de Abraham,,Abraham,Fer,5328
5329,2023-07-21 00:00:00.000000000,Mechanic Shop,Israel,Central Texas Equipment,valvula de agua para plate compactor de Carlos,,Carlos Diaz,Fer,5329
5330,2023-07-21 00:00:00.000000000,Mechanic Shop,Rodrigo,Orreilly,Filtros para camioneta de Victor,DDD8785,Victor,Fer,5330
5331,2023-07-21 00:00:00.000000000,Mechanic Shop,Rodrigo,Orreilly,Filtros para camioneta de Ricardo,MSD3153,Ricardo,Fer,5331
5332,2023-07-21 00:00:00.000000000,Mechanic Shop,Abel,Bobcat,FILTERS OF EQUIPMENT,,,Fer,5332
5333,2023-07-22 00:00:00.000000000,Mechanic Shop,Rodrigo,Home Depot ,Pintura para camion blanco,,Dump truck White,Fer,5333
5334,2023-07-24 00:00:00.000000000,Mechanic Shop,Rodrigo,Texcon,Gasolina para camioneta de Rodrigo,HSR4137,Rodrigo,Fer,5334
5335,2023-07-24 00:00:00.000000000,Mechanic Shop,Rodrigo,Orreilly,Luces para camion blanco 1GBM7H1C11J500415,1GBM7H1C11J500415,White dump truck,Fer,5335
5336,2023-07-25 00:00:00.000000000,Mechanic Shop,Rodrigo,Texcon,Diesel para camion SPARE 2 FJJ9191,FJJ9191,SPARE 2,Fer,5336
5337,2023-07-25 00:00:00.000000000,Mechanic Shop,Rodrigo,Orreilly,Switch connector para camioneta del trailer de Ricardo Garcia,MSD3153,Ricardo,Fer,5337
5338,2023-07-26 00:00:00.000000000,Mechanic Shop,Rodrigo,Orreilly,Bateria para Mini excavator 304 ,200813,Yard,Fer,5338
5339,2023-07-26 00:00:00.000000000,Mechanic Shop,Rodrigo,Orreilly,Front Brakes for Francisco's truck,BY94144,Francisco,Fer,5339
5340,2023-07-26 00:00:00.000000000,Mechanic Shop,Rodrigo,Leif Johnson Ford,Tie End Rod y 4x4 seal para camioneta de Francisco,BY94144,Francisco,Fer,5340
5341,2023-07-26 00:00:00.000000000,Mechanic Shop,Abraham,Texcon,Diesel para camion de Abraham,RYV9721,Abraham,Fer,5341
5342,2023-07-27 00:00:00.000000000,Mechanic Shop,Rodrigo,Orreilly,Kit de valvulas y tapas para A/C ,MXP2169,Alejandro,Fer,5342
5343,2023-07-27 00:00:00.000000000,Mechanic Shop,Rodrigo,Orreilly,FRENOS Y FILTROS PARA CAMIONETA DE DANIEL,CBZ0246,DANIEL,Fer,5343
5344,2023-07-27 00:00:00.000000000,Mechanic Shop,Rodrigo,Orreilly,"Barras para camioneta de Daniel/ tier rod, Drag link / 4 amortiguadores",CBZ0246,DANIEL,Fer,5344
5345,2023-07-27 00:00:00.000000000,Mechanic Shop,Rodrigo,Orreilly,Strap para camion peter built ,JRF9495,Yard/ Peter built,Fer,5345
5346,2023-07-28 00:00:00.000000000,Mechanic Shop,Abel,Capital Bering,Fellings para bobcat de Gerardo,,Gerardo,Fer,5346
5347,2023-07-28 00:00:00.000000000,Mechanic Shop,Rodrigo,Orreilly,HUB Assembly para camioneta de Omar,FJJ9134,Omar,Fer,5347
5348,2023-07-28 00:00:00.000000000,Mechanic Shop,Rodrigo,Texcon,Disel para camioneta de Alvaro ,HZJ4414,Alvaro,Fer,5348
5349,2023-07-28 00:00:00.000000000,Mechanic Shop,Abel,Bobcat,Piezas para bobcat de Francisco/ Ruben/ Llantas de gerardo/ Cristal de ISIDRO ,,Bobcats,Fer,5349
5350,2023-07-29 00:00:00.000000000,Mechanic Shop,Rodrigo,Oreilly,Filtros para camioneta spare 3,,Spare 3,Fer,5350
5351,2023-07-29 00:00:00.000000000,Mechanic Shop,Rodrigo,Oreilly,Filtros para camioneta Alvaro,HZJ4414,Alvaro,Fer,5351
5352,2023-07-29 00:00:00.000000000,Mechanic Shop,Abel,Leif Johnson Ford,Sensor de oxigeno y HUB cab para camioneta de Daniel,CBZ0246,Daniel,Fer,5352
5353,2023-07-31 00:00:00.000000000,Mechanic Shop,Rodrigo,Oreilly,Frenos para camioneta de Alvaro,HZJ4414,Alvaro,Fer,5353
5354,2023-07-31 00:00:00.000000000,Mechanic Shop,Abel,Texcon,Diesel para camion de Abel,JVC4098,ABEL,Fer,5354
5355,2023-07-31 00:00:00.000000000,Mechanic Shop,Rodrigo,Texcon,Gasolina para camioneta de Rodrigo,HSR4137,Rodrigo ,Fer,5355
5356,2023-08-01 00:00:00.000000000,Mechanic Shop,Rodrigo,Orreily,Filtros y frenos para camioneta de Abraham,RYV9721,Abraham,Fer,5356
5357,2023-08-01 00:00:00.000000000,Mechanic Shop,Abel,Capitol Bearing,Fellings para el taller,,Yard,Fer,5357
5358,2023-08-01 00:00:00.000000000,Mechanic Shop,Rodrigo,Orreily,Hydraulic Fluis 5 Gallons ,,Yard/ Workshop,Fer,5358
5359,2023-08-01 00:00:00.000000000,Mechanic Shop,Rodrigo,Orreily,Caliper para camioneta de Abraham,RYV9721,Abraham,Fer,5359
5360,2023-08-02 00:00:00.000000000,Mechanic Shop,Rodrigo,Orreily,Valeros y sellos para camion de Abraham,RYV9721,Abraham,Fer,5360
5361,2023-08-02 00:00:00.000000000,Mechanic Shop,Rodrigo,Orreily,Antena para camioneta de Daniel,,Daniel,Fer,5361
5362,2023-08-02 00:00:00.000000000,Mechanic Shop,Abraham,Bobcat,felling para bobcat de daniel,,,Fer,5362
5363,2023-08-02 00:00:00.000000000,Mechanic Shop,Rodrigo,Orreily,LLAVE para A/C valves,,Yard,Fer,5363
5364,2023-08-02 00:00:00.000000000,Mechanic Shop,Abel,Leif Johnson Ford,ECR / para camioneta de Alvaro,,Alvaro,Fer,5364
5365,2023-08-03 00:00:00.000000000,Mechanic Shop,Abraham,Texcon,,,,Fer,5365
5366,2023-08-03 00:00:00.000000000,Mechanic Shop,Rodrigo,Orreilly,Seat cover para camioneta Omar y pushnuts para camion dumpe ,,Omar,Fer,5366
5367,2023-08-03 00:00:00.000000000,Mechanic Shop,Abel,Orreilly,Bomba de direccion hydraulica para cmaioneta de Abraham,,Abraham,Fer,5367
5368,2023-08-03 00:00:00.000000000,Mechanic Shop,Abel,Capital Bering,Manguera y fellings para martillo de Gerardo,,Gerardo,Fer,5368
5369,2023-08-03 00:00:00.000000000,Mechanic Shop,Rodrigo,Texcon,Gasolina para camioneta y tanques para soldadora,,,Fer,5369
5370,2023-08-03 00:00:00.000000000,Mechanic Shop,Rodrigo,Orreilly,"Polea para camion de Abraham, luces para traila, antifrecee para la yarda",,Abraham,Fer,5370
5371,2023-08-03 00:00:00.000000000,Mechanic Shop,Rodrigo,Orreilly,Filtros para servicio de camioneta de Abel,JCV4098,Abel,Fer,5371
5372,2023-08-03 00:00:00.000000000,Mechanic Shop,Rodrigo,Orreilly,Filtros para servicio de camioneta de Carlos,PFP8961,Carlos Diaz,Fer,5372
5373,2023-08-04 00:00:00.000000000,Mechanic Shop,Abraham,Tex-con,Diesel para camion de Spare 2 ,,,Fer,5373
5374,2023-08-04 00:00:00.000000000,Mechanic Shop,Rodrigo,Orreilly,Discos y balatas para camioneta de Abel,JVC4098,Abel,Fer,5374
5375,2023-08-07 00:00:00.000000000,Mechanic Shop,Rodrigo,Orreilly,Baterias para camioneta de Abel ,JVC4098,Abel,Fer,5375
5376,2023-08-07 00:00:00.000000000,Mechanic Shop,Rodrigo,Orreilly,Filtros para servicio de camioneta de Allan ,HZL2413,Allan,Fer,5376
5377,2023-08-07 00:00:00.000000000,Mechanic Shop,Brayan,Texcon,Diesel para camioneta SPARE 3 ,,SPARE 3,Fer,5377
5378,2023-08-07 00:00:00.000000000,Mechanic Shop,Brayan,Ace Contructors,Herramientas para traila de Brayan,,Brayan,Fer,5378
5379,2023-08-07 00:00:00.000000000,Mechanic Shop,Abraham,Texcon,Diesel para camioneta de Abraham,,Abraham,Fer,5379
5380,2023-08-07 00:00:00.000000000,Mechanic Shop,Abraham,Capital Bering,Fettings para bobcat de Daniel,,Daniel,Fer,5380
5381,2023-08-08 00:00:00.000000000,Mechanic Shop,Abraham,Ace Contructors,Extenciones para herramientas,,Yard,Fer,5381
5382,2023-08-08 00:00:00.000000000,Mechanic Shop,Rodrigo,Orreilly,WATER PUMP,BT32670,SPARE 3,Fer,5382
5383,2023-08-08 00:00:00.000000000,Mechanic Shop,Brayan,Texcon,Diesel para camioneta ,KCJ2416,SPARE 1,Fer,5383
5384,2023-08-08 00:00:00.000000000,Mechanic Shop,Abel,Texcon,Disel para camioneta de Abel,JCV4098,Abel,Fer,5384
5385,2023-08-08 00:00:00.000000000,Mechanic Shop,Abraham,Bobcat,Filtros para mini escavadora ,,,Fer,5385
5386,2023-08-08 00:00:00.000000000,Mechanic Shop,Rodrigo,Orreilly,Antifreeze para la yarda,,Yarda,Fer,5386
5387,2023-08-09 00:00:00.000000000,Mechanic Shop,Rodrigo,Orreilly,Filtros y switch para Dump truck White de Duncan,DBP0202,Dump Truck VIN # 2679,Fer,5387
5388,2023-08-09 00:00:00.000000000,Mechanic Shop,Rodrigo,Orreilly,"Frenos para camioneta de Gerardo (ROTORES, PADS, CALIPERS)",DDD8990,Gerardo,Fer,5388
5389,2023-08-09 00:00:00.000000000,Mechanic Shop,Abraham,Texcon ,Diesel para camioneta de Daniel,,Daniel,Fer,5389
5390,2023-08-10 00:00:00.000000000,Mechanic Shop,Rodrigo,Texcon,Gasolina para camioneta de Rodrigo,HSR4137,Rodrigo,Fer,5390
5391,2023-08-10 00:00:00.000000000,Mechanic Shop,Rodrigo,Orreilly,Poullly Poly Kit para el shop,,Yarda,Fer,5391
5392,2023-08-11 00:00:00.000000000,Mechanic Shop,Abel,Leif Johnson Ford,Partes para camioneta de Gerardo,DDD8990,Gerardo,Fer,5392
5393,2023-08-11 00:00:00.000000000,Mechanic Shop,Rodrigo,Orreilly,Handle and Hinge para Dump truck ,1N31260,Dump Truck VIN # 6121,Fer,5393
5394,2023-08-11 00:00:00.000000000,Mechanic Shop,Rodrigo,Orreilly,Claxon para camioneta de Julian,CSS2251,Julian,Fer,5394
5395,2023-08-11 00:00:00.000000000,Mechanic Shop,Rodrigo,Bobcat,Filtros para el taller y piezas para bobcat de Ruben,200430,Ruben/Yard,Fer,5395
5396,2023-08-12 00:00:00.000000000,Mechanic Shop,Abel,Orreilly,Jabon para labar equipo para la Yarda,,Yarda,Fer,5396
5397,2023-08-14 00:00:00.000000000,Mechanic Shop,Rodrigo,Orreilly,Candados para traila ,,Yard,Fer,5397
5398,2023-08-14 00:00:00.000000000,Mechanic Shop,Jack ,Texcon,Diesel para camioneta SPARE 1 (JACK),KCJ2416,SPARE 1,Fer,5398
5399,2023-08-14 00:00:00.000000000,Mechanic Shop,Abel,Bobcat,Sensores y filtros para bobcat ,,,Fer,5399
5400,2023-08-14 00:00:00.000000000,Mechanic Shop,Rodrigo,Orreilly,Piezas para Dump truck,DBP0202,Dump Truck VIN # 2679,Fer,5400
5401,2023-08-14 00:00:00.000000000,Mechanic Shop,Rodrigo ,,,,,Fer,5401
5402,2023-08-15 00:00:00.000000000,Mechanic Shop,Abraham,Texcon,Diesel para camion de Julian,CSS2251,Julian,Fer,5402
5404,2023-08-16 00:00:00.000000000,Mechanic Shop,Abraham,Bobca,"Filtros para roller, piezas para bobcat de francisco, ",,Yard,Fer,5404
5405,2023-08-16 00:00:00.000000000,Mechanic Shop,Rodrigo,Oreilly,Filtros para camioneta de Hugo,NXM4821,Hugo,Fer,5405
5406,2023-08-16 00:00:00.000000000,Mechanic Shop,Rodrigo,Oreilly,Filtros para camioneta de Gerardo ,DDD8990,Gerardo,Fer,5406
5407,2023-08-16 00:00:00.000000000,Mechanic Shop,Rodrigo,Oreilly,Liquido de frenos y antifreeze para camioneta de Gerardo,DDD8990,Gerardo,Fer,5407
5408,2023-08-16 00:00:00.000000000,Mechanic Shop,Rodrigo,Matheson,Discos de lija y soldadura para traila de Isidro,,Isidro,Fer,5408
5409,2023-08-16 00:00:00.000000000,Mechanic Shop,Abraham,Capitol Bearing,Manguera para traila de agua,,Water Trailer,Fer,5409
5410,2023-08-16 00:00:00.000000000,Mechanic Shop,Rodrigo,Texcon,Gasolina para camioneta de Rodrigo,,Rodrigo,Fer,5410
5411,2023-08-17 00:00:00.000000000,Mechanic Shop,Rodrigo,Leif Johnson Ford,Valve canister 47.18/  Thrittle body 8.45 Tradle 344.,DNC5410,Alonso ,Fer,5411
5412,2023-08-17 00:00:00.000000000,Mechanic Shop,Rodrigo,Orreilly,struts para cofre de camioneta de gerardo ,DDD8990,Gerardo,Fer,5412
5413,2023-08-17 00:00:00.000000000,Mechanic Shop,Abraham,Texcon,Diesel para camion de Abraham,,Abraham,Fer,5413
5414,2023-08-17 00:00:00.000000000,Mechanic Shop,Rodrigo,Leif Johnson Ford,"COVER AND CONTACT, para camioneta de Juilan",,Julian,Fer,5414
5415,2023-08-17 00:00:00.000000000,Mechanic Shop,Rodrigo,Home Depot,Braces and valves for Roller ,,Roller,Fer,5415
5416,2023-08-17 00:00:00.000000000,Mechanic Shop,Rodrigo,Leif Johnson Ford,Clock spring para camioneta de Julian,,Julian,Fer,5416
5417,2023-08-18 00:00:00.000000000,Mechanic Shop,Abraham,Oreilly,Primer y acelerante para traila de Isidro,,Isidro,Fer,5417
5418,2023-08-18 00:00:00.000000000,Mechanic Shop,Abel,Capitol Bearing,Manguera para camioneta SPARE 1,,SPARE 1,Fer,5418
5419,2023-08-18 00:00:00.000000000,Mechanic Shop,Abraham,Bobcat,Rin para bobcat de Carlos Diaz,200821,BOBCAT 200821,Fer,5419
5420,2023-08-18 00:00:00.000000000,Mechanic Shop,Rodrigo ,Orreily,Filtros para camioneta de Omar,,Omar,Fer,5420
5421,2023-08-19 00:00:00.000000000,Mechanic Shop,Rodrigo ,Orreily,Baterias para camioneta de Byran,LVK6050,Bryan,Fer,5421
5422,2023-08-18 00:00:00.000000000,Mechanic Shop,Abel,Leif Johnson Ford,Sensor para camioneta de Gerado,84340,Gerardo,Fer,5422
5423,2023-08-18 00:00:00.000000000,Mechanic Shop,Rodrigo,Leif Johnson Ford,Tanque de Aceite para el Taller,,Workshop,Fer,5423
5424,2023-08-20 00:00:00.000000000,Mechanic Shop,Rodrigo,Oreilly,Cables para pasar corriente,HSR4137,Rodrigo,Fer,5424
5425,2023-08-21 00:00:00.000000000,Mechanic Shop,Rodrigo,Oreilly,Espejo retrovisor y filtros para pipa de agua,DBP0201,Water truck,Fer,5425
5426,2023-08-21 00:00:00.000000000,Mechanic Shop,Rodrigo,Leif Johnson Ford,Solenoid para camioneta spare 3,BT32670,SPARE 3,Fer,5426
5427,2023-08-22 00:00:00.000000000,Mechanic Shop,Jack ,Texcon,Diesel para camioneta de Jack,KCJ2416,Jack,Fer,5427
5428,2023-08-22 00:00:00.000000000,Mechanic Shop,Abel,Capitol Bearing,Fettings para bobcat de Omar,,Omar,Fer,5428
5429,2023-08-23 00:00:00.000000000,Mechanic Shop,Abel,LEOS,Diesel para camion de Abel,,Abel,Fer,5429
5430,2023-08-23 00:00:00.000000000,Mechanic Shop,Abel,Bobcat,Partes para bobcat de Julian,,Julian,Fer,5430
5431,2023-08-23 00:00:00.000000000,Mechanic Shop,Rodrigo,Oreilly,Filtros para dump truck 6121,,Dump truck 6121,Fer,5431
5432,2023-08-23 00:00:00.000000000,Mechanic Shop,Rodrigo,Oreilly,Bateria para roller ,,,Fer,5432
5433,2023-08-24 00:00:00.000000000,Mechanic Shop,Rodrigo,Oreilly,Filtros para camioneta de Ulises,,Ulises,Fer,5433
5434,2023-08-24 00:00:00.000000000,Mechanic Shop,Rodrigo,Oreilly,Pintura para trailas,,Yard,Fer,5434
5435,2023-08-24 00:00:00.000000000,Mechanic Shop,Rodrigo,Texcon,Diesel para camion de Gerardo / Gasolina para camioneta de Rodrigo,,Rodrigo/Gerardo,Fer,5435
5436,2023-08-24 00:00:00.000000000,Mechanic Shop,Rodrigo,Home Depot,Mulitmetro y herramienta para la yarda ,,Yarda,Fer,5436
5437,2023-08-24 00:00:00.000000000,Mechanic Shop,Rodrigo,Texcon,Diesel para camion de Carlos Diaz,,Carlos Diaz,Fer,5437
5438,2023-08-25 00:00:00.000000000,Mechanic Shop,Rodrigo,Texcon,Gasolina para la yarda,,Yarda,Fer,5438
5439,2023-08-28 00:00:00.000000000,Mechanic Shop,Ulises,Oreilly,Baterias para camion de Ulises,JGH7766,Ulises,Fer,5439
5440,2023-08-28 00:00:00.000000000,Mechanic Shop,Rodrigo,Oreilly,Bateria para camioneta de Karla,,Karla,Fer,5440
5441,2023-08-28 00:00:00.000000000,Mechanic Shop,Rodrigo,Oreilly,Bateria para bobcat de Ruben,200430,Ruben,Fer,5441
5442,2023-08-29 00:00:00.000000000,MFO,Jack ,Ace,3 Concrete pallets,,ELROY,Fer,5442
5443,2023-08-28 00:00:00.000000000,Mechanic Shop,Rodrigo,Oreilly,Filtros para camioneta de RUDY F350,MKV4618,RUDY,Fer,5443
5444,2023-08-29 00:00:00.000000000,Mechanic Shop,Rodrigo,Oreilly,Filtros para camioneta de Rduy F150,,RUDY,Fer,5444
5445,2023-08-29 00:00:00.000000000,Mechanic Shop,Rodrigo,Oreilly,FUEL PUMP para camioneta de Karla F150,,Karla,Fer,5445
5446,2023-08-29 00:00:00.000000000,Mechanic Shop,Ulises,Bobcat,Piezas para bobcat de Ruben,,Ruben,Fer,5446
5447,2023-08-29 00:00:00.000000000,Mechanic Shop,Ulises,Oreilly,Pistola neumatica para Abraham,,Abraham,Fer,5447
5448,2023-08-30 00:00:00.000000000,Mechanic Shop,Abel,Capitol Bearing,Mangueras para mar,,,Fer,5448
5449,2023-08-30 00:00:00.000000000,Mechanic Shop,Abraham,Texcon,Diesel para cmaion de Abraham,,Abraham,Fer,5449
5450,2023-08-30 00:00:00.000000000,Mechanic Shop,Abel,Texcon,Diesle para camion de Abel,,Abel,Fer,5450
5451,2023-08-30 00:00:00.000000000,Mechanic Shop,Rodrigo,Home Deppot,Herramientas para Taller y David,,Yard,Fer,5451
5452,2023-08-30 00:00:00.000000000,Mechanic Shop,Rodrigo,Orreilly,Baterias para camioneta de Bryan,,Bryan,Fer,5452
5453,2023-08-31 00:00:00.000000000,Mechanic Shop,Rodrigo,Orreilly,CAR Wax para camioneta de Rudy,,Rudy,Fer,5453
5454,2023-08-30 00:00:00.000000000,Mechanic Shop,Abel,Leif Johnson Ford,Piezas para camioneta de Karla,,Karla,Fer,5454
5455,2023-08-31 00:00:00.000000000,Mechanic Shop,Abel,Bobcat,Piezas para bobcat de Ricardo/Lupe,,Bobcat de Ricardo / Lupe,Fer,5455
5456,2023-09-01 00:00:00.000000000,Mechanic Shop,Abraham,Texcon,Diesel para camioneta spare 5,,Spare 5,Fer,5456
5457,2023-09-01 00:00:00.000000000,Mechanic Shop,Rodrigo,Orreilly,Aceite para camioneta de Rudy,,Rudy,Fer,5457
5458,2023-09-01 00:00:00.000000000,Mechanic Shop,Rodrigo,Lejft Jonhn Ford ,Sway bar link para camioneta de Rudy ,,Rudy,Fer,5458
5459,2023-09-01 00:00:00.000000000,Mechanic Shop,Rodrigo,Orreilly,Filtros para camioneta de Francisco,,Francisco,Fer,5459
5460,2023-09-01 00:00:00.000000000,Mechanic Shop,Rodrigo,Orreilly,Filtros para camioneta de Isidro,,Isidro,Fer,5460
5461,2023-09-05 00:00:00.000000000,Mechanic Shop,Rodrigo,Orreilly,Luces porta placa para camioneta de Rudy,,Rudy,Fer,5461
5462,2023-09-05 00:00:00.000000000,Mechanic Shop,Jack ,Texcon,Diesel para camion de Jack,,Jack,Fer,5462
5463,2023-09-01 00:00:00.000000000,Mechanic Shop,Abel,Lejft Jonhn Ford ,ABS Module for Julian's truck ,,Julian,Fer,5463
5464,2023-09-05 00:00:00.000000000,Mechanic Shop,Ulises,Texcon,Diesel para camion de Ulises,,Ulises,Fer,5464
5465,2023-09-05 00:00:00.000000000,Mechanic Shop,Rodrigo,Texcon,Gasolina para camioneta de Rodrigo,,Rodrigo,Fer,5465
5466,2023-09-05 00:00:00.000000000,Mechanic Shop,Ulises,Leif Johnson Ford,Speed sensor para camioneta de Rudy,,Rudy,Fer,5466
5467,2023-09-05 00:00:00.000000000,Mechanic Shop,Ulises,Bobcat,Piezas para bobcat de Ruben,,,Fer,5467
5468,2023-09-05 00:00:00.000000000,Mechanic Shop,Ulises,Bobcat,Piezas para bobcat de Alvaro  ,,,Fer,5468
5469,2023-09-06 00:00:00.000000000,Mechanic Shop,Ulises,Orreilly ,Bateria para Bobcat de Daniel,,Daniel,Fer,5469
5470,2023-09-06 00:00:00.000000000,Mechanic Shop,Abraham,Matheson,"Rerrellenar tanques de asetileno y oxigeno para Ulises y Abrham, soldaduara para camion de Don Lalo",,Abraham- Ulises- Don Lalo,Fer,5470
5471,2023-09-06 00:00:00.000000000,Mechanic Shop,Abel,Texcon,Diesel para cmaion de Abel,,Abel,Fer,5471
5472,2023-09-06 00:00:00.000000000,Mechanic Shop,Rodrigo,Oreilly,Tanque de refreigerante para camionetas,,Yard,Fer,5472
5473,2023-09-07 00:00:00.000000000,Mechanic Shop,Rodrigo,Bobat,Fetting para martillo de Alvaro y Alternador de Daniel,,Alvaro,Fer,5473
5474,2023-09-07 00:00:00.000000000,Mechanic Shop,Ulises,Oreilly,Fusibles para camion de Agua,,Water Truck,Fer,5474
5475,2023-09-07 00:00:00.000000000,Mechanic Shop,Rodrigo,HOME DEPOT,Herramientas para David y Degresear para la Yard,,Yarda,Fer,5475
5476,2023-09-07 00:00:00.000000000,Mechanic Shop,Abel,Capitol Bearing,Fetting para martillo de Barbas,,Jose Zamarripa,Fer,5476
5477,2023-09-08 00:00:00.000000000,Mechanic Shop,Ulises,Texcon,Diesel para pipa de agua,,Water Truck,Fer,5477
5478,2023-09-08 00:00:00.000000000,Mechanic Shop,Abel,Orreily,Baterias para komatsu PC 360,,KOMATSU 360 ,Fer,5478
5479,2023-09-08 00:00:00.000000000,Mechanic Shop,Jack ,Texcon,Diesel para camion de Jack,,Jack,Fer,5479
5480,2023-09-08 00:00:00.000000000,Mechanic Shop,Abraham,Texcon,Diesel para camion de Abraham,,Abraham  ,Fer,5480
5481,2023-09-08 00:00:00.000000000,Mechanic Shop,Rodrigo,Bobcat,Partes para Alvaro ,,Alvaro,Fer,5481
5482,2023-09-08 00:00:00.000000000,Mechanic Shop,Rodrigo,Bobcat,Partes para bobcat de ,,Julian,Fer,5482
5483,2023-09-08 00:00:00.000000000,Mechanic Shop,Rodrigo,Oreilly,Hydraulic Fluis 5 Gallons ,,Yard,Fer,5483
5484,2023-09-08 00:00:00.000000000,Mechanic Shop,Jose Luis Zamarripa,Oreilly,Filtros para camioneta de Jose Luis ,,Jose Luis Zamarripa,Fer,5484
5485,2023-09-08 00:00:00.000000000,Mechanic Shop,Rodrigo,Oreilly,Filtros para camioneta de Martin,,Martin,Fer,5485
5486,2023-09-09 00:00:00.000000000,Mechanic Shop,Rodrigo,Texcon,Gasolina para camioneta de Rodrigo,,Rodrigo,Fer,5486
5487,2023-09-11 00:00:00.000000000,Mechanic Shop,Abel,Orelly,Baterias para camion de White Dump truck Red River,,Red River,Fer,5487
5488,2023-09-11 00:00:00.000000000,Mechanic Shop,Abel,Texcon,Diesel para camion de Abel,,Abel,Fer,5488
5489,2023-09-11 00:00:00.000000000,Mechanic Shop,Ulises,Texcon,Diesel para camion de Ulises,,Ulises,Fer,5489
5490,2023-09-11 00:00:00.000000000,Mechanic Shop,Rodrigo,Oreilly,Filtros para camioneta de Alberto,,Alberto,Fer,5490
5491,2023-09-11 00:00:00.000000000,Mechanic Shop,Abel,Orelly,Baterias para camion de Peter Built,,Rogelio,Fer,5491
5492,2023-09-11 00:00:00.000000000,Mechanic Shop,Ulises,Bobcat,Piezas para bobcat de Alvaro,,Alvaro,Fer,5492
5493,2023-09-11 00:00:00.000000000,Mechanic Shop,Abel,Orreily,Aceite Hydraulico ,,Abel,Fer,5493
5494,2023-09-11 00:00:00.000000000,Mechanic Shop,Rodrigo,Orreily,Filtros para camioneta de Jose Luis Zama,,Jose Luis Zamarripa,Fer,5494
5495,2023-09-12 00:00:00.000000000,Mechanic Shop,Rodrigo,Orreily,Gasket Marker High Torque,,Yard,Fer,5495
5496,2023-09-12 00:00:00.000000000,Mechanic Shop,Abel,Capitol Bearing,Manguera para martillo hidraulico de Daniel,,Daniel,Fer,5496
5497,2023-09-13 00:00:00.000000000,Mechanic Shop,Ulises,Bobcat,Piezas para tractor de Alvaro,,Alvaro,Fer,5497
5498,2023-09-13 00:00:00.000000000,Mechanic Shop,Ulises,Ace Contructors,Tanques rojos para gasolina,,Yard,Fer,5498
5499,2023-09-13 00:00:00.000000000,Mechanic Shop,Ulises,Texcon,Gasolina para tanques ,,Yard,Fer,5499
5500,2023-09-13 00:00:00.000000000,Mechanic Shop,Rodrigo,Grainder ,Wheel chucks for foreman  ,,Yard,Fer,5500
5501,2023-09-13 00:00:00.000000000,Mechanic Shop,Ulises,Matheson,Discos de lija y soladura para la yarda,,Yarda,Fer,5501
5502,2023-09-14 00:00:00.000000000,Mechanic Shop,Ulises,Texcon,Diesel para camioneta SPARE 3 ,BT32670,SPARE 3,Fer,5502
5503,2023-09-14 00:00:00.000000000,Mechanic Shop,Rodrigo,Oreilly,Frenos para camioneta de Alberto,,Alberto,Fer,5503
5504,2023-09-14 00:00:00.000000000,Mechanic Shop,Rodrigo,Oreilly,HUB maza para camioneta de Omar,,Omar,Fer,5504
5505,2023-09-14 00:00:00.000000000,Mechanic Shop,Abraham,Texcon,Diesel para camion de Abraham,,Abraham,Fer,5505
5506,2023-09-14 00:00:00.000000000,Mechanic Shop,Rodrigo,Texcon,Gasolina para camioneta de Rodrigo,,Rodrigo,Fer,5506
5507,2023-09-14 00:00:00.000000000,Mechanic Shop,Rodrigo,Oreilly,Antifreeze para tractor de Alvaro ,,Alvaro,Fer,5507
5508,2023-09-14 00:00:00.000000000,Mechanic Shop,Abel,Capitol Bearing,Mangueras para martillo de Isidro,,Isidro Sanchez,Fer,5508
5509,2023-09-15 00:00:00.000000000,Mechanic Shop,Abraham,Oreilly,Luces para camion de Abraham ,,Abraham,Fer,5509
5510,2023-09-18 00:00:00.000000000,Mechanic Shop,Jack ,Texcon,Diesel para camion de Jack,,Jack,Fer,5510
5511,2023-09-18 00:00:00.000000000,Mechanic Shop,Rodrigo,Oreily,Control de ventanas para camioneta de Francisco,,Francisco,Fer,5511
5512,2023-09-18 00:00:00.000000000,Mechanic Shop,Abel ,Leif Johnson Ford,Partes para camioneta de Omar,,Omar,Fer,5512
5513,2023-09-18 00:00:00.000000000,Mechanic Shop,Abel ,Orreily,Partes de oreilly,,,Fer,5513
5514,2023-09-19 00:00:00.000000000,Mechanic Shop,Abraham,Bobcat,Piezas para bobcat y mini excavator,,,Fer,5514
5515,2023-09-20 00:00:00.000000000,Mechanic Shop,Abel,Oreilly,Balatas para camioneta de Abel,,Abel,Fer,5515
5516,2023-09-20 00:00:00.000000000,Mechanic Shop,Abraham,Bobcat,Partes para bobcat 200423,,Abraham,Fer,5516
5517,2023-09-20 00:00:00.000000000,Mechanic Shop,Ulises,Texcon,Diesel para camion de Ulises,,Ulises,Fer,5517
5518,2023-09-19 00:00:00.000000000,Mechanic Shop,Abel,Oreilly,Luces para camion de la Red River ,SJK2142,Dump Truck VIN # 0415,Fer,5518
5519,2023-09-21 00:00:00.000000000,Mechanic Shop,Abel,Bobcat,Piezas para bobcat de Ruben,,Ruben,Fer,5519
5520,2023-09-22 00:00:00.000000000,Mechanic Shop,Ulises,Bobcat,Empaques de Bobcat de Martin,,Martin,Fer,5520
5521,2023-09-22 00:00:00.000000000,Mechanic Shop,Ulises,Ace Contructors,Bandas para walkbehind,,Carlos Diaz,Fer,5521
5522,2023-09-22 00:00:00.000000000,Mechanic Shop,Abel,Texcon,Diesel para camion de Abel,,Abel,Fer,5522
5523,2023-09-22 00:00:00.000000000,Mechanic Shop,Rodrigo,Oreilly,Brakes para camioneta de Ricardo,,Ricardo,Fer,5523
5524,2023-09-25 00:00:00.000000000,Mechanic Shop,Jack ,Texcon,Diesel para camion de Jack,,Jack,Fer,5524
5525,2023-09-25 00:00:00.000000000,Mechanic Shop,Ulises,Oreilly,Bomba para tanque de gasolina mezcalda,,Yard,Fer,5525
5526,2023-09-25 00:00:00.000000000,Mechanic Shop,Ulises,Texcon,Diesel para camion de Ulises,,Ulises,Fer,5526
5527,2023-09-25 00:00:00.000000000,Mechanic Shop,Abel,Capitol Bearing,Mangueras para martillo de Bryan,,Bryan,Fer,5527
5528,2023-09-25 00:00:00.000000000,Mechanic Shop,Rodrigo,Oreilly,Filtros para camioneta de Rodrigo and Front Shocks,HSR4137,Rodrigo,Fer,5528
5529,2023-09-25 00:00:00.000000000,Mechanic Shop,Rodrigo,Oreilly,Batterias para komatsu PC 200 20044,20044,KOMATSU PC 200,Fer,5529
5530,2023-09-25 00:00:00.000000000,Mechanic Shop,Abel,Bobcat,Partes para tractor de Julian,,Julian,Fer,5530
5531,2023-09-25 00:00:00.000000000,Mechanic Shop,Rodrigo,Oreilly,Filtros para camioneta de Alejandro,,Alejandro,Fer,5531
5532,2023-09-26 00:00:00.000000000,Mechanic Shop,Rodrigo,Oreilly,Frenos para camioneta de Rodrigo,,Rodrigo,Fer,5532
5533,2023-09-26 00:00:00.000000000,Mechanic Shop,Abel,Capitol Bearing,Mangueras para bobcat de Traques de Duncan,,Duncan ,Fer,5533
5534,2023-09-27 00:00:00.000000000,Mechanic Shop,Abraham,Texcon,Diesel para camioneta SPARE 5,,SAPRE 5,Fer,5534
5535,2023-09-27 00:00:00.000000000,Mechanic Shop,Rodrigo,Texcon,Gasolina para camioneta de Rodrigo,,Rodrigo,Fer,5535
5536,2023-09-27 00:00:00.000000000,Mechanic Shop,Abel,Texcon,Diesel para camion de Abel,,Abel,Fer,5536
5537,2023-09-28 00:00:00.000000000,Mechanic Shop,Rodrigo,Oreilly,Soldadura para walk behind de Carlos/Victor/Omar,,Yard,Fer,5537
5538,2023-09-28 00:00:00.000000000,Mechanic Shop,Rodrigo,Oreilly,Bateria para skid steer 200424,200424,Red River,Fer,5538
5539,2023-10-02 00:00:00.000000000,Mechanic Shop,Abraham,Komatsu,Kit de sellos para komatsu 360,,PC 360,Fer,5539
5540,2023-10-02 00:00:00.000000000,Mechanic Shop,Abraham,Bobcat,Filtros para mini escavadora de Ricardo,2004168,Ricardo,Fer,5540
5541,2023-10-02 00:00:00.000000000,Mechanic Shop,Rodrigo,Oreilly,Balatas y switch de ignicion para Dump truck ,,Dump Truck VIN # 6121,Fer,5541
5542,2023-10-02 00:00:00.000000000,Mechanic Shop,Ulises,Texcon,Diesel para camion de Ulises,,Ulises,Fer,5542
5543,2023-10-02 00:00:00.000000000,Mechanic Shop,Ulises,Capitol Bearing,Coples fettings ,Bobcat ,Alvaro,Fer,5543
5544,2023-10-03 00:00:00.000000000,Mechanic Shop,Rodrigo,Oreilly,"Luces porta placa para camioneta de Alvaro, Gerardo y Francisco",,"Alvaro, Gerardo, Francisco",Fer,5544
5545,2023-10-04 00:00:00.000000000,Mechanic Shop,Abel,Oreilly,Aceite hidraulico para bobcat de Alvaro,,Alvaro,Fer,5545
5546,2023-10-04 00:00:00.000000000,Mechanic Shop,Ulises,Bobcat,Fettings para bobcat de Bryan y reserva,,Bryan,Fer,5546
5547,2023-10-05 00:00:00.000000000,Mechanic Shop,Rodrigo,Oreilly,Aceite hidraulico para el taller,,Yard,Fer,5547
5548,2023-10-05 00:00:00.000000000,Mechanic Shop,Abel,Capitol Bearing,Manguera para Komatsu PC 360,,PC 360,Fer,5548
5549,2023-10-05 00:00:00.000000000,Mechanic Shop,Ulises,Capitol Bearing,Conectores y adaptadores para dump truck de Red River,,Dump Truck VIN # 0415,Fer,5549
5550,2023-10-06 00:00:00.000000000,Mechanic Shop,Ulises,Texcon,Diesel para camion de Ulises,,Ulises,Fer,5550
5551,2023-10-06 00:00:00.000000000,Mechanic Shop,Abel,Oreilly,Wipers y mirrow para dump truck de Red River,,River,Fer,5551
5552,2023-10-06 00:00:00.000000000,Mechanic Shop,Abraham,Bobcat,Partes para bobcat de Daniel y de la yarda,,Abraham,Fer,5552
5553,2023-10-06 00:00:00.000000000,Mechanic Shop,Abel,Bobcat,Traques para bobcat de Lupe,,,Fer,5553
5554,2023-10-06 00:00:00.000000000,Mechanic Shop,Rodrigo,Orreilly,Standard Ignition Starter Switch ,,New Dump truck ,Fer,5554
5555,2023-10-06 00:00:00.000000000,Mechanic Shop,Rodrigo,Orreilly,"Bateria para bobcat, back hoe y luces para don Lalo",,,Fer,5555
5556,2023-10-09 00:00:00.000000000,Mechanic Shop,Ulises,Texcon,Diesel para camioneta de Carlos,,Carlos,Fer,5556
5557,2023-10-09 00:00:00.000000000,Mechanic Shop,Jack ,Texcon,Diesel para camion de Jack,,Jack,Fer,5557
5558,2023-10-09 00:00:00.000000000,Mechanic Shop,Abraham,Texcon,Diesel para camioneta de Alvaro,HZJ4414,Alvaro,Fer,5558
5559,2023-10-09 00:00:00.000000000,Mechanic Shop,Abel,Bobcat,Piezas para bobcat de Ricardo ,,Ricardo,Fer,5559
5560,2023-10-09 00:00:00.000000000,Mechanic Shop,Rodrigo,Matheson,Boquilla para antorcha de Abraham,,Abraham,Fer,5560
5561,2023-10-09 00:00:00.000000000,Mechanic Shop,Abel,Leif Johnson Ford,Piesas para camioneta de Rudy de mexico ,,Rudy,Fer,5561
5562,2023-10-11 00:00:00.000000000,Mechanic Shop,Abraham,Texcon,Gasolina para el taller,,Yard,Fer,5562
5563,2023-10-11 00:00:00.000000000,Mechanic Shop,Rodrigo,Oreilly,Candado para camioneta de Daniel y extencion para Ulises,,Daniel/ Ulises,Fer,5563
5564,2023-10-11 00:00:00.000000000,Mechanic Shop,Abraham,Ace Contructors,Cordon para tiron de generador de Bryan,,Bryan,Fer,5564
5565,2023-10-11 00:00:00.000000000,Mechanic Shop,Ulises,Texcon,Disel para camion de Ulises,,Ulises,Fer,5565
5566,2023-10-11 00:00:00.000000000,Mechanic Shop,Ulises,Oreilly,Bateria para generador de Bryan ,,Bryan,Fer,5566
5567,2023-10-11 00:00:00.000000000,Mechanic Shop,Rodrigo,Oreilly,Filtros para trola de luz,,,Fer,5567
5568,2023-10-12 00:00:00.000000000,Mechanic Shop,Abel,Capitol Bearing,,,,Fer,5568
5569,2023-10-12 00:00:00.000000000,Mechanic Shop,Ulises,Capitol Bearing,Manguera para martillo de Ricardo,,Ricardo,Fer,5569
5570,2023-10-13 00:00:00.000000000,Mechanic Shop,Rodrigo,Leos,Gasolina para camioneta de Rodrigo,,Rodrigo,Fer,5570
5571,2023-10-13 00:00:00.000000000,Mechanic Shop,Abel,Texcon,Diesel para camion de Abel,,Abel,Fer,5571
5572,2023-10-13 00:00:00.000000000,Mechanic Shop,Abel,Oreilly,Partes ,,,Fer,5572
5573,2023-10-13 00:00:00.000000000,Mechanic Shop,Abel,Capitol Bering,Piezas para bobcat de Gerardo,,Gerardo,Fer,5573
5574,2023-10-13 00:00:00.000000000,Mechanic Shop,Abraham,Bobcat,Gasket y sellos para bobcat Guerrero,,Guerrero,Fer,5574
5575,2023-10-14 00:00:00.000000000,Mechanic Shop,Rodrigo,Orreilly,Filtros para camioneta de Alejandro,,Alejandro,Fer,5575
5576,2023-10-16 00:00:00.000000000,Mechanic Shop,Ulises,Texcon,Diesel para camioneta de Ulises,,Ulises,Fer,5576
5577,2023-10-16 00:00:00.000000000,Mechanic Shop,Abraham,Texcon,Diesel para camioneta de Isidro Sanchez,,Isidro Sanchez,Fer,5577
5578,2023-10-17 00:00:00.000000000,Mechanic Shop,Abraham,Ace Contructors,Rotomartillo para jack,,,Fer,5578
5579,2023-10-18 00:00:00.000000000,Mechanic Shop,Abel,Leif Johnson Ford,"Tuvos, gasket y tornillos y caga",,,Fer,5579
5580,2023-10-18 00:00:00.000000000,Mechanic Shop,Abel,Bobcat,Cilindros para bobcat de Bryan ,,Bryan,Fer,5580
5581,2023-10-18 00:00:00.000000000,Mechanic Shop,Abel,Bobcat,Gasket y empaques para bobcat de Guerrero,,Yard,Fer,5581
5582,2023-10-18 00:00:00.000000000,Mechanic Shop,Rodrigpo,Oreilly,Filtros para camioneta de Tacho,,Tacho,Fer,5582
5583,2023-10-18 00:00:00.000000000,Mechanic Shop,Rodrigpo,Oreilly,Baterias para camioneta  SPARE 2,,SPARE 2,Fer,5583
5584,2023-10-18 00:00:00.000000000,Mechanic Shop,Rodrigpo,Oreilly,Filtros para camioneta de KARLA,,KARLA,Fer,5584
5585,2023-10-18 00:00:00.000000000,Mechanic Shop,Abel,Oreilly,Candados para Loader CAT 953,,Raul,Fer,5585
5586,2023-10-18 00:00:00.000000000,Mechanic Shop,Ulises,Bobcat,Fettings para bobcat de Francsico,,Francisco,Fer,5586
5587,2023-10-19 00:00:00.000000000,Mechanic Shop,Ulises,Oreilly,Partes para ,,Ulises,Fer,5587
5588,2023-10-19 00:00:00.000000000,Mechanic Shop,Abel,Texcon,Diesel para camioneta de Abel,,Abel,Fer,5588
5589,2023-10-19 00:00:00.000000000,Mechanic Shop,Jack ,Texcon,Diesel para camioneta de Jack,,Jack,Fer,5589
5590,2023-10-20 00:00:00.000000000,Mechanic Shop,Rodrigo,Ace Contructors,Material para Elroy,,Elroy,Fer,5590
5591,2023-10-20 00:00:00.000000000,Mechanic Shop,Abel,Leif Johnson Ford,Partes para camioneta de Alvaro,,Alvaro,Fer,5591
5592,2023-10-20 00:00:00.000000000,Mechanic Shop,Abel,Oreiily,Partes para camioneta de Daniel,,Daniel,Fer,5592
5593,2023-10-23 00:00:00.000000000,Mechanic Shop,Abel,Capotol Bering ,Manguera para bobcat de Omar,,Omar,Fer,5593
5594,2023-10-23 00:00:00.000000000,Mechanic Shop,Rodrigo,Orreily,Oil pressure sensor para camioneta de Alonso,,Alonso,Fer,5594
5595,2023-10-23 00:00:00.000000000,Mechanic Shop,Ulises,Texcon,Diesel para camioneta de Ulises,,Ulises,Fer,5595
5596,2023-10-24 00:00:00.000000000,Mechanic Shop,Rodrigo ,Orreilly,Antifreze para mini escavadora,,MINI de Lupe,Fer,5596
5597,2023-10-24 00:00:00.000000000,Mechanic Shop,Rodrigo ,Orreilly,Antifreze para camioneta de Alvaro y Daniel,,Alvaro y Daniel,Fer,5597
5598,2023-10-24 00:00:00.000000000,Mechanic Shop,Abraham,Matheson,Relleno de tanque para soldadura,,Abraham,Fer,5598
5599,2023-10-25 00:00:00.000000000,Mechanic Shop,Abraham,Bobcat,Tuberia para bobcat de Ricardo,,Ricardo,Fer,5599
5600,2023-10-25 00:00:00.000000000,Mechanic Shop,Abraham,Bobcat,Filtros para bobcat de Jose A. Zamarripa,,Zamarripa,Fer,5600
5601,2023-10-25 00:00:00.000000000,Mechanic Shop,Ulises,Capitol Bering,Manguera para bobcat de Carlos,,Carlos,Fer,5601
5602,2023-10-25 00:00:00.000000000,Mechanic Shop,Alberto,Leos,Gasolina para camioneta de Rodrigo,,Rodrigo,Fer,5602
5603,2023-10-25 00:00:00.000000000,Mechanic Shop,Abel,Orreilly,Baterias para camioneta de Julian y sensor para Alberto,,Alberto,Fer,5603
5604,2023-10-26 00:00:00.000000000,Mechanic Shop,Abraham,Bobcat,Banda para bobcat de Guerrero,,Guerrero/Yard,Fer,5604
5605,2023-10-28 00:00:00.000000000,Mechanic Shop,Rodrigo,Oreilly,Antifreeze tester,,Yard,Fer,5605
5606,2023-10-28 00:00:00.000000000,Mechanic Shop,Rodrigo,Oreilly,Antifreeze para las camionetas,,Yard,Fer,5606
5607,2023-10-30 00:00:00.000000000,Mechanic Shop,Ulises,Oreilly,Antifreeze para la maquinaria,,Shop,Fer,5607
5608,2023-10-30 00:00:00.000000000,Mechanic Shop,Abel,Oreilly,Antifreeze para la maquinaria,,Yard,Fer,5608
5609,2023-10-31 00:00:00.000000000,Mechanic Shop,Jack ,Texcon,Diesel para camioenta de Jacob,,Jack,Fer,5609
5610,2023-10-27 00:00:00.000000000,Mechanic Shop,Rodrigo,Home Depot,Pintura y discos de desbaste para nuevo dump truck,,Yard,Fer,5610
5611,2023-10-27 00:00:00.000000000,Mechanic Shop,Abel,Capitol Bering,Manguera para back hoe John Deer,,John Deer,Fer,5611
5612,2023-10-27 00:00:00.000000000,Mechanic Shop,Abel,Oreilly,Aceite hidraulico para bobcat de Guerrero,,Bobca Guerrero,Fer,5612
5613,2023-10-27 00:00:00.000000000,Mechanic Shop,Rodrigo,Oreilly,Filtros para camioneta de Jose Luis ,,Jose Luis Zamarripa,Fer,5613
5614,2023-10-31 00:00:00.000000000,Mechanic Shop,Abarham,Texcon,Diesel para camion de Isidro,,Isidro,Fer,5614
5615,2023-10-31 00:00:00.000000000,Mechanic Shop,Rodrigo,Texcon,Gasolina para camioneta de Rodrigo,,Rodrigo,Fer,5615
5616,2023-10-31 00:00:00.000000000,Mechanic Shop,Abel,Texcon,Diesel para camion de Abel,,Abel,Fer,5616
5617,2023-10-31 00:00:00.000000000,Mechanic Shop,Ulises,Texcon,Diesel para camion de Ulises,,Ulises,Fer,5617
5618,2023-10-20 00:00:00.000000000,MFO,Rodrigo,Home Depot,"Hammer Drill, 2 drill bit para Jack",,Jack,Fer,5618
5619,2023-11-01 00:00:00.000000000,Mechanic Shop,Rodrigo,Oreilly,Antifreeze para la yarda y cinta negra,,Yard,Fer,5619
5620,2023-11-01 00:00:00.000000000,Mechanic Shop,Rodrigo,Oreilly,Luces para camioneta de Daniel,,Daniel,Fer,5620
5621,2023-11-01 00:00:00.000000000,Mechanic Shop,Rodrigo,Leif Johnson Ford,Seatbelt para camioneta de Daniel,,Daniel Ortega,Fer,5621
5622,2023-11-02 00:00:00.000000000,Mechanic Shop,Rodrigo,Oreilly,"Hydraulic oil para la yarda, connectores para la traila",,Yard,Fer,5622
5623,2023-11-02 00:00:00.000000000,Mechanic Shop,Abel,Hydraulic House ,Manguera para martillo de Francisco,,Francisco,Fer,5623
5624,2023-11-02 00:00:00.000000000,Mechanic Shop,Rodrigo,Texcon,Diesel para camioneta de Carlos Diaz,,Carloz Diaz,Fer,5624
5625,2023-11-03 00:00:00.000000000,Mechanic Shop,Rodrigo,Oreilly,Luz para camioneta de Fernando,,Fernando,Fer,5625
5626,2023-11-03 00:00:00.000000000,Mechanic Shop,Ulises,Oreilly,Frenos para camioenta de Ulises,,Ulises,Fer,5626
5627,2023-11-03 00:00:00.000000000,Mechanic Shop,Abel,Oreilly,Antifreeze para tractor de Julian,,Julian,Fer,5627
5628,2023-11-03 00:00:00.000000000,Mechanic Shop,Abel,Komatsu,Espejos para komatsu PC360,,Lupe,Fer,5628
5629,2023-11-03 00:00:00.000000000,Mechanic Shop,Abel,Bobcat,Orings y plato para bobcat ,,Yard,Fer,5629
5630,2023-11-03 00:00:00.000000000,Mechanic Shop,Rodrigo,Leos-Texcon,Gasolina para camioneta de Feranadno,,Fernando,Fer,5630
5631,2023-11-06 00:00:00.000000000,Mechanic Shop,Abel,Capitol Bering,Manguera para Dozer 953 Round Rock,,Lupe,Fer,5631
5632,2023-11-07 00:00:00.000000000,Mechanic Shop,Rodrigo,Oreilly,Terminal window switch for Daniel's truck,,Daniel,Fer,5632
5633,2023-11-07 00:00:00.000000000,Mechanic Shop,Abel,Texcon,Diesel para camion de Abel,,Abel,Fer,5633
5634,2023-11-07 00:00:00.000000000,Mechanic Shop,Rodrigo,Texcon,Gasolina para camioenta de Rodrigo,,Rodrigo,Fer,5634
5635,2023-11-07 00:00:00.000000000,Mechanic Shop,Rodrigo,Oreilly,Baterias para camioenta SPARE 4,,SPARE 4,Fer,5635
5636,2023-11-08 00:00:00.000000000,Mechanic Shop,Rodrigo,Oreilly,Filtros para Camioneta de Isidro Sanchez,,Isidro Sanchez,Fer,5636
5637,2023-11-08 00:00:00.000000000,Mechanic Shop,Rodrigo,Oreilly,Baterias para water truck,,Water truck,Fer,5637
5638,2023-11-08 00:00:00.000000000,Mechanic Shop,Rodrigo,Oreilly,Oil Filter Strap wrench para Mini dump truck ,,Mini Dump truck ,Fer,5638
5639,2023-11-08 00:00:00.000000000,Mechanic Shop,Ulises,Bobcat,Banda para bobcat de Ruben y filtros para la yarda,,Ruben,Fer,5639
5640,2023-11-08 00:00:00.000000000,Mechanic Shop,Abraham,Matheson,Relleno de tanque para soldadura,,Abraham/Jesus,Fer,5640
5641,2023-11-07 00:00:00.000000000,Mechanic Shop,Rodrigo,Texcon,Diesel para camioneta SPARE 2 ,,SPARE 2,Fer,5641
5642,2023-11-09 00:00:00.000000000,Mechanic Shop,Abel,Bobcat,Cilindros para bobcat de traques ,,Tracker Bobcat,Fer,5642
5643,2023-11-09 00:00:00.000000000,Mechanic Shop,Abel,Leif Johnson Ford,Panel para nuevo dump truck FORD 06,,Dump truck FORD,Fer,5643
5644,2023-11-09 00:00:00.000000000,Mechanic Shop,Ulises,Texcon,Diesel para camion de Ulises,,Ulises,Fer,5644
5645,2023-11-09 00:00:00.000000000,Mechanic Shop,Rodrigo,Oreilly,Frenos para camioneta Mechanical Spare y amortiguadores,,Mechanical Spare/ Abraham,Fer,5645
5646,,MFO,Javier,Home Depot,Material para la yarda,,Javier,Fer,5646
5647,2023-11-10 00:00:00.000000000,MFO,Jack ,Texcon,Diesel para camioenta de Jacob,,Jacob,Fer,5647
5648,2023-11-10 00:00:00.000000000,Mechanic Shop,Rodrigo,Oreilly,Filtros para camioneta de Bryan,,Ricardo,Fer,5648
5649,2023-11-10 00:00:00.000000000,Mechanic Shop,Rodrigo,Oreilly,Filtros para camioneta de Bryan,,Bryan,Fer,5649
5650,2023-11-13 00:00:00.000000000,Mechanic Shop,Rodrigo,Oreilly,Filtros para camioneta de Hugo,,Hugo,Fer,5650
5651,2023-11-13 00:00:00.000000000,Mechanic Shop,Rodrigo,Texcon,Gasolina para camioneta de Rodrigo,,Rodrigo,Fer,5651
5652,2023-11-14 00:00:00.000000000,Mechanic Shop,Rodrigo,Leif Johnson Ford,Radiador para camioenta de Abel,,Abel,Fer,5652
5653,2023-11-14 00:00:00.000000000,Mechanic Shop,Rodrigo,Oreilly,Filtros para camioenta de Abel,,Abel,Fer,5653
5654,2023-11-14 00:00:00.000000000,Austin Constructos ,Alberto,Texcon,Gasolina para camioenta de Alberto,,ALBERTO,Fer,5654
5655,2023-11-15 00:00:00.000000000,Mechanic Shop,Rodrigo,Oreilly,Filtros y frenos para camioneta de Raul,,Raul,Fer,5655
5656,2023-11-15 00:00:00.000000000,Mechanic Shop,Rodrigo,Oreilly,Bomba de agua para camioneta de Raul,,Raul,Fer,5656
5657,2023-11-15 00:00:00.000000000,Mechanic Shop,Rodrigo,Oreilly,"Pintura para la yarda, goseneck, trailas ",,Yard,Fer,5657
5658,2023-11-16 00:00:00.000000000,Mechanic Shop,Ulises,Texcon,Diesel para camion de Ulises,,Ulises,Fer,5658
5659,2023-11-17 00:00:00.000000000,Mechanic Shop,Jose A. Zamarripa/Abel,Ace Contructors/Orreilly,Quickly saw/Bateria para camioneta de Abel,,Jose A. Zamarripa/Abel,Fer,5659
5660,2023-11-17 00:00:00.000000000,Mechanic Shop,Abel,Leif Johnson Ford,"Termostato y gasket para camioneta de Raul, Purge valve para camioneta de Allan",,Raul y Allan,Fer,5660
5661,2023-11-17 00:00:00.000000000,Mechanic Shop,Rodrigo,Oreilly,Filtros para camioneta de Victor,,Victor,Fer,5661
5662,2023-11-17 00:00:00.000000000,Mechanic Shop,Rodrigo,Oreilly,Filtros para camioneta de Isidro Garcia,,Ricardo Garcia,Fer,5662
5663,2023-11-17 00:00:00.000000000,Mechanic Shop,Rodrigo,Leos,Gasolina para camioneta de Rodrigo,,Rodrigo,Fer,5663
5664,2023-11-17 00:00:00.000000000,Mechanic Shop,Abel,Leif Johnson Ford,Tanque de Aceite para el Taller,,Yard,Fer,5664
5665,2023-11-17 00:00:00.000000000,Mechanic Shop,Abel,Leif Johnson Ford,,,,Fer,5665
5666,2023-11-18 00:00:00.000000000,Mechanic Shop,Rodrigo,Texcon,Gasolina para tanques de la yarda,,Yarda,Fer,5666
5667,2023-11-20 00:00:00.000000000,Mechanic Shop,Alberto,Texcon,Gasolina para camionea de Alberto,,Alberto,Fer,5667
5668,2023-11-20 00:00:00.000000000,Mechanic Shop,Rodrigo,Oreilly,bolla de 2'' para trailer hitch de camioneta de Jack,,Jack,Fer,5668
5669,2023-11-20 00:00:00.000000000,Mechanic Shop,Rodrigo,Oreilly,Filtros para camioneta spare 2,,SPARE 2,Fer,5669
5670,2023-11-21 00:00:00.000000000,MFO,Javier Muniz,Texcon,Diesel para camioneta de Jack,,Jack,Fer,5670
5671,2023-11-21 00:00:00.000000000,Mechanic Shop,Rodrigo,Leif Johnson Ford,Ventiladores para camioneta de Raul,,Raul,Fer,5671
5672,2023-11-21 00:00:00.000000000,Mechanic Shop,Rodrigo,Texcon,Gasolina para camioneta de Rodrigo,,Rodrigo,Fer,5672
5673,2023-11-22 00:00:00.000000000,Mechanic Shop,Ulises,Texcon,Diesel para camion de Ulises,,Ulises,Fer,5673
5674,2023-11-22 00:00:00.000000000,Mechanic Shop,Rodrigo / Abraham,Oreilly / Texcon,Aceite de transmicion para camioneta de Rudy / Diesel para camion de Abraham,,Rudy / Abraham,Fer,5674
5675,2023-11-22 00:00:00.000000000,Mechanic Shop,Abel,Oreilly,4 WIPERS,,Abel,Fer,5675
5676,2023-11-22 00:00:00.000000000,Mechanic Shop,Abel,Texcon,Diesel para camion de Abel,,Abel,Fer,5676
5677,2023-11-27 00:00:00.000000000,Mechanic Shop,Abel,Capitol Bering,Grease pump and plate,,Abel,Fer,5677
5678,2023-11-27 00:00:00.000000000,Mechanic Shop,Abel,Bobcat, One track  and 2 break disc,,Abel,Fer,5678
5679,2023-11-27 00:00:00.000000000,Mechanic Shop,Abel,Anderson Equipment,Housing Filter,,Abel,Fer,5679
5680,2023-11-28 00:00:00.000000000,MFO,Javier Muniz,Texcon,Diesel para camioneta de Jack,,Jack,Fer,5680
5681,2023-11-29 00:00:00.000000000,Mechanic Shop,Abel ,Orelly,Aceite hidraulico para bobcat de Zamarripa,,Jose A. Zamarripa,Fer,5681
5682,2023-11-29 00:00:00.000000000,Austin Constructos ,Alberto,Texcon,Gasolina para camioneta de Alberto,,Alberto,Fer,5682
5683,2023-11-29 00:00:00.000000000,Mechanic Shop,Rodrigo,Oreilly,Aceite hidraulico para sheep foot y Ulises,,Sheep foot y Ulises,Fer,5683
5684,2023-11-29 00:00:00.000000000,Mechanic Shop,Abel ,Capitol Bering,fettings para bobcat de Zamarripa,,Zamarripa,Fer,5684
5685,2023-11-29 00:00:00.000000000,Mechanic Shop,Abel,Bobcat,"conecxiones para tractores, pines para radiador  ",,Abel,Fer,5685
5686,2023-11-29 00:00:00.000000000,Mechanic Shop,Abel,Bobcat,Broca para auger de 12 pulgadas,,Yard,Fer,5686
5687,2023-11-29 00:00:00.000000000,Mechanic Shop,Rodrigo,Orreilly,Filtros para camioneta spare 5,,Spare 5,Fer,5687
5688,2023-11-30 00:00:00.000000000,Mechanic Shop,Ulises,Texcon,Diesel para camionet de Ulsies,,Ulises,Fer,5688
5689,2023-11-30 00:00:00.000000000,Mechanic Shop,Abraham,Texcon,Diesel y gasolina para camioneta de Abarham ,,Abraham,Fer,5689
5690,2023-11-30 00:00:00.000000000,Mechanic Shop,Rodrigo,Orreilly,Filtros para camioneta Mechanical spare ,CKB2123,Abraham,Fer,5690
5691,2023-11-30 00:00:00.000000000,Mechanic Shop,Rodrigo,Orreilly,Hand cleaner para el taller,,Yard / Work shop,Fer,5691
5692,2023-11-30 00:00:00.000000000,Mechanic Shop,Abel,Texcon,Diesel para camion de Abel,,Abel,Fer,5692
5693,2023-11-30 00:00:00.000000000,Mechanic Shop,Abel,Bobcat,Dientes para bobcat ,,,Fer,5693
5694,2023-12-01 00:00:00.000000000,Mechanic Shop,Ulises,Oreilly,Baterias para camioneta de Julian,,Julian,Fer,5694
5695,2023-12-01 00:00:00.000000000,Mechanic Shop,Rodrigo,Oreilly,Filtros para camioneta de Martin,,Martin,Fer,5695
5696,2023-12-01 00:00:00.000000000,Mechanic Shop,Rodrigo,Leif Johnson Ford,Frenos para camioneta de Martin,,Martin,Fer,5696
5697,2023-12-01 00:00:00.000000000,Mechanic Shop,Rodrigo,Oreilly,Filtros para camioneta de Jose A  Zamarripa,,Zamarripa,Fer,5697
5698,2023-12-04 00:00:00.000000000,Mechanic Shop,Ulises,Oreilly,Partes para mini escavadora de Isidro,,Iisidro Sanchez,Fer,5698
5699,2023-12-04 00:00:00.000000000,Mechanic Shop,Rodrigo,Oreilly,Candados para message board ,,Yard,Fer,5699
5700,2023-12-05 00:00:00.000000000,Mechanic Shop,Rodrigo,Oreilly,Filtros para camioneta de Ulises,,Ulises,Fer,5700
5701,2023-12-05 00:00:00.000000000,Mechanic Shop,Rodrigo,Texcon,Gasolina para camioneta de Rodrigo,,Rodrigo,Fer,5701
5702,2023-12-05 00:00:00.000000000,Mechanic Shop,Abel,Oreilly,Filtros para dump truck verde ,,Yard,Fer,5702
5703,2023-12-06 00:00:00.000000000,Mechanic Shop,Ulises,Bobcat,Banda de motor para bobcat 200423,,Red River Yard,Fer,5703
5704,2023-12-06 00:00:00.000000000,Mechanic Shop,Rodrigo,Oreilly,Baterias para message board,,,Fer,5704
5705,2023-12-06 00:00:00.000000000,Mechanic Shop,Abel,Leif Johnson Ford,Gasket de motor para camioenta F150 de Rudy,,Rudy,Fer,5705
5706,2023-12-07 00:00:00.000000000,MFO,Javier,Texcon,Diesel para camioneta de Jack,,Jack,Fer,5706
5707,2023-12-07 00:00:00.000000000,Mechanic Shop,Ulises,Texcon,Diesel para camioneta de Ulises,,Ulises,Fer,5707
5708,2023-12-07 00:00:00.000000000,Mechanic Shop,Rodrigo,Leif Johnson Ford,Tie End Rod para camioneta de Alvaro driver links,,Alvaro,Fer,5708
5709,2023-12-07 00:00:00.000000000,Mechanic Shop,Ulises,Oreilly,Barra para camion de Ulises,,Ulises,Fer,5709
5710,2023-12-07 00:00:00.000000000,Mechanic Shop,Abel,Bobcat,Filtros para bobcat,,Lupe,Fer,5710
5711,2023-12-07 00:00:00.000000000,Mechanic Shop,Abraham,Texcon,Diesel para camion de Abraham,,Abraham,Fer,5711
5712,2023-12-07 00:00:00.000000000,Mechanic Shop,Abel,Oreilly,Aceite para maquinaria de Round Rock,,Abel,Fer,5712
5713,2023-12-08 00:00:00.000000000,Mechanic Shop,Rodrigo,Ace Contractors,2 Quikly saw para la yarda y rollos de emplaye ,,Yard,Fer,5713
5714,2023-12-08 00:00:00.000000000,Mechanic Shop,Abraham,Texcon,Disel para camion de Abraham,,Abraham,Fer,5714
5715,2023-12-08 00:00:00.000000000,Mechanic Shop,Rodrigo,Oreilly,Filstros para camioneta de Ruben,,Ruben ,Fer,5715
5716,2023-12-08 00:00:00.000000000,Mechanic Shop,Rodrigo,Oreilly,Filtros para camioenta de Gerardo,,Gerardo,Fer,5716
5717,2023-12-11 00:00:00.000000000,Mechanic Shop,Alberto,Texcon,Disel ,,Alberto,Fer,5717
5718,2023-12-11 00:00:00.000000000,Mechanic Shop,Rodrigo,Oreilly,Aceite y antifireeze para camioenta de Rudy,,Rudy,Fer,5718
5719,2023-12-11 00:00:00.000000000,Mechanic Shop,Abel,Oreilly,Bateria para bobcat de Ricardo,,Ricardo,Fer,5719
5720,2023-12-11 00:00:00.000000000,Mechanic Shop,Rodrigo,Oreilly,Bomba de Diesel para camioneta de Alvaro,,Alvaro,Fer,5720
5721,2023-12-12 00:00:00.000000000,Mechanic Shop,Rodrigo,Oreilly,Brushes para fibra de vidrio de Dump truck Green,,Green Dump Truck,Fer,5721
5722,2023-12-12 00:00:00.000000000,Mechanic Shop,Abel,Bobcat,traque de bobcat de round rock,,Lupe,Fer,5722
5723,2023-12-13 00:00:00.000000000,Mechanic Shop,Rodrigo,Oreilly,Filtros para camioneta Spare 6,,Spare 6,Fer,5723
5724,2023-12-13 00:00:00.000000000,Mechanic Shop,Ulises,Texcon,Diesel para camioneta de Ulises,,Ulises,Fer,5724
5725,2023-12-13 00:00:00.000000000,Mechanic Shop,Abel,Bobcat,Mangueras para bobcat 200423  ,,Alvaro,Fer,5725
5726,2023-12-14 00:00:00.000000000,Mechanic Shop,Abel,Leif Johnson Ford,Empaques de manguera de tanque de agua para camioenta de Rudy,,Rudy,Fer,5726
5727,2023-12-14 00:00:00.000000000,Mechanic Shop,Rodrigo,Texcon,Gasolina para camioneta de Rodrigo,,Rodrigo,Fer,5727
5728,2023-12-14 00:00:00.000000000,Mechanic Shop,Abel,Oreilly,Partes para camioneta de Omar,,Omar,Fer,5728
5729,2023-12-15 00:00:00.000000000,Mechanic Shop,Ulises,Oreilly,Baterias para Dump truck verde,,Green Dump truck,Fer,5729
5730,2023-12-14 00:00:00.000000000,Mechanic Shop,Rodrigo,Leif Johnson Ford,Empaques de tubo de turbo de camioneta Negra spare 6,,Spare 6,Fer,5730
5731,2023-12-15 00:00:00.000000000,Mechanic Shop,Javier,Texcon,Diesel para camion de Jack ,,Jack,Fer,5731
5732,2023-12-15 00:00:00.000000000,Mechanic Shop,Rodrigo,Oreilly,Filtros para camioneta spare 2 ,,Spare 2,Fer,5732
5733,2023-12-15 00:00:00.000000000,Mechanic Shop,Abel,Capitol Bering,Empaques para cilindro de dump truck,,Abel,Fer,5733
5734,2023-12-18 00:00:00.000000000,Mechanic Shop,Abraham,Texcon,Diesel para camioneta de Abraham y gasolina para la yarda,,Abraham ,Fer,5734
5735,2023-12-18 00:00:00.000000000,Mechanic Shop,Rodrigo,Texcon,Gasolina para camioneta spare 7,,Spare 7,Fer,5735
5736,2023-12-19 00:00:00.000000000,Mechanic Shop,Ulises,Texcon,Diesel para camion de Ulises,,Ulises,Fer,5736
5737,2023-12-20 00:00:00.000000000,Mechanic Shop,Rodrigo,Oreilly,Filtros para camioneta de Jose Luis Z.,,Jose Luis Z.,Fer,5737
5738,2023-12-20 00:00:00.000000000,Mechanic Shop,Alberto ,Texcon,Gasolina para camioneta de Alberto,,Alberto,Fer,5738
5739,2023-12-20 00:00:00.000000000,Mechanic Shop,Ulises,Oreilly,Sello para camioneta de Ulises,,Ulises,Fer,5739
5740,2023-12-21 00:00:00.000000000,Mechanic Shop,Rodrigo,Oreilly,Aceite para diferencial para camioneta de Ulises,,Ulises,Fer,5740
5741,2023-12-21 00:00:00.000000000,Mechanic Shop,Ulises,Bobcat,Plato para bobcat de Ruben,,Ruben ,Fer,5741
5742,2023-12-21 00:00:00.000000000,Mechanic Shop,Rodrigo,Oreilly,"Relay, clavijas para mini escavadora 304 de Elroy",,ELROY,Fer,5742
5743,2023-12-22 00:00:00.000000000,Mechanic Shop,Rodrigo,Oreilly,Fusible para camioneta spare 8,,SPARE 8,Fer,5743
5744,2023-12-22 00:00:00.000000000,Mechanic Shop,Abel,Leif Johnson Ford,"Sensor de temperatura, filtro de particula, tubo de turno, pump DEF",,Jose Luis Z.,Fer,5744
5745,2023-12-22 00:00:00.000000000,Mechanic Shop,Abel,Leif Johnson Ford,"Berings de diferencial, engranes de diferencial, sellos del diferencial",,Rodrigo,Fer,5745
5746,2023-12-22 00:00:00.000000000,Mechanic Shop,Rodrigo,Bobcat,Filtros de aire para bobcat de Ruben y bobcat de Wheless,,"Ruben, Wheless",Fer,5746
5747,2023-12-22 00:00:00.000000000,Mechanic Shop,Rodrigo,Oreilly,Filtros para camioneta de Daniel,,Daniel,Fer,5747
5748,2024-01-02 00:00:00.000000000,Mechanic Shop,Abraham,Texcon,Diesel para camion de Abarham,,Mechanical Truck,Fer,5748
5749,2024-01-03 00:00:00.000000000,Mechanic Shop,Ulises,Capitol Bering,Fittign y manguera para bobcat ,,Yard,Fer,5749
5750,2024-01-03 00:00:00.000000000,Mechanic Shop,Rodrigo,Bobcat,Sellos para mini escavadora y filtros ,,Yard,Fer,5750
5751,2024-01-03 00:00:00.000000000,Mechanic Shop,Rodrigo,Bobcat,Parte para bobcat de la yarda,,Yard,Fer,5751
5752,2024-01-04 00:00:00.000000000,Mechanic Shop,Ulises,Bobcat,Partes para bobcat de traques y de Daniel,,Yard/ Daniel,Fer,5752
5753,2024-01-04 00:00:00.000000000,Mechanic Shop,Rodrigo,Texcon,Gasolina para camioneta de Rodrigo,,Rodrigo,Fer,5753
5754,2024-01-05 00:00:00.000000000,Mechanic Shop,Ulises,Texcon,Diesel para camion de Ulises,,Ulises,Fer,5754
5755,2024-01-05 00:00:00.000000000,Mechanic Shop,Javier,texcon,Soldadura para Jesus,,Jesus/ Guerrero,Fer,5755
5756,2024-01-05 00:00:00.000000000,Mechanic Shop,Alberto,texcon,Gasolina para camioneta de Alberto,,Alberto,Fer,5756
5757,2024-01-05 00:00:00.000000000,Mechanic Shop,Rodrigo,Oreilly,Filtros para camioneta de Jack,,Jack,Fer,5757
5758,2024-01-05 00:00:00.000000000,Mechanic Shop,Abraham,Komatsu,Pintura para escavadora PC200,,PC200,Fer,5758
5759,2024-01-08 00:00:00.000000000,Mechanic Shop,Abel,Oreilly,Bateria para dozer Komatsu ,,Yard,Fer,5759
5760,2024-01-08 00:00:00.000000000,Mechanic Shop,Rodrigo,Ace Contractors,Herramienta para nuevo foreman,,Yard,Fer,5760
5761,2024-01-08 00:00:00.000000000,Mechanic Shop,Rodrigo,Oreilly,Bulbos para el taller,,Yard,Fer,5761
5762,2024-01-08 00:00:00.000000000,Mechanic Shop,Javier,LEOS,Gasolina para camioneta de Javier,,Javier,Fer,5762
5763,2024-01-08 00:00:00.000000000,Mechanic Shop,Ulises,Oreilly,Bateria para bobcat de Julian,,Julian,Fer,5763
5764,2024-01-09 00:00:00.000000000,Mechanic Shop,Texcon,Jack,Diesel para camioneta de Jak,,Jack,Fer,5764
5765,2024-01-09 00:00:00.000000000,Mechanic Shop,Montopolis,Jack,Pijas para cerca de Guerrero,,Guerrero,Fer,5765
5766,2024-01-08 00:00:00.000000000,Mechanic Shop,Rodrigo,Leif Johnson,Mangueras y spayas para camioenta de Gerardo,,Gerardo,Fer,5766
5767,2024-01-09 00:00:00.000000000,Mechanic Shop,Rodrigo,Texcon,Gasolina para camioneta de Rodrigo,,Rodrigo,Fer,5767
5768,2024-01-09 00:00:00.000000000,Mechanic Shop,Rodrigo,Holt Cat ,Valve para mini excavadora 304 de Elroy y Roller tracker para 308 ,,Yard- SHOP ,Fer,5768
5769,2024-01-10 00:00:00.000000000,Mechanic Shop,Abraham,Oreilly,Baterias para camion dump truck de Round Rock,,Lupe,Fer,5769
5770,2024-01-10 00:00:00.000000000,Mechanic Shop,Abel,Texcon,Diesel para camion de Abel,,Abel,Fer,5770
5771,2024-01-10 00:00:00.000000000,Mechanic Shop,Rodrigo,Matheson,Impermeable para la yarda,,Yard,Fer,5771
5772,2024-01-10 00:00:00.000000000,Mechanic Shop,Rodrigo,Matheson,Cober para welding machine de Abel y Ulises,,Ulises y Abel,Fer,5772
5773,2024-01-10 00:00:00.000000000,Mechanic Shop,Abraham,Texcon,Diesel para camion de Abraham,,Abrahan,Fer,5773
5774,2024-01-10 00:00:00.000000000,Mechanic Shop,Rodrigo,Oreilly,Filtros para camioenta de Eduardo ,,Eduardo ,Fer,5774
5775,2024-01-11 00:00:00.000000000,Mechanic Shop,Rodrigo,Leif Johnson,Amortiguador de barra de direccion frontal para camioenta de Omar,,Omar,Fer,5775
5776,2024-01-11 00:00:00.000000000,Mechanic Shop,Abel,Bobcat,Solenoid para bobcat de yardita Red River,,Red River,Fer,5776
5777,2024-01-12 00:00:00.000000000,Mechanic Shop,Rodrigo,Capitol Bering,Fettings para mini excavadora CAT de Elroy ,,MINI CAT 304 ELROY,Fer,5777
5778,2024-01-12 00:00:00.000000000,Mechanic Shop,Alerto,Texcon,Gasolina para camioneta de Alberto,,Alberto,Fer,5778
5779,2024-01-12 00:00:00.000000000,Mechanic Shop,Abel,Capitol Bering,Conexiones de mangueras de martillos de Gerado ,,Gerardo,Fer,5779
5780,2024-01-13 00:00:00.000000000,Mechanic Shop,Rodrigo,Oreilly,Filtros para camioneta de Francisco,,Francisco,Fer,5780
5781,2024-01-15 00:00:00.000000000,Mechanic Shop,Rodrigo,Oreilly,Antifreeze para camionetas,,Yard,Fer,5781
5782,2024-01-16 00:00:00.000000000,Mechanic Shop,Abel,Leif Johnson,Manguera de antidreze tank a water pump de camioneta de Victor y barril de aceite para la yarda,,Victor,Fer,5782
5783,2024-01-17 00:00:00.000000000,Mechanic Shop,Abraham,Capitol Bering,Mangueras para Mini Dump truck y recojer PTU,,Mini Dump Truck,Fer,5783
5784,2024-01-17 00:00:00.000000000,Mechanic Shop,Abraham,Matheson,Soldadura para porton de Guerrero,,Guerrero,Fer,5784
5785,2024-01-17 00:00:00.000000000,Mechanic Shop,Ulises,Texcon,Diesel para camion de Ulises,,Ulises,Fer,5785
5786,2024-01-17 00:00:00.000000000,Mechanic Shop,Ulises,Oreilly,Baterias para small dump truck green one,,Green dump truck ,Fer,5786
5787,2024-01-17 00:00:00.000000000,Mechanic Shop,Abraham,Ace Contractors/ Montopolis,PTR y angulo para cerca de Guerrero ,,Guerrero,Fer,5787
5788,2024-01-17 00:00:00.000000000,Mechanic Shop,Abel,Bobcat,Partes para mini excavadora de la yard Mini Bobcat VIN# 7127,,MINI BOBCAT VIN # 7127,Fer,5788
5789,2024-01-17 00:00:00.000000000,Mechanic Shop,Rodrigo,Leif Johnson Ford,Amortiguadores para camioneta de Javier,,Javier,Fer,5789
5790,2024-01-18 00:00:00.000000000,Mechanic Shop,Abel,Texcon,Diesel para camion de Abel,,Abel,Fer,5790
5791,2024-01-18 00:00:00.000000000,Mechanic Shop,Rodrigo,Oreilly,"Primer para postes de guerrero, Aceite hidraulico para el taller",,Guerrero/ Shop,Fer,5791
5792,2024-01-18 00:00:00.000000000,Mechanic Shop,Rodrigo,Capitol Bering,Manguera para small dump truck ,,Dump Truck VIN # 2679,Fer,5792
5793,2024-01-18 00:00:00.000000000,Mechanic Shop,Rodrigo,Leif Jonson,Sensor Nox y sensor de inyecccion para camioneta de Jose Luis Z.,,Jose Luis Zamarripa,Fer,5793
5794,2024-01-19 00:00:00.000000000,Mechanic Shop,Rodrigo,Oreilly,Manguera de Turbo a intercooler para camioenta de Jose Luis Z.,,Jose Luis Zamarripa,Fer,5794
5795,2024-01-19 00:00:00.000000000,Mechanic Shop,Rodrigo,Oreilly,Filtros y aceite para camioenta de Rodrigo,,Rodrigo,Fer,5795
5796,2024-01-22 00:00:00.000000000,Mechanic Shop,Abel,Texcon,Diesel para camioenta de Jose Luis ,,Jose Luis ,Fer,5796
5797,2024-01-22 00:00:00.000000000,Mechanic Shop,Rodrigo,Oreilly,Thiner para traila de Ricardo,,Ricardo,Fer,5797
5798,2024-01-22 00:00:00.000000000,Mechanic Shop,Rodrigo,Oreilly,Filtros para camioneta de Alvaro,,Alvaro,Fer,5798
5799,2024-01-23 00:00:00.000000000,Mechanic Shop,Abraham,Texcon,Diesel para camion de Abraham,,Abraham,Fer,5799
5800,2024-01-23 00:00:00.000000000,Mechanic Shop,Alberto,Texcon,Gasolina para camioneta de Alberto,,Alberto,Fer,5800
5801,2024-01-23 00:00:00.000000000,Mechanic Shop,Rodrigo,Oreilly,Filtros para camioneta de Raul,,Raul,Fer,5801
5802,2024-01-23 00:00:00.000000000,Mechanic Shop,Rodrigo,Oreilly,Filtros para camioneta de Tacho,,Tacho,Fer,5802
5803,2024-01-23 00:00:00.000000000,Mechanic Shop,Rodrigo,Oreilly,Thiner para traila de Ricardo,,Ricardo,Fer,5803
5804,2024-01-24 00:00:00.000000000,Mechanic Shop,Ulises,Bobcat,Tornillo para bobcat de Isidro Sanchez,,Isidro Sanchez,Fer,5804
5805,2024-01-24 00:00:00.000000000,Mechanic Shop,Rodrigo,Oreilly,Antifreeze para camioneta de Tacho y wipers,,Tacho,Fer,5805
5806,2024-01-24 00:00:00.000000000,Mechanic Shop,Rodrigo,Oreilly,Bulbos para el taller,,Yard shop,Fer,5806
5807,2024-01-25 00:00:00.000000000,Mechanic Shop,Rodrigo,Bobcat,Partes para Bobcat 200488,,Bobcat 200488,Fer,5807
5808,2024-01-25 00:00:00.000000000,Mechanic Shop,Rodrigo,Texcon,Diesel para camioenta SPARE 7,,SPARE 7,Fer,5808
5809,2024-01-25 00:00:00.000000000,Mechanic Shop,Abel,Capitol Bering,Compresor para taller de la yarda,,Yard,Fer,5809
5810,2024-01-26 00:00:00.000000000,Mechanic Shop,Ulises,Capitol Bering ,Manguera para martillo de Jose A. Zamarripa ,,Jose A. Zamarripa,Fer,5810
5811,2024-01-26 00:00:00.000000000,Mechanic Shop,Ulises,Oreilly,Bateria para bobcat de Omar ,,Omar,Fer,5811
5812,2024-01-26 00:00:00.000000000,Mechanic Shop,Ulises,Texcon,Diesel para camioneta de Ulises,,Ulises,Fer,5812
5813,2024-01-26 00:00:00.000000000,Mechanic Shop,Rodrigo,Oreilly,Luces para la traila de Ricardo y traila de mexico ,,Ricardo Garcia,Fer,5813
5814,2024-01-27 00:00:00.000000000,Mechanic Shop,Jose Luis Zamarripa,Oreilly,Fundas para asientos de camioneta de Jose Luis Zamarripa,,Jose Luis Zamarripa,Fer,5814
5815,2024-01-29 00:00:00.000000000,Mechanic Shop,Rodrigo,Oreilly,Aceite hidraulico para la yarda,,Yard shop,Fer,5815
5816,2024-01-29 00:00:00.000000000,Mechanic Shop,Abraham,Bobcat,Sellos para bobcat de Ruben y Daniel ,,"200430 , 2004146",Fer,5816
5817,2024-01-29 00:00:00.000000000,Mechanic Shop,Alberto,Texcon,Gasolina para camioneta de Alberto,,Alberto,Fer,5817
5818,2024-01-30 00:00:00.000000000,Mechanic Shop,Abraham,Texcon,Gasolina para la yarda,,Yard shop,Fer,5818
5819,2024-01-30 00:00:00.000000000,Mechanic Shop,Rodrigo,Oreilly,Cambio de bateria para mini excavadora de Elroy,,200832,Fer,5819
5820,2024-01-30 00:00:00.000000000,Mechanic Shop,Rodrigo,Leif Jonson,Manguera de agua para caioneta de Abraham,,Abraham,Fer,5820
5821,2024-01-30 00:00:00.000000000,Mechanic Shop,Rodrigo,Bobcat,"Sellos de cilindro y bloques de tapa de freno para bobcat 200488, sellos y tensionador para bobcat 200424, sellos de cilindro para bobcat 2004146 ",,"200488, 200424, 2004146",Fer,5821
5822,2024-01-31 00:00:00.000000000,Mechanic Shop,Abel,Capitol Bering,Manguera para martillo de Bryan,,Byran,Fer,5822
5823,2024-01-31 00:00:00.000000000,Mechanic Shop,Rodrigo,Oreilly,Back-up alarm para bobcat 200420,,Bobcat 200420,Fer,5823
5824,2024-01-31 00:00:00.000000000,Mechanic Shop,Rodrigo,Oreilly,Filtros para camioneta de Jose Luis Zamarripa,,Jose Luis Zamarripa,Fer,5824
5825,2024-02-01 00:00:00.000000000,Mechanic Shop,Javier Muniz,Texcon,Diesel para camioneta de Javier,,Javier Muniz,Fer,5825
5826,2024-02-01 00:00:00.000000000,Mechanic Shop,Abraham,Oreilly,Antofreeze para small dump truck en Teri Rd,,Francisco Bocanegra,Fer,5826
5827,2024-02-01 00:00:00.000000000,Mechanic Shop,Rodrigo,Bobcat,Sensor de hydraulico para bobcat 2004146 y bomba de agua para 200420,,Daniel 2004146 y 200420,Fer,5827
5828,2024-02-01 00:00:00.000000000,Mechanic Shop,Abel,Capitol Bering / Matheson,Manguera para bobcat de traques de Lupe / Relleno de tanques de acetileno y oxigeno ,,Lupe,Fer,5828
5829,2024-02-02 00:00:00.000000000,Mechanic Shop,Rodrigo,Texcon,Gasolina para la yarda ,,Yard,Fer,5829
5830,2024-02-05 00:00:00.000000000,Mechanic Shop,Abel,bobcat,Partes para bobcat ,,Lupe,Fer,5830
5831,2024-02-05 00:00:00.000000000,Mechanic Shop,Rodrigo,Leif Jonson,Manguera de retorno del radiador para Jose Luis y Julian,,Jose Luis y Julian,Fer,5831
5832,2024-02-05 00:00:00.000000000,Mechanic Shop,Rodrigo,Oreilly,Luz de reversa para camioneta de Daniel,,Daniel  ,Fer,5832
5833,2024-02-05 00:00:00.000000000,Mechanic Shop,Alberto,Texcon,Gasolina para camioneta de Alberto,,Alberto,Fer,5833
5834,2024-02-05 00:00:00.000000000,Mechanic Shop,Abraham,Capitol Bering ,Manguera para martillo de victor,,Victor,Fer,5834
5835,2024-02-06 00:00:00.000000000,Mechanic Shop,Abraham,Capitol Bering,Fettings para martillo de Bryan,,Bryan,Fer,5835
5836,2024-02-06 00:00:00.000000000,Mechanic Shop,Abraham,Texcon,Diesel para camion de Abrham,,Abraham,Fer,5836
5837,2024-02-06 00:00:00.000000000,Mechanic Shop,Rodrigo,Oreilly,Trailer wire connectors for Foreman's trailer,,Yard,Fer,5837
5838,2024-02-06 00:00:00.000000000,Mechanic Shop,Abel,Texcon,Disel para camion de Abel,,Abel,Fer,5838
5839,2024-02-07 00:00:00.000000000,Mechanic Shop,Javier Muniz,Leos ,Gasolina para camioneta F-150 ,,Javier Muniz,Fer,5839
5840,2024-02-07 00:00:00.000000000,Mechanic Shop,Rodrigo,Oreilly,Antifrezee para camioneta de Julian,,Julian,Fer,5840
5841,2024-02-07 00:00:00.000000000,Mechanic Shop,Rodrigo,Leif Jonson,Manguera de tanque de agua de camioneta de Jose A. Zamarripa,,Jose A. Zamarripa,Fer,5841
5842,2024-02-08 00:00:00.000000000,Mechanic Shop,Javier Muniz,Texcon,Diesel para camioneta de Javier,,Javier Muniz,Fer,5842
5843,2024-02-08 00:00:00.000000000,Mechanic Shop,Rodrigo,Oreilly,Baterias para generador y alarmas de reversa para el taller,,Yard,Fer,5843
5844,2024-02-08 00:00:00.000000000,Mechanic Shop,Alma ,Leos ,Gasolina para camioneta de Alma ,,Alma,Fer,5844
5845,2024-02-08 00:00:00.000000000,Mechanic Shop,Abel,Capitol Bering,Mangueras para martillo de Bryan,,Brayan,Fer,5845
5846,2024-02-09 00:00:00.000000000,Mechanic Shop,Rodrigo,Oreilly,Aceite para generadores y  aceite de trasnmsicion para la yarda,,Workshop,Fer,5846
5847,2024-02-09 00:00:00.000000000,Mechanic Shop,Abel,Oreilly,Def para camioneta de victor y bobcat,,Victor,Fer,5847
5848,2024-02-09 00:00:00.000000000,Mechanic Shop,Alberto,Texcon,Gasolina para camioneta de Alberto,,Alberto,Fer,5848
5849,2024-02-12 00:00:00.000000000,Mechanic Shop,Rodrigo,Texcon,Gasolina para camioneta de Rodrigo y caja de filtros de diesel,,Rodrigo,Fer,5849
5850,2024-02-12 00:00:00.000000000,Mechanic Shop,Abel,Capitol Bering,3 rollos de mangueras para el taller ,,Yard,Fer,5850
5851,2024-02-12 00:00:00.000000000,Mechanic Shop,Abel,Oreilly,Antifreze para camion verde,,Abel,Fer,5851
5852,2024-02-12 00:00:00.000000000,Mechanic Shop,Javier Muniz,Texcon,Gasolina para la yard,,Yarda,Fer,5852
5853,2024-02-12 00:00:00.000000000,Mechanic Shop,Rodrigo,Bobcat,Sellos de cilindro y cable de aceleracion para bobcat 20422 y filtros para la yarda,200422,Yarda,Fer,5853
5854,2024-02-13 00:00:00.000000000,Mechanic Shop,Abel,Capitol Bering ,Mangueras para martillo de Daniel,,Daniel,Fer,5854
5855,2024-02-13 00:00:00.000000000,Mechanic Shop,Abel,Capitol Bering,Manguera para bobcat de daniel,,Daniel,Fer,5855
5856,2025-02-14 00:00:00.000000000,Mechanic Shop,Abraham,Matheson,Relleno de tanques de Oxigeno y Acetileno ,,Abraham,Fer,5856
5857,2025-02-14 00:00:00.000000000,Mechanic Shop,Abraham,Texcon,Diesel para camion de Abrham,,Abraham,Fer,5857
5858,2025-02-14 00:00:00.000000000,Mechanic Shop,Rodrigo,Oreilly,Trailer brake control para camioneta de Francisco,,Francisco Aguirre,Fer,5858
5859,2024-02-15 00:00:00.000000000,Mechanic Shop,Rodrigo,Leos ,Gasolina para camioneta de Rodrigo,,Rodrigo,Fer,5859
5860,2024-02-15 00:00:00.000000000,Mechanic Shop,Abel,Texcon,Diesel para camion de Abel,,Abel,Fer,5860
5861,2024-02-15 00:00:00.000000000,Mechanic Shop,Abel,Bobcat,Ventilador de tapa de bobcat de Francisco,,Francisco,Fer,5861
5862,2024-02-16 00:00:00.000000000,Mechanic Shop,Javier Muniz,Texcon,Diesel para camion de Javier,,Javier Muniz,Fer,5862
5863,2024-02-16 00:00:00.000000000,Mechanic Shop,Rodrigo,Capitol Bering,Valvula de agua para traila se agua de martin,,Martin,Fer,5863
5864,2024-02-16 00:00:00.000000000,Mechanic Shop,Rodrigo,Ace Contractor,Cargador de bateria para Abel,,Abel,Fer,5864
5865,2024-02-16 00:00:00.000000000,Mechanic Shop,Abraham,Capitol Bering ,Niple para traila de agua,,Water Trailer - Martin,Fer,5865
5866,2024-02-16 00:00:00.000000000,Mechanic Shop,Abel,Komatsu,Filtros para camion dimp truck de Lupe,,Lupe,Fer,5866
5867,2024-02-19 00:00:00.000000000,Mechanic Shop,Alberto,Texcon,Gasolina para camioenta de Alberto,,Alberto,Fer,5867
5868,2024-02-19 00:00:00.000000000,Mechanic Shop,Rodrigo,Oreilly,Steering Gear Box para camioneta SPARE 1,,SPARE 1,Fer,5868
5869,2024-02-19 00:00:00.000000000,Mechanic Shop,Abel,Texcon,Diesel para camion de Abel,,Abel,Fer,5869
5870,2024-02-20 00:00:00.000000000,Mechanic Shop,Rodrigo,Leif Jonson,Gasket del oil pan de motort  para camioneta de Alvaro,,Alvaro,Fer,5870
5871,2024-02-20 00:00:00.000000000,Mechanic Shop,Rodrigo,Leos ,Gasolina para camioneta de Rodrigo,,Rodrigo,Fer,5871
5872,2024-02-20 00:00:00.000000000,Mechanic Shop,Rodrigo,Bobcat,Pines para martillo de Alvaro,,Alvaro,Fer,5872
5873,2024-02-21 00:00:00.000000000,Mechanic Shop,Abraham,Matheson,Soldadura para la yarda,,Abraham,Fer,5873
5874,2024-02-21 00:00:00.000000000,Mechanic Shop,Ulises,Oreilly,Baterías para mini escavadora 308 ,,CAT 308,Fer,5874
5875,2024-02-21 00:00:00.000000000,Mechanic Shop,Rodrigo,Oreilly,Antifreze para camioneta de Alvaro y filtro de aceite,,Alvaro,Fer,5875
5876,2024-02-22 00:00:00.000000000,Mechanic Shop,Rodrigo,Oreilly,Aceite hidraulico para la yarda,,Rodrigo,Fer,5876
5877,2024-02-22 00:00:00.000000000,Mechanic Shop,Rodrigo,Oreilly,Lámparas led para traila ,,Yard,Fer,5877
5878,2024-02-23 00:00:00.000000000,Mechanic Shop,Javier Muniz,Texcon,Diesel para camion de Javier,,Javier,Fer,5878
5879,2024-02-23 00:00:00.000000000,Mechanic Shop,Ulises,Oreilly,Conector de traila para camioneta de Abel,,Abel,Fer,5879
5880,2024-02-24 00:00:00.000000000,Mechanic Shop,Rodrigo,Oreilly,Filtros para camioenta de Omar,,Omar,Fer,5880
5881,2024-02-26 00:00:00.000000000,Mechanic Shop,Alberto,Texcon,Gasolina para camioenta de Alberto,,Alberto,Fer,5881
5882,2024-02-26 00:00:00.000000000,Mechanic Shop,Rodrigo,Texcon,Gasolina pra camioneta de Rodrigo,,Rodrigp,Fer,5882
5883,2024-02-26 00:00:00.000000000,Mechanic Shop,Rodrigo,Leif Jonson,Aceite y catalizador para ,,Tacho,Fer,5883
5884,2024-02-26 00:00:00.000000000,Mechanic Shop,Rodrigo,Leif Jonson,Gasket de oil filter y sellos de inyectores para camioneta de Gerardo ,,Gerardo,Fer,5884
5885,2024-02-26 00:00:00.000000000,Mechanic Shop,Ulises,Oreilly,Aceite para motor y liquido limpiaparabrisas,,Ulises,Fer,5885
5886,2024-02-17 00:00:00.000000000,Mechanic Shop,Abel,Texcon,Diesel para camion de Abel,,Abel,Fer,5886
5887,2024-02-27 00:00:00.000000000,Mechanic Shop,Rodrigo,Oreilly,Fuel pump para camioent de Gerardo y luces led de la parrilla,,Gerardo,Fer,5887
5888,2024-02-27 00:00:00.000000000,Mechanic Shop,Abraham,Texcon,Diesle para camiondeta spare 7 ,,Abraham,Fer,5888
5889,2024-02-28 00:00:00.000000000,Mechanic Shop,Ulises,Texcon,Diesel para camioneta de Ulises,,Ulises,Fer,5889
5890,2024-02-28 00:00:00.000000000,Mechanic Shop,Rodrigo,Bobcat,"Manguera de turbo para bobcat 200489, filtros de aire para la yarda y sheild de cilindro para mini 331 ",,Yard,Fer,5890
5891,2024-02-28 00:00:00.000000000,Mechanic Shop,Abel,Bobcat,Exchanger para bocat,,Abel,Fer,5891
5892,2024-02-28 00:00:00.000000000,Mechanic Shop,Rodrigo,Leif Jonson,Sellos de colindro de camioneta de Gerardo,,Gerardo,Fer,5892
5893,2024-02-29 00:00:00.000000000,Mechanic Shop,Rodrigo,Texcon,DIESEL para camioneta SPARE 2 ,,Spare 2,Fer,5893
5894,2024-02-29 00:00:00.000000000,Mechanic Shop,Ulises,Leif Jonson,Baterias para camioenta de Francisco,,Francisco,Fer,5894
5895,2024-03-01 00:00:00.000000000,Mechanic Shop,Abel,Capitol Bering,Mangueras para bobcat de Lupe en Lake Creak. ,,Lupe,Fer,5895
5896,2024-03-01 00:00:00.000000000,Mechanic Shop,Abel,Oreilly,Aceite hidraulico para Abel,,Abel,Fer,5896
5897,2024-03-01 00:00:00.000000000,Mechanic Shop,Rodrigo,Oreilly,Valeros delanteros para camioneta de Tacho,,Tacho,Fer,5897
5898,2024-03-02 00:00:00.000000000,Mechanic Shop,Rodrigo,Oreilly,Filtros para camioneta de Abel,,Abel,Fer,5898
5899,2024-03-02 00:00:00.000000000,Mechanic Shop,Rodrigo,Oreilly,Luces de traila para la yarda,,Rodrigo,Fer,5899
5900,2024-03-04 00:00:00.000000000,Mechanic Shop,Rodrigo,Leos,Gasolina para camioenta de Alberto,,Alberto,Fer,5900
5901,2024-03-04 00:00:00.000000000,Mechanic Shop,Rodrigo,Oreilly,Filtro y sello de trasnmicion para camioneta de Tacho,,Tacho,Fer,5901
5902,2024-03-04 00:00:00.000000000,Mechanic Shop,Rodrigo,Oreilly,Luces Led blancas para camioneta spare 2 , ,SPARE2,Fer,5902
5903,2024-03-03 00:00:00.000000000,Mechanic Shop,Rodrigo,Matheson,Puntas para antorcha para projecto de Guerrero,,Guerrrero,Fer,5903
5904,2024-03-04 00:00:00.000000000,Mechanic Shop,Ulises,Capitol Bering ,Fittings para herramienta de Rogelio,,Rogelio,Fer,5904
5905,2024-03-05 00:00:00.000000000,Mechanic Shop,Ulises,Texcon,Diesel para camion de Ulsies,,Ulises,Fer,5905
5906,2024-03-05 00:00:00.000000000,Mechanic Shop,Ulises,Oreilly,Aceite para generadores y bujias,,Yard,Fer,5906
5907,2024-03-05 00:00:00.000000000,Mechanic Shop,Rodrigo,Leif Jonson,Frenos para camioneta de Abel,,Abel,Fer,5907
5908,2024-03-05 00:00:00.000000000,Mechanic Shop,Rodrigo,Leif Jonson,Filtro y sello de trasnmicion para camioneta de Allan,,Allan,Fer,5908
5909,2024-03-05 00:00:00.000000000,Mechanic Shop,Javier Muniz,Texcon,Diesel para camioneta de Javier,,Javier Muniz,Fer,5909
5910,2024-03-05 00:00:00.000000000,Mechanic Shop,Rodrigo,Capitol Berong,"Fettings para martillo 308, mini 304  y conexiones de manguera ",,Yard,Fer,5910
5911,2024-03-05 00:00:00.000000000,Mechanic Shop,Abraham,Matheson,"Soldadura, guardas de careta para Jesus",,Jesus,Fer,5911
5912,2024-03-05 00:00:00.000000000,Mechanic Shop,Abraham,Texcon,Diesel para camion de Abraham,,Abraham,Fer,5912
5913,2024-03-05 00:00:00.000000000,Mechanic Shop,Ulises,Oreilly,Bateria para roller compator en Slaughter ln ,,Julian,Fer,5913
5914,2024-03-07 00:00:00.000000000,Mechanic Shop,Abraham,Bobcat,Fettings para la yada,,Yard,Fer,5914
5915,2024-03-07 00:00:00.000000000,Mechanic Shop,Rodrigo,Texcon,Gasolina para camineta de Rodrigo,,Rodrigo,Fer,5915
5916,2024-03-09 00:00:00.000000000,Mechanic Shop,Abraham,Texcon,Diesel para camion de Abraham,,Abraham,Fer,5916
5917,2024-03-09 00:00:00.000000000,Mechanic Shop,Rodrigo,Texcon,Gasolina para camioneta spare 6 (Edd),,Rodrigo,Fer,5917
5918,2024-03-09 00:00:00.000000000,Mechanic Shop,rodrigo,oreilly,Filtros para camioneta de Isidro,,Isidro,Fer,5918
5919,2024-03-11 00:00:00.000000000,Mechanic Shop,Ulises,Texcon,Diesel para camion de Ulises,,Ulises,Fer,5919
5920,2024-03-11 00:00:00.000000000,Mechanic Shop,Ulises,Bobcat,"Tornillo para bobcat de Teri Rd, Tensionador de banda para bobcat 200489",,Ulises,Fer,5920
5921,2024-03-11 00:00:00.000000000,Mechanic Shop,Alberto,Texcon,Gasolina para camioneta de Alberto,,Alberto,Fer,5921
5922,2024-03-11 00:00:00.000000000,Mechanic Shop,Ulises,Capitol Bering,Mangueras de bobcat,,Ulises,Fer,5922
5923,2024-03-11 00:00:00.000000000,Mechanic Shop,Rodrigo,Oreilly,Filtros para camioneta de Raul,,Raul,Fer,5923
5924,2024-03-12 00:00:00.000000000,Mechanic Shop,Rodrigo,Oreilly,Antifreeze para Water Truck,,Yard,Fer,5924
5925,2024-03-12 00:00:00.000000000,Mechanic Shop,Rodrigo,Bobcat,Tuberia de bomba principal de boncat 2004169  ,,Francisco,Fer,5925
5926,2024-03-13 00:00:00.000000000,Mechanic Shop,Javier Muniz,Texcon,Diesel para camion de Isidro Sanchez,,Isidro,Fer,5926
5927,2024-03-13 00:00:00.000000000,Mechanic Shop,Javier Muniz,texcon,Diesel para camion de Javier,,Javier Muniz,Fer,5927
5928,2024-03-13 00:00:00.000000000,Mechanic Shop,Rodrigo,Oreilly,Candado para trailer hitch de camioneta spare 7,,SPARE 8,Fer,5928
5929,2024-03-13 00:00:00.000000000,Mechanic Shop,Rodrigo,Texcon,Gasolina para camioneta de Rodrigo y tanques para la yarda,,Rodrigo,Fer,5929
5930,2024-03-15 00:00:00.000000000,Mechanic Shop,Alberto,Texcon,Gasolina para camioneta de Alberto,,Alberto,Fer,5930
5931,2024-03-15 00:00:00.000000000,Mechanic Shop,ulises,Texcon,Diesel para camion de Ulises,,Ulises,Fer,5931
5932,2024-03-15 00:00:00.000000000,Mechanic Shop,ulises,Capitol Bering ,Manguera para bobcat 200421,,Yard,Fer,5932
5933,2024-03-18 00:00:00.000000000,Mechanic Shop,Rodrigo,Oreilly,Bering para camioenta de Abel,,Abel,Fer,5933
5934,2024-03-18 00:00:00.000000000,Mechanic Shop,Abraham,Matheson,Oxigeno y acetileno para el shop,,Abraham,Fer,5934
5935,2024-03-19 00:00:00.000000000,Mechanic Shop,Javier Muniz,Texcon,Diesel para camion de Javier,,Javier Muniz,Fer,5935
5936,2024-03-19 00:00:00.000000000,Mechanic Shop,Rodrigo,Texcon,Gasolina para camioneta de Rodrigo,,Rodrigo,Fer,5936
5937,2024-03-19 00:00:00.000000000,Mechanic Shop,Ulises,Oreilly,Cables para pasar corriente,,Ulises,Fer,5937
5938,2024-03-19 00:00:00.000000000,Mechanic Shop,Rodrigo,Bobcat,Filtro hidraulico para bobcat de gerardo y sellos se cilindro para bobcat 200422,,Gerardo,Fer,5938
5939,2024-03-19 00:00:00.000000000,Mechanic Shop,Abraham,Texcon,Diesel para camion de Abraham,,Abrha,Fer,5939
5940,2024-03-20 00:00:00.000000000,Mechanic Shop,Rodrigo,Oreilly,baterias  y terminales de bateria para arrow boards ,,Yard,Fer,5940
5941,2024-03-21 00:00:00.000000000,Mechanic Shop,Rodrigo,Oreilly,Filtros para camioneta de Tacho,,Tacho,Fer,5941
5942,2024-03-21 00:00:00.000000000,Mechanic Shop,Rodrigo,Leif Jonson,Frenos para camioenta de Isidro,,Isidro,Fer,5942
5943,2024-03-21 00:00:00.000000000,Mechanic Shop,Rodrigo,leif Jonson,Frenos para camioneta de Francisco,,Francisco,Fer,5943
5944,2024-03-21 00:00:00.000000000,Mechanic Shop,Abel,Leif Jonson,"Empaques para camioneta de Rudy, Def para la yarda",,Rudy,Fer,5944
5945,2024-03-22 00:00:00.000000000,Mechanic Shop,Ulises,Texcon,Diesel para camioneta de Ulises,,Ulises,Fer,5945
5946,2024-03-22 00:00:00.000000000,Mechanic Shop,Abraham,Matheson,Oxigeno y gas para maquina de soldar de Rogelio,,Yard,Fer,5946
5947,2024-03-22 00:00:00.000000000,Mechanic Shop,Abraham,Texcon,Diesel para camion de Abraham y gasolina para la yarda,,Abraham,Fer,5947
5948,2024-03-22 00:00:00.000000000,Mechanic Shop,Abel,Leos,Diesel para camion de Abel,,Abel,Fer,5948
5949,2024-03-22 00:00:00.000000000,Mechanic Shop,Rodrigo,Oreilly,Filtros para camioneta de Ruben,,Ruben,Fer,5949
5950,2024-03-23 00:00:00.000000000,Mechanic Shop,Rodrigo,Texcon,Gasolina para camioneta de Rodrigo,,Rodrigo,Fer,5950
5951,2024-03-25 00:00:00.000000000,Mechanic Shop,Alberto,Texcon,Gasolina para camioneta de Alberto ,,Alberto,Fer,5951
5952,2024-03-25 00:00:00.000000000,Mechanic Shop,Ulises,Oreilly,Bateria para mini excavadora de Jose  A. Zamarripa,,Jose A. Zamarripa,Fer,5952
5953,2024-03-25 00:00:00.000000000,Mechanic Shop,Rodrigo,Bobcat,Partes para bobcat de Carlos 200821,,carlos,Fer,5953
5954,2024-03-25 00:00:00.000000000,Mechanic Shop,Rodrigo,Oreilly,Filtros para camioneta de Hugo,,Hugo,Fer,5954
5955,2024-03-26 00:00:00.000000000,Mechanic Shop,Noe,Ace Contractors,Extencion y tomacorriente,,Noe,Fer,5955
5956,2024-03-26 00:00:00.000000000,Mechanic Shop,Rodrigo,Leif Jonson,Inyectores para camioneta de Ulises,,Ulises,Fer,5956
5957,2024-03-26 00:00:00.000000000,Mechanic Shop,Rodrigo,Leif Jonson,Frenos y claxon para camioneta de Jose Luis Zamarripa,,Jose Luis Zamarripa,Fer,5957
5958,2024-03-27 00:00:00.000000000,Mechanic Shop,Abraham,Bobcat,Filtros de Hydraulico para bobcat de Carlos y Filtros para mini escavadora de Ricardo,,Carlos/ Ricardo,Fer,5958
5959,2024-03-28 00:00:00.000000000,Mechanic Shop,Abel,Texcon,Diesel para camion de Abel,,Abel,Fer,5959
5960,2024-03-28 00:00:00.000000000,Mechanic Shop,Rodrigo,Oreilly,Lisle Brake Pad Spreader ,,Ulises,Fer,5960
5961,2024-03-28 00:00:00.000000000,Mechanic Shop,Abraham,Capitol Bering ,Sello para tractor agicola,,Elroy,Fer,5961
5962,2024-04-01 00:00:00.000000000,Mechanic Shop,Rodrigo,Oreilly,Filtros para camioneta de Jose Luis Z.,,SPARE 5,Fer,5962
5963,2024-04-01 00:00:00.000000000,Mechanic Shop,Abraham,Texcon,Gasolina para la yard,,Yard,Fer,5963
5964,2024-04-01 00:00:00.000000000,Mechanic Shop,Alberto,Texcon,Gasoina para camioneta de Alberto,,Alberto,Fer,5964
5965,2024-04-01 00:00:00.000000000,Mechanic Shop,Rodrigo,Leif Jonson,Amortiguadores para camioneta de Ulises ,,Ulises,Fer,5965
5966,2024-04-01 00:00:00.000000000,Mechanic Shop,Abel,Capitol Bering,Mangueras para bobcat de Bryan,,Bryan,Fer,5966
5967,2024-04-01 00:00:00.000000000,Mechanic Shop,Rodrigo,Bobcat,Montantes de motor para mini escavadora 331 ,,Mini bobcat 331,Fer,5967
5968,2024-04-01 00:00:00.000000000,Mechanic Shop,Javier Muniz,Texcon,Diesel para camion de Javier,,Javier Muniz,Fer,5968
5969,2024-04-02 00:00:00.000000000,Mechanic Shop,Rodrigo,Oreilly,Filtros para camioneta de Karla,,Karla,Fer,5969
5970,2024-04-02 00:00:00.000000000,Mechanic Shop,Rodrigo,Oreilly,Filtros para camioneta de Rudy,,Rudy,Fer,5970
5971,2024-04-02 00:00:00.000000000,Mechanic Shop,Rodrigo,Oreilly,Antifreeze para camioenta de Ulises,,Ulises,Fer,5971
5972,2024-04-02 00:00:00.000000000,Mechanic Shop,Rodrigo,Oreilly,Caliper para camioneta de Jose Luis,,,Fer,5972
5973,2024-04-02 00:00:00.000000000,Mechanic Shop,Abel,Capitol Bering,Mangueras de bobcat de Ricardo,,Ricardo,Fer,5973
5974,2024-04-02 00:00:00.000000000,Mechanic Shop,Rodrigo,Leif Jonson,"Frenos para camioneta de Rudy, ",,Rudy,Fer,5974
5975,2024-04-03 00:00:00.000000000,Mechanic Shop,Alberto,Texcon,Gasolina para camioenta de Alberto,,Alberto,Fer,5975
5976,2024-04-04 00:00:00.000000000,Mechanic Shop,Rodrigo,Bobcat,Cilindros frontales para bobcat de Carlos 200821,,Carlos Diaz,Fer,5976
5977,2024-04-04 00:00:00.000000000,Mechanic Shop,Rodrigo,Texcon,Diesel para camioenta de Jose Luis y Alvaro,,Jose Luis Z/ Alvaro Aguirre,Fer,5977
5978,2024-04-02 00:00:00.000000000,Mechanic Shop,Abel,Texcon,Diesel para camioneta de Abel,,Abel,Fer,5978
5979,,Mechanic Shop,Rodrigo,Matheson,Soldadura para Guerrero,,Guerrero,Fer,5979
5980,2024-04-06 00:00:00.000000000,Mechanic Shop,Rodrigo,Oreilly,Filtros para camioneta de Carlos,,Carlos Diaz,Fer,5980
5981,2024-04-08 00:00:00.000000000,Mechanic Shop,Ulises,Texcon,Diesel para camion de Ulies,,Ulises,Fer,5981
5982,2024-04-08 00:00:00.000000000,Mechanic Shop,Rodrigo,oreilly,Filtros para camioneta de Rodrigo,,Rodrigo,Fer,5982
5983,2024-04-08 00:00:00.000000000,Mechanic Shop,Rodrigo,oreilly,Industrial Waste Oil Drain ,,Yard,Fer,5983
5984,2024-04-09 00:00:00.000000000,Mechanic Shop,Rodrigo,Texcon,Gasolina para camioneta de Rodrigo,,Rodrigo,Fer,5984
5985,2024-04-10 00:00:00.000000000,Mechanic Shop,Rodrigo,Oreilly,"Switchs, backup alrms for bobcats, trailer connectors",,Yard,Fer,5985
5986,2024-04-10 00:00:00.000000000,Mechanic Shop,Alma,Leos,Gasolina para camioneta de Alma,,Alma,Fer,5986
5987,2024-04-10 00:00:00.000000000,Mechanic Shop,Abel,Bobcat,"Filtros para bobcat de Lupe, pin y whalers para mini excavator 331",,Lupe/ Mini 331,Fer,5987
5988,2024-04-10 00:00:00.000000000,Mechanic Shop,Javier Muniz,Texcon,Diesel para camion de Javier,,Javier Muniz,Fer,5988
5989,2024-04-10 00:00:00.000000000,Mechanic Shop,Omar Hernandez,Texcon,Diesel para tanque de camioneta ,,Omar Hernandez,Fer,5989
5990,2024-04-11 00:00:00.000000000,Mechanic Shop,Victor Sanchez,Texcon,Diesel para tanque de camioneta ,,Victor Sanchez,Fer,5990
5991,2024-04-11 00:00:00.000000000,Mechanic Shop,Rodrigo,Oreilly,"Banda de motor para camioneta de Alvaro, Antifreeze para camioneta de Francisco ",,Alvaro/Francisco ,Fer,5991
5992,2024-04-11 00:00:00.000000000,Mechanic Shop,Rodrigo,Leif Jonson,Bomba de agua para camioneta de Francisco y Rin para camioneta de Alberto,,Francisco/Alberto,Fer,5992
5993,2024-04-11 00:00:00.000000000,Mechanic Shop,Ulises,Texcon,Diesel para camión de Ulises,,Ulises,Fer,5993
5994,2024-04-11 00:00:00.000000000,Mechanic Shop,Alberto,Texcon,Gasolina para camioneta de Alberto,,Alberto,Fer,5994
5995,2024-04-11 00:00:00.000000000,Mechanic Shop,Abel,Texcon,Diesel para camioneta de Abel,,Abel,Fer,5995
5996,2024-04-12 00:00:00.000000000,Mechanic Shop,Rodrigo,Oreilly,Serpentine Belt for Francisco's truck and plate light lens,,Francsico Aguirre,Fer,5996
5997,2024-04-11 00:00:00.000000000,Mechanic Shop,Abel,Capitol Bering ,"Mangueras para bomba de diesel, Carlos",,Carlos Diaz,Fer,5997
5998,2024-04-11 00:00:00.000000000,Mechanic Shop,Rodrigo,Leif Jonson,Claxon para camioneta de Jose Luis Zamarripa,,Jose Luis Z,Fer,5998
5999,2024-04-11 00:00:00.000000000,Mechanic Shop,Rodrigo,Leif Jonson,Def y washer fluid para la yarda,,Yarda,Fer,5999
11000,2024-04-11 00:00:00.000000000,Mechanic Shop,Rodrigo,Oreilly,Filtros para camioneta de Victor,,Victor Sanchez,Fer,11000
11001,2024-04-15 00:00:00.000000000,Mechanic Shop,Rodrigo,Texcon,Gasolina para camioneta de Rodrigo,,Rodrigo,Fer,11001
11002,2024-04-15 00:00:00.000000000,Mechanic Shop,Ulises,Capitol Bering,Manguera para bobcat de Francisco,,Francisco ,Fer,11002
11003,2024-04-15 00:00:00.000000000,Mechanic Shop,Alberto,Texcon,Gasolina para camioneta de Alberto,,Alberto,Fer,11003
11004,2024-04-15 00:00:00.000000000,Mechanic Shop,Rodrigo,Oreilly,Luces para utility trailers,,Yarda,Fer,11004
11005,2024-04-16 00:00:00.000000000,Mechanic Shop,Abel,Texcon,Diesel para camion de Abel,,Abel,Fer,11005
11006,2024-04-16 00:00:00.000000000,Mechanic Shop,Abel,Oreilly,Aceite hidraulico para sheepfoot,,Lupe,Fer,11006
11007,2024-04-16 00:00:00.000000000,Mechanic Shop,Ulises,Texcon,Diesel para camion de Ulises,,Ulises,Fer,11007
11008,2024-04-17 00:00:00.000000000,Mechanic Shop,Abarham,Texcon,Disel para camion de Abraham y gasolina para la yarda,,Abraham,Fer,11008
11009,2024-04-17 00:00:00.000000000,Mechanic Shop,Rodrigo,Bobcat,"Controles de palanca para bobcat 200809 and 200489, sensores para mini E42 ",,Yard/ Martin,Fer,11009
11010,2024-04-17 00:00:00.000000000,Mechanic Shop,Abel,Capitol Bering,Manguera para martillo de Ricardo,,Ricardo,Fer,11010
11011,2024-04-19 00:00:00.000000000,Mechanic Shop,Abel,Capitol Bering,Coupling fitting para martillo de Gerardo,,Gerardo,Fer,11011
11012,2024-04-18 00:00:00.000000000,Mechanic Shop,Rodrigo,Oreilly,Filtros para camioneta SPARE 8 FORD F-350 2018,,SPARE 8,Fer,11012
11013,2024-04-18 00:00:00.000000000,Mechanic Shop,Rodrigo,Oreilly,Sensor para camioneta de Ruben,,Ruben,Fer,11013
11014,2024-04-19 00:00:00.000000000,Mechanic Shop,Abel,Texcon,Diesel para camion de Abel,,Abel,Fer,11014
11015,2024-04-19 00:00:00.000000000,Mechanic Shop,Rodrigo,Oreilly,Filtros para camioneta de Gerardo ,,Gerardo,Fer,11015
11016,2024-04-19 00:00:00.000000000,Mechanic Shop,Rodrigo,Oreilly,Sensores de temperatura de acite para camioneta de Ulises,,Ulises,Fer,11016
11017,2024-04-19 00:00:00.000000000,Mechanic Shop,Rodrigo,Oreilly,Filtros para camioneta de Ricardo,,Ricardo,Fer,11017
11018,2024-04-23 00:00:00.000000000,Mechanic Shop,Rodrigo,Texcon,Gasolina para camioenta de Rodrigo,,Rodrigo,Fer,11018
11019,2024-04-23 00:00:00.000000000,Mechanic Shop,Ulises,Bobcat,"Bushing y base para bobcat 200420, tornilllo para 2008319, Sensor para Mini de Martin y claxon para bobcats",,"200420,2008319, 200489",Fer,11019
11020,2024-04-23 00:00:00.000000000,Mechanic Shop,Ulises,Texcon,Diesel para camion de Ulises,,Ulises,Fer,11020
11021,2024-04-24 00:00:00.000000000,Mechanic Shop,Abel,Texcon,Diesel para camion de Abel,,Abel,Fer,11021
11022,2024-04-24 00:00:00.000000000,Mechanic Shop,Rodrigp,A-Line/ Arnold Oil,Filtros de aire para camionetas FORD F-150,,Yard/Shop,Fer,11022
11023,2024-04-24 00:00:00.000000000,Mechanic Shop,Ulises,Texcon,Diesel para camion de Ulises,,Ulises,Fer,11023
11024,2024-04-24 00:00:00.000000000,Mechanic Shop,Rodrigo,Leif Jonson,Transmision y aceite de trasnmicion para camioneta Spare 2 VIN # 1275,,Spare 2 VIN # 1275,Fer,11024
11025,2024-04-24 00:00:00.000000000,Mechanic Shop,Abel,Capitol Bering,Aceite hidraulico y manguera para dozer 953,,"Lupe, Dozer 953",Fer,11025
11026,2024-04-25 00:00:00.000000000,Mechanic Shop,Abel,Capitol Bering/Oreilly,Manguera para dozer 953/ Fuel Pump para camioneta de Julian,,"Lupe, Dozer 953/ Julian",Fer,11026
11027,2024-04-25 00:00:00.000000000,Mechanic Shop,Rodrigo,Oreilly,Filtros para camioneta de Eduardo,,Eduardo,Fer,11027
11028,2024-04-26 00:00:00.000000000,Mechanic Shop,Abrahan,Komatsu,Tapa para roller compator de Martin,,Martin - 2004171,Fer,11028
11029,2024-04-26 00:00:00.000000000,Mechanic Shop,Rodrigo,Leif Jonson,Particle filter for Daniel's truck ,,Daniel,Fer,11029
11030,2024-04-26 00:00:00.000000000,Mechanic Shop,Rodrigo,Oreilly,Filter for Julian's truck ,,Julian,Fer,11030
11031,2024-04-29 00:00:00.000000000,Mechanic Shop,Rodrigo,Bobcat,Shank and tooth for mini exc bobcat,,Yard bucket,Fer,11031
11032,2024-04-30 00:00:00.000000000,Mechanic Shop,Ulises,Capitol Bering,Reparacion de cilindo de sheepfoot y herramineta para Rogelio,,Lupe/ Yard,Fer,11032
11033,2024-04-30 00:00:00.000000000,Mechanic Shop,Ulises,Leif Jonson,Sensor para camioneta de Ulises,,Ulises,Fer,11033
11034,2024-04-30 00:00:00.000000000,Mechanic Shop,Rodrigo,Bobcat,"BOB-TACH for 200489 and 200420, Fitting grease for shop",,Yard,Fer,11034
11035,2024-05-01 00:00:00.000000000,Mechanic Shop,Abraham,Oreilly,Batteries for Komatsu PC 200 at Guerrero,,PC 200,Fer,11035
11036,2024-05-01 00:00:00.000000000,Mechanic Shop,Ulises,Bobcat,"Bushings para bobcat 200489, 200420",,Yard / 200489/200420,Fer,11036
11037,2024-04-29 00:00:00.000000000,Mechanic Shop,Rodrigo,Texcon,Gasolina para camioenta de Rodrigo,,Rodrigo,Fer,11037
11038,2024-05-01 00:00:00.000000000,Mechanic Shop,Rodrigo,Oreilly,Filtro de Aceite para camioneta de Francisco Bocanegra,,Francisco B.,Fer,11038
11039,2024-05-01 00:00:00.000000000,Mechanic Shop,Rodrigo,leif Jonson,Fuel pump for Spare 10 truck,,Spare 10 ,Fer,11039
11040,2024-05-01 00:00:00.000000000,Mechanic Shop,Rodrigo,A-Line/ Arnold Oil,AW 46 Hydraulic Oil Drum 55 Gal for the Yard,,Yard,Fer,11040
11041,2024-05-01 00:00:00.000000000,Mechanic Shop,Rodrigo,Leif Jonson,Fuel pum para troca spare 8 y Def para la yarda,,Yard,Fer,11041
11042,2024-05-01 00:00:00.000000000,Mechanic Shop,Abraham,Texcon,Diesel para camioneta de Javier,,Javier,Fer,11042
11043,2024-05-02 00:00:00.000000000,Mechanic Shop,Ulises,Oreilly,Batteries for backhoe Cat at 183 trasnfer station,,183 Transfer station,Fer,11043
11044,2024-05-02 00:00:00.000000000,Mechanic Shop,Abraham,Texcon,Diesel para camioenta Spare 7,,Spare 7,Fer,11044
11045,2024-05-03 00:00:00.000000000,Mechanic Shop,Rodrigo,Leif Jonson,"Inyector kit, intake gasket, para spare 8",,Spare 8,Fer,11045
11046,2024-05-03 00:00:00.000000000,Mechanic Shop,Alma,Leos,Gasolina para camilneta de Alma,,Alma,Fer,11046
11047,2024-05-04 00:00:00.000000000,Mechanic Shop,Rodrigo,Leos,Gasolina para camioneta de Rodrigo,,Rodrigo,Fer,11047
11048,2024-05-06 00:00:00.000000000,Mechanic Shop,Ulises,Texcon,Diesel para camion de Ulises,,Ulises,Fer,11048
11049,2024-05-02 00:00:00.000000000,Mechanic Shop,Abel,Leif Jonson,Sensores para camioneta de Martin,,Martin,Fer,11049
11050,2024-05-06 00:00:00.000000000,Mechanic Shop,Ulises,Oreilly,Cambio de Baterias para rolla de Isidro,,Isidro Sanchez,Fer,11050
11051,2024-05-07 00:00:00.000000000,Mechanic Shop,Abel,Capitol Bering,Fetting para martillo de Alvaro,,Alvaro,Fer,11051
11052,2024-05-07 00:00:00.000000000,Mechanic Shop,Rodrigo,Oreilly,Fuel filter para camioneta spare 8,,Spare 8,Fer,11052
11053,2024-05-08 00:00:00.000000000,Mechanic Shop,Rodrigo,A-Line,55 gl drum of engine oil 15w-40 Super Duty,,Yard/Workshop,Fer,11053
11054,2024-05-08 00:00:00.000000000,Mechanic Shop,Rodrigo,Leif Jonson,Nox sensor for Daniel's truck,,Daniel,Fer,11054
11055,2024-05-08 00:00:00.000000000,Mechanic Shop,Javier,Texcon,Diesel para camioneta de Javier,,Javier,Fer,11055
11056,2024-05-09 00:00:00.000000000,Mechanic Shop,Ulises,Texcon,Diesel para camion de Ulises,,Ulises,Fer,11056
11057,2024-05-09 00:00:00.000000000,Mechanic Shop,Abel,Oreilly,Filtroa para dump truk de Omar. Partes para camioneta de Martin,,Omar,Fer,11057
11058,2024-05-09 00:00:00.000000000,Mechanic Shop,Abel,Texcon,Diesel pasa camion de Abel,,Abel,Fer,11058
11059,2024-05-09 00:00:00.000000000,Mechanic Shop,Rodrigo,Bobcat,Filters for bobcat,,Yard/Shop,Fer,11059
11060,2024-05-09 00:00:00.000000000,Mechanic Shop,Rodrigo,Leos,Gasolina para camioneta de Rodrigo,,Rodrigo,Fer,11060
11061,2024-05-09 00:00:00.000000000,Mechanic Shop,Rodrigo,Leif Jonson,Gasket seals para truck FJJ 9191,,FJJ9191,Fer,11061
11062,2024-05-10 00:00:00.000000000,Mechanic Shop,Abraham,Texcon,Diesel para camioneta SPARE 7 - Austin Constructors,,SPARE 7,Fer,11062
11063,2024-05-10 00:00:00.000000000,Mechanic Shop,Rodrigo,Oreilly,Filtros para camioneta de Daniel,,Daniel,Fer,11063
11064,2024-05-13 00:00:00.000000000,Mechanic Shop,Ulises,Oreilly,Reemplazo de baterias para camioneta spare 4  por garanatia,,Spare 4,Fer,11064
11065,2024-05-13 00:00:00.000000000,Mechanic Shop,Rodrigo,Oreilly,Lamparas para traila de Ruben,,Ruben,Fer,11065
11066,2024-05-13 00:00:00.000000000,Mechanic Shop,Abraham,Ace Contractors,"Plastico negro, llaves para tanques de quimico, lija para buffer, bomba para tanque y guantes",,,Fer,11066
11067,2024-05-13 00:00:00.000000000,Mechanic Shop,Rodrigo,Oreilly,Filtros para camioneta spare 3,,SPARE 3,Fer,11067
11068,2024-05-14 00:00:00.000000000,Mechanic Shop,Ulises,Oreilly,Aceite para generadores y herramientas,,Yard,Fer,11068
11069,2024-05-14 00:00:00.000000000,Mechanic Shop,Rodrigo,Oreilly,"Workshop supplies, brake cleaner, grease, anti-seize, plug connectors, carburetor cleaner",,Yard/Workshop,Fer,11069
11070,2024-05-14 00:00:00.000000000,Mechanic Shop,Abraham,Texcon,Diesel para camion de Abraham y gasolina para la yarda,,Abraham/ Yard,Fer,11070
11071,2024-05-15 00:00:00.000000000,Mechanic Shop,Ulises,Texcon,Diesel para camion de Ulises,,Ulises,Fer,11071
11072,2024-05-15 00:00:00.000000000,Mechanic Shop,Rodrigo,Leif Jonson,Frenos para camioneta de Daniel,,Daniel,Fer,11072
11073,2024-05-16 00:00:00.000000000,Mechanic Shop,Rodrigo,Leos,Gasolina para camioneta de Rodrigo,,Rodrigo,Fer,11073
11074,2024-05-16 00:00:00.000000000,Mechanic Shop,Abel,Leos,Diesel para camioenta de Abel,,Abel,Fer,11074
11075,2024-05-17 00:00:00.000000000,Mechanic Shop,Javier,Texcon,Diesel para camioneta de Javier,,Javier,Fer,11075
11076,2024-05-17 00:00:00.000000000,Mechanic Shop,Rodrigo,Oreilly,Primer para pintar traila de brayan,,Bryan,Fer,11076
11077,2024-05-17 00:00:00.000000000,Mechanic Shop,Abraham,Texcon,Diesel para camioneta SPARE 7 - Austin Constructors,,Spare 7,Fer,11077
11078,2024-05-20 00:00:00.000000000,Mechanic Shop,Abel,Oreilly,Fuses para camioneta de Carlos,,Ulises,Fer,11078
11079,2024-05-21 00:00:00.000000000,Mechanic Shop,Ulises,Oreilly/ Texcon,Aceite para generadores y heraminetas/ Diesel para camioneta,,Yard/ Ulises,Fer,11079
11080,2024-05-21 00:00:00.000000000,Mechanic Shop,Javier,Texcon,Diesel para camion de Javier,,Javier,Fer,11080
11081,2024-05-21 00:00:00.000000000,Mechanic Shop,Rodrigo,Oreilly,Filtros y aceite para camioenta de Tacho,,Tacho,Fer,11081
11082,2024-05-22 00:00:00.000000000,Mechanic Shop,Abel,Oreilly,Alternador y fusibles para camioneta spare 2,,Truck spare 2,Fer,11082
11083,2024-05-22 00:00:00.000000000,Mechanic Shop,Rodrigo,Texcon,Gasolina para la yarda,,Yard/Workshop,Fer,11083
11084,2024-05-23 00:00:00.000000000,Mechanic Shop,Rodrigo,Texcon,Gasolina para camioneta de Rodrigo,,Rodrigo,Fer,11084
11085,2024-05-23 00:00:00.000000000,Mechanic Shop,Abel,Texcon,Disel para camioneta se Abel,,Abel,Fer,11085
11086,2024-05-24 00:00:00.000000000,Mechanic Shop,Abraham,Matheson,Oxigeno y Acetileno para la yarda,,Yard/Workshop,Fer,11086
11087,2024-05-24 00:00:00.000000000,Mechanic Shop,Rodrigo,Bobcat,"Bushings y pines del brazo para bobcat de Carlos D,"".",,Carlos Diaz,Fer,11087
11088,2024-05-24 00:00:00.000000000,Mechanic Shop,Rodrigo,Oreilly,Coolant para MINI CAT 304 ,,YARD/Workshop,Fer,11088
11089,2024-05-25 00:00:00.000000000,Mechanic Shop,Rodrigo,Oreilly,Filtros para camioenta de Martin,,Martin,Fer,11089
11090,2024-05-25 00:00:00.000000000,Mechanic Shop,Rodrigo,Oreilly,Filtros para camioenta de Francisco,,Francisco,Fer,11090
11091,2024-05-27 00:00:00.000000000,Mechanic Shop,Rodrigo,Oreilly,Conectores de traila y fuse holder para el taller ,,Bryan's trailer/ Workshop,Fer,11091
11092,2024-05-28 00:00:00.000000000,Mechanic Shop,Rodrigo,texcon,Diesel para camion de Jose A. Zamarripa,,Jose A. Zamarripa,Fer,11092
11093,2024-05-28 00:00:00.000000000,Mechanic Shop,Abraham,Ace Contractors,Madera para water trailer,,Water trailer,Fer,11093
11094,2024-05-28 00:00:00.000000000,Mechanic Shop,Ulises,Texcon,Diesel para camion de Ulises,,Ulises,Fer,11094
11095,2024-05-28 00:00:00.000000000,Mechanic Shop,Rodrigo,Oreilly,Primer para pintar traila del agua,,Water trailer,Fer,11095
11096,2024-05-28 00:00:00.000000000,Mechanic Shop,Rodrigo,Oreilly,Filtros para camioneta de Jose A. Zamarripa,,Jose A. Zamarripa,Fer,11096
11097,2024-05-29 00:00:00.000000000,Mechanic Shop,Abel,Texcon,Diesel para camion de Abel,,Abel,Fer,11097
11098,2024-05-29 00:00:00.000000000,Mechanic Shop,Javier,Texcon,Diesel para camion de Javier,,Javier,Fer,11098
11099,2024-05-29 00:00:00.000000000,Mechanic Shop,Rodrigo,Home Depot,Herramientas para el shop,,Weld shop,Fer,11099
11100,2024-05-29 00:00:00.000000000,Mechanic Shop,Rodrigo,Leos,Gasolina para camioneta de Rodrigo,,Rodrigo,Fer,11100
11101,2024-05-30 00:00:00.000000000,Mechanic Shop,Ulises,Bobcat,Diesel level for Daniel bobcat and DEF cap for Isidro's bobcat,,Daniel/ Isidro,Fer,11101
11102,2024-05-30 00:00:00.000000000,Mechanic Shop,Rodrigo,Oreilly,Lueces para trailas de agua y utility y plugs,,Water trailers,Fer,11102
11103,2024-05-30 00:00:00.000000000,Mechanic Shop,Abel,Central Texas Equp.,Hood y piezas para roller compator de Isidro Sanchez,,Roller compator,Fer,11103
11104,2024-05-30 00:00:00.000000000,Mechanic Shop,Rodrigo,Oreilly,Trailer brake control para camioneta Spare 2 y pistola de impacto para shop,,Spare 2,Fer,11104
11105,2024-05-30 00:00:00.000000000,Mechanic Shop,Rodrigo,Oreilly,Stabilizer bar: Monroe Gas-Magnum Steering Damper for SPARE TRUCK 2,,Spare truck 2,Fer,11105
11106,2024-05-31 00:00:00.000000000,Mechanic Shop,Ulises,Texcon,Diesel para camion de Ulises,,Ulises,Fer,11106
11107,2024-05-31 00:00:00.000000000,Mechanic Shop,Ulises,Capitol Bering,Banda para mezcladora de cemento,,Yard/Workshop,Fer,11107
11108,2024-05-13 00:00:00.000000000,Mechanic Shop,Rodrigo,Aline,Banda para mezcladora de cemento ,,Yard shop,Fer,11108
11109,2024-06-03 00:00:00.000000000,Mechanic Shop,Abel,Texcon,Disel para la troka de Abel - Austin Constructors,,,Fer,11109
11110,2024-06-03 00:00:00.000000000,Mechanic Shop,Abel,Oreilly,"orange hand cleaner, 2 qts of 1040 for water pumps",,,Fer,11110
11111,2024-06-03 00:00:00.000000000,Mechanic Shop,Abel,International,coolent level water sensor ,,,Fer,11111
11112,2024-06-12 00:00:00.000000000,Yard,Jenny,Arnold Oil,55 gal drum 2 cycle oil,,,Fer,11112
11113,2024-06-17 00:00:00.000000000,Mechanic Shop,Rodrigo,Oreilly,"4 batteries for dump truck Peter Bilt, 2 batteries for Ruben's truck",,"Peter Bilt Dump truck, Ruben",Fer,11113
11114,2024-06-18 00:00:00.000000000,Mechanic Shop,Ulises,Texcon,Diesel para camioneta spare 2 FJJ9191,,Spare 2,Fer,11114
11115,2024-06-18 00:00:00.000000000,Mechanic Shop,Rodrigo,Oreilly,Filtros para camioneta de Ruben,,Ruben,Fer,11115
11116,2024-06-19 00:00:00.000000000,Mechanic Shop,Rodrigo,Oreilly,Filtros para camioneta de Francisco Bocanegra,,Francisco Bocanegra,Fer,11116
11117,2024-06-19 00:00:00.000000000,Mechanic Shop,Rodrigo,Oreilly,Pines para triler hitch,,Yard/ shop,Fer,11117
11118,2024-06-19 00:00:00.000000000,Mechanic Shop,Rodrigo,Oreilly,Filtros para camioneta de Hugo Carlino,,Yard/ shop,Fer,11118
11119,2024-06-19 00:00:00.000000000,Mechanic Shop,Rodrigo,Oreilly,Trailer Brake Controller para camioneta de Jose A. Zamarripa,,Jose A. Zamarripa,Fer,11119
11120,2024-06-20 00:00:00.000000000,Mechanic Shop,Rodrigo,Oreilly,Liner paint spary cans para camioneta de Rudy,,MR. MUNIZ,Fer,11120
11121,2024-06-20 00:00:00.000000000,Mechanic Shop,Abel,Texcon,Diesel para camion de Abel,,Abel,Fer,11121
11122,2024-06-20 00:00:00.000000000,Mechanic Shop,Rodrigo,Texcon,Gasolina para camioneta de Rodrigo ,,Rodrigo,Fer,11122
11123,2024-06-21 00:00:00.000000000,Mechanic Shop,Ulises,Texcon,Diesel para camion de Ulises,,Ulises,Fer,11123
11124,2024-06-21 00:00:00.000000000,Mechanic Shop,Rodrigo,Oreilly,Filtros para camioneta de Mario Munoz,,Mario,Fer,11124
11125,2024-06-24 00:00:00.000000000,Mechanic Shop,Abel,Leif Jonson,Frenos para camioneta de Mario,PENDING INVOICE ,Mario,Fer,11125
11126,2024-06-24 00:00:00.000000000,Mechanic Shop,Abel,Leif Jonson,Caliper para camioneta de Jose A. Zamarripa,,JOse A. Zamarripa,Fer,11126
11127,2024-06-24 00:00:00.000000000,Mechanic Shop,Ulises,Texcon,Disel para camioneta spare 2,,,Fer,11127
11128,2024-06-25 00:00:00.000000000,Mechanic Shop,Abel,Aline,Solvente,,,Fer,11128
11129,2024-06-26 00:00:00.000000000,Mechanic Shop,Ulises,Capitol Bering,Mangueras para martillo de Daniel,,Daniel,Fer,11129
11130,2024-06-26 00:00:00.000000000,Mechanic Shop,Abel,Komatsu,"Partes para motor komatsu, filtros, primary pump diesel, tornillos",,Yard shop,Fer,11130
11131,2024-06-26 00:00:00.000000000,Mechanic Shop,Rodrigo,Leos,Gasolina para camioneta de Rodrigo,,Rodrigo,Fer,11131
11132,2024-06-27 00:00:00.000000000,Mechanic Shop,Abel,Texcon,Diesel para camion de Abel,,Abel,Fer,11132
11133,2024-06-27 00:00:00.000000000,Mechanic Shop,Abel,Oreilly,Luces para camioenta de Rudy,,Rudy,Fer,11133
11134,2024-06-27 00:00:00.000000000,Mechanic Shop,Ulises,Texcon,DIesel para camion de Ulises,,Ulises,Fer,11134
11135,2024-06-28 00:00:00.000000000,Mechanic Shop,Rodrigo,Aline,2 tambos de aceite de motor ,,Yard shop,Fer,11135
11136,2029-06-28 00:00:00.000000000,Mechanic Shop,Rodrigo,Texcon,Gasolina para camioneta blanca,,Rodrigo,Fer,11136
11137,2024-06-28 00:00:00.000000000,Mechanic Shop,Rodrigo,Oreilly,Filtros para camioenta de Ulises,,Ulises,Fer,11137
11138,2024-06-28 00:00:00.000000000,Mechanic Shop,Rodrigo,Oreilly,Filtros para camioenta de Abel,,Abel,Fer,11138
11139,2024-06-28 00:00:00.000000000,Mechanic Shop,Abel,Bobcat,Filtros de aire,,,Fer,11139
11140,2024-06-29 00:00:00.000000000,Mechanic Shop,Abel,Oreilly,Baterias para camioneta de Alvaro,,Alvaro,Fer,11140
11141,2024-07-01 00:00:00.000000000,Mechanic Shop,Abel,texcon,Disel para camion de Abel,,Abel,Fer,11141
11142,2024-07-01 00:00:00.000000000,Mechanic Shop,Rodrigo, Bobcat,"Parte para Bobcat 200429, 200425, 2004146",,"Bobcat 200429, 200425, 2004146",Fer,11142
11143,2024-07-01 00:00:00.000000000,Mechanic Shop,Rodrigo,Oreilly,Frenos para camioneta SPARE 2,,Spare 2,Fer,11143
11144,2024-07-02 00:00:00.000000000,Mechanic Shop,Ulises,Capitol Bering,Manguera de bobcat para bobcat de traques 200419,,,Fer,11144
11145,2024-07-02 00:00:00.000000000,Mechanic Shop,Rodrigo,Texcon,Gasolina para camioneta de Rodrigo,,Rodrigo,Fer,11145
11146,2024-07-03 00:00:00.000000000,Mechanic Shop,Rodrigo,Texcon,Diesel para camioneta de Javier,,Javier,Fer,11146
11147,2024-07-03 00:00:00.000000000,Mechanic Shop,Ulises,Texcon,Disel para camion de Ulises,,Ulises,Fer,11147
11148,2024-07-05 00:00:00.000000000,Mechanic Shop,Ulises,Capitol Bering,Partes para pipa del agua ,,Ulises,Fer,11148
11149,2024-07-05 00:00:00.000000000,Mechanic Shop,Rodrigo,Oreilly,Filtros para camioneta de Ricardo,,Ricardo,Fer,11149
11150,2024-07-06 00:00:00.000000000,Mechanic Shop,Rodrigo,Oreilly,Filtros para camioneta de Jose Luiz Zamarripa,,JLZ,Fer,11150
11151,2024-07-08 00:00:00.000000000,Mechanic Shop,Ulises,Texcon,Disel para camion de Ulises,,Ulises,Fer,11151
11152,2024-07-08 00:00:00.000000000,Mechanic Shop,Ulises,Bobcat,Partes para bobcat 2008319/ 200425,,2008319/ 200425,Fer,11152
11153,2024-07-08 00:00:00.000000000,Mechanic Shop,Rodrigo,Bransco ,Walk-behind para Francisco Aguirre,,Francisco Aguirre,Fer,11153
11154,2024-07-08 00:00:00.000000000,Mechanic Shop,Lediel,Texcon,Diesel para camoienta FJJ9134 SPARE 8,,LEDIEL,Fer,11154
11155,2024-07-08 00:00:00.000000000,Mechanic Shop,Rodrigo,Ace Contractors,Metal Screws for trailers,,Yard/shop,Fer,11155
11156,2024-07-09 00:00:00.000000000,Mechanic Shop,Ulises,Bobcat,"Tornillos para bobcat de Ruben, Inyectores para bobcat de Daniel 2004146 sellos de cilindros traseros",,"Ruben, Daniel",Fer,11156
11157,2024-07-09 00:00:00.000000000,Mechanic Shop,Rodrigo,Leif Jonson,"Def inyector, temperature sensor for truck VIN 2775",,Abel,Fer,11157
11158,2024-07-09 00:00:00.000000000,Mechanic Shop,Rodrigo,Leif Jonson,Turbo pipe for Javier's truck,,Javier,Fer,11158
11159,2024-07-09 00:00:00.000000000,Mechanic Shop,Rodrigo,Leif Jonson,Carlos's truck seat controll molding,,Carlos Diaz,Fer,11159
11160,2024-07-09 00:00:00.000000000,Mechanic Shop,Lediel,Texcon,Diesel para camioneta Spare #2,,spare 2,Fer,11160
11161,2024-07-12 00:00:00.000000000,Mechanic Shop,Lediel,Texcon,"Diesel para camioneta Spare 2, Lediel",,Lediel,Fer,11161
11162,2024-07-11 00:00:00.000000000,Mechanic Shop,Lediel,Bobcat,Bajante de diesel para bobcat 2008319 y filtros para el taller,,Yard/shop,Fer,11162
11163,2024-07-11 00:00:00.000000000,Mechanic Shop,Abel,Leif Jonson,Sensor para camioneta SPARE 8 ,,SPARE 8,Fer,11163
11164,2024-07-11 00:00:00.000000000,Mechanic Shop,Abraham,Leos,Gasolina para camioneta SPARE 6,,SPARE 6,Fer,11164
11165,2024-07-11 00:00:00.000000000,Mechanic Shop,Rodrigo,Oreilly,Filtros para camioneta de Tacho,,Tacho,Fer,11165
11166,2024-07-12 00:00:00.000000000,Mechanic Shop,Rodrigo,Oreilly,Cables para camioneta en Mexico VIN 1FT8W3BT3EEA52775,,1FT8W3BT3EEA52775,Fer,11166
11167,2024-07-12 00:00:00.000000000,Mechanic Shop,lediel,Texcon,Diesel para camioenta Spare 2 Lediel,,LEDIEL,Fer,11167
11168,2024-07-12 00:00:00.000000000,Mechanic Shop,Abarham,Ace Contractors,Material para projecto de Bryan,,Brayan,Fer,11168
11169,2024-07-12 00:00:00.000000000,Mechanic Shop,Abraham,Matheson,"Partes para soldadora de cobre, guantes para jesus.",,Yard shop,Fer,11169
11170,2024-07-12 00:00:00.000000000,Mechanic Shop,Abel,Texcon,Diesel para camion de Abel,,Abel,Fer,11170
11171,2024-07-12 00:00:00.000000000,Mechanic Shop,Abel,Bobcat,Motor Mounts para bobcat 250,,BOBCAT 250,Fer,11171
11172,2024-07-12 00:00:00.000000000,Mechanic Shop,Lediel,Texcon,Diesel para camioneta de Carlos Diaz,,Carlos Diaz,Fer,11172
11173,2024-07-12 00:00:00.000000000,Mechanic Shop,Rodrigo,Leif Jonson,Frenos para camioneta de tacho,,Tacho,Fer,11173
11174,2024-07-12 00:00:00.000000000,Mechanic Shop,Rodrigo,Capitol Beirng ,Teflon para mangueras de foremans,,All Foremans ,Fer,11174
11175,2024-07-12 00:00:00.000000000,Mechanic Shop,Rodrigo,Leif Jonson,Tapas de llanta para camiona de Jose Luis ,,Jose Luis,Fer,11175
11176,2024-07-12 00:00:00.000000000,Mechanic Shop,Rodrigo,Oreilly,Filtros para camioneta de Spare 2,,Spare 2,Fer,11176
11177,2024-07-12 00:00:00.000000000,Mechanic Shop,Rodrigo,Oreilly,Filtros para camioneta Spare ,,Spare ,Fer,11177
11178,2024-07-15 00:00:00.000000000,Mechanic Shop,Rodrigo,Texcon,Gasolina para camioneta SPARE 10,,Spare 10,Fer,11178
11179,2024-07-15 00:00:00.000000000,Mechanic Shop,Lediel,Texcon,Diesel para Water Truck,,Lediel,Fer,11179
11180,2024-07-15 00:00:00.000000000,Mechanic Shop,Ulises,Oreilly,Baterias para camioenta de Gerardo,,Gerardo,Fer,11180
11181,2024-07-15 00:00:00.000000000,Mechanic Shop,Rodrigo,Texcon,Gasolina para camioneta de Alberto,,Alberto,Fer,11181
11182,2024-07-15 00:00:00.000000000,Mechanic Shop,Rodrigo,Oreilly,Condensador de camioenta de Javier y 6 coolant,,Javier,Fer,11182
11183,2024-07-15 00:00:00.000000000,Mechanic Shop,Abel,Lief Jonson ,Fitting de turbo de camioneta de Javier,,Javier,Fer,11183
11184,2024-07-15 00:00:00.000000000,Mechanic Shop,Abel,Oreilly,FIltros de aire para roller compator de Marign,,Martin,Fer,11184
11185,2024-07-16 00:00:00.000000000,Mechanic Shop,Ulises,Capitol Beirng ,Mangueras de martillos para mayordomos,,Foreman,Fer,11185
11186,2024-07-16 00:00:00.000000000,Mechanic Shop,Ulises,Oreilly,Herramientas para mayordomos,,Foreman,Fer,11186
11187,2024-07-16 00:00:00.000000000,Mechanic Shop,Rodrigo,Longhorn Materials,Rebar Fab Dowel Smooth #4 18IN GR 60,,"Yardh, Wherehouse",Fer,11187
11188,2024-07-16 00:00:00.000000000,Mechanic Shop,Abel,Lief Jonson ,"Partes para camioneta de Omar, pumpa para Def",,Omar,Fer,11188
11189,2024-07-17 00:00:00.000000000,Mechanic Shop,Lediel,Capitol Beirng ,Manguera para water truck,,Lediel,Fer,11189
11190,2024-07-17 00:00:00.000000000,Mechanic Shop,Abel,Capitol Beirng ,"Cober para mangueras, fettings, 80 pies para los martillos",,"Yardh, Wherehouse",Fer,11190
11191,2024-07-17 00:00:00.000000000,Mechanic Shop,Rodrigo,Texcon,DIesel para camion de Ulises,,Ulises,Fer,11191
11192,2024-07-18 00:00:00.000000000,Mechanic Shop,Rodrigo,oreilly,Filtros para camioneta de Omar VIN #7192,,Omar Hernandez VIN # 7192,Fer,11192
11193,2024-07-18 00:00:00.000000000,Mechanic Shop,Rodrigo,oreilly,Filtros para camioneta de Spare 8 VIN # 6628,,Spare 8 VIN # 6628,Fer,11193
11194,2024-07-19 00:00:00.000000000,Mechanic Shop,Abel,Texcon,Diesel Fuel,,2015 F550 AC,Fer,11194
11195,2024-07-19 00:00:00.000000000,Mechanic Shop,Ulises,Texcon,Diesel Fuel,,Ulises Truck?,Fer,11195
11196,2024-07-19 00:00:00.000000000,Mechanic Shop,Abel,Leif Johnson,Side Mirror,,2010 F350 (Omar),Fer,11196
11197,2024-07-22 00:00:00.000000000,Mechanic Shop,Lediel,Texcon,Diesel para camioneta de Javier,,Javier,Fer,11197
11198,2024-07-22 00:00:00.000000000,Mechanic Shop,Abraham,Matheson,Recarga de tanque de oxigeno para Jesus,,"Yard, Wherehouse",Fer,11198
11199,2024-07-22 00:00:00.000000000,Mechanic Shop,Abraham,Texcon,Diesel para camion de Abraham,,Abraham,Fer,11199
11200,2024-07-22 00:00:00.000000000,Mechanic Shop,Abel,Leif Johnson,Def Injector ,,Spare 8 (omar),Fer,11200
11201,2024-07-22 00:00:00.000000000,Mechanic Shop,Abraham,Texcon,Diesel para camioneta de Francisco,,Francisco,Fer,11201
11202,2024-07-22 00:00:00.000000000,Mechanic Shop,Abel,Texcon,Diesel para camion de Abel,,Abel,Fer,11202
11203,2024-07-22 00:00:00.000000000,Mechanic Shop,Rodrigo,A-Line,Pallet de Def Fluid MotorCraft,,Yard,Fer,11203
11204,2024-07-23 00:00:00.000000000,Mechanic Shop,Abel,Oreilly,Bateria para mini excavadora de Teri Rd y luz  para small dump truck ,,Teri Rd,Fer,11204
11205,2024-07-23 00:00:00.000000000,Mechanic Shop,Rodrigo,Oreilly,Luces para camioneta de Jose Luis,,Jose Luis Z.,Fer,11205
11206,2024-07-24 00:00:00.000000000,Mechanic Shop,Ulises,Texcon,Diesel para camion de Ulises,,Ulises,Fer,11206
11207,2024-07-25 00:00:00.000000000,Mechanic Shop,Abraham,Oreilly,Gato para el taller,,"Yard, Wherehouse",Fer,11207
11208,2024-07-25 00:00:00.000000000,Mechanic Shop,Abel,Bobcat,Motor mounts for bobcat 2008319 ,,Bobcat 2008319,Fer,11208
11209,2024-07-26 00:00:00.000000000,Mechanic Shop,Ulises,Texcon,Diesel para spare truck 4,,Spare 4,Fer,11209
11210,2024-07-26 00:00:00.000000000,Mechanic Shop,Lediel,Texcon,Diesel para camioneta de Javier ,,Lediel,Fer,11210
11211,2024-07-29 00:00:00.000000000,Mechanic Shop,Ulises,Texcon,Gasolina para camioneta blanca,,Ulises,Fer,11211
11212,2024-07-29 00:00:00.000000000,Mechanic Shop,Manuel,Matheson,Relleno de tanques de oxigeno y acetileno,,"Yardh, Wherehouse",Fer,11212
11213,2024-07-29 00:00:00.000000000,Mechanic Shop,Abel,Texcon,Diesle para camion de Abel ,,Abel,Fer,11213
11214,2024-07-30 00:00:00.000000000,Mechanic Shop,Ulises,Texcon,Diesel para camion de Ulises y Gasolina para camioneta spare 9 ,,ulises / Spare 9,Fer,11214
11215,2024-07-30 00:00:00.000000000,Mechanic Shop,Abel,A-Line,Cinta reflectora para trailas,,Yardshop,Fer,11215
11216,2024-07-30 00:00:00.000000000,Mechanic Shop,Rodrigo,Leift Jonson,"Frenos delanteros para camioneta de Bryan, beraing,  ",,Brayan,Fer,11216
11217,2024-07-30 00:00:00.000000000,Mechanic Shop,Rodrigo,A-Line,Trimer para cortar la yarda,,Yarda,Fer,11217
11218,2024-07-31 00:00:00.000000000,Mechanic Shop,Lediel,Texcon,Diesel para camioneta de Mr. Muniz,,Lediel,Fer,11218
11219,2024-07-31 00:00:00.000000000,Mechanic Shop,Abel,Texcon,Diesel para camion de Abel,,Abel,Fer,11219
11220,2024-08-01 00:00:00.000000000,Mechanic Shop,Lediel,Texcon,Diesel para camion de Lediel,,Lediel,Fer,11220
11221,2024-08-01 00:00:00.000000000,Mechanic Shop,Abel,Capitol Beirng ,Partes para bobcat de Ricardo,,Ricardo Garcia,Fer,11221
11222,2024-08-01 00:00:00.000000000,Mechanic Shop,Ulises,Oreilly,Baterias para camioneta de Iisdro,,Isidro Sanchez,Fer,11222
11223,2024-08-01 00:00:00.000000000,Mechanic Shop,Rodrigo,Oreilly,"Antifreeze para bulldozer komatsu, connectores para trailas y switch para conexion de GPS",,Dozer komatsu ,Fer,11223
11224,2024-08-02 00:00:00.000000000,Mechanic Shop,Abraham,Matheson,Recarga de tanque de oxigeno para Abraham,,Abraham,Fer,11224
11225,2024-08-02 00:00:00.000000000,Mechanic Shop,Abel,Bobcat,Bobtach para bobcat de Daniel,,Daniel,Fer,11225
11226,2024-08-03 00:00:00.000000000,Mechanic Shop,rodrigo,oreilly,Filtros para camioneta de Antonio,,Antonio,Fer,11226
11227,2024-08-03 00:00:00.000000000,Mechanic Shop,Rodrigo,Oreilly,Filtros para camioneta de Isidro y Carlos,,Isidro Sanchez y Carlos Diaz,Fer,11227
11228,2024-08-03 00:00:00.000000000,Mechanic Shop,Abel,Texcon,Gasolina,,,Fer,11228
11229,2024-08-03 00:00:00.000000000,Mechanic Shop,Abraham,Texcon,Diesel para camion de Daniel,,Daniel O.,Fer,11229
11230,2024-08-05 00:00:00.000000000,Mechanic Shop,Lediel,Texcon,Diesel para camion SPARE 2,,FJJ9134,Fer,11230
11231,2024-08-05 00:00:00.000000000,Mechanic Shop,Abraham,Texcon,Diesel para camion de Abraham,,Abraham,Fer,11231
11232,2024-08-05 00:00:00.000000000,Mechanic Shop,Noe,Oreilly,Focos de traila RV de la yarda,,Noe,Fer,11232
11233,2024-08-05 00:00:00.000000000,Mechanic Shop,Rodrigo,Oreilly,Brake Light Switch para camion de Martin,,Martin,Fer,11233
11234,2024-08-05 00:00:00.000000000,Mechanic Shop,Rodrigo,Oreilly,Window motor front left for Javier's truck,,Lediel,Fer,11234
11235,2024-08-05 00:00:00.000000000,Mechanic Shop,Abel,Oreilly,"Power steering pump para camioneta de Antonio, Spare truck #1",,Antonio,Fer,11235
11236,2024-08-05 00:00:00.000000000,Mechanic Shop,Rodrigo,Oreilly,Filtros para camioneta de Roberto,,Roberto,Fer,11236
11237,2024-08-06 00:00:00.000000000,Mechanic Shop,Ulises,Texcon,Diesel para camion de Ulises ,,Ulises  ,Fer,11237
11238,2024-08-06 00:00:00.000000000,Mechanic Shop,Rodrigo,Oreilly,Antifreeze para camioneta spare 15,,SPARE 15,Fer,11238
11239,2024-08-06 00:00:00.000000000,Mechanic Shop,Abel,Komatsu,Pintura para Dozer Komatsu/ presure gauge ,,Dozer komatsu / Lediel,Fer,11239
11240,2024-08-06 00:00:00.000000000,Mechanic Shop,Manuel,Matheson,Relleno de tanques de oxigeno y acetileno,,Manuel,Fer,11240
11241,2024-08-07 00:00:00.000000000,Mechanic Shop,Ulises,Capitol Beirng ,Manguera para cepillo de Martin ,,Martin,Fer,11241
11241,2024-08-07 00:00:00.000000000,Mechanic Shop,Abel,Texcon,Diesel para camion de Abel,,Abel,Fer,11241
11242,2024-08-07 00:00:00.000000000,Mechanic Shop,Abel,Capitol Beirng ,Mangueras para tanque de diesel,,Abel/ Isidro / Daniel,Fer,11242
11243,2024-08-07 00:00:00.000000000,Mechanic Shop,Abel,Bobcat,Pipe for Francisco's aguirre Bobcat,,Bobcat,Fer,11243
11244,2024-08-09 00:00:00.000000000,Mechanic Shop,Lediel,Texcon,Diesel para camion de Lediel,,Lediel,Fer,11244
11245,2024-08-09 00:00:00.000000000,Mechanic Shop,Abel,Bobcat,Terminal de bateria para bobcat de Francisco 2004169,,Francisco Aguirre,Fer,11245
11246,2024-08-09 00:00:00.000000000,Mechanic Shop,Rodrigo,A-Line,Filtros de aire/ Filtros de aceite / Wipers blades para camionetas F-150 ,,Workshop,Fer,11246
11247,2024-08-09 00:00:00.000000000,Mechanic Shop,Rodrigo,Oreilly,Filstros para camioneta de Daniel y Herbey,,Daniel/ Herbey,Fer,11247
11248,2024-08-09 00:00:00.000000000,Mechanic Shop,Rodrigo,Texcon,Gasolina para camioneta de Rodrigo,,Rodrigo,Fer,11248
11249,2024-08-09 00:00:00.000000000,Mechanic Shop,Rodrigo,Oreilly,Filtros para torre de luz ,,Torre de Luz,Fer,11249
11250,2024-08-10 00:00:00.000000000,Mechanic Shop,Rodrigo,Oreilly,Jabon para lavar camionetas,,Yard/Shop,Fer,11250
11251,2024-08-12 00:00:00.000000000,Mechanic Shop,Ulises,Oreilly,Bateria para bobcat de Gerardo,,Gerardo,Fer,11251
11252,2024-08-12 00:00:00.000000000,Mechanic Shop,Abel,Bobcat,Blade y Cubena nueva para mini excavadora,,Abel,Fer,11252
11253,2024-08-12 00:00:00.000000000,Mechanic Shop,Abraham,Texcon,Diesel para camion de Abraham ,,Abraham,Fer,11253
11254,2024-08-12 00:00:00.000000000,Mechanic Shop,Rodrigo,Leift Jonson,Racken pinion para camioneta de Rodrigo,,Rodrigo,Fer,11254
11255,2024-08-12 00:00:00.000000000,Mechanic Shop,Rodrigo,Leift Jonson,Step barr para camioneta de Karen,,Karen,Fer,11255
11256,2024-08-12 00:00:00.000000000,Mechanic Shop,Rodrigo,A-Line,Spark Plus y Ignition Coil para camioneta de Rodrigo,,Rodrigo,Fer,11256
11257,2024-08-12 00:00:00.000000000,Mechanic Shop,Abel,Capitol Beirng ,Manguera de camioneta de Abraham,,Abraham,Fer,11257
11258,2024-08-12 00:00:00.000000000,Mechanic Shop,Rodrigo,Leift Jonson,"Front Brakes, pads, brakes, calipers, Hubb Assembly ",,Avisay,Fer,11258
11259,2024-08-12 00:00:00.000000000,Mechanic Shop,Abel,Oreilly,Cable y handle para Quikly saw de Martin,,Martin,Fer,11259
11260,2024-08-13 00:00:00.000000000,Mechanic Shop,Ulises,Texcon,Diesel para camion de Ulises,,Ulises,Fer,11260
11261,2024-08-13 00:00:00.000000000,Mechanic Shop,rodrigo,Oreilly,Freon Refrigerant tank and manifold gauge set para Ulises,,Ulises,Fer,11261
11262,2024-08-13 00:00:00.000000000,Mechanic Shop,Rodrigo,Oreilly,Paint gun for Piantshop ,,Jesus/Paint shop,Fer,11262
11263,2024-08-13 00:00:00.000000000,Mechanic Shop,Rodrigo,Bobcat,Partes para bobcat,,2004169,Fer,11263
11264,2024-08-13 00:00:00.000000000,Mechanic Shop,Abel,Leift Jonson,Clock spring para camioneta de Avisai,,Avisai,Fer,11264
11265,2024-08-13 00:00:00.000000000,Mechanic Shop,Rodrigo,Leift Jonson,Tail loght for FRANCISCO bocanegra's teuck,,Francisco Bocanegra,Fer,11265
11266,2024-08-12 00:00:00.000000000,Mechanic Shop,Rodrigo,Oreilly,Terminal seat switch para SPARE TRUCK 1,,SPARE TRUCK 1,Fer,11266
11267,2024-08-14 00:00:00.000000000,Mechanic Shop,Abel,Chevron,Diesel y Gasolina para camioneta de Abel,,Abel,Fer,11267
11268,2024-08-15 00:00:00.000000000,Mechanic Shop,Abraham,Texcon,Diesel y gasolina para camion de Abraham ,,Abraham,Fer,11268
11269,2024-08-15 00:00:00.000000000,Mechanic Shop,Rodrigo,Longhorn Materials,"Rebar #3, #4",,Yard,Fer,11269
11270,2024-08-15 00:00:00.000000000,Mechanic Shop,Rodrigo,Texcon,Gasolina para camioneta de Rodrigo,,Rodrigo,Fer,11270
11271,2024-08-16 00:00:00.000000000,Mechanic Shop,Ulises,Texcon,Diesel para camion de Ulises,,Ulises,Fer,11271
11272,2024-08-16 00:00:00.000000000,Mechanic Shop,Ulises,Oreilly,Batteria para bobcat,,Ulises,Fer,11272
11273,2024-08-16 00:00:00.000000000,Mechanic Shop,Rodrigo,Leift Jonson,Water tank para camioneta de Rudy,,Rudy,Fer,11273
11274,2024-08-16 00:00:00.000000000,Mechanic Shop,Rodrigo,Oreilly,Paint Shop strainer Kit,,Paint shop,Fer,11274
11275,2024-08-16 00:00:00.000000000,Mechanic Shop,Rodrigo,Leift Jonson,Front bumper and cover de grill para troca de Avisai,,Avisai,Fer,11275
11276,2024-08-16 00:00:00.000000000,Mechanic Shop,Rodrigo,Bobcat,Pines para cubeta de Martin ,,Martin,Fer,11276
11277,2024-08-17 00:00:00.000000000,Mechanic Shop,Rodrigo,Oreilly,Filtros para camioneta de Gerardo y Alvaro,,Gerardo y Alvaro,Fer,11277
11278,2024-08-17 00:00:00.000000000,Mechanic Shop,Rodrigo,Oreilly, Filtros para camionetas de Lediel y Abraham,,Lediel y Abraham,Fer,11278
11279,2024-08-17 00:00:00.000000000,Mechanic Shop,Rodrigo,Oreilly,Seat Covers para camionetas nuevas,,"SPARE 12,13,",Fer,11279
11280,2024-08-17 00:00:00.000000000,Mechanic Shop,Rodrigo,Oreilly,Fuel pump para camioneta de Alvaro,,Alvaro,Fer,11280
11281,2024-08-19 00:00:00.000000000,Mechanic Shop,Rodrigo,Texcon,Gasolina para camioneta de Rodrigo,,Rodrigo,Fer,11281
11282,2024-08-19 00:00:00.000000000,Mechanic Shop,Abel,A-Line,Tapon de antifreeze para dozer komatsu,,Abel,Fer,11282
11283,2024-08-20 00:00:00.000000000,Mechanic Shop,Lediel,Texcon,Diesel para pipa del agua,,Lediel ,Fer,11283
11284,2024-08-20 00:00:00.000000000,Mechanic Shop,Manuel,Texcon,Gasolina para yogas de Elroy y Noe,,Elroy,Fer,11284
11285,2024-08-20 00:00:00.000000000,Mechanic Shop,Ulises,Texcon,Diesel para camion spare 4,,Ulises,Fer,11285
11285,2024-08-19 00:00:00.000000000,Mechanic Shop,Abel,Oreilly,Air filter for Abel's welding machine,,Abel,Fer,11285
11286,2024-08-20 00:00:00.000000000,Mechanic Shop,Rodrigo,Leift Jonson Ford,"Particle Kit, inyectores para camioneta de Ulises",,Ulises,Fer,11286
11287,2024-08-20 00:00:00.000000000,Mechanic Shop,Abraham,Bobcat,"Filtros para bobcat 200821, 200422, Wheel with tire and rim, Belt drive and hock for bobcat 200488",,"Bobcat 200821, 200422, 200488",Fer,11287
11288,2024-08-20 00:00:00.000000000,Mechanic Shop,Abel,Oreilly,Baterias para mini cat 304 ,,Mini Cat 304,Fer,11288
11289,2024-08-20 00:00:00.000000000,Mechanic Shop,Rodrigo,Oreilly,Aceite para camioenta de Hugo,,Hugo,Fer,11289
11290,,Mechanic Shop,Rodrigo,Capitol Beirng ,Coples y manguera para martillos hidraulicos,,Yard/Foreman,Fer,11290
11291,2024-08-21 00:00:00.000000000,Mechanic Shop,Ulises,Leos,Gasolina para camioneta de ,,,Fer,11291
11292,2024-08-21 00:00:00.000000000,Mechanic Shop,Rodrigo,Oreilly,Aceite para camioneta de Rodrigo,,Rodrigo,Fer,11292
11293,2024-08-21 00:00:00.000000000,Mechanic Shop,Abel,Texcon,Diesel para camion de Abel,,Abel,Fer,11293
11294,2024-08-21 00:00:00.000000000,Mechanic Shop,Rodrigo,Bobcat,"Dientes para milleadora, handle derecho para bocat 200834, fertings y tornillos para cubeta",,Lupe/Yard,Fer,11294
11295,2024-08-21 00:00:00.000000000,Mechanic Shop,Ulises,Capitol Beirng ,Manguera para bobcat 200834,,LUPUE 200834,Fer,11295
11296,2024-08-21 00:00:00.000000000,Mechanic Shop,Ulises,Oreilly,Trailer connector ,,Yard/Shop,Fer,11296
11297,2024-08-21 00:00:00.000000000,Mechanic Shop,Rodrigo,CMC,Couring compound and sand pavers,,Yard,Fer,11297
11298,2024-08-21 00:00:00.000000000,Mechanic Shop,Rodrigo,Bransco,2 walk behind para la yarda,,2 walk behind,Fer,11298
11299,2024-08-22 00:00:00.000000000,Mechanic Shop,Manuel,Matheson,Relleno de tanques de oxigeno y acetileno,,Yard/ Shop,Fer,11299
11300,2024-08-22 00:00:00.000000000,Mechanic Shop,Ulises,Bobcat,Cubeta 2'' para mini bobcat de Avisai,,Mini Bobcat ,Fer,11300
11301,2024-08-22 00:00:00.000000000,Mechanic Shop,Rodrigo,CMC,Order of Rebar #4 and #3 11 ,,Yard/ Shop,Fer,11301
11302,2024-08-22 00:00:00.000000000,Mechanic Shop,Abel,Leift Jonson Ford,Motor para camioneta de Ulises,,Ulises,Fer,11302
11303,2024-08-22 00:00:00.000000000,Mechanic Shop,Rodrigo,Texcon,Gasolina para camioneta de Rodrigo,,Rodrigo,Fer,11303
11304,2024-08-22 00:00:00.000000000,Mechanic Shop,Rodrigo,Ace co,Llaves para tambos de couring y cinta azul para el taller,,Yard /Shop,Fer,11304
11305,2024-08-22 00:00:00.000000000,Mechanic Shop,Abraham,Texcon,Diesel para camion de Abraham,,Abraham,Fer,11305
11306,2024-08-22 00:00:00.000000000,Mechanic Shop,Rodrigo,Oreilly,Terminal Trailer Wire Connector,,Yard /Shop,Fer,11306
11307,2024-08-23 00:00:00.000000000,Mechanic Shop,Abel,Texcon,Gasolina para camioneta Blanca,,Ulises,Fer,11307
11308,2024-08-24 00:00:00.000000000,Mechanic Shop,Rodrigo,Oreilly,Filtros y Aceite para servicio de camioneta de Rodrigo,,Rodrigo,Fer,11308
11309,2024-08-24 00:00:00.000000000,Mechanic Shop,Rodrigo,Oreilly,Drain Pan para el shop,,Shop,Fer,11309
11310,2024-08-26 00:00:00.000000000,Mechanic Shop,rodrigo,Texcon,Gasolina para el Shop/Elroy project,,Yard/Elroy,Fer,11310
11311,2024-08-26 00:00:00.000000000,Mechanic Shop,Rodrigo,Oreilly,FIltros para servicio 6667352 y pipeline para bobcat 2004146,,Daniel/ Shop,Fer,11311
11312,2024-08-26 00:00:00.000000000,Mechanic Shop,Ulises,Capitol Beirng ,Manguera para bobcat 2004146,,Daniel,Fer,11312
11313,2024-08-26 00:00:00.000000000,Mechanic Shop,Rodrigo,Oreilly,Wiper motor para Small Dump truck Ford VIN8987,,Dump truck VIN 8987,Fer,11313
11314,2024-08-27 00:00:00.000000000,Mechanic Shop,Rodrigo,Leift Jonson Ford,Partes para motor de Ulises para motor  ,,Ulises,Fer,11314
11315,2024-08-27 00:00:00.000000000,Mechanic Shop,Rodrigo,Leift Jonson Ford,Brakets y hooks para camioneta de Avisai,,Avisai,Fer,11315
11316,2024-08-27 00:00:00.000000000,Mechanic Shop,Ulises,Texcon,Diesel para camioneta de Ulises ,,Ulises,Fer,11316
11317,2024-08-27 00:00:00.000000000,Mechanic Shop,Rodrigo,Texcon,Gasolina para camioneta de Rodrigo,,Rodrigo,Fer,11317
11318,2024-08-28 00:00:00.000000000,Mechanic Shop,Rodrigo,Oreilly,Filtros y Aceite para servicio de camioneta de Mario,,Mario,Fer,11318
11319,2024-08-28 00:00:00.000000000,Mechanic Shop,Abel,Texcon,Diesel para camion de Abel,,Abel,Fer,11319
11320,2024-08-28 00:00:00.000000000,Mechanic Shop,Rodrigo,Matheson,"Soldadora de micro alambre y arco electrico para el taller, guantes, soldadura",,Weldshop,Fer,11320
11321,2024-08-28 00:00:00.000000000,Mechanic Shop,Rodrigo,Leift Jonson Ford,"Anillo y Alternador, para troca de Ulises",,Ulises,Fer,11321
11322,2024-08-29 00:00:00.000000000,Mechanic Shop,Rodrigo,Oreilly,"Filtro de Aire para camioneta de Karla, Filtros de cabina para F-150",,Karla,Fer,11322
11323,2024-08-29 00:00:00.000000000,Mechanic Shop,Rodrigo,Oreilly,Cables para camioneta de Bryan,,Bryan,Fer,11323
11324,2024-08-29 00:00:00.000000000,Mechanic Shop,Rodrigo,Capitol Beirng ,Mangueras para tractor de Jose A Zamarripa ,,Jose A Zamarripa ,Fer,11324
11325,2024-08-30 00:00:00.000000000,Mechanic Shop,Abel,Leift Jonson Ford,Mangueras para motor de camioneta de Ulises,,Ulises,Fer,11325
11326,2024-08-30 00:00:00.000000000,Mechanic Shop,Ulises,Texcon,Diesel para camioneta de Ulises ,,Ulises,Fer,11326
11327,2024-08-30 00:00:00.000000000,Mechanic Shop,Ulises,Capitol Beirng ,Mangueras para foreman,,Foreman,Fer,11327
11328,2024-08-30 00:00:00.000000000,Mechanic Shop,Rodrigo,Oreilly,Luces para traila de Mexico ,,Utility Trailer,Fer,11328
11329,2024-08-30 00:00:00.000000000,Mechanic Shop,Abel,Oreilly,Batterias para mini CAT 304 del Shop/Yard,,CAT 304,Fer,11329
11330,2024-08-30 00:00:00.000000000,Mechanic Shop,Rodrigo,Oreilly,Filtros y aceite para servicio de camionetas de Spare 9,,Spare 9 / Roberto,Fer,11330
11331,2024-08-30 00:00:00.000000000,Mechanic Shop,Rodrigo,A-Line,Windshield waser fluid ,,,Fer,11331
11332,2024-09-03 00:00:00.000000000,Mechanic Shop,Rodrigo,Texcon,Gasolina para camioneta de Rodrigo,,Rodrigo,Fer,11332
11333,2024-09-05 00:00:00.000000000,Mechanic Shop,Abel,Oreilly,Fuses para camioneta se Victor,,Abel,Fer,11333
11334,2024-09-04 00:00:00.000000000,Mechanic Shop,Rodrigo,Oreilly,Filtros y aceite para servicio de camioneta de Roberto  VIN 5249,,Roberto VIN 5249,Fer,11334
11335,2024-09-04 00:00:00.000000000,Mechanic Shop,abel,Bobcat,Partes para tractor de Ricardo Garcia 200425,,Ricardo / 200425,Fer,11335
11336,2024-09-04 00:00:00.000000000,Mechanic Shop,Abraham,Texcon,Diesel para camion de Abraham,,Abraham,Fer,11336
11337,2024-09-05 00:00:00.000000000,Mechanic Shop,Rodrigo,Oreilly,Terminales de bateria para arrow board,,Arrow board,Fer,11337
11338,2024-09-05 00:00:00.000000000,Yard,Rodrigo,Bransco ,Boundle - Sandbag orange 14x26,,Yard,Fer,11338
11339,2024-09-05 00:00:00.000000000,Mechanic Shop,Ulises,Texcon,Gasolina para camioneta Blanca,,Ulises,Fer,11339
11340,2024-09-06 00:00:00.000000000,Mechanic Shop,Abel,Texcon,Gasolina para camioneta de Karla ,,Abel,Fer,11340
11341,2024-09-06 00:00:00.000000000,Mechanic Shop,Ulises,Texcon,DIesel para camion de Ulises,,Ulises,Fer,11341
11342,2024-09-06 00:00:00.000000000,Mechanic Shop,Rodrigo,A-Line,Tanque de aceite para camionetas,,SHOP,Fer,11342
11343,2024-09-06 00:00:00.000000000,Mechanic Shop,Rodrigo,A-Line,Tanque de aceite para camionetas/ Austin Constructors,,SHOP,Fer,11343
11344,2024-09-06 00:00:00.000000000,Mechanic Shop,Rodrigo,Oreilly,Filtros para camioneta de Avisai,,Avisai,Fer,11344
11344,2024-09-06 00:00:00.000000000,Yard,Rodrigo,Longhorn,Curboot 12X24 / Quickete Commerical Sand - Medium 50#,,YARD,Fer,11344
11345,2024-09-07 00:00:00.000000000,Mechanic Shop,Rodrigo,Texcon,Engine OIL and windshield washer fluid,,Shop,Fer,11345
11346,2024-09-09 00:00:00.000000000,Mechanic Shop,Manuel,Ace Contractors,Madera para projecto de MFO,,MFO,Fer,11346
11347,2024-09-10 00:00:00.000000000,Mechanic Shop,Manuel,Matheson,Relleno de tanques de oxigeno y acetileno,,Yard/Shop,Fer,11347
11348,2024-09-10 00:00:00.000000000,Mechanic Shop,Abel,Texcon,Diesel para camion de Abel,,Abel,Fer,11348
11349,2024-09-10 00:00:00.000000000,Mechanic Shop,Abel,Komatsu,Stickers y tapa de radiador para Dozer Komatsu,,Dozer Komatsu,Fer,11349
11350,2024-09-10 00:00:00.000000000,Mechanic Shop,Manuel,Texcon,Gasolina para la yarda,,Yard/Shop,Fer,11350
11351,2024-09-10 00:00:00.000000000,Mechanic Shop,Rodrigo,Oreilly,Pads/Shoes para small dump truck de Teri Rd,,Dump Truck VIN # 2679,Fer,11351
11352,2024-09-10 00:00:00.000000000,Mechanic Shop,Abel,Bobcat,Dientes y base para cubeta de Francisco Bocanegra,,Francisco Bocanegra,Fer,11352
11353,2024-09-10 00:00:00.000000000,Mechanic Shop,Abraham,Texcon,Diesel para caimion de Abraham,,Abraham,Fer,11353
11354,2024-09-11 00:00:00.000000000,Mechanic Shop,Ulises,Texcon,Gas para camioneta blanca de Ulises,,Ulises,Fer,11354
11355,2024-09-12 00:00:00.000000000,Mechanic Shop,Rodrigo,Bobcat,Partes para bobact 200423,,200423,Fer,11355
11356,2024-09-12 00:00:00.000000000,Mechanic Shop,Rodrigo,Oreilly,"Bomba de agua, pollea y termostato para camioneta de Mario",,Mario,Fer,11356
11357,2024-09-13 00:00:00.000000000,Mechanic Shop,Abraham,Texcon,Diesel para camioneta de Abraham,,Abraham,Fer,11357
11358,2024-09-13 00:00:00.000000000,Mechanic Shop,Rodrigo,Texcon,Gasolina para camioneta Spare 9,,Spare 9,Fer,11358
11359,2024-09-13 00:00:00.000000000,Mechanic Shop,Ulises,Capitol Beirng ,Mangueras para martillos,,Ulises,Fer,11359
11360,2024-09-13 00:00:00.000000000,Mechanic Shop,Rodrigo,Oreilly,Antifreeze para camioneta de Mario,,Mario,Fer,11360
11359,2024-09-16 00:00:00.000000000,Mechanic Shop,Abel,Leif Johnson Ford,Mangureas y clamps para turbo de camioenta de Francisco Aguirre,,Francisco Aguirre,Fer,11359
11361,2024-09-16 00:00:00.000000000,Mechanic Shop,Ulises,Texcon,Gasolina para camioneta blanca,,Ulises,Fer,11361
11362,2024-09-16 00:00:00.000000000,Mechanic Shop,Rodrigo,Bobcat,Filtros para servicios de bobcat,,Yard/Shop,Fer,11362
11363,2024-09-17 00:00:00.000000000,Mechanic Shop,Rodrigo,Texcon,Gasolina para camioneta de Rodrigo,,Rodrigo,Fer,11363
11364,2024-09-17 00:00:00.000000000,Mechanic Shop,Ulises,Texcon,Diesel para camionta spare 15,,Ulises,Fer,11364
11365,2024-09-17 00:00:00.000000000,Mechanic Shop,Abel,Proglass,Parabrisas para Dump Truck VIN # 8987,,Gerardo,Fer,11365
11366,2024-09-19 00:00:00.000000000,Mechanic Shop,Rodrigo,Oreilly,3 boxes of light bulb ,,Yard/Shop,Fer,11366
11367,2024-09-19 00:00:00.000000000,Mechanic Shop,Abraham,Texcon,Diesel para camion de Abraham,,Abraham,Fer,11367
11368,2024-09-19 00:00:00.000000000,Mechanic Shop,Manuel,Texcon,Gasolina para la yarda,,Yarda,Fer,11368
11369,2024-09-20 00:00:00.000000000,Mechanic Shop,Ulises,Texcon,Diesel para camioneta spare ,,Spare,Fer,11369
11370,2024-09-20 00:00:00.000000000,Mechanic Shop,Abel,Texcon,Diesel para camion de Abel,,Abel,Fer,11370
11371,2024-09-20 00:00:00.000000000,Mechanic Shop,Ulises,Oreilly,Focos para dump truck de Rosewood,,Rosewood,Fer,11371
11372,2024-09-20 00:00:00.000000000,Mechanic Shop,rodrigo,oreilly,Filtros para camioneta de Tacho,,Tacho,Fer,11372
11373,2024-09-20 00:00:00.000000000,Mechanic Shop,rodrigo,oreilly,Filtros para camioneta de Blanca VIN # 5150,,Ulises,Fer,11373
11374,2024-09-21 00:00:00.000000000,Mechanic Shop,Abraham,Texcon,Diesel para camioneta de Abraham,,Abraham,Fer,11374
11375,2024-09-23 00:00:00.000000000,Mechanic Shop,Abel,Capitol Beirng ,10 pies de manguera ,,Yard shop,Fer,11375
11376,2024-09-23 00:00:00.000000000,Mechanic Shop,Ulises,Texcon,Diesel para camion de Ulises,,Ulises,Fer,11376
11377,2024-09-23 00:00:00.000000000,Mechanic Shop,Ulises,Oreilly,Ligths ,,,Fer,11377
11378,2024-09-23 00:00:00.000000000,Yard,Rodrigo,CMC,Rebar #4 and #3 for the yard,,Yard,Fer,11378
11379,2024-09-24 00:00:00.000000000,Mechanic Shop,Abel,Matheson,"relleno de tanques de oxigeno de Abel, soldadura, discos de corte, manguera ",,Abel,Fer,11379
11380,2024-09-24 00:00:00.000000000,Yard,Rodrigo,Longhorn,"Dowells, 2 citrus drums, 2 curing compund drums",,Yard warehouse,Fer,11380
11381,2024-09-24 00:00:00.000000000,Mechanic Shop,Rodrigo,Leos Service,Gasolina para camilneta de Rodrigo,,Rodrigo,Fer,11381
11382,2024-09-24 00:00:00.000000000,Mechanic Shop,Abel,Texcon,Diesel para camion de Abel,,Abel,Fer,11382
11383,2024-09-24 00:00:00.000000000,Mechanic Shop,Rodrigo,Pyebaker,"Compara de 2 extintores, 2 reinspecciones y un 1 extintor para recarga",,Foreman,Fer,11383
11384,2024-09-25 00:00:00.000000000,Mechanic Shop,Rodrigo,Oreilly,"Filtros para camionetas de Omar, Victor, y Karla",,OMAR/VICTOR/KARLA,Fer,11384
11385,2024-09-25 00:00:00.000000000,Mechanic Shop,Abel,Oreilly,Baterias para arrow board,,Arrow board,Fer,11385
11386,2024-09-25 00:00:00.000000000,Mechanic Shop,Abel,Bobcat,Partes para boncat de victor y Julian,,"Victor, Julian",Fer,11386
11387,2024-09-25 00:00:00.000000000,Mechanic Shop,Abraham,Texcon,Diesel para camion de Abraham,,Abraham,Fer,11387
11388,2024-09-26 00:00:00.000000000,Mechanic Shop,Abel,Oreilly,Cables para pasar corriente,,Abel,Fer,11388
11389,2024-09-26 00:00:00.000000000,Mechanic Shop,Rodrigo,Bransco ,Plate compactor,,Plate compator ,Fer,11389
11390,2024-09-26 00:00:00.000000000,Mechanic Shop,Rodrigo,Leif Johnson Ford,Manguera de Turbo para camioneta de Omar,,Omar,Fer,11390
11391,2024-09-27 00:00:00.000000000,Mechanic Shop,Ulises,Texcon,Diesel para camion de Ulises,,Ulises,Fer,11391
11392,2024-09-26 00:00:00.000000000,Mechanic Shop,Abraham,Oreilly,Cables para pasar corriente,,Abraham,Fer,11392
11393,2024-09-27 00:00:00.000000000,Mechanic Shop,Rodrigo,Texcon,Gasolina para camioneta,,Spare ,Fer,11393
11394,2024-09-27 00:00:00.000000000,Mechanic Shop,Rodrigo,Texcon,Gasolina para camioneta ,,Spare 10,Fer,11394
11395,2024-09-27 00:00:00.000000000,Mechanic Shop,Ulises,Bobcat,Cubeta para bobcat,,Lupe,Fer,11395
11396,2024-09-27 00:00:00.000000000,Mechanic Shop,Ulises,Bobcat,Partes para bobcat de Inspector,,Ulises,Fer,11396
11397,2024-09-27 00:00:00.000000000,Mechanic Shop,Abraham,Leos Service,Diesel para camion de Abraham,,Abraham,Fer,11397
11398,2024-09-30 00:00:00.000000000,Mechanic Shop,Rodrigo,Oreilly,Filtro de transmision y aceite para camioenta spare 10 F-150,,SPARE 10,Fer,11398
11399,2024-10-01 00:00:00.000000000,Mechanic Shop,Abraham,Texcon,Diesel para camioneta de Abraham,,Abraham,Fer,11399
11400,2024-10-01 00:00:00.000000000,Mechanic Shop,Abel,Aline,Electric cleaner para la yarda,,Yard,Fer,11400
11401,2024-10-01 00:00:00.000000000,Mechanic Shop,Abel,Blbcat,Manguera para bobcat de inspector,,Abel,Fer,11401
11402,2024-10-01 00:00:00.000000000,Mechanic Shop,Abraham,Capitol Beirng ,Ajuste de manguera para traila de agua,,Abraham,Fer,11402
11403,2024-10-02 00:00:00.000000000,Mechanic Shop,Ulises,Texcon,Diesel para camion de Ulises,,Ulises,Fer,11403
11404,2024-10-02 00:00:00.000000000,Mechanic Shop,Ulises,Oreilly,Aceite para mini excavator 308 de Bryan,,Bryan - Cat 308,Fer,11404
11405,2024-10-02 00:00:00.000000000,Mechanic Shop,Abel,Texcon,Diesel para camión de abel,,Abel,Fer,11405
11406,2024-10-02 00:00:00.000000000,Mechanic Shop,Manuel,Texcon,Gasolina para la yarda,,Yarda,Fer,11406
11407,2024-10-02 00:00:00.000000000,Mechanic Shop,Abel,Oreilly,Bombda de combustible para camion de Gerardo,,Gerardo,Fer,11407
11408,2024-10-03 00:00:00.000000000,Mechanic Shop,Rodrigo,Texcon,Gasolina para camioneta de Rodrigo,,Rodrigo,Fer,11408
11409,2024-10-03 00:00:00.000000000,Mechanic Shop,Ulises,Oreilly,,,Ulises,Fer,11409
11410,2024-10-03 00:00:00.000000000,Mechanic Shop,Rodrigo,Oreilly,Luces para traila ,,Trailer,Fer,11410
11411,2024-10-03 00:00:00.000000000,Mechanic Shop,Abel,Oreilly,Switch para camioneta de Jose Luis,,Jose Luis Z,Fer,11411
11412,2024-10-03 00:00:00.000000000,Mechanic Shop,Rodrigo,Leif Johnson Ford,"Flecha , sellos y baleros para camioneta de Francisco Aguirre",,Francisco Aguirre,Fer,11412
11413,2024-10-04 00:00:00.000000000,Mechanic Shop,Abel,Aline,Filtros para camion de Ford F750,,Ford 750,Fer,11413
11414,2024-10-04 00:00:00.000000000,Mechanic Shop,Ulises,Leif Johnson Ford,Sensor de stop para camoneta de Daniel,,Daniel,Fer,11414
11415,2024-10-07 00:00:00.000000000,Mechanic Shop,Abel,Texcon,Diesel,,Abel,Fer,11415
11416,2024-10-07 00:00:00.000000000,Mechanic Shop,Ulises,Texcon,Diesel,,Ulises,Fer,11416
11417,2024-10-07 00:00:00.000000000,Mechanic Shop,rodrigo,Texcon,Gasolina,,Rodrigo,Fer,11417
11418,2024-10-07 00:00:00.000000000,Mechanic Shop,Hector M,Texcon,Gasolina para camioneta de Hector M,,Hector M,Fer,11418
11419,2024-11-07 00:00:00.000000000,Mechanic Shop,Hector S,Leif Johnson Ford,Gasket para camioneta de Hector Segura,,Hector S,Fer,11419
11420,2024-10-08 00:00:00.000000000,Mechanic Shop,Ulises,Capitol Beirng ,Manguera para FrancisconBocanegra,,Francsico Bocanegra,Fer,11420
11421,2024-10-08 00:00:00.000000000,Mechanic Shop,rodrigo,Texcon,Gasolina para camioneta de Rodrigo,,Rodrigo,Fer,11421
11422,2024-10-09 00:00:00.000000000,Mechanic Shop,Rodrigo,Oreilly,Alvernador para camioneta de Daniel,,Daniel O.,Fer,11422
11423,2024-10-09 00:00:00.000000000,Mechanic Shop,Abel,Texcon,Diesel para camioneta de Abel,,Abel,Fer,11423
11424,2024-10-09 00:00:00.000000000,Mechanic Shop,Rodrigo,Oreilly,Batteries for Spare 1 VIN # 8577 ,,Antonio,Fer,11424
11425,2024-10-10 00:00:00.000000000,Mechanic Shop,Rodrigo,Texcon,Diesel para camioeta spare 12 ,,Spare 12,Fer,11425
11426,2024-10-11 00:00:00.000000000,Mechanic Shop,Hector M,Leos Service,Gasoilna ,,Hector M,Fer,11426
11427,2024-10-11 00:00:00.000000000,Mechanic Shop,Rodrigo,Oreilly,Filtros para camioneta de Martin y Daniel,,Martin Y Daniel,Fer,11427
11428,2024-10-11 00:00:00.000000000,Mechanic Shop,Rodrigo,Oreilly,Bateria para camioenta Toyota,,MR. MUNIZ,Fer,11428
11429,,Mechanic Shop,Mauricio,Leos Service,Gasolina para camioneta de Mauricio,,Mauricio,Fer,11429
11430,,Mechanic Shop,Hector S,Leos Service,Gasolina,,Hector S,Fer,11430
11431,2024-10-14 00:00:00.000000000,Mechanic Shop,Manuel,Texcon,Gasolina para la yarda,,Yarda,Fer,11431
11432,2024-10-14 00:00:00.000000000,Mechanic Shop,Abel,Oreilly,Alternador para camioneta de Alvaro y Antifreeze para bobcat 200835 ,,Alvaro Aguirre,Fer,11432
11433,2024-10-14 00:00:00.000000000,Mechanic Shop,Ulises,Oreilly,Cover para asiento de camion de Ulises,,Ulises,Fer,11433
11434,2024-10-14 00:00:00.000000000,Mechanic Shop,Ulises,Texcon,Diesel,,Ulises,Fer,11434
11435,2024-10-15 00:00:00.000000000,Mechanic Shop,Rodrigo,Texcon,Gasolina para camioneta de Rodrigo,,Rodrigo,Fer,11435
11436,2024-10-15 00:00:00.000000000,Mechanic Shop,Ulises,Oreilly,Bateria para generador,,Ulises,Fer,11436
11437,2024-10-16 00:00:00.000000000,Mechanic Shop,Rodrigo,Bobcat,Partes para mini 331 / Gerardo y Julian,,331/200423/2004154,Fer,11437
11438,2024-10-16 00:00:00.000000000,Mechanic Shop,Rodrigo,Oreilly,Filtros para camioneta de Ruben y Victor,,Ruben y Victor,Fer,11438
11439,2024-10-16 00:00:00.000000000,Mechanic Shop,Abraham,Texcon,Diesel para camion de Abraham,,Abraham,Fer,11439
11440,2024-10-17 00:00:00.000000000,Mechanic Shop,Ulises,Texcon,Diesel para Small Dump truck International,,Dump truck International,Fer,11440
11441,2024-10-17 00:00:00.000000000,Mechanic Shop,Rodrigo,Matheson,Soldadura para el taller y relleno de tanques de oxigeno,,Yard,Fer,11441
11442,2024-10-17 00:00:00.000000000,Mechanic Shop,Rodrigo,Oreilly,Aceite para servicio de herraminetas de mayordomos,,Foreman,Fer,11442
11443,2024-10-17 00:00:00.000000000,Mechanic Shop,Abel,Texcon,Diesel para camioneta de Alvaro,,Alvaro Aguirre,Fer,11443
11444,2024-10-17 00:00:00.000000000,Mechanic Shop,Abel,Aline,Partes de la camioneta Toyota,,Toyota,Fer,11444
11445,2024-10-18 00:00:00.000000000,Mechanic Shop,Hector M,Texcon,Gasolina,,Hector,Fer,11445
11446,2024-10-18 00:00:00.000000000,Mechanic Shop,Rodrigo,Texcon,Gasolina,,Rodrigo,Fer,11446
11447,2024-10-18 00:00:00.000000000,Yard ,Rodrigo,Longhorns Materials,"Couring, citrus realease, portland cement, sand blast ",,Yard,Fer,11447
11448,2024-10-18 00:00:00.000000000,Mechanic Shop,Rodrigo,Matheson,Relleno de tanque de Oxígeno para la yarda,,Yard,Fer,11448
11449,2024-10-18 00:00:00.000000000,Mechanic Shop,Abel,Leift Jonson,Motor para camioenta de Mexico ,,Mr. Muniz / Mexico,Fer,11449
11450,2024-10-18 00:00:00.000000000,Mechanic Shop,Abel,Leift Jonson,"Camioneta de Gerardo, Popmpa de diesel y sellos de los inyectores 4, back cover seals, fuel presure pump",,Gerardo,Fer,11450
11451,2024-10-18 00:00:00.000000000,Mechanic Shop,Abel,Leift Jonson,"Carankk case filter, filtro que va arriba del motor para camionet de Alvaro",,Alvaro Aguirre,Fer,11451
11452,2024-10-18 00:00:00.000000000,Mechanic Shop,Hector S,Leos Service,Gasolina para camioneta de Hector S,,Hector S.,Fer,11452
11453,2024-10-18 00:00:00.000000000,Mechanic Shop,Mauricio,Leos Service,Gasolina para camioneta de Mauricio ,,Mairicio,Fer,11453
11454,2024-10-18 00:00:00.000000000,Mechanic Shop,Rodrigo,Oreilly,Breake cleaner y thinner para la yarda,,Yard,Fer,11454
11455,2024-10-21 00:00:00.000000000,Mechanic Shop,Abel,Oreilly,Aceite para diferencial y sello para camioneta Toyota,,Toyota,Fer,11455
11456,2024-10-21 00:00:00.000000000,Mechanic Shop,Abraham,Texcon,Diesel para camión de Abraham,,Abraham,Fer,11456
11457,2024-10-21 00:00:00.000000000,Mechanic Shop,Rodrigo,Matheson,Boquillas para antorcha y discos de lija para weld shop,,Jesus López,Fer,11457
11458,2024-10-22 00:00:00.000000000,Mechanic Shop,Rodrigo,Bobcat,Partes para bobcat de Ricardo García,,Ricardo García,Fer,11458
11459,2024-10-22 00:00:00.000000000,Mechanic Shop,Abel,Capitol Bering,1 manguera y 2 fittings para bobcat de Ricardo,,Ricardo Garcia,Fer,11459
11460,2024-10-22 00:00:00.000000000,Mechanic Shop,Rodrigo,Oreilly,"Switchs y fuse para camioneta de Francisco Aguirre, tailage cables, bed coating spary cans",,Yard/Shop ,Fer,11460
11461,2024-10-22 00:00:00.000000000,Mechanic Shop,Rodrigo,Texcon,Diesel para camioneta de Bryan,,Bryan,Fer,11461
11461,2024-10-22 00:00:00.000000000,Mechanic Shop,Abel,Leif Jonson,,,,Fer,11461
11462,2024-10-23 00:00:00.000000000,Mechanic Shop,Ulises,Texcon,Diesel para camion de Ulises,,Ulises,Fer,11462
11463,2024-10-23 00:00:00.000000000,Mechanic Shop,Rodrigo,Texcon,Gasolina para camioneta de Rodrigo,,Rodrigo,Fer,11463
11464,2024-10-23 00:00:00.000000000,Mechanic Shop,Rodrigo,Oreilly,"Frenos para camioneta de Gerardo, anticongelante, luces portaplacas para camioneta de Ricardo",,"Ricardo, Gerardo, Shop",Fer,11464
11465,2024-10-23 00:00:00.000000000,Mechanic Shop,Abel,Texcon,Diesel para camión de Abel,,Abel,Fer,11465
11466,2024-10-23 00:00:00.000000000,Mechanic Shop,rodrigo,Pye Baker,5 fire extinguishers ,,Yard shop,Fer,11466
11467,2024-10-23 00:00:00.000000000,Mechanic Shop,rodrigo,Leif Johnson Ford,Cover de asiento para camioneta de Francisco Aguirre,,Francisco Aguirre,Fer,11467
11468,2024-10-23 00:00:00.000000000,Mechanic Shop,Abraham,Capitol Bering ,Fittings para conexión de traila de agua ,,Water trailer,Fer,11468
11469,2024-10-23 00:00:00.000000000,Mechanic Shop,Rodrigo,Leif Johnson Ford,Partes para camioneta de Francisco A,,Francisco Aguirre,Fer,11469
11470,2024-10-23 00:00:00.000000000,Mechanic Shop,Rudy,Chevron Ben With,Diesel verde para camioneta de Rudy,,Rudy,Fer,11470
11471,2024-10-23 00:00:00.000000000,Mechanic Shop,Rodrigo,Leif Johnson Ford,Manguera de turbo para camioneta de Alvaro,,Alvaro Aguirre,Fer,11471
11472,2024-10-24 00:00:00.000000000,Mechanic Shop,Abel,Leif Johnson Ford,Ignition switch para camión de Gerardo,,Gerardo,Fer,11472
11473,2024-10-25 00:00:00.000000000,Mechanic Shop,Rodrigo,Ace contractors,Herramientas para traila de Bryan,,Yard shop,Fer,11473
11474,2024-10-25 00:00:00.000000000,Mechanic Shop,Rodrigo,Bransco,1 walk behind y plate compactor para traila de Bryan,,Bryan,Fer,11474
11475,2024-10-25 00:00:00.000000000,Mechanic Shop,Rodrigo,Leif Johnson Ford,Brake pads y discos  para camioenta de Jose A. Zamarripa,,Jose A Zamarripa,Fer,11475
11476,2024-10-25 00:00:00.000000000,Mechanic Shop,Hector M,Texcon,Gasolina,,Hector M,Fer,11476
11477,2024-10-26 00:00:00.000000000,Mechanic Shop,Mauricio Torres,Leos Service,Gasolina para camioneta de Mauricio,,Mauricio Torres,Fer,11477
11478,2024-10-28 00:00:00.000000000,Mechanic Shop,Abel,Oreilly,,,Abel,Fer,11478
11479,2024-10-28 00:00:00.000000000,Mechanic Shop,Rodrigo,Leos Service,Gasolina para camioneta de Rodrigo,,Rodrigo,Fer,11479
11480,2024-10-28 00:00:00.000000000,Mechanic Shop,Ulises,Oreilly,Herramineta para reparar cilindro ,,Shop,Fer,11480
11481,2024-10-28 00:00:00.000000000,Mechanic Shop,Rodrigo,Oreilly,Filtros para camioneta de Rodrigo y Mario,,Rodrigo y Mario,Fer,11481
11482,2024-10-28 00:00:00.000000000,Mechanic Shop,Rodrigo,Oreilly,Filtros para camioenta de Karla,,Karla,Fer,11482
11483,2024-10-29 00:00:00.000000000,Mechanic Shop,Abel,Texcon,Diesel para camioneta de Abel,,Abel,Fer,11483
11484,2024-10-29 00:00:00.000000000,Mechanic Shop,Ulises,Texcon,Diesel para camion de Ulises,,ulises,Fer,11484
11485,2024-10-29 00:00:00.000000000,Mechanic Shop,Rodrigo ,Texcon,Gasolina para la yarda ,,Yard shop,Fer,11485
11486,2024-10-29 00:00:00.000000000,Mechanic Shop,Abel,Capitol Bering,"Manguera, firings para martillos de bobcat ",,Yard shop,Fer,11486
11487,2024-10-29 00:00:00.000000000,Mechanic Shop,Abraham,Texcon,Diesel para camión de Abraham,,Abraham,Fer,11487
11488,2024-10-30 00:00:00.000000000,Mechanic Shop,Ulises,Bobcat,Fittings para conexion de martillo de bobcat de Jose A. Zamarripa,,Jose A Zamarripa,Fer,11488
11489,2024-10-30 00:00:00.000000000,Mechanic Shop,Hector M,Leos Service,Gasolina para camioneta de Hector,,Hector M,Fer,11489
11490,2024-10-30 00:00:00.000000000,Mechanic Shop,Rodrigo ,CTE ,2 plate compactor and 2 walk-behind ,,Yard shop,Fer,11490
11491,2024-10-30 00:00:00.000000000,Mechanic Shop,Rodrigo ,Oreilly,"Aceite para generadores y herramientas pequeñas, 2 bujias para jump compator ",,Foreman / YARD,Fer,11491
11492,2024-10-30 00:00:00.000000000,Mechanic Shop,Abel,Oreilly,Filtro de combustible para Toyota,,Rudy,Fer,11492
11493,2024-10-31 00:00:00.000000000,Mechanic Shop,Rodrigo,Oreilly,Conos para pintar ,,Shop,Fer,11493
11494,2024-10-31 00:00:00.000000000,Mechanic Shop,Rodrigo,Oreilly,Filtros para camioneta de Spare 12 (Bryan),,Bryan,Fer,11494
11495,2024-11-01 00:00:00.000000000,Mechanic Shop,Rodrigo,Oreilly,Brake drums and pads for Abraham's truck,,Abraham,Fer,11495
11496,2024-10-31 00:00:00.000000000,Mechanic Shop,Rodrigo,A-Line  - Muniz,1 drum of Engine Oil SAE 15W-40 ,,Yard/Shop ,Fer,11496
11497,2024-10-31 00:00:00.000000000,Mechanic Shop,Rodrigo,A-Line - AC,1 drum of Engine Oil SAE 15W-40 ,,Yard/Shop ,Fer,11497
11498,2024-11-01 00:00:00.000000000,Mechanic Shop,Rodrigo,Bobcat,Seals for no bobcat 200428 y control pump for minin331,,200428/ 331 MINI Exc,Fer,11498
11499,2024-11-01 00:00:00.000000000,Mechanic Shop,Rodrigo,CMC,"Redwood for the yard. •	1”x6”x16’ – Order by the unit (512 pieces).
•	1”x4”x16’ – Order by the unit (416 pieces)",,Yard shop,Fer,11499
11500,2024-11-01 00:00:00.000000000,Mechanic Shop,Rodrigo,Leif Johnson Ford,"Lowe bttom up kit, 2 windshield washer.",,Gerardo/ Yard,Fer,11500
11501,2024-11-01 00:00:00.000000000,Mechanic Shop,Rodrigo,A-Line,Pallet of DEF for the foreman.,,Yard/Shop ,Fer,11501
11502,2024-11-03 00:00:00.000000000,Mechanic Shop,Rodrigo,Texcon,Gasolina para camioneta de Héctor ,,Héctor M,Fer,11502
11503,2024-11-04 00:00:00.000000000,Mechanic Shop,Abel,Oreilly,Bomba de Direccion para camioneta spare 1 ,,SPARE 1,Fer,11503
11504,2024-11-04 00:00:00.000000000,Mechanic Shop,Ulises,Texcon,Diésel,,Ulises,Fer,11504
11505,2024-11-04 00:00:00.000000000,Mechanic Shop,Ulises,Bobcat,Partes para Bobcat de Gerardo,,Gerardo,Fer,11505
11506,2024-11-04 00:00:00.000000000,Mechanic Shop,Héctor M,Leos,Gasolina para camioneta de Héctor,,Hector M,Fer,11506
11507,2024-11-04 00:00:00.000000000,Mechanic Shop,Rodrigo ,Oreilly,"Antifreeze verde y amarillo, tester para revicion de vehiculos y maquinaria ",,All equimpent ,Fer,11507
11508,2024-11-05 00:00:00.000000000,Mechanic Shop,Abel,Oreilly,"Headlighs para camioneta de Avisai, tomas para flecha de avisai, y flecha de barbas. ",,"Avisai, Jos A. Z.",Fer,11508
11509,2024-11-05 00:00:00.000000000,Mechanic Shop,Abel,Texcon,Diesel para camion de Abel,,Abel,Fer,11509
11510,2024-11-05 00:00:00.000000000,Mechanic Shop,Rodrigo,Oreilly,Aceite Hydraulico para la yarda,,YARDA,Fer,11510
11511,2024-11-05 00:00:00.000000000,Mechanic Shop,Rodrigo,Leif Johnson Ford/ Oreilly,Spedle for Abraham truck and seals and bearings / Dust cap,,Abraham / Dust Cap,Fer,11511
11512,2024-11-06 00:00:00.000000000,Mechanic Shop,Abraham,Texcon,Diesel para camión de Abraham,,Abraham,Fer,11512
11513,2024-11-06 00:00:00.000000000,Mechanic Shop,Abraham,ACE,Cilindros de 5 gal para spray ,,Yard shop,Fer,11513
11514,2024-11-06 00:00:00.000000000,Mechanic Shop,Rodrigo,Oreilly,Antifreeze naranja y verde para maquinaria y vehiculos,,Yard,Fer,11514
11515,2024-11-06 00:00:00.000000000,Mechanic Shop,Héctor S,Leos Service,Gas,,Héctor S,Fer,11515
11516,2024-11-06 00:00:00.000000000,Mechanic Shop,Ulises,Oreilly,"Aceite para generadores y herramientas pequeñas, 2 bujias para jump compator ",,Yard shop,Fer,11516
11517,2024-11-06 00:00:00.000000000,Mechanic Shop,Ulises,Oreilly,Batería para rolla de Isidro,,Isidro Sánchez,Fer,11517
11518,2024-11-07 00:00:00.000000000,Mechanic Shop,Hector M,Leos Service,GAS,,Hector M,Fer,11518
11519,2024-11-07 00:00:00.000000000,Mechanic Shop,Rodrigo ,Austin Masonry Products ,Concrete mixer 9 cu ft,,Yard,Fer,11519
11520,2024-11-07 00:00:00.000000000,Mechanic Shop,Rodrigo ,Oreilly,Standar ignition switch for Gerardo's truck,,Gerardo,Fer,11520
11521,2024-11-08 00:00:00.000000000,Mechanic Shop,Ulises,Texcon,DIesel and hydraulic oil for Ulises's truck,,Ulises,Fer,11521
11522,2024-11-08 00:00:00.000000000,Mechanic Shop,Abraham,Oreilly,Batteries for Abraham's truck,,Abraham,Fer,11522
11523,2024-11-08 00:00:00.000000000,Mechanic Shop,Rodrigo ,Oreilly,Filtros para camioneta de Jose Luis ,,Jose Luis Zamarriapa,Fer,11523
11524,2024-11-08 00:00:00.000000000,Mechanic Shop,Abel,Leif Johnson Ford,"power steering pump for spare truck 1, and sensor for Gerardo's truck ",,SPARE 1/ Gerardo,Fer,11524
11525,2024-11-08 00:00:00.000000000,Mechanic Shop,Rodrigo ,Oreilly,FILTROS PARA CAMIONETA SPARE 11,,SPARE 11,Fer,11525
11526,2024-11-08 00:00:00.000000000,Mechanic Shop,Rodrigo ,Oreilly,Filtros para camioenta de Jose A Zamarripa,,Jose A Zamarripa,Fer,11526
11527,2024-11-08 00:00:00.000000000,Mechanic Shop,Abraham,Leos Service,DIesel para camion de Abraham,,Abraham,Fer,11527
11528,2024-11-09 00:00:00.000000000,Mechanic Shop,Rodrigo,Texcon,Gasolina para camioneta de Rodrigo ,,Rodrigo,Fer,11528
11529,2024-11-11 00:00:00.000000000,Mechanic Shop,Abel ,Oreilly,Baterías para camioneta de Bryan,,Bryan,Fer,11529
11530,2024-11-11 00:00:00.000000000,Mechanic Shop,Rodrigo ,Oreilly,Aceite para plate compactor y walk-behind,,Yard shop,Fer,11530
11531,2024-11-12 00:00:00.000000000,Mechanic Shop,Rodrigo ,Oreilly,Alternador para camioneta de Abraham y ductos de Aire y ,,Abraham,Fer,11531
11532,2024-11-12 00:00:00.000000000,Mechanic Shop,Abel,Capitol Bering,Manguera para tractor de trajes,,Isidro Sánchez,Fer,11532
11533,2024-11-12 00:00:00.000000000,Mechanic Shop,Rodrigo ,Ford,power steering pump for spare truck 1 changed ,,Spare 1,Fer,11533
11534,2024-11-12 00:00:00.000000000,Mechanic Shop,Abraham,Texcon,Diésel rojo para camioneta spare ,,Spare 5,Fer,11534
11535,2024-11-12 00:00:00.000000000,Mechanic Shop,Rodrigo ,Oreilly,Impcat gun wrench for Rogelio,,Rogelio,Fer,11535
11536,2024-11-13 00:00:00.000000000,Mechanic Shop,Abel,Oreilly,Aceite hidráulico para spare truck 1 y bomba para tambo de aceite,,Yard shop,Fer,11536
11537,2024-11-13 00:00:00.000000000,Mechanic Shop,Ulises,Texcon,Diesel para camión de Ulises,,Ulises,Fer,11537
11538,,Mechanic Shop,Abel ,Ford,Alternador para camioneta de Daniel O.,,Daniel,Fer,11538
11539,2024-11-14 00:00:00.000000000,Mechanic Shop,Abel ,Ford,"Bomba de diesel para camioneta spare 12, tubo de silicon para camioneta de Kevin, Lineas de direccion hidraulica para spare 1",,SPARE 12/KEVIN/SPARE 1,Fer,11539
11540,2024-11-14 00:00:00.000000000,Mechanic Shop,Rodrigo ,Oreilly,Conos para mezclar pintura,,Wherehouse,Fer,11540
11541,2024-11-14 00:00:00.000000000,Mechanic Shop,Rodrigo ,Texcon,Gasolina para camioneta de Rodrigo y para la yarda ,,Rodrigo ,Fer,11541
11542,2024-11-14 00:00:00.000000000,Mechanic Shop,Rodrigo,Matheson,"Relleno de cilindros de oxígeno y acetileno, discos de corte y desbaste, y cepillo de alambre",,Jesús López,Fer,11542
11543,2024-11-14 00:00:00.000000000,Mechanic Shop,Hector M,Texcon,Gasolina para camioneta de Héctor M,,Héctor M,Fer,11543
11544,2024-11-14 00:00:00.000000000,Mechanic Shop,Abel,Texcon,Diesel para camión de Abel,,Abel,Fer,11544
11545,2024-11-14 00:00:00.000000000,Mechanic Shop,Rodrigo ,Oreilly,Batterieas para camioneta de Kevin,,Kevin,Fer,11545
11546,2024-11-14 00:00:00.000000000,Mechanic Shop,Rodrigo ,CMC,"Rebar #4 and #3, couring compound, cytrus form para la yard",,Yard ,Fer,11546
11547,2024-11-15 00:00:00.000000000,Mechanic Shop,Rodrigo ,Oreilly,Filtros para camioenta de Alvaro Aguirre,,Alvaro,Fer,11547
11548,2024-11-15 00:00:00.000000000,Mechanic Shop,Rodrigo ,Oreilly,Filtros para camioneta de Francisco Bocanegra,,Franc B.,Fer,11548
11549,2024-11-16 00:00:00.000000000,Mechanic Shop,Mauricio ,Leo's service ,Gasolina para camioneta de Mauricio,,Mauricio,Fer,11549
11550,2024-11-18 00:00:00.000000000,Mechanic Shop,Ulises,Capitol Bering,Manguera para mini de Carlo D,,Mini E42,Fer,11550
11551,2024-11-18 00:00:00.000000000,Mechanic Shop,Abel,Leif Johnson Ford,Frenos para camioneta de José Luis y Gerardo,,Jose Luis Y Gerardo,Fer,11551
11552,2024-11-19 00:00:00.000000000,Mechanic Shop,Rodrigo ,Oreilly,Filtros y aceite para camioenta de Tacho,,Tacho,Fer,11552
11553,2024-11-19 00:00:00.000000000,Mechanic Shop,Rodrigo ,Ford,Coils and spark plugs para camioneta de Rodrigo ,,Rodrigo ,Fer,11553
11554,2024-11-19 00:00:00.000000000,Mechanic Shop,Rodrigo,Texcon,Gasolina para camioneta de José Luis ,,Rodrigo ,Fer,11554
11555,2024-11-19 00:00:00.000000000,Mechanic Shop,Abel,Matheson,Careta y soldadura,,Abel,Fer,11555
11556,2024-11-20 00:00:00.000000000,Mechanic Shop,Hector M,Texcon,Gasolina para camioneta,,Hector M,Fer,11556
11557,2024-11-20 00:00:00.000000000,Mechanic Shop,Hector M,United Rentals,Renta de jumping jack,,Julian,Fer,11557
11558,2024-11-20 00:00:00.000000000,Mechanic Shop,Ulises,Texcon,Diesel,,Ulises,Fer,11558
11559,2024-11-20 00:00:00.000000000,Mechanic Shop,Abraham,Texcon,Diesel,,Abraham,Fer,11559
11560,2024-11-20 00:00:00.000000000,Mechanic Shop,Rodrigo ,Oreilly,Lefts portaplaca para camioneta de Abel y hitch para camioneta de Rodrigo,,Yard,Fer,11560
11561,2024-11-21 00:00:00.000000000,Mechanic Shop,Rodrigo ,Oreilly,Trailer lights for a new forema trialer,,Yard ,Fer,11561
11562,2024-11-21 00:00:00.000000000,Mechanic Shop,Rodrigo,Leif Johnson Ford,Calavera para camioneta de Víctor,,Víctor,Fer,11562
11563,2024-11-21 00:00:00.000000000,Mechanic Shop,Omar,Ace Contractors,Quick Saw Houskarvana,,Omar,Fer,11563
11564,2024-11-21 00:00:00.000000000,Mechanic Shop,Hector S,Leos Service,Gasolina,,Hector S,Fer,11564
11565,2024-11-22 00:00:00.000000000,Mechanic Shop,Rodrigo,Texcon,Gasolina,,Rodrigo,Fer,11565
11566,2024-11-22 00:00:00.000000000,Mechanic Shop,Rodrigo ,Ace Contractors,Tools for a new foreman trailer,,Yard/shop,Fer,11566
11567,2024-11-22 00:00:00.000000000,Mechanic Shop,Rodirgo,Ace Contractors,20 - Straps,,Foreman,Fer,11567
11568,2024-11-22 00:00:00.000000000,Mechanic Shop,Rodrigo ,Oreilly,"Filtros para camioenta de Ricardo, Alvaro y Spare 8",,Ricardo/Alvaro/Spare 8,Fer,11568
11569,2024-11-25 00:00:00.000000000,Mechanic Shop,Rodrigo ,Ford,Bomba de diesel para camioneta de Hervery ,,Hervey,Fer,11569
11570,2024-11-25 00:00:00.000000000,Mechanic Shop,Rodrigo ,Ford,Transmision para camioenta de Mario,,Mario,Fer,11570
11571,2024-11-25 00:00:00.000000000,Mechanic Shop,Abel,Oreilly,2 batteries,,,Fer,11571
11572,2024-11-25 00:00:00.000000000,Mechanic Shop,Hector M,Leo's service ,Gasoline ,,,Fer,11572
11573,2024-11-25 00:00:00.000000000,Mechanic Shop,Rodrigo ,Texcon,Diesel para camion de Ulises,,Ulises,Fer,11573
11574,2024-11-25 00:00:00.000000000,Mechanic Shop,Ulises,Oreilly,Garantia de bateria de rolla ingersoll roll,,Ulises,Fer,11574
11575,2024-11-26 00:00:00.000000000,Mechanic Shop,Abel,Oreilly,Conexiones para la traila,,yard/ shop,Fer,11575
11576,2024-11-26 00:00:00.000000000,Mechanic Shop,Rodrigo ,Texcon,Gasolina,,Rodrigo ,Fer,11576
11577,2024-11-26 00:00:00.000000000,Mechanic Shop,Rodrigo,Ford,Transmisión para camioneta de Gerardo,,Gerardo,Fer,11577
11578,2024-11-26 00:00:00.000000000,Mechanic Shop,Rodrigo ,oreilly,"Ziptie kits, wire tie",,Workshop,Fer,11578
11579,2024-11-27 00:00:00.000000000,Mechanic Shop,Hector H,Ace Contractors,Rollo de plastico negro ,,Hector H,Fer,11579
11580,2024-11-27 00:00:00.000000000,Mechanic Shop,Abel H,Texcon,Diesel para camioneta de Abel,,Abel,Fer,11580
11581,2024-11-27 00:00:00.000000000,Mechanic Shop,Rodrigo ,Oreilly,Tornillos para placa de dump truck International,,International dump truck ,Fer,11581
11582,2024-11-27 00:00:00.000000000,Mechanic Shop,Rodrigo,Leif Johnson Ford,Front bumper para camioneta de Karen / Austin Constructors,,Karen,Fer,11582
11583,2024-11-27 00:00:00.000000000,Mechanic Shop,Ulises,Oreilly,Barillas para bobcat de Carlos,,Carlos,Fer,11583
11584,2024-11-27 00:00:00.000000000,Mechanic Shop,Abel,Bobcat,Filtros para bobcat,,Shop,Fer,11584
11585,2024-11-27 00:00:00.000000000,Mechanic Shop,Rodrigo ,Oreilly,Connectores para la traila y luces ,,Utitlity Trailers,Fer,11585
11586,2024-11-27 00:00:00.000000000,Mechanic Shop,Hector M,Leos Service,Gasolina,,Hector M,Fer,11586
11587,2024-11-27 00:00:00.000000000,Mechanic Shop,Mauricio ,Leos Service,Gasolina,,Mauricio,Fer,11587
11588,2024-11-27 00:00:00.000000000,Mechanic Shop,Hector S,Leos Service,Gasolina,,Hector S,Fer,11588
11589,2024-11-27 00:00:00.000000000,Mechanic Shop,Rodrigo ,Oreilly,Filtros para camioenta de Hector Manzanarez,,Hector,Fer,11589
11590,2024-11-27 00:00:00.000000000,Mechanic Shop,Rodrigo ,Oreilly,Filtros para camioneta de Ulises,,Ulises,Fer,11590
11591,2024-11-27 00:00:00.000000000,Mechanic Shop,Abel H,Oreilly,"Abarasaderas para camioenta de mexico, jumpstarter",,Abel,Fer,11591
11592,2024-11-27 00:00:00.000000000,Mechanic Shop,Rodrigo ,Oreilly,Filtros para camioneta de Avisai,,Avisai,Fer,11592
11593,2024-12-02 00:00:00.000000000,Mechanic Shop,Ulises,Texcon,Diesel para camión de Ulises,,Ulises,Fer,11593
11594,2024-12-03 00:00:00.000000000,Mechanic Shop,Hector M,United Rentals,Renta de maquinaria,,Hector M,Fer,11594
11595,2024-12-03 00:00:00.000000000,Mechanic Shop,Hector M,Texcon,Gasolina ,,Hector M,Fer,11595
11596,2024-12-03 00:00:00.000000000,Mechanic Shop,Ulises,Texcon,Diesel rojo para camion de Ulises,,Ulises,Fer,11596
11597,2024-12-04 00:00:00.000000000,Mechanic Shop,Ulises,Oreilly,Filtros para camioneta de Ulises,,Ulises,Fer,11597
11598,2024-12-04 00:00:00.000000000,Mechanic Shop,Rodrigo,Komatsu,Cable throtle and ignition key,,Dozer Komatsu,Fer,11598
11599,2024-12-04 00:00:00.000000000,Mechanic Shop,Rodrigo,Bobcat,Main Pump for Bobcat 200429,,200429,Fer,11599
11600,2024-12-04 00:00:00.000000000,Mechanic Shop,Rodrigo,Texcon,Gasolina para camioneta de Rodrigo,,Rodrigo,Fer,11600
11601,2024-12-04 00:00:00.000000000,Mechanic Shop,Rodrigo,Oreilly,Licence plate lens and bulbs for Daniel's truck ,,Daniel Truck,Fer,11601
11602,2024-12-05 00:00:00.000000000,Mechanic Shop,Rodrigo,Oreilly,"Antifreeze para camionetas, 12 botellas verde, 12 botellas naranja",,yard/ shop,Fer,11602
11603,2024-12-05 00:00:00.000000000,Mechanic Shop,Ulises,Oreilly,"Baterias para camioenta de Carlos, baterias para mini escavadora y para generadores",,"Carlos, workshop",Fer,11603
11604,2024-12-05 00:00:00.000000000,Mechanic Shop,Abel H,Capitol Bering,Reel para mangueras de antorcha de oxigeno,,Abel,Fer,11604
11605,2024-12-05 00:00:00.000000000,Mechanic Shop,Abel H,Oreilly,caja de fusibles,,Abel,Fer,11605
11606,2024-12-06 00:00:00.000000000,Mechanic Shop,Abraham,Texcon,"Diesel rojo , verde y gasolina",,Abraham,Fer,11606
11607,2024-12-06 00:00:00.000000000,Mechanic Shop,Rodrigo ,Ford,Transmisión para camioneta de Rodrigo,,Rodrigo ,Fer,11607
11608,2024-12-06 00:00:00.000000000,Mechanic Shop,Abraham,Capitol Bering,Mangueras para martillo de Bryan,,Bryan,Fer,11608
11609,2024-12-06 00:00:00.000000000,Mechanic Shop,Rodrigo,Holt Cat,Motor para Dozer Cat 953,,Dozer 953,Fer,11609
11610,2024-12-06 00:00:00.000000000,Mechanic Shop,Ulises,Texcon,Diesel para camion de Ulises,,Ulises,Fer,11610
11611,2024-12-09 00:00:00.000000000,Mechanic Shop,Abel,Capitol Bering,Quick connection for Victor's bobcat,,Víctor,Fer,11611
11612,2024-12-10 00:00:00.000000000,Mechanic Shop,Abraham,Texcon,Diesel para spare truck 5,,Spare 5,Fer,11612
11613,2024-12-10 00:00:00.000000000,Mechanic Shop,Rodrigo,Oreilly,Bateria para compresor de aire,,Air Compresor,Fer,11613
11614,2024-12-10 00:00:00.000000000,Mechanic Shop,Rodrigo ,Texcon,Gasolina para camioneta de Rodrigo y para y para la yarda,,Rodrigo,Fer,11614
11615,2024-12-10 00:00:00.000000000,Mechanic Shop,Abel,Texcon,3 botes de Aceite ,,Abel,Fer,11615
11616,2024-12-10 00:00:00.000000000,Mechanic Shop,Rodrigo,Ford,Bumper para camioneta de Hector,,Vin 7145,Fer,11616
11617,2024-12-10 00:00:00.000000000,Mechanic Shop,Abraham,Capitol Bering,Tubo y llave de paso para compresor de Aire,,Air Compresor,Fer,11617
11618,2024-12-11 00:00:00.000000000,Mechanic Shop,Rodrigo ,Ace Contractors,Herramientas para nuevo foreman ,,New Foreman ,Fer,11618
11619,2024-12-11 00:00:00.000000000,Mechanic Shop,Rodrigo ,Leif Johnson Ford,"Back cover seal, Intake gasket and coil seals for F150 SPARE 7 ",,Spare 7 VIN #5249,Fer,11619
11620,2024-12-11 00:00:00.000000000,Mechanic Shop,Abel H,Oreilly,Grantia para alternador de camioneta de Abraham,,Abraham,Fer,11620
11621,2024-12-12 00:00:00.000000000,Mechanic Shop,Ulises,Texcon,Diesel para camion de Ulises,,Ulises,Fer,11621
11622,2024-12-12 00:00:00.000000000,Mechanic Shop,Rodrigo ,Leif Johnson Ford,Espejo retrovisor para camioneta de Francisco Bocanegra,,Fransio B.,Fer,11622
11623,2024-12-12 00:00:00.000000000,Mechanic Shop,Rodrigo ,Oreilly,Filtros para camioneta de Francisco Aguirre,,Francisco Aguirre,Fer,11623
11624,2024-12-13 00:00:00.000000000,Mechanic Shop,Ulises,Oreilly,Bateria para roller compator,,Ulises,Fer,11624
11625,2024-12-23 00:00:00.000000000,Mechanic Shop,Hector M,Texcon,Gasolina para camioneta de Hcetor,,Hector,Fer,11625
11626,2024-12-13 00:00:00.000000000,Mechanic Shop,Rodrigo,Leos,Diésel verde para camioneta de José A Zamarripa ,,Rodrigo,Fer,11626
11627,2024-12-13 00:00:00.000000000,Mechanic Shop,Abraham,Texcon,Diesel,,Abraham,Fer,11627
11628,2024-12-16 00:00:00.000000000,Mechanic Shop,Abel,Ford,Motor para camioenta Spare 2 VIN # 1275,,Spare 2,Fer,11628
11629,2024-12-17 00:00:00.000000000,Mechanic Shop,Abel H,Bobcat,"5 filtros para bobcat, filtros de diesel para barbas",,,Fer,11629
11630,2024-12-17 00:00:00.000000000,Mechanic Shop,Ulises,Oreilly,Baterias para mini dump truck,,Small dump trucl,Fer,11630
11631,2024-12-17 00:00:00.000000000,Mechanic Shop,Abel,Oreilly,Cubeta de hidráulico ,,José A Zamarripa,Fer,11631
11632,2024-12-17 00:00:00.000000000,Mechanic Shop,Abraham,Texcon,Diésel para camión de Abraham ,,Abraham ,Fer,11632
11633,2024-12-18 00:00:00.000000000,Mechanic Shop,Ulises,Texcon,Diesel para camion de Ulises,,Ulises,Fer,11633
11634,2024-12-18 00:00:00.000000000,Mechanic Shop,Rodrigo ,Oreilly,Filtros para torre de Luz y bomba de diesel,,Torre de Luz,Fer,11634
11635,2024-12-19 00:00:00.000000000,Mechanic Shop,Abel H,Texcon,Gas,,Spare 7 VIN #5249,Fer,11635
11636,2024-12-19 00:00:00.000000000,Mechanic Shop,Abraham,Capitol Bering,Tuberia para compresor y mangueras para compresor de aire,,Abraham Gonzales,Fer,11636
11637,2024-12-19 00:00:00.000000000,Mechanic Shop,Rodrigo ,Texcon,Gasolina para spare truck #6,,Spare 6,Fer,11637
11638,2024-12-20 00:00:00.000000000,Mechanic Shop,Rodrigo,Ace Contractors,Dados para shelters,,Yard,Fer,11638
11640,2024-12-23 00:00:00.000000000,Mechanic Shop,Abraham,Texcon,Diesel para camion de Abraham ,,Abraham,Fer,11640
11641,2024-12-26 00:00:00.000000000,Mechanic Shop,Abraham,Texcon,Diesel para camion de Abraham ,,Abraham,Fer,11641
11642,2024-12-27 00:00:00.000000000,Mechanic Shop,Abraham,Matheson,Discos de corte para el taller,,Shop,Fer,11642
11643,2024-12-28 00:00:00.000000000,Mechanic Shop,Abraham,Texcon,Diesel para camioneta de Carlos,,Carlos ,Fer,11643
11639,1970-01-01 00:00:00.000045659,Mechanic Shop,Abraham,Texcon,Diesel para camioneta de Hervey FJJ9134,,Hervey,Fer,11639
11644,2025-01-02 00:00:00.000000000,mechanic Shop,Rodrigo ,Oreilly,Frenos para camioenta de Ruben,,Ruben,Fer,11644
11645,2025-01-02 00:00:00.000000000,Mechanic Shop,Ulises,Texcon,Diesel para camioenta de Ulises,,Ulises,Fer,11645
11646,2025-01-02 00:00:00.000000000,Mechanic Shop,Rodrigo ,Leos,Gasolina para spare truck #6,,Rodrigo,Fer,11646
11647,2025-01-03 00:00:00.000000000,Mechanic Shop,Abel H,Texcon,Diesel para camion de Abel,,Abel,Fer,11647
11648,2025-01-03 00:00:00.000000000,Mechanic Shop,Abel H,Bobcat,Fettings para bobcat de Alvaro,,Alvaro,Fer,11648
11649,2024-12-26 00:00:00.000000000,Mechanic Shop,Abel H,Oreilly,Alternador para camioneta Ford F-350 2016,,Carlos Diaz,Fer,11649
11650,2025-01-03 00:00:00.000000000,Mechanic Shop,Abel,Capitol Bering,Fittings pads mangueras de martillos hidráulicos ,,Yard/shop,Fer,11650
11651,2025-01-03 00:00:00.000000000,Mechanic Shop,Ulises,Oreilly,Candados para camión de Ulises,,Francisco Aguirre,Fer,11651
11651,2025-01-04 00:00:00.000000000,Mechanic Shop,Rodrigo ,Oreilly,Filtros para camioenta de Daniel,,Daniel Truck,Fer,11651
11652,2025-01-06 00:00:00.000000000,Mechanic Shop,Abraham,Texcon,Diesel para camioneta spare #1,,Spare 1,Fer,11652
11653,2025-01-06 00:00:00.000000000,Mechanic Shop,Ulises,Oreilly,Bateria para camioneta de Tacho,,Tacho,Fer,11653
11654,2024-01-06 00:00:00.000000000,Mechanic Shop,Rodrigo ,Texcon,Gasolina para camioneta de Rodrigo ,,Rodrigo,Fer,11654
11655,2025-01-07 00:00:00.000000000,Mechanic Shop,Ulises,Oreilly,Baterias para camioenta de Lupe,,Lupe,Fer,11655
11656,2025-01-07 00:00:00.000000000,Mechanic Shop,Ulises,Texcon,Diesel para camion de Ulises,,Ulises,Fer,11656
11657,2025-01-07 00:00:00.000000000,Mechanic Shop,Rodrigo ,Ford,"Manguera de oilcooler y manguera de radiador, winshield washer ",,Carlos Diaz,Fer,11657
11658,2025-01-07 00:00:00.000000000,Mechanic Shop,Rodrigo,Bobcat,"Mangueras para mini E26, sellos de cilindros, control valve of the joystick and fittings for Francisco Aguirre Skid ster l, dientes para cubeta ",,Mini E26 and 2004169,Fer,11658
11659,2025-01-07 00:00:00.000000000,Mechanic Shop,Rodrigo ,Oreilly,Antifreeze para camioneta de Carlos Diaz y para la yarda,,Carlos / Yard ,Fer,11659
11660,2025-01-07 00:00:00.000000000,Mechanic Shop,Ulises,Oreilly,bateria para mini de carloso ,,Mini de Carlos,Fer,11660
11661,2025-01-09 00:00:00.000000000,Mechanic Shop,Rodrigo ,Oreilly,"Trailer connector, luces ambar para camiones",,Yard/shop,Fer,11661
11662,2025-01-09 00:00:00.000000000,Mechanic Shop,Rodrigo,Bobcat,Partes para Bobcat 200429 de traques ,,Bobcat 200429,Fer,11662
11663,2025-01-09 00:00:00.000000000,Mechanic Shop,Abraham,Matheson,"Discos de corte para el taller, Relleno de tanques de oxigeno y acetileno, Soldadura para el taller",,Yard/shop,Fer,11663
11664,2025-01-10 00:00:00.000000000,Mechanic Shop,Rodrigo,Leos,Gasolina ,,Rodrigo,Fer,11664
11665,2025-01-10 00:00:00.000000000,Mechanic Shop,Ulises,Texcon,Diésel para camión de Ulises ,,Ulises,Fer,11665
11666,2025-01-10 00:00:00.000000000,Mechanic Shop,Rodrigo ,Oreilly,Filtros para camioneta de Omar,,Omar,Fer,11666
11667,2025-01-11 00:00:00.000000000,Mechanic Shop,Rodrigo,Ford,Manguera de retorno de inyector para camioneta de Francisco ,,,Fer,11667
11668,2025-01-03 00:00:00.000000000,Mechanic Shop,Abel H,Oreilly,Filtros para camioneta de Mexico,,Mexico,Fer,11668
11669,2025-01-14 00:00:00.000000000,Mechanic Shop,Abraham,Texcon,Diesel para camion de Abraham,,Abraham,Fer,11669
11670,2025-01-14 00:00:00.000000000,Mechanic Shop,Rodrigo ,Leos,Gasolina,,"Hector S, ",Fer,11670
11671,2025-01-14 00:00:00.000000000,Mechanic Shop,Rodrigo ,A Line,"Mix fuel for small tool, 50:1 ",,Yard/shop,Fer,11671
11672,2025-01-14 00:00:00.000000000,Mechanic Shop,Ulises,Texcon,Diesel para camion de Ulises,,Ulises,Fer,11672
11673,2025-01-15 00:00:00.000000000,Mechanic Shop,Rodrigo ,Oreilly,Filtros para camioneta de Abraham,,Abraham,Fer,11673
11674,2025-01-15 00:00:00.000000000,Mechanic Shop,Rodrigo ,Oreilly,Baterias para arrow board,,Arrow Board,Fer,11674
11675,2025-01-16 00:00:00.000000000,Mechanic Shop,Rodrigo ,Oreilly,Filtros para camioneta de Martin,,Martin,Fer,11675
11676,2025-01-16 00:00:00.000000000,Mechanic Shop,Rodrigo ,Ford,4X4 Switch,,Mario,Fer,11676
11677,2025-01-16 00:00:00.000000000,Mechanic Shop,Rodrigo ,Ford,Diferential parts para camion de Mecanica de Abraham,,Abraham,Fer,11677
11678,2025-01-16 00:00:00.000000000,Mechanic Shop,Abraham,Texcon,Diésel,,Abraham,Fer,11678
11679,2025-01-16 00:00:00.000000000,Mechanic Shop,Rodrigo ,Oreilly,Filtros para camioneta de Jose Luis Zamarripa,,Jose Luis Zamarripa,Fer,11679
11680,2025-01-17 00:00:00.000000000,Mechanic Shop,Rodrigo,Texcon,Gasolina para camioneta de Rodrigo ,,Rodrigo,Fer,11680
11681,2025-01-17 00:00:00.000000000,Mechanic Shop,Rodrigo,Bobcat,"Bomba de hydraulics para 200809, bomba de diésel para 200420, mangueras, para mino excavator 2004202",,,Fer,11681
11682,2025-01-20 00:00:00.000000000,Mechanic Shop,Rodrigo ,CMC,"2 Couring Compound Drums, 2 Cement Portlant Pallets, 2 Expantion Joint Boots Pallets",,Yard Materials,Fer,11682
11683,2025-01-20 00:00:00.000000000,CAP METRO - 2024-01IDIQ - Oltof ,Rodrigo ,Dobby Supply,2024-01IDIQ - Oltof - 100 Cones and 100 Reflectors,,,Fer,11683
11684,2025-01-20 00:00:00.000000000,Mechanic Shop,Rodrigo ,A Line,1 Drum of Engine Oil- Austin Consteructors ,,Yard / Workshop,Fer,11684
11685,2025-01-20 00:00:00.000000000,Mechanic Shop,Rodrigo ,A Line,1 Drum of Engine Oil ,,Yard / Workshop,Fer,11685
11686,2025-01-20 00:00:00.000000000,Mechanic Shop,Ulises,Bobcat,"Vidrio para mini excacdora, base para diente de cubeta",,Mini Excavator,Fer,11686
11687,2025-01-20 00:00:00.000000000,Mechanic Shop,Ulises,Texcon,Diesel para camion de Ulises,,Ulises,Fer,11687
11688,2025-01-22 00:00:00.000000000,Mechanic Shop,Ulises,Bobcat,Sensor de alarma para Mini 2004208,2004208,Yard,Fer,11688
11689,2025-01-23 00:00:00.000000000,Mechanic Shop,Rodrigo ,Ford,"Transmission para camioneta de Isidro Garcia, y cooler y 6 botellas de acite de transmission",,Isidro García,Fer,11689
11690,2025-01-23 00:00:00.000000000,Mechanic Shop,Abraham,Texcon,Diseño para camión de Abraham,,Abraham,Fer,11690
11691,2025-01-23 00:00:00.000000000,Mechanic Shop,Rodrigo,Texcon,Gasoline for Rodrigo's truck ,,Rodrigo,Fer,11691
11692,2025-01-24 00:00:00.000000000,Mechanic Shop,Rodrigo,Bransco,3 plate compactor,,Yard / Workshop,Fer,11692
11693,2025-01-24 00:00:00.000000000,Mechanic Shop,Abel H,Texcon,Diesel para camion de Abel,,Abel,Fer,11693
11694,2025-01-24 00:00:00.000000000,Mechanic Shop,Abel H,Oreilly,Bateria para camioneta de Elroy,,Elroy,Fer,11694
11695,2025-01-24 00:00:00.000000000,Mechanic Shop,Rodrigo,Bobcat,"Radiador para Bobcat 200809, bobtach para 2004146",,200809/2004146,Fer,11695
11696,2025-01-24 00:00:00.000000000,Mechanic Shop,Rodrigo,Oreilly,Frenos para camioneta de Alvaro,,Alvaro,Fer,11696
11697,2025-01-27 00:00:00.000000000,Mechanic Shop,Ulises,Texcon,Diesel para camion de Ulises,,Ulises,Fer,11697
11698,2025-01-27 00:00:00.000000000,Mechanic Shop,Rodrigo ,Texcon,Diésel para camioneta Hervey VIN 2275,,Hervey,Fer,11698
11699,2025-01-27 00:00:00.000000000,Mechanic Shop,Alejandro,Leos,Gasolina,,Alejandro,Fer,11699
11700,2025-01-27 00:00:00.000000000,Mechanic Shop,Rodrigo,Texcon,Gasolina para Spare 6,,Spare 6,Fer,11700
11701,2025-01-27 00:00:00.000000000,Mechanic Shop,Abel H,Oreilly,Alternador para camioneta spare 4 de Elroy,,Elroy,Fer,11701
11702,2025-01-27 00:00:00.000000000,Mechanic Shop,Rodrigo ,Ford,"Sello, aro y sensor para camioneta de Ricardo Garcia",,Ricardo Garcia,Fer,11702
11703,2025-01-27 00:00:00.000000000,Mechanic Shop,Rodrigo,Leos,Gasolina para camioneta KDX5053,,Rodrigo,Fer,11703
11704,2025-01-28 00:00:00.000000000,Mechanic Shop,Ulises,Capitol Bering,Manguera para mini excavator y fittings para magueras de maritllos,,Mini Excavator,Fer,11704
11705,2025-01-28 00:00:00.000000000,Mechanic Shop,Ulises,Oreilly,Wipers para camion de Rolgeio y cable para traila de Daniel,,Rogelio / Daniel,Fer,11705
11706,2025-01-28 00:00:00.000000000,Mechanic Shop,Abraham,Texcon,Diesel,,Abraham,Fer,11706
11707,2025-01-29 00:00:00.000000000,Mechanic Shop,Rodrigo ,Ace,Herramientas para el shop y Quiky saw de repuesto,,Yard/Shop,Fer,11707
11708,2025-01-30 00:00:00.000000000,Mechanic Shop,Ulises,Texcon,Diesel para camion de Ulises,,Ulises,Fer,11708
11709,2025-01-30 00:00:00.000000000,Mechanic Shop,Rodrigo ,Texcon,Gasolina para camioneta de Rodrigo,,Rodrigo,Fer,11709
11710,2025-01-30 00:00:00.000000000,Mechanic Shop,Abel H,Leif Johnson Ford,"DEF HEATER, DEF PUMP para camioneta de Hervey",,Hervey,Fer,11710
11711,2025-01-30 00:00:00.000000000,Mechanic Shop,Abel H,Bobcat,"Radiador para Bobcat 200809, bobtach para 2004146",,200809,Fer,11711
11712,2025-01-30 00:00:00.000000000,Mechanic Shop,Abel H,Capitol Bering,"Partes para el compresor de aire, mangueras para martillo hidraulico",,Air Compresor. Workshop,Fer,11712
11713,2025-01-31 00:00:00.000000000,Mechanic Shop,Rodrigo ,Oreilly,Filtros para camioneta de Allan Berrios,,Allan Berrios,Fer,11713
11714,2025-01-31 00:00:00.000000000,Mechanic Shop,Rodrigo ,Oreilly,Frenos para camionta de Martin,,Martin,Fer,11714
11715,2025-01-31 00:00:00.000000000,Mechanic Shop,Rodrigo,Matheson,"Discos de corte, soldadura, guantes, caretas, discos de desbaste",,Tabasco,Fer,11715
11716,2025-01-31 00:00:00.000000000,Mechanic Shop,Ulises,Oreilly,Bateria para camion para Ruben ,,Ruben,Fer,11716
11717,2025-01-31 00:00:00.000000000,Mechanic Shop,Abel H,Texcon,Diesel para camion de Abel,,Abel,Fer,11717
11718,2025-02-03 00:00:00.000000000,mechanic Shop,Alejandro,Leos,Gasolina para camioneta de Alejandro,,Alejandro,Fer,11718
11719,2025-02-03 00:00:00.000000000,Mechanic Shop,Ulises,Texcon,Diesel para camion de Ulises,,Ulises,Fer,11719
11720,2025-02-04 00:00:00.000000000,Mechanic Shop,Ulises,Oreilly,Pads para camion de Ulises,,Ulises,Fer,11720
11721,2025-02-04 00:00:00.000000000,Mechanic Shop,Rodrigo,Oreilly,Filtros para camioenta de Rodrigo,,Rodrigo,Fer,11721
11722,2025-02-04 00:00:00.000000000,Mechanic Shop,Rodrigo ,CMC,"Red wood, utility bricks, sand for pavers, quikrete, dougart citrus drum",,Yard,Fer,11722
11723,2025-02-04 00:00:00.000000000,Mechanic Shop,Abel H,Oreilly,Batteries for Abel's truck,,Abel,Fer,11723
11724,2025-02-05 00:00:00.000000000,Mechanic Shop,Rodrigo ,Oreilly,Filtros para camioenta de Mario,,Mario,Fer,11724
11725,2025-02-05 00:00:00.000000000,Mechanic Shop,Abel H,Capitol Bering,FITTINGS para hacer mangueras en el taller ,,Yard/shop,Fer,11725
11726,2025-02-06 00:00:00.000000000,Mechanic Shop,Ulises,Texcon,Diesel para camion de V1FTWW33F41ED29461,,Ulises,Fer,11726
11727,2025-02-06 00:00:00.000000000,Mechanic Shop,Rodrigo ,Leos,Gasolina para camioneta de Rodrigo ,,Rodrigo,Fer,11727
11728,2025-02-06 00:00:00.000000000,Mechanic Shop,Rodrigo ,Oreilly,Filtros para camioneta de Isidro Sanchez,,Isidro Sanchez,Fer,11728
11729,2025-02-06 00:00:00.000000000,Mechanic Shop,Rodrigo ,Oreilly,Filtros para camioneta de Julian,,Julian ,Fer,11729
11730,2025-02-07 00:00:00.000000000,Mechanic Shop,Abraham ,Texcon,Diésel para camión de Abraham,,Abraham ,Fer,11730
11731,2025-02-07 00:00:00.000000000,Mechanic Shop,Rodrigo ,Oreilly,Filtros para camion de Alvaro,,Alvaro,Fer,11731
11732,2025-02-27 00:00:00.000000000,Mechanic Shop,Alejandro,Leos,Gasoliana para camioneta de Alejandro,,Alejandro,Fer,11732
11733,2025-02-07 00:00:00.000000000,Mechanic Shop,Rodrigo ,Oreilly,Frenos para camioneta de Alvaro,,Alvaro,Fer,11733
11734,2025-02-10 00:00:00.000000000,Mechanic Shop,Rodrigo ,Oreilly,Baterias para generadores Honda,,Daniel/Yard,Fer,11734
11735,2025-02-10 00:00:00.000000000,Mechanic Shop,Rodrigo ,Oreilly,Filtros para camioneta de Tacho,,Tacho,Fer,11735
11736,2025-02-11 00:00:00.000000000,Mechanic Shop,Ulises,Texcon,Diesel para camion de Ulises,,Ulises,Fer,11736
11737,2025-02-11 00:00:00.000000000,Mechanic Shop,Rodrigo ,Oreilly,"Antifreeze para bobcat, 6 botellas orange, 6 green",,Yard/shop,Fer,11737
11738,2025-02-11 00:00:00.000000000,Mechanic Shop,Rodrigo ,Texcon,Gasolina y filtros de diésel para la yarda ,,Rodrigo,Fer,11738
11739,2025-02-12 00:00:00.000000000,Mechanic Shop,Abel H,Bobcat,Gasket e intake de motor de bobcat 200834,,Yard/shop,Fer,11739
11740,2025-02-12 00:00:00.000000000,Mechanic Shop,Abel H,Oreilly,Impact Wrench para Abel,,Abel,Fer,11740
11741,2025-02-12 00:00:00.000000000,Mechanic Shop,Rodrigo ,oreilly,Filtros para camioneta de Eduardo,,Eduardo,Fer,11741
11742,2024-02-12 00:00:00.000000000,Mechanic Shop,Rodrigo ,Ford,Starter para camioneta de Tacho,,Tacho,Fer,11742
11743,2024-02-12 00:00:00.000000000,Mechanic Shop,Rodrigo ,Ace Contractors,Bomba de agua y llaves para tambos de la yarda,,Yard/shop,Fer,11743
11743,2024-02-19 00:00:00.000000000,Mechanic Shop,Rodrigo ,Texcon,FUEL OIL,,Yard/shop,Fer,11743
11744,2024-02-12 00:00:00.000000000,Mechanic Shop,Rodrigo ,A-Line,5 Filtros de aceite para camionetas nuevas F-150 ,,Yard/Office,Fer,11744
11745,2024-02-12 00:00:00.000000000,Mechanic Shop,Rodrigo ,oreilly,Aceite para generadores/ small tools.,,Yard/shop,Fer,11745
11746,2025-02-13 00:00:00.000000000,Mechanic Shop,Abraham ,Texcon,Diesel para camion de Abraham,,Abraham ,Fer,11746
11747,2025-02-14 00:00:00.000000000,Mechanic Shop,Abraham ,Texcon,Diesel,,Abraham,Fer,11747
11748,2025-02-14 00:00:00.000000000,Mechanic Shop,Alejandro,Leo's,Gasolina para camioneta de Alejandro ,,Alejandro,Fer,11748
11749,2025-02-14 00:00:00.000000000,Mechanic Shop,Ulises,Bobcat,Conos y bushings para Bobcat de Francisco Aguirre,,Francisco Aguirre,Fer,11749
11750,2025-02-14 00:00:00.000000000,Mechanic Shop,Rodrigo ,Oreilly,Frenos para camioneta de Omar,,Rodrigo,Fer,11750
11751,2025-02-14 00:00:00.000000000,Mechanic Shop,Abraham ,Texon,Diesel para  camioneta de Abraham ,,Abraham ,Fer,11751
11752,2025-02-17 00:00:00.000000000,Mechanic Shop,Rodrigo ,Oreilly,"Bateria para bobcat, luces y coneccion para la traila.",,Yard/shop,Fer,11752
11753,2025-02-18 00:00:00.000000000,Mechanic Shop,Ulises,Texcon,Diesel para camion de Ulises,,Ulises,Fer,11753
11754,2025-02-18 00:00:00.000000000,Mechanic Shop,Rodrigo ,Texcon,Gasolina para camioneta de Rodrigo,,Rodrigo,Fer,11754
11755,2024-02-18 00:00:00.000000000,Mechanic Shop,Rodrigo,Capitol Bering,Fitings para mini excavator 304 ,,Yard/shop,Fer,11755
11756,2025-02-18 00:00:00.000000000,Mechanic Shop,Rodrigo,Bobcat,Cilindros para bobcat 200489 y bushings de brazos y bobtach,,200489,Fer,11756
11757,2025-02-19 00:00:00.000000000,Mechanic Shop,Rodrigo ,Oreilly,Filtros para camioneta de Bryan Lopez,,Bryan Lopez,Fer,11757
11758,2025-02-19 00:00:00.000000000,Mechanic Shop,Abraham ,Texcon,Diesel para camion de Abraham,,Abraham,Fer,11758
11759,2025-02-19 00:00:00.000000000,Mechanic Shop,Rodrigo ,Oreilly,Hose Clamps para la yarda,,Yard/shop,Fer,11759
11760,2025-02-19 00:00:00.000000000,Mechanic Shop,Ulises ,Oreilly,Bateria para mini excavator ,,Ulises,Fer,11760
11761,2025-02-24 00:00:00.000000000,Mechanic Shop,Abel,Leif Johnson Ford,"Radiator Hose, Cab Mounts",,Abel,Fer,11761
11762,2025-02-24 00:00:00.000000000,Mechanic Shop,Ulises,O'Reilly,2 Batteries,,Ulises,Fer,11762
11763,2025-02-24 00:00:00.000000000,Mechanic Shop,Abraham ,Bobcat,"Negative Cables, Positive Cables, Grease Fittings",,Abraham ,Fer,11763
11764,2025-02-25 00:00:00.000000000,Mechanic Shop,Ulises ,Texcon,Diesel para camion de Ulises,,Ulises,Fer,11764
11765,2025-02-26 00:00:00.000000000,Mechanic Shop,Ulises ,Capitol Bering,2 Mangueras para tanque de diesel exterior,,Ulises,Fer,11765
11766,2025-02-26 00:00:00.000000000,Mechanic Shop,Abraham ,Texcon,Diesel para camioenta de Hervey,,Abraham ,Fer,11766
11767,2025-02-26 00:00:00.000000000,Mechanic Shop,Rodrigo,Texcon,Gasolina para Rodrigo,,Rodrigo,Fer,11767
11768,2025-02-26 00:00:00.000000000,Mechanic Shop,Abraham ,bobcat,"Sensores para pasamanos de bobcat 200488, graseras de los traques 200429",,"200488, 200429",Fer,11768
11769,2025-02-28 00:00:00.000000000,Mechanic Shop,Ulises,Texcon,Diesel para camioneta de Ulises,,Ulises,Fer,11769
11770,2025-02-28 00:00:00.000000000,Mechanic Shop,Rodrigo ,Ford,"Linea de freno para camioneta de MARIO, 2 botellas de liquido de frenos",Mario Muñoz VIN # 5489,Mario,Fer,11770
11771,2025-02-28 00:00:00.000000000,Mechanic Shop,Ulises ,oreilly,"Fotos portaplpaca, y headlight bulb ",,Ricardo,Fer,11771
11772,2025-02-28 00:00:00.000000000,Mechanic Shop,Rodrigo ,O'Reilly,Turn Signal Siwtch  para camoineta spare 2,,Spare 2,Fer,11772
11773,2025-03-03 00:00:00.000000000,Mechanic Shop,Rodrigo ,Leif Johnson Ford,Heather wire para camioneta de Hervey,,Hervey Quintero ,Fer,11773
11774,2025-03-03 00:00:00.000000000,Mechanic Shop,Rodrigo ,Leif Johnson Ford,Base del clockspring para signal lights para camioneta spare 2,,Spare 2,Fer,11774
11775,2025-03-03 00:00:00.000000000,Mechanic Shop,Abel,oreilly,Linea de freno delantera izquierda para camioneta de Mario,,Mario,Fer,11775
11776,2025-03-03 00:00:00.000000000,Mechanic Shop,Ulises ,Bobcat,Sensor para bobcat de Carlos,,Carlos D,Fer,11776
11777,2025-03-04 00:00:00.000000000,Mechanic Shop,Abraham ,Texcon,Diesel para camion de Hervey,,Abraham,Fer,11777
11778,2025-03-04 00:00:00.000000000,Mechanic Shop,Rodrigo,Texcon,Gasolina para camioneta de Rodrigo ,,Rodrigo,Fer,11778
11779,2025-03-05 00:00:00.000000000,Mechanic Shop,Ulises,Texcon,Diesel para camion de Ulises,,Ulises,Fer,11779
11780,2025-03-05 00:00:00.000000000,Mechanic Shop,Abraham ,Texcon,Diesel praa camion de Abraham,,Abraham ,Fer,11780
11781,2025-03-07 00:00:00.000000000,Mechanic Shop,Rodrigo ,oreilly,Headlamp bulb for Byran's truck,,Bryan,Fer,11781
11782,2025-03-07 00:00:00.000000000,Yard,Rodrigo ,Ace Contractors,14 pallets de Red Pavers,,Yard,Fer,11782
11783,2025-03-07 00:00:00.000000000,Yard,Rodrigo ,Ace Contractors,"5 Rollos de plastico para la yarda, 10 candados de convinacion",,Yard/shop,Fer,11783
11784,2025-03-07 00:00:00.000000000,Yard,Rodrigo ,O'Reilly,Tambo de aceite hidraulico AW32 y bote de 5 gal de purple degreaser,,Yard/shop,Fer,11784
11785,2025-03-10 00:00:00.000000000,Mechanic Shop,Abel,Texcon,Gasolina para camioenta de Hector Manzanares VIN # 7145,,Abel,Fer,11785
11786,2025-03-10 00:00:00.000000000,Mechanic Shop,Ulises ,Texcon,Diesel para camion de Ulises,,Ulises,Fer,11786
11787,2025-03-10 00:00:00.000000000,Mechanic Shop,Rodrigo ,oreilly,Filtros y amortiguadores para camioneta de RDUY F-350,,RUDY,Fer,11787
11788,2025-03-10 00:00:00.000000000,Mechanic Shop,Rodrigo,Texcon,Gasolina para camioneta de Rodrigo,,Rodrigo,Fer,11788
11789,2025-03-11 00:00:00.000000000,Mechanic Shop,Abraham ,Texcon,Diesel para camioneta de Carlos,,Carlos D,Fer,11789
11790,2025-03-11 00:00:00.000000000,Mechanic Shop,Abel,oreilly,Sensor para small dump truck,,,Fer,11790
11791,2025-03-11 00:00:00.000000000,Mechanic Shop,Abel,Capitol Bering,Manguera para bobcat ,,,Fer,11791
11792,2025-03-11 00:00:00.000000000,Mechanic Shop,Abel,Leif Johnson Ford,"Frenos delanteros, manguera de radiador, silicon para tapa de motor para camioneta de Rudy ",,Rudy,Fer,11792
11793,2025-03-11 00:00:00.000000000,Mechanic Shop,Rodrigo ,oreilly,Hose Clamps para extintores,,Yard/shop,Fer,11793
11794,2025-03-11 00:00:00.000000000,Mechanic Shop,Rodrigo ,oreilly,Filtros y aceite para camioneta de Hugo,,Hugo,Fer,11794
11795,2025-03-12 00:00:00.000000000,Mechanic Shop,Abraham ,Matherson,"Soldarura , discos de desbaste, discos de soldadura ",,Yard/shop,Fer,11795
11796,2025-03-13 00:00:00.000000000,Mechanic Shop,Abraham ,Capitol Bering,water sprayer for Water Trailer,,Water trailer,Fer,11796
11797,2025-03-13 00:00:00.000000000,Mechanic Shop,Abraham ,Texcon,Diesel para camioneta de Carlos,,Abraham ,Fer,11797
11797,2025-03-13 00:00:00.000000000,Yard,Rodrigo ,CMC ,"Portlant concrete, concrete mix, dowels, couring, citrus ",,Yard/shop,Fer,11797
11798,2025-03-14 00:00:00.000000000,Mechanic Shop,Abraham ,Texcon,Diesel para camioneta de de Carlos,,Abraham ,Fer,11798
11799,2025-03-14 00:00:00.000000000,Mechanic Shop,Abel,Bobcat,"Terminales para bateria para bobcat de Gerado, Valvula para mini excavator de Julian",,Gerardo y Julian,Fer,11799
11800,2025-03-14 00:00:00.000000000,Mechanic Shop,Rodrigo ,oreilly,"Carboclean para generadores, dielectric cleaner, control de ventanas y filtros para camioenta de Francisco Aguirre",,Francisco Aguirre,Fer,11800
11801,2025-03-14 00:00:00.000000000,Mechanic Shop,Rodrigo ,oreilly,Filtros para camioenta de Ulises,,Ulises,Fer,11801
11802,2025-03-14 00:00:00.000000000,Mechanic Shop,Rodrigo ,Leif Johnson Ford,Barras estabilizadoras para camion de Ulises,,Ulises,Fer,11802
11803,2025-03-14 00:00:00.000000000,Mechanic Shop,Rodrigo ,Oreilly,"Tapa de frenos, y birlos para camioneta de Rudy",,Rudy,Fer,11803
11804,2025-03-14 00:00:00.000000000,Mechanic Shop,Rodrigo ,Oreilly,Filtros para camioneta de Ruben,,Ruben,Fer,11804
11805,2025-03-15 00:00:00.000000000,Mechanic Shop,Rodrigo ,Leif Johnson Ford,Manguera para camioneta de Ruben,,Ruben,Fer,11805
11806,2025-03-15 00:00:00.000000000,Mechanic Shop,Rodrigo ,oreilly,Discos para camioneta de Ulises,,Ulises,Fer,11806
11807,2025-03-15 00:00:00.000000000,Mechanic Shop,Rodrigo ,Leos Service,Gasolina para camioneta de Rodrigo ,,Rodrigo,Fer,11807
11808,2025-03-17 00:00:00.000000000,Mechanic Shop,Abraham ,Texcon,Diesel para camion de Carlos,,Carlos D,Fer,11808
11809,2025-03-18 00:00:00.000000000,Mechanic Shop,Rodrigo ,oreilly,Wipers para camioneta de Alejandro,,Alejandro,Fer,11809
11810,2025-03-18 00:00:00.000000000,Mechanic Shop,Rodrigo ,Leif Johnson Ford,Lampara para camion de Rudy,,RUDY,Fer,11810
11811,2025-03-18 00:00:00.000000000,Mechanic Shop,Rodrigo,Bobcat,Valvula para pedales de mini excavator E50,,Excavator E50,Fer,11811
11812,2025-03-18 00:00:00.000000000,Mechanic Shop,Rodrigo,Bobcat,"Sellos de cilindros, mangueras de cilindros, tornillo con resorte para palancas y dientes para la cubeta",,Bobcat 2008319,Fer,11812
11813,2025-03-18 00:00:00.000000000,Mechanic Shop,Abel,Bobcat,Dientes para cubeta de Isidro Sanchez,,Isidro Sanchez,Fer,11813
11814,2025-03-18 00:00:00.000000000,Mechanic Shop,Rodrigo ,Oreilly,Filtros para camioneta de Jose Luis ,,Jose Luis,Fer,11814
11815,2025-03-18 00:00:00.000000000,Mechanic Shop,Rodrigo ,Oreilly,Frenos para camioneta de Jose Luis Z / Return to the supplier,,Jose Luis,Fer,11815
11816,2025-03-18 00:00:00.000000000,Mechanic Shop,Rodrigo ,Oreilly,Filtros para camioneta Hector Manzanares,,Hector Manzanares,Fer,11816
11817,2025-03-19 00:00:00.000000000,Mechanic Shop,Abel,Capitol Bering,fitings y mangueras para el taller,,Shop,Fer,11817
11818,2025-03-19 00:00:00.000000000,Mechanic Shop,Rodrigo ,Leif Johnson Ford,Frenos para camioneta de Jose Luis Z,,Jose Luis,Fer,11818
11819,2025-03-19 00:00:00.000000000,Mechanic Shop,Abraham ,Capitol Bering,Mangueras para martillo de Julian,,Julian,Fer,11819
11820,2025-03-19 00:00:00.000000000,Mechanic Shop,Rodrigo ,Texcon,Gasoline ,,Rodrigo ,Fer,11820
11821,2025-03-19 00:00:00.000000000,Mechanic Shop,Abraham ,Texcon,Diesel para camion de Abraham,,Abraham ,Fer,11821
11822,2025-03-20 00:00:00.000000000,Mechanic Shop,Rodrigo ,Oreilly,10 Clampas para bracket de extintores de camioneta de foreman,,Yard/shop,Fer,11822
11823,2025-03-20 00:00:00.000000000,Mechanic Shop,Abraham ,Capitol Bering,Partes modificacion de  water truck ,,Water truck,Fer,11823
11824,2025-03-21 00:00:00.000000000,Mechanic Shop,Ulises,Texcon,Diesel y tambo de grasa para el taller,,Ulises/Shop,Fer,11824
11825,2025-03-21 00:00:00.000000000,Mechanic Shop,Abel,Texcon,Gasolina para camioneta de Hector M,,Abel,Fer,11825
11826,2025-03-21 00:00:00.000000000,Mechanic Shop,Abraham ,Texcon,Diesel para camioneta de de Carlos,,Abraham ,Fer,11826
11827,2025-03-21 00:00:00.000000000,Mechanic Shop,Rodrigo ,Texcon,Diesel para camioneta de Rudy,,Rodrigo,Fer,11827
11828,2025-03-21 00:00:00.000000000,Mechanic Shop,Rodrigo ,oreilly,"Fuses para small dump truck, thinner para limpiar barricadas",,Shop,Fer,11828
11829,2025-03-21 00:00:00.000000000,Mechanic Shop,Rodrigo ,Oreilly,Filtros para camioneta de Francisco Bocanegra,,F. Bocanegra,Fer,11829
11830,2025-03-21 00:00:00.000000000,Mechanic Shop,Rodrigo ,Oreilly,Filtros para camioneta de Santo Alegria,,Santo Alegria,Fer,11830
11831,2025-03-22 00:00:00.000000000,Mechanic Shop,Alejandro ,Leos,Gasolina ,,Alejandro,Fer,11831
11832,2025-03-24 00:00:00.000000000,Mechanic Shop,Abraham ,Texcon,Diesel para camioneta de Carlos,,Abraham ,Fer,11832
11833,2025-03-24 00:00:00.000000000,Mechanic Shop,Abraham ,Capitol Bering,Reducer de 3/4 para manguera de water trailer,,Abraham ,Fer,11833
11834,2025-03-24 00:00:00.000000000,Mechanic Shop,Ulises,oreilly,Liz para camioneta,,Ulises,Fer,11834
11835,2025-03-25 00:00:00.000000000,mechanic Shop,Ulises ,Texcon,Diesel para small dump truck,,Ulises,Fer,11835
11836,2025-03-25 00:00:00.000000000,mechanic Shop,Rodrigo ,Texcon,Gasolina para camioneta de Rodrigo,,Rodirgo,Fer,11836
11837,2025-03-25 00:00:00.000000000,Mechanic Shop,Rodrigo,Bobcat,Partes para bobcat 200424,,Bryan,Fer,11837
11838,2025-03-25 00:00:00.000000000,Mechanic Shop,Abel,Bobcat,Filtros para bobcat,,Yard/ Shop,Fer,11838
11839,2025-03-26 00:00:00.000000000,Mechanic Shop,Rodrigo ,Oreilly,Filtros para camioneta de Rudy F-150,,Rudy,Fer,11839
11840,2025-03-26 00:00:00.000000000,Mechanic Shop,Rodrigo ,Oreilly,Filtros para camioneta SPARE 10 Ford F-150,,SPARE 10,Fer,11840
11841,2025-03-26 00:00:00.000000000,Mechanic Shop,Rodrigo ,Oreilly,Filtros para camioneta de Avisai,,Avisai,Fer,11841
11842,2025-03-26 00:00:00.000000000,Mechanic Shop,Abel,Bobcat,"Filtros para skid steer, sello para tapa de motor se 200424",,200424/Shop,Fer,11842
11843,2025-03-26 00:00:00.000000000,Mechanic Shop,Abraham ,Texcon,Diesel para camioneta de Abraham ,,Abraham ,Fer,11843
11844,2025-03-27 00:00:00.000000000,Mechanic Shop,Rodrigo ,Oreilly,"Baterias para camion de Jose De La Cerda, luzes para trailas",,Jose De La Cerda,Fer,11844
11845,2025-03-27 00:00:00.000000000,Mechanic Shop,Rodrigo ,Branco,"2 Plate compactor, 1 for Allan, 1 to store. ",,Yard/ Shop,Fer,11845
11846,2025-03-27 00:00:00.000000000,Mechanic Shop,Rodrigo ,Leif Johnson Ford,Mangera de deposito de antifreeze para camioneta de Rudy F150,,Rudy F150,Fer,11846
11847,2025-03-27 00:00:00.000000000,Mechanic Shop,Rodrigo ,Leif Johnson Ford,"Door handle, latch para camioneta spare 10",,SPARE 10,Fer,11847
11848,2025-03-27 00:00:00.000000000,Mechanic Shop,Rodrigo ,Leif Johnson Ford,"Front stibilizer bar, tie end rod, damper for SPARE 2",,SPARE 2,Fer,11848
11849,2025-03-28 00:00:00.000000000,Mechanic Shop,Abraham ,Texcon,Diesel para camioneta de Carlos,,Abraham ,Fer,11849
11850,2025-03-28 00:00:00.000000000,Mechanic Shop,Abraham ,Matheson,"Relleno de tanques de oxigeno, acetileno, soladura y micas para careta",,Yard/ Shop,Fer,11850
11851,2025-03-28 00:00:00.000000000,Mechanic Shop,Rodrigo ,Texcon,Gasolina para camioneta y para el taller ,,Rodrigo/ shop,Fer,11851
11852,2025-03-28 00:00:00.000000000,Mechanic Shop,Abraham ,Texcon,Gasolina para camioneta SPARE 10,,SPARE 10,Fer,11852
11853,2025-03-28 00:00:00.000000000,Mechanic Shop,Rodrigo,Leif Johnson Ford,Mangueras de camioneta de Abraham,,Abraham ,Fer,11853
11854,2025-03-31 00:00:00.000000000,mechanic Shop,Rodrigo,Oreilly,"Filtros para camioneta spare 6, antifreeze para camioneta de Abraham",,SPARE 6/ MECHANICAL TRUCK,Fer,11854
11855,2025-03-31 00:00:00.000000000,Mechanic Shop,Abraham ,Texcon,Diesel rojo para camion de Abraham,,Abraham ,Fer,11855
11856,2025-03-31 00:00:00.000000000,Mechanic Shop,Rodrigo,Bobcat,"Poleas y banda para mini excvator 341, 10 dientes para cubeta",,Mini 341,Fer,11856
11857,2025-04-01 00:00:00.000000000,Mechanic Shop,Hector M,Leos,Gasolina para camioneta de Hector M,,Hector,Fer,11857
11858,2025-04-01 00:00:00.000000000,Mechanic Shop,Rodrigo ,Oreilly,"1 bateria de Rolla de Zamarripa, 2 baterias para dozer 953",,"Roller Zamarripa, Dozer 953",Fer,11858
11859,2025-04-01 00:00:00.000000000,Mechanic Shop,Rodrigo,Leif Johnson Ford,2 inyectores y bote de wipers,,Abraham ,Fer,11859
11860,2025-04-01 00:00:00.000000000,Mechanic Shop,Ulises,Texcon,Diesel ,,Ulises ,Fer,11860
11861,2025-04-02 00:00:00.000000000,Mechanic Shop,Rodrigo ,Texcon,Gasolina ,,Rodrigo ,Fer,11861
11862,2025-04-02 00:00:00.000000000,Mechanic Shop,Rodrigo,Oreilly,2 Baterias para small dump truck de Ruben,,Ruben,Fer,11862
11863,2025-04-02 00:00:00.000000000,Mechanic Shop,Fernando,oreilly,Filtros para camioneta de Daniel,,Daniel,Fer,11863
11864,2025-04-02 00:00:00.000000000,Mechanic Shop,Rodrigo ,Leif Johnson Ford,Crankcase for Abraham's truck,,Abraham ,Fer,11864
11865,2025-04-02 00:00:00.000000000,Mechanic Shop,Rodigo,Leif Johnson Ford,RH Tailight for Wilcair's truck,,Wilclair/ Hervey,Fer,11865
11866,2025-04-03 00:00:00.000000000,Mechanic Shop,Hector M,Leos Service,Gasolina para camioneta de Hector M,,Hector Manzanares,Fer,11866
11867,2025-04-03 00:00:00.000000000,Mechanic Shop,Ulises,Capitol Bering,Manguera para martillo de Allan,,Martillo Hidraulico,Fer,11867
11868,2025-04-03 00:00:00.000000000,Mechanic Shop,Abraham,Texcon,Diesel para camionet de Abraham,,Abraham ,Fer,11868
11869,2025-04-03 00:00:00.000000000,Mechanic Shop,Abraham ,Matheson,"Relleno de tanques de oxigeno, acetileno",,Shop,Fer,11869
11870,2025-04-03 00:00:00.000000000,Mechanic Shop,Rodrigo,Bobcat,2 bobtach para Gerardo y Francisco ,,Gerardo y Francsico Aguirre,Fer,11870
11871,2025-04-03 00:00:00.000000000,Mechanic Shop,Rodrigo,Bobcat,1 tracker for mini excavator 2004189,,Jose A Zamarripa,Fer,11871
11872,2025-04-03 00:00:00.000000000,Mechanic Shop,Muricio Torres,Leos Service,Gasoline,,Mauricio Torres,Fer,11872
11873,2025-04-03 00:00:00.000000000,Mechanic Shop,Rodrigio,Leif Johnson Ford,Sellos y aceite para la transmision ,,Hervey Quintero,Fer,11873
11874,2025-04-04 00:00:00.000000000,Mechanic Shop,Abel Hernandez,Texcon,Diesel,,Abel,Fer,11874
11875,2025-04-04 00:00:00.000000000,Mechanic Shop,Rodrigo ,Texcon,Gasolina para camioneta de Rodrigo,,Rodrigo,Fer,11875
11876,2025-04-04 00:00:00.000000000,Mechanic Shop,Rodrigo ,Oreilly,Filtros para camioneta de Gerado,,Gerardo  ,Fer,11876
11877,2025-04-04 00:00:00.000000000,Mechanic Shop,Hector S,Leos Service,Gasolina ,,Hector Segura,Fer,11877
11878,2025-04-05 00:00:00.000000000,Mechanic Shop,Rodrigo ,Oreilly,Amortiguador de cofre para camioneta de Gerardo,,Gerardo  ,Fer,11878
11879,2025-04-07 00:00:00.000000000,Mechanic Shop,Fernando,Oreilly,Filtros para Camioneta de Abel Hernandez,,Abel,Fer,11879
11880,2025-04-07 00:00:00.000000000,Mechanic Shop,Fernando,Oreilly,Filtros para Camioneta Mechanic Spare,,Mechanic Spare,Fer,11880
11881,2025-04-07 00:00:00.000000000,Mechanic Shop,Fernando,Oreilly,Filtros para Camioneta Avisai Jimenez,,,Fer,11881
11882,2025-04-07 00:00:00.000000000,Mechanic Shop,Fernando,Oreilly,Filtros para Camioneta Victor Sanchez,,,Fer,11882
11883,2025-04-07 00:00:00.000000000,Mechanic Shop,Fernando,Oreilly,Filtros para Camioneta Isidro Garcia,,,Fer,11883
11884,2025-04-07 00:00:00.000000000,Mechanic Shop,Fernando,Oreilly,Filtros para Camioneta Tacho Hernandez,,,Fer,11884
11885,2025-04-07 00:00:00.000000000,mechanic Shop,Rodrigo,Capitol Bering,Manguera para bobcat 300,,,Fer,11885
11886,2025-04-07 00:00:00.000000000,mechanic Shop,Rodrigo,Bobcat,Asiento para mini E45 y air gauge para mini exc 341 ,,Bibcat minE45 y Mini 341,Fer,11886
11887,2025-04-07 00:00:00.000000000,Mechanic Shop,Rodrigo,Bobcat,Fittings para bobcat se Isidro Sanchez,,Isidro Sanchez,Fer,11887
11888,2025-04-07 00:00:00.000000000,Mechanic Shop,Hectror M,Leos Service,Gasolina,,Hector Manzanares,Fer,11888
11889,2025-04-08 00:00:00.000000000,Mechanic Shop,Abraham ,Texcon,Diesel,,Abraham ,Fer,11889
11890,2025-04-08 00:00:00.000000000,Mechanic Shop,Rodrigo,Oreilly,Struts,,Air compresor,Fer,11890
11891,2025-04-08 00:00:00.000000000,Mechanic Shop,Rodrigo,Bobcat,"2 mamgueras hydraulcias, medidor de hydraulico y switch de encendido para bobcat 2004153",,2004154,Fer,11891
11892,2025-04-08 00:00:00.000000000,Mechanic Shop,Rodrigo,Texcon,Gasolina ,,Rodrigo,Fer,11892
11893,2025-04-09 00:00:00.000000000,Mechanic Shop,Abraham ,Bobcat,Parts for Bobcat #200821,,200821,Fer,11893
11894,2025-04-09 00:00:00.000000000,Mechanic Shop,Ulises,Spare 5,Btrakes and front caliper for truck VIN#4200,,Truck VIN #4200,Fer,11894
11895,2025-04-10 00:00:00.000000000,Mechanic Shop,Ulises ,Texcon,Diesel para camion de Ulises,,Ulises ,Fer,11895
11896,2025-04-10 00:00:00.000000000,Mechanic Shop,Rodrigo ,Leif Johnson Ford,U joint para caminera PFP8961,,Avisai,Fer,11896
11897,2025-04-10 00:00:00.000000000,Mechanic Shop,Fernando,Leif Johnson Ford,AC for truck Abraham,,,Fer,11897
11898,2025-04-10 00:00:00.000000000,Mechanic Shop,Abraham ,Texcon,Diesel Camion de Hervey,,Abaraham,Fer,11898
11899,2025-04-10 00:00:00.000000000,Mechanic Shop,Rodrigo ,Leif Johnson Ford,Manguera para caja de filtro de aire para camioenta de Francisco Aguirre,,Francisco Aguire,Fer,11899
11900,2025-04-11 00:00:00.000000000,Mechanic Shop,Mauricio Torres,Leos Service,Combustible,,,Fer,11900
11901,2025-04-11 00:00:00.000000000,Mechanic Shop,Hector Manzanares,Leos Service,Combustible,,,Fer,11901
11902,2025-04-11 00:00:00.000000000,Mechanic Shop,Hector Segura,Leos Service,Gasolina ,,Hector Segura ,Fer,11902
11903,2025-04-11 00:00:00.000000000,Mechanic Shop,Rodrigo,Oreilly,"3 Permatex Ultra Grey Sillicone for Avisai truck, 10 MasterPro hose clamps",,"Foreman, Avisay",Fer,11903
11904,2025-04-11 00:00:00.000000000,Mechanic Shop,Rodrigo,Ford,"Gasked del houisng, sellos de oil cooler, turbo pipe para camioneta de Avisai VIN # 8020",,Avisai,Fer,11904
11905,2025-04-11 00:00:00.000000000,Mechanic Shop,Rodrigo,Oreilly,Filstros para camioneta SPARE 5 VIN 4200,,SPARE 5 VIN # 4200,Fer,11905
11906,2025-04-11 00:00:00.000000000,Mechanic Shop,Rodrigo,Leif Johnson Ford,Blow motor para camion de Ulises,,Ulises,Fer,11906
11907,2025-04-11 00:00:00.000000000,Mechanic Shop,Rodrigo,Oreilly,Barril 55 gal de aceite hidraulico ,,Shop,Fer,11907
11908,2025-04-11 00:00:00.000000000,Mechanic Shop,Rodrigo,A- Line ,DRUM 55 15W-40 ,,MUNIZ,Fer,11908
11909,2025-04-11 00:00:00.000000000,Mechanic Shop,Rodrigo,A- Line ,DRUM 55 15W-40 ,,AUSTIN,Fer,11909
11910,2025-04-11 00:00:00.000000000,Yard,Rodrigo,Ace Contractors,"•	Two (2) Pallets of sandblast.  
•	One (1) Pallet of Quikrete concrete mix.
•	One (1) Curing Compound (55. Gal Dr 1610 White Dot).
•	One (2) Citrus  (55 gal. Dr. Duogard Citrus).",,Yard ,Fer,11910
11911,2025-04-12 00:00:00.000000000,Mechanic Shop,Fernando,Texcon,30 galons of oil 15w40 ,,,Fer,11911
11912,2025-04-12 00:00:00.000000000,Mechanic Shop,Abraham,Texcon,Diesel camioneta Abraham,,,Fer,11912
11913,2025-04-14 00:00:00.000000000,Mechanic Shop,Abraham,Texcon,Gasolina truck de Rodrigo (recoger pieza en San Antonio para dump truck 5027),,,Fer,11913
11914,2025-04-14 00:00:00.000000000,Mechanic Shop,Fernando,O'reilly,AC blower for Ulises Truck (1FDRF3GT3BEC38269) - - - - -  Cancel ,,,Fer,11914
11915,2025-04-14 00:00:00.000000000,Mechanic Shop,Fernando,O'reilly,AC blower for Ulises Truck (1FDRF3GT3BEC38269) - - - - -  Cancel ,,,Fer,11915
11916,2025-04-15 00:00:00.000000000,Mechanic Shop,Fernando,Capitol Bearing & Hydraulic,Fittings and hose (Ulises Required),,,Fer,11916
11917,2025-04-15 00:00:00.000000000,Mechanic Shop,Fernando,Tractor Supply,3 blades for Orange Truck and 3 Bottles of blue paint (Blue truck),,,Fer,11917
11918,2025-04-15 00:00:00.000000000,Mechanic Shop,Fernando,O'reilly,20 yellow light bulb / 4 quater of brake fluid,,,Fer,11918
11919,2025-04-15 00:00:00.000000000,Mechanic Shop,Fernando,Texcon,Diesel for Manzanares Truck,,,Fer,11919
11920,2025-04-16 00:00:00.000000000,Mechanic Shop,Fernando,Texcon,Gasolina para Podadora (Noe),,,Fer,11920
11921,2025-04-16 00:00:00.000000000,Mechanic Shop,Fernando,Bobcat,filter for stock (big tractos),,,Fer,11921
11922,2025-04-16 00:00:00.000000000,Mechanic Shop,Fernando,Bobcat,Thermosatate with gasket for bobcat 200424,,,Fer,11922
11923,2025-04-16 00:00:00.000000000,Mechanic Shop,Fernando,Bobcat,6 primer pump for stock,,,Fer,11923
11924,2025-04-16 00:00:00.000000000,Mechanic Shop,Fernando,Texcon,Diesel truck for Abraham (Using truck Alvaro),,,Fer,11924
11925,2025-04-16 00:00:00.000000000,Mechanic Shop,Fernando,O'reilly,2 battery cable for Mini Excavator (200833),,,Fer,11925
11926,2025-04-16 00:00:00.000000000,Mechanic Shop,Fernando,Leif Johnson Ford,Diesel Pump for Abraham Truck (VIN 8554),,,Fer,11926
11927,2025-04-17 00:00:00.000000000,Mechanic Shop,Fernando,Capitol Bearing & Hydraulic,Diesel hoses for blue tractor,,,Fer,11927
11928,2025-04-17 00:00:00.000000000,Mechanic Shop,Fernando,Leif Johnson Ford,Tornillo para suspension truck 1275,,,Fer,11928
11929,2025-04-17 00:00:00.000000000,Mechanic Shop,Fernando,Leif Johnson Ford,Espejo para truck #3488,,,Fer,11929
11930,2025-04-17 00:00:00.000000000,Mechanic Shop,Fernando,Leif Johnson Ford,line del DEF e Inyector (1275,,,Fer,11930
11931,2025-04-18 00:00:00.000000000,Mechanic Shop,Mauricio Torres,Leos Service,Combustible,,,Fer,11931
11932,2025-04-18 00:00:00.000000000,Mechanic Shop,Abraham Gonzalez,Leos Service,Combustible para Truck de Alvaro,,,Fer,11932
11933,2025-04-18 00:00:00.000000000,Mechanic Shop,Fernando,O'reilly,Filtros para camioneta de Alejandro Esquivel,,,Fer,11933
11934,2025-04-19 00:00:00.000000000,Mechanic Shop,Hector Segura,Leos Service,Combustible,,,Fer,11934
11935,2025-04-19 00:00:00.000000000,Mechanic Shop,Fernando,Leif Johnson Ford,TEMPERATURA ACTUATOR (TRUCK TACHO),,,Fer,11935
11936,2025-04-19 00:00:00.000000000,Mechanic Shop,Hector Manzanares,Leos Service,Combustible,,,Fer,11936
11937,2025-04-21 00:00:00.000000000,Mechanic Shop,Fernando,Leif Johnson Ford,Expansion Valve and O rings for truck #8554,,,Fer,11937
11938,2025-04-22 00:00:00.000000000,Mechanic Shop,Fernando,Bobcat,1 tooth and 20 bolt and 20 nuts 200838,,,Fer,11938
11939,2025-04-22 00:00:00.000000000,Mechanic Shop,Fernando,Leif Johnson Ford,Windshield washer tank for Francisco Aguirre truck,,,Fer,11939
11940,2025-04-22 00:00:00.000000000,Mechanic Shop,Fernando,Bobcat,2 fuel level / 4 oil level for stock,,,Fer,11940
11941,2025-04-22 00:00:00.000000000,Mechanic Shop,Fernando,O'reilly,Preventive Maintenance truck #3241,,,Fer,11941
11942,2025-04-22 00:00:00.000000000,Mechanic Shop,Fernando,O'reilly,Preventive Maintenance truck #8626,,,Fer,11942
11943,2025-04-22 00:00:00.000000000,Mechanic Shop,Fernando,Leos Service,Combustible camioneta blanca #8020,,,Fer,11943
11944,2025-04-23 00:00:00.000000000,Mechanic Shop,Ulises,Leos Service,Combustible camioneta,,,Fer,11944
11945,2025-04-23 00:00:00.000000000,Mechanic Shop,Abraham,Leos Service,Combustible camioneta,,,Fer,11945
11946,2025-04-23 00:00:00.000000000,Mechanic Shop,Fernando,Bobcat,Bobcat 200419,,,Fer,11946
11947,2025-04-23 00:00:00.000000000,Mechanic Shop,Fernando,Leif Johnson Ford,Cylinder head cover for truck #3241,,,Fer,11947
11948,2025-04-23 00:00:00.000000000,Mechanic Shop,Fernando,Bobcat,50 FT ohf hose 3/8 and 5/16,,,Fer,11948
11949,2025-04-23 00:00:00.000000000,Mechanic Shop,Fernando,O'reilly,Preventive Maintenance truck #5489 (MARIO MUNOZ),,,Fer,11949
11950,2025-04-23 00:00:00.000000000,Mechanic Shop,Hector Manzanares,Leos Service,Combustible,,,Fer,11950
11951,2025-04-23 00:00:00.000000000,Mechanic Shop,Fernando,Bobcat,4 air element 6666375 and 4 air element 6666376,,,Fer,11951
11952,2025-04-25 00:00:00.000000000,Mechanic Shop,Fernando,Leif Johnson Ford,"Diferential, pinion, bearings and seals for truck Black King Ranch (#0265)",,,Fer,11952
11953,2025-04-25 00:00:00.000000000,Mechanic Shop,Fernando,Bobcat,Drain oil hose for Bobcat ATDZ11852,,,Fer,11953
11954,2025-04-25 00:00:00.000000000,Mechanic Shop,Fernando,Leos Service,Combustible camioneta truck #3241,,,Fer,11954
11955,2025-04-26 00:00:00.000000000,Mechanic Shop,Mauricio Torres,Leos Service,Combustible,,,Fer,11955
11956,2025-04-26 00:00:00.000000000,Mechanic Shop,Hector Segura,Leos Service,Combustible,,,Fer,11956
11957,2025-04-26 00:00:00.000000000,Mechanic Shop,Fernando,O'reilly,Preventive Maintenance truck #3776 (JOSE A. ZAMARRIPA),,,Fer,11957
11958,2025-04-27 00:00:00.000000000,Mechanic Shop,Abraham Gonzalez,CHEVON,Combustible,,,Fer,11958
11959,2025-04-28 00:00:00.000000000,Mechanic Shop,Fernando,Leif Johnson Ford,2 hood strut for truck #8626,,,Fer,11959
11960,2025-04-28 00:00:00.000000000,Mechanic Shop,Fernando,O'reilly,Preventive Maintenance truck #0799 (Eduardo Valenzuela),,,Fer,11960
11961,2025-04-29 00:00:00.000000000,Mechanic Shop,Ulises,Leos Service,Combustible,,,Fer,11961
11962,2025-04-29 00:00:00.000000000,Mechanic Shop,Hector Manzanares,Leos Service,Combustible,,,Fer,11962
11963,2025-04-30 00:00:00.000000000,Mechanic Shop,Fernando,O'reilly,Remover set 67035 for truck #0265,,,Fer,11963
11964,2025-04-30 00:00:00.000000000,Mechanic Shop,Fernando,O'reilly,Preventive Maintenance for truck #5188,,,Fer,11964
11965,2025-04-30 00:00:00.000000000,Mechanic Shop,Fernando,O'reilly,Preventive Maintenance for truck #8577,,,Fer,11965
11966,2025-04-30 00:00:00.000000000,Mechanic Shop,Fernando,O'reilly,Preventive Maintenance for truck #7192,,,Fer,11966
11967,2025-04-30 00:00:00.000000000,Mechanic Shop,Fernando,O'reilly,Preventive Maintenance for truck #4522,,,Fer,11967
11968,2025-04-30 00:00:00.000000000,Mechanic Shop,Fernando,Bobcat,BOBTACH for BOBCAT ..... VIN:    AT5A13629,,,Fer,11968
11969,2025-04-30 00:00:00.000000000,Mechanic Shop,Fernando,O'reilly,1 new battery for Mini #2004189,,,Fer,11969
11970,2025-05-01 00:00:00.000000000,Mechanic Shop,Fernando,Bobcat,Bobcat #200422 fittings,,,Fer,11970
11971,2025-05-01 00:00:00.000000000,Mechanic Shop,Fernando,Bobcat,Preventive Maintenance VIN#1314,,,Fer,11971
11972,2025-05-01 00:00:00.000000000,Mechanic Shop,Fernando,Bobcat,Bobtach kit some parts (Bobcat #200422),,,Fer,11972
11973,2025-04-30 00:00:00.000000000,Mechanic Shop,Fernando,Capitol Bearing,100 ft of Hydraulic Hose #10,,,Fer,11973
11974,2025-05-01 00:00:00.000000000,Mechanic Shop,Fernando,Leif Johnson Ford,Preventive Maintenance for truck #7192,,,Fer,11974
11975,2025-05-01 00:00:00.000000000,Mechanic Shop,Fernando,Leif Johnson Ford,Preventive Maintenance for truck #5188,,,Fer,11975
11976,2025-05-01 00:00:00.000000000,Mechanic Shop,Fernando,Leif Johnson Ford,Bearing and shafts #0265,,,Fer,11976
11977,2025-05-02 00:00:00.000000000,Mechanic Shop,Abraham,Leos Service,Combustible,,,Fer,11977
11978,2025-05-02 00:00:00.000000000,Mechanic Shop,Hector Manzanares,Leos Service,Combustible,,,Fer,11978
11979,2025-05-02 00:00:00.000000000,Mechanic Shop,Fernando,Capitol Bearing,50 ft hose #8 / 1 especial hose / fittings #8 (10 straight / 6 and 6 fittings 45 and 90 degres),,,Fer,11979
11980,2025-05-03 00:00:00.000000000,Mechanic Shop,Hector Segura,Leos Service,Combustible,,,Fer,11980
11981,2025-05-03 00:00:00.000000000,Mechanic Shop,Mauricio Torres,Leos Service,Combustible,,,Fer,11981
11982,2025-05-03 00:00:00.000000000,Mechanic Shop,Ulise Rodriguez,Leos Service,Combustible,,,Fer,11982
11983,2025-05-05 00:00:00.000000000,Mechanic Shop,Abel Hernandez,Leos Service,Combustible,,,Fer,11983
11984,2025-05-05 00:00:00.000000000,Mechanic Shop,Fernando,Bobcat,Bob-cath kit pins VIN# 6379,,,Fer,11984
11985,2025-05-05 00:00:00.000000000,Mechanic Shop,Fernando,O'reilly,1 NEW BATTERY FOR #2004175 / 6 ANTIFREEZ TRUCK #6121,,,Fer,11985
11986,2025-05-06 00:00:00.000000000,Mechanic Shop,Abraham,Leos Service,Combustible,,,Fer,11986
11987,2025-05-06 00:00:00.000000000,Mechanic Shop,Fernando,Leif Johnson Ford,Preventive Maintenance for truck #5563,,,Fer,11987
11988,2025-05-06 00:00:00.000000000,Mechanic Shop,Fernando,O'reilly,Preventive Maintenance for truck #5401,,,Fer,11988
11989,2025-05-06 00:00:00.000000000,Mechanic Shop,Fernando,A-Line Auto Parts,Filters for truck #6121,,,Fer,11989
11990,2025-05-07 00:00:00.000000000,Mechanic Shop,Hector Manzanares,Leos Service,Combustible,,,Fer,11990
11991,2025-05-07 00:00:00.000000000,Mechanic Shop,Fernando,O'reilly,6 oil 5w30 / 6 carb cleaner,,,Fer,11991
11992,2025-05-07 00:00:00.000000000,Mechanic Shop,Fernando,O'reilly,2 batteries for tuck #8577,,,Fer,11992
11993,2025-05-07 00:00:00.000000000,Mechanic Shop,Fernando,O'reilly,Wipers Blades for truck #5249,,,Fer,11993
11994,2025-05-07 00:00:00.000000000,Mechanic Shop,Fernando,Capitol Bearing,"fittings, air hose, and hose wrap.",,,Fer,11994
11995,2025-05-07 00:00:00.000000000,Mechanic Shop,Fernando,O'reilly,10 antifreez for rescue truck of Raul Lopez,,,Fer,11995
11996,2025-05-08 00:00:00.000000000,Mechanic Shop,Fernando,Leos Service,Combustible Truck #5401,,,Fer,11996
11997,2025-05-08 00:00:00.000000000,Mechanic Shop,Abraham,Leos Service,Combustible,,,Fer,11997
11998,2025-05-09 00:00:00.000000000,Mechanic Shop,Ulise Rodriguez,Leos Service,Combustible,,,Fer,11998
11999,2025-05-09 00:00:00.000000000,Mechanic Shop,Fernando,Bobcat,Bobtach kit some parts (Bobcat #200422),,,Fer,11999
12000,2025-05-09 00:00:00.000000000,Mechanic Shop,Fernando,Bobcat,2 foot cover (200427) / 33 diferents types of filters for change oil / 3 Check valve,,,Fer,12000
12001,2025-05-09 00:00:00.000000000,Mechanic Shop,Fernando,Bobcat,Bob-tach kit #200428,,,Fer,12001
12002,2025-05-09 00:00:00.000000000,Mechanic Shop,Fernando,Bobcat,"Bolts, nuts for bobcat #200836",,,Fer,12002
12003,2025-05-09 00:00:00.000000000,Mechanic Shop,Fernando,Tex-Con,3 greaser gun / 10 gresase tube,,,Fer,12003
12004,2025-05-09 00:00:00.000000000,Mechanic Shop,Fernando,O'reilly,Preventive Maintenance truck #2045,,,Fer,12004
12005,2025-05-10 00:00:00.000000000,Mechanic Shop,Hector Segura,Tex-Con,Combustible,,,Fer,12005
12006,2025-05-10 00:00:00.000000000,Mechanic Shop,Hector Manzanares,Tex-Con,Combustible,,,Fer,12006
12007,2025-05-12 00:00:00.000000000,Mechanic Shop,Fernando,Leif Johnson Ford,shim #0265 (Differential .... arrive order 5/16/2025),,,Fer,12007
12008,2025-05-12 00:00:00.000000000,Mechanic Shop,Fernando,Tex-Con,Combustible,,,Fer,12008
12009,2025-05-12 00:00:00.000000000,Mechanic Shop,Fernando,Bobcat,Bobtach kit some parts (Bobcat #200826),,,Fer,12009
12010,2025-05-12 00:00:00.000000000,Mechanic Shop,Fernando,Bobcat,"PIN AND bUSHING KIT, 4 SEALS (#200429)",,,Fer,12010
12011,2025-05-12 00:00:00.000000000,Mechanic Shop,Fernando,Bobcat,2 oil hose drain (stock) / 4 FUEL FILTERS,,,Fer,12011
12012,2025-05-12 00:00:00.000000000,Mechanic Shop,Mauricio Torres,Tex-Con,Combustible,,,Fer,12012
12013,2025-05-14 00:00:00.000000000,Mechanic Shop,Ulise Rodriguez,Tex-Con,Combustible,,,Fer,12013
12014,2025-05-14 00:00:00.000000000,Mechanic Shop,Ulise Rodriguez,A-line,5 Clamps 6 inches,,,Fer,12014
12015,2025-05-14 00:00:00.000000000,Mechanic Shop,Abraham,Tex-Con,Combustible,,,Fer,12015
12016,2025-05-14 00:00:00.000000000,Mechanic Shop,Abraham,Matheson,Soldadura,,,Fer,12016
12017,2025-05-14 00:00:00.000000000,Mechanic Shop,Fernando,O'reilly,Preventive Maintenance truck #4363,,,Fer,12017
12018,2025-05-14 00:00:00.000000000,Mechanic Shop,Fernando,O'reilly,Preventive Maintenance truck #4363 / FILTRO DE AIRE DE MOTOR,,,Fer,12018
12019,2025-05-14 00:00:00.000000000,Mechanic Shop,Fernando,A-Line,15w40 Drum 55 gl,,,Fer,12019
12020,2025-05-15 00:00:00.000000000,Mechanic Shop,Fernando,O'reilly,10 Antifreez,,,Fer,12020
12021,2025-05-15 00:00:00.000000000,Mechanic Shop,Fernando,WAUKESHA,Preventive Mantenance Komatsu 360 VIN#2416 and Komatsu PC200 SERIAL #91036,,,Fer,12021
12022,2025-05-15 00:00:00.000000000,Mechanic Shop,Fernando,Bobcat,Seal for stock and 2 bushings #200429,,,Fer,12022
12023,2025-05-15 00:00:00.000000000,Mechanic Shop,Fernando,Bobcat,"Shaft axle, seal, bearing, bearing cup, seal wearing VIN #A3P213495",,,Fer,12023
12024,2025-05-15 00:00:00.000000000,Mechanic Shop,Fernando,Leif Johnson Ford,Starter for Truck #2414,,,Fer,12024
12025,2025-05-15 00:00:00.000000000,Mechanic Shop,Fernando,Tex-con,25 gallons of 85w140 oil (Gear Oil for Komatsu),,,Fer,12025
12026,2025-05-16 00:00:00.000000000,Mechanic Shop,Fernando,Tex-con,Combustible Truck de Mauricio (ida a San Antonio al yonke),,,Fer,12026
12027,,,,,,,,Fer,12027
12028,2025-05-16 00:00:00.000000000,Mechanic Shop,Hector Manzararez,Tex-con,Combustible,,,Fer,12028
12029,2025-05-16 00:00:00.000000000,Mechanic Shop,Abel Hernandez,Tex-con,Combustible,,,Fer,12029
12030,2025-05-16 00:00:00.000000000,Mechanic Shop,Abel Hernandez,Capitol Bearing,Hose and fitting for Daniel's Hammer,,,Fer,12030
12031,2025-05-17 00:00:00.000000000,Mechanic Shop,Hector Segura,Tex-con,Combustible Truck de Hector Segura,,,Fer,12031
12032,2025-05-17 00:00:00.000000000,Mechanic Shop,Fernando,O'reilly,Fuel filter for truck F-350 and 10 windshield fluid,,,Fer,12032
12033,2025-05-17 00:00:00.000000000,Mechanic Shop,Fernando,O'reilly,1 air element / 2 oil gallons (#0265),,,Fer,12033
12034,2025-05-17 00:00:00.000000000,Mechanic Shop,Fernando,Capitol Bearing,7 cap #10 / 7 cap plug,,,Fer,12034
12035,2025-05-17 00:00:00.000000000,Mechanic Shop,Fernando,Leif Johnson Ford,Ignition Switch Key (VIN #2414),,,Fer,12035
12036,2025-05-19 00:00:00.000000000,Mechanic Shop,Mauricio Torres,Tex-con,Combustible,,,Fer,12036
12037,2025-05-20 00:00:00.000000000,Mechanic Shop,Fernando,Leif Johnson Ford,Truck #0265 (valve cover and front gasket),,,Fer,12037
12038,2025-05-20 00:00:00.000000000,Mechanic Shop,Fernando,WAUKESHA,Seal for Cylinder - Komatsu 20046,,,Fer,12038
12039,2025-05-20 00:00:00.000000000,Mechanic Shop,Fernando,Bobcat,SCR Sensor out of range (#9032),,,Fer,12039
12040,2025-05-21 00:00:00.000000000,Mechanic Shop,Abraham,Tex-con,Combustible,,,Fer,12040
12041,2025-05-21 00:00:00.000000000,Mechanic Shop,Mauricio Torres,Tex-con,Combustible,,,Fer,12041
12042,2025-05-21 00:00:00.000000000,Mechanic Shop,Hector Manzanares,Tex-con,Combustible,,,Fer,12042
12043,2025-05-22 00:00:00.000000000,Mechanic Shop,Fernando,Holt Caterpillar,5 fuel filter stock,,,Fer,12043
12044,2025-05-22 00:00:00.000000000,Mechanic Shop,Ulise Rodriguez,Tex-con,Combustible,,,Fer,12044
12045,2025-05-22 00:00:00.000000000,Mechanic Shop,Fernando,WAUKESHA,Bomag Filters B-145 and BG 8500,,,Fer,12045
12046,,,,,,,,Fer,12046
12047,2025-05-22 00:00:00.000000000,Mechanic Shop,Fernando,Matheson,Soldering items and cutting disc for Jesus (Welding area),,,Fer,12047
12048,2025-05-23 00:00:00.000000000,AUSTIN CONSTRUCTION,FERNANDO,Tex-con,Combustible para Truck de Victor Sanchez (Austin C. does not have credit with Texcon),,,Fer,12048
12049,2025-05-23 00:00:00.000000000,Mechanic Shop,Fernando,Leif Johnson Ford,Part for truck #0265 and Truck #2775,,,Fer,12049
12050,2025-05-23 00:00:00.000000000,Mechanic Shop,Fernando,Tex-con,Combustible,,,Fer,12050
12051,2025-05-23 00:00:00.000000000,Mechanic Shop,Fernando,Leif Johnson Ford,Fan Clutch for Truck #2775,,,Fer,12051
12052,2025-05-24 00:00:00.000000000,Mechanic Shop,Hector Segura,Tex-con,Combustible,,,Fer,12052
12053,2025-05-24 00:00:00.000000000,Mechanic Shop,Fernando,O'reilly,Artiiculos de Limpieza para lavado,,,Fer,12053
12054,2025-05-24 00:00:00.000000000,Mechanic Shop,Fernando,O'reilly,1 Battery for truck King Ranch White (#3488),,,Fer,12054
12055,2025-05-26 00:00:00.000000000,Mechanic Shop,Abraham,Chevon,Combustible (Tex Con was closed),,,Fer,12055
12056,2025-05-26 00:00:00.000000000,Mechanic Shop,Fernando,O'reilly,4 MINI BULBS / INTERIOR CLEANER,,,Fer,12056
12057,2025-05-27 00:00:00.000000000,Mechanic Shop,Hector Manzanares,Tex-con,Combustible,,,Fer,12057
12058,2025-05-27 00:00:00.000000000,Mechanic Shop,Fernando,A-line,"2 lights white color 2"" and wires connectors",,,Fer,12058
12059,2025-05-27 00:00:00.000000000,Mechanic Shop,Mauricio Torres,Tex-con,Combustible for truck #3241,,,Fer,12059
12060,2025-05-27 00:00:00.000000000,Mechanic Shop,Fernando,O'reilly,10 Brake Cleaner,,,Fer,12060
12061,2025-05-27 00:00:00.000000000,Mechanic Shop,Fernando,O'reilly,Brake pads for truck #3776,,,Fer,12061
12062,2025-05-28 00:00:00.000000000,Mechanic Shop,Fernando,O'reilly,Preventive Maintenance Truck #7145,,,Fer,12062
12063,2025-05-28 00:00:00.000000000,Mechanic Shop,Fernando,O'reilly,Preventive Maintenance Truck #3956,,,Fer,12063
12064,2025-05-28 00:00:00.000000000,Mechanic Shop,Fernando,O'reilly,Preventive Maintenance Truck #1790,,,Fer,12064
12065,2025-05-28 00:00:00.000000000,Mechanic Shop,Fernando,O'reilly,Preventive Maintenance Truck #1275,,,Fer,12065
12066,2025-05-28 00:00:00.000000000,Mechanic Shop,Fernando,Bobcat,Bushing and Orings for skid #6379,,,Fer,12066
12066A,2025-05-28 00:00:00.000000000,Mechanic Shop,Fernando,Leif Johnson Ford,Fan and motor assy turck #1275,,,Fer,12066A
12067,2025-05-28 00:00:00.000000000,Mechanic Shop,Fernando,Bobcat,1 HARNESS FUEL / 1 ROLLER TRACKING AND BOLT,,,Fer,12067
12068,2025-05-28 00:00:00.000000000,Mechanic Shop,Fernando,Bobcat,9 differents Filters for stock,,,Fer,12068
12069,2025-05-28 00:00:00.000000000,Mechanic Shop,Ulises Rodriguez,Tex-con,Combustible,,,Fer,12069
12070,2025-05-28 00:00:00.000000000,Mechanic Shop,Fernando,Leif Johnson Ford,2 Calipers front side and 1 rotor assy for truck #3776,,,Fer,12070
12071,2025-05-28 00:00:00.000000000,Mechanic Shop,Fernando,Leif Johnson Ford,Intake sensor connector for Truck #1275,,,Fer,12071
12072,2025-05-29 00:00:00.000000000,Mechanic Shop,Fernando,O'reilly,Bulbs and fuses,,,Fer,12072
12073,2025-05-29 00:00:00.000000000,Mechanic Shop,Fernando,Leif Johnson Ford,HD Rotor and brake pads (Front and back) for truck #4448,,,Fer,12073
12074,2025-05-29 00:00:00.000000000,Mechanic Shop,Fernando,Capitol Bearing,2 hose #12 x 19 Ft for bobcat #AT5A18827,,,Fer,12074
12075,2025-05-29 00:00:00.000000000,Mechanic Shop,Abraham,Tex-con,Combustible,,,Fer,12075
12076,2025-05-29 00:00:00.000000000,Mechanic Shop,Fernando,Leif Johnson Ford,4 HD Rotor and 4 brake pad for truck #3776,,,Fer,12076
12077,2025-05-29 00:00:00.000000000,Mechanic Shop,Fernando,Tex-con,Combustible Truck #3241,,,Fer,12077
12078,2025-05-29 00:00:00.000000000,Mechanic Shop,Fernando,A-Line,1 Barrel 55 gallons of 15w40 Oil,,,Fer,12078
12079,2025-05-29 00:00:00.000000000,Mechanic Shop,Fernando,A-Line,100 Ft of Multi Conductor Cable,,,Fer,12079
12080,2025-05-29 00:00:00.000000000,Mechanic Shop,Fernando,Anderson Machinery Co,Filters for BOMAG  BMP 8500 (#2004174),,,Fer,12080
12081,2025-05-29 00:00:00.000000000,Mechanic Shop,Fernando,Anderson Machinery Co,Filters for BOMAG  BW 145 (VIN #1226),,,Fer,12081
12082,2025-05-30 00:00:00.000000000,Mechanic Shop,Fernando,Leif Johnson Ford,Stock 32 wheel nuts for truck #3776,,,Fer,12082
12083,2025-05-30 00:00:00.000000000,Mechanic Shop,Fernando,Leif Johnson Ford,Right Mirror for Truck #7145,,,Fer,12083
12084,2025-05-30 00:00:00.000000000,Mechanic Shop,Fernando,Leif Johnson Ford,Transmition Oil Filter truck #5401,,,Fer,12084
12085,2025-05-30 00:00:00.000000000,Mechanic Shop,Fernando,Leif Johnson Ford,Oil Pan #7145,,,Fer,12085
12086,2025-05-31 00:00:00.000000000,Mechanic Shop,Hector Segura,Tex Con,Combustible,,,Fer,12086
12087,2025-05-31 00:00:00.000000000,Mechanic Shop,Hector Manzanares,Tex Con,Combustible,,,Fer,12087
12088,2025-05-31 00:00:00.000000000,Mechanic Shop,Mauricio Torres,Tex Con,Combustible,,,Fer,12088
12089,2025-06-02 00:00:00.000000000,Mechanic Shop,Fernando,A-Line,EMERGENCY BRAKES FOR TRAILER,,,Fer,12089
12090,2025-06-02 00:00:00.000000000,Mechanic Shop,Fernando,ACE Contractor Supply,HOOKS FOR EMERGENCY BRAKES,,,Fer,12090
12091,2025-06-02 00:00:00.000000000,Mechanic Shop,Fernando,Certified,GREASER,,,Fer,12091
12091A,2025-06-02 00:00:00.000000000,Mechanic Shop,Abraham Gonzalez,Tex Con,Combustible,,,Fer,12091A
12092,2025-06-03 00:00:00.000000000,Mechanic Shop,Ulise Rodriguez,Tex Con,Combustible,,,Fer,12092
12093,2025-06-03 00:00:00.000000000,Mechanic Shop,Fernando,Bobcat,Hydraulic Hose for Bobcat #526015310,,,Fer,12093
12094,2025-06-03 00:00:00.000000000,Mechanic Shop,Fernando,O'reilly,4 pack of mini bulb (yellow) / 5 gallons of 5w30 oil,,,Fer,12094
12095,2025-06-03 00:00:00.000000000,Mechanic Shop,Fernando,Bobcat,8 tooth for Bobcat,,,Fer,12095
12096,2025-06-04 00:00:00.000000000,Mechanic Shop,Fernando,Tex Con,Combustible for truck #3241,,,Fer,12096
12097,2025-06-04 00:00:00.000000000,Mechanic Shop,Fernando,Capitol Bearing,2 house with O ring,,,Fer,12097
12098,2025-06-04 00:00:00.000000000,Mechanic Shop,Abraham Gonzalez,Matheson,Welding materials,,,Fer,12098
12099,2025-06-04 00:00:00.000000000,Mechanic Shop,Abel Hernandez,Tex Con,Combustible for truck,,,Fer,12099
12100,2025-06-05 00:00:00.000000000,Mechanic Shop,Fernando,Bobcat,Battery for Mini Excavator B2VY11567 (CANCELLED),,,Fer,12100
12101,2025-06-05 00:00:00.000000000,Mechanic Shop,Fernando,Tex Con,Combustible #0265,,,Fer,12101
12101B,2025-06-05 00:00:00.000000000,Mechanic Shop,Abraham Gonzalez,Tex Con,Combustible,,,Fer,12101B
12101A,2025-06-05 00:00:00.000000000,Mechanic Shop,Fernando,Wuakesha Pearce Insdustries,Stock - Fuel Filters (Komatsu 360 and Komatsu PL200),,,Fer,12101A
12102,2025-06-05 00:00:00.000000000,Mechanic Shop,Fernando,ACE Contractors Supply,Compra de Cuerda para Generadores ,,,Fer,12102
12103,2025-06-05 00:00:00.000000000,Mechanic Shop,Andy,Capitol Bearing,1 hose for Dump Truck #8987,,,Fer,12103
12103A,2025-06-06 00:00:00.000000000,Mechanic Shop,Fernando,Wuakesha Pearce Insdustries,fuel filter for Komatsu PC200,,,Fer,12103A
12104,2025-06-06 00:00:00.000000000,Mechanic Shop,Abraham Gonzalez,Matheson,Welding materials,,,Fer,12104
12105,2025-06-06 00:00:00.000000000,Mechanic Shop,Fernando,O'reilly,Preventive Maintenance Truck #0015,,,Fer,12105
12106,2025-06-06 00:00:00.000000000,Mechanic Shop,Fernando,O'reilly,Preventive Maintenance Roller VIN #1509,,,Fer,12106
12107,2025-06-06 00:00:00.000000000,Mechanic Shop,Andy,Bobcat,3 Claxon / 3 reverse Alarm / 1 PIN por Mini,,,Fer,12107
12108,2025-06-06 00:00:00.000000000,Mechanic Shop,Andy,Central Texas Equipment,6 spryer / 2 flaps / 1 housing cover air filter (Roller VIN #1509),,,Fer,12108
12109,2025-06-06 00:00:00.000000000,Mechanic Shop,Hector Manzanares,Tex Con,Combustible,,,Fer,12109
12110,2025-06-06 00:00:00.000000000,Mechanic Shop,Ulise Rodriguez,Tex Con,Combustible,,,Fer,12110
12111,2025-06-06 00:00:00.000000000,Mechanic Shop,Fernando,A-Line Auto Parts,2 bottles of 5 gallos of ZEP degreaser,,,Fer,12111
12112,2025-06-07 00:00:00.000000000,Mechanic Shop,Fernando,Leif Johnson Ford,2 Knox sensor for truck VIN#2775,,,Fer,12112
12113,2025-06-07 00:00:00.000000000,Mechanic Shop,Hector Segura,Tex Con,Combustible,,,Fer,12113
12114,2025-06-07 00:00:00.000000000,Mechanic Shop,Mauricio Castillo,Tex Con,Combustible,,,Fer,12114
12115,2025-06-09 00:00:00.000000000,Mechanic Shop,Fernando,bobcat,Belt Tensioner / Arm / Spring / Bolt and nut / 7 thooth for Bobcat #3629,,,Fer,12115
12116,2025-06-09 00:00:00.000000000,Mechanic Shop,Fernando,O'reilly,10 gallons of AW 32 oil (Hydraulic Oil) VIN#2084,,,Fer,12116
12117,2025-06-09 00:00:00.000000000,Mechanic Shop,Abel Hernandez,Tex Con,Combustible,,,Fer,12117
12118,2025-06-10 00:00:00.000000000,Mechanic Shop,Andy,Tex Con,Combustible,,,Fer,12118
12119,2025-06-10 00:00:00.000000000,Mechanic Shop,Andy,Capitol Bearing,Hydraulic Pump for John Deere Machinery VIN#6500,,,Fer,12119
12120,2025-06-10 00:00:00.000000000,Mechanic Shop,Abraham Gonzalez,Tex Con,Combustible,,,Fer,12120
12121,2025-06-10 00:00:00.000000000,Mechanic Shop,Fernando,Leif Johnson Ford,Gasket for Truck #8626,,,Fer,12121
12122,2025-06-11 00:00:00.000000000,Mechanic Shop,Abraham Gonzalez,Tex Con,Combustible Truck #5027,,,Fer,12122
12123,2025-06-11 00:00:00.000000000,Mechanic Shop,Fernando,O'reilly,Preventive maintenance to truck #8554,,,Fer,12123
12124,2025-06-11 00:00:00.000000000,Mechanic Shop,Fernando,O'reilly,Preventive maintenance to truck #5489,,,Fer,12124
12125,2025-06-11 00:00:00.000000000,Mechanic Shop,Fernando,O'reilly,Preventive maintenance to truck #2414,,,Fer,12125
12126,2025-06-11 00:00:00.000000000,Mechanic Shop,Fernando,O'reilly,Preventive maintenance to truck #2775,,,Fer,12126
12127,2025-06-11 00:00:00.000000000,Mechanic Shop,Hector Manzanares,Tex Con,Combustible,,,Fer,12127
12128,2025-06-11 00:00:00.000000000,Mechanic Shop,Andy,Bobcat,Parts normally used (8 tooth/ 3 connector),,,Fer,12128
12129,2025-06-11 00:00:00.000000000,Mechanic Shop,Fernando,Freightliner,PM Filters / O rings / Maker Gasket,Payed qith business card,,Fer,12129
12130,2025-06-12 00:00:00.000000000,Mechanic Shop,Fernando,O'reilly,1 BATTERY (#3898) / 15 Windshield Washer / 5 pack of differents capacity (7.5 / 15 / 20 / 25 / 30 amp),,,Fer,12130
12131,2025-06-12 00:00:00.000000000,Mechanic Shop,Abel Hernandez,Tex Con,Combustible,,,Fer,12131
12132,2025-06-12 00:00:00.000000000,Mechanic Shop,Andy,Leif Johnson Ford,EGR and Gasket for truck ,,,Fer,12132
12133,2025-06-12 00:00:00.000000000,Mechanic Shop,Fernando,Matheson,Refill Oxigen Tank,,,Fer,12133
12134,2025-06-12 00:00:00.000000000,Mechanic Shop,Fernando,Bobcat,3 hydraulic hose for stock (Part #7241991),,,Fer,12134
12135,2025-06-13 00:00:00.000000000,Mechanic Shop,Andy,A-line,55 gallon of 15w40 oil,,,Fer,12135
12136,2025-06-13 00:00:00.000000000,Mechanic Shop,Abel Hernandez,O'reilly,2 AC Tank / 1 GAUGE SET,,,Fer,12136
12137,2025-06-13 00:00:00.000000000,Mechanic Shop,Fernando,O'reilly,2 red gasket maker,,,Fer,12137
12138,2025-06-14 00:00:00.000000000,Mechanic Shop,Hector Segura,Tex Con,Combustible,,,Fer,12138
12139,2025-06-14 00:00:00.000000000,Mechanic Shop,Mauricio Castillo,Tex Con,Combustible,,,Fer,12139
12140,2025-06-16 00:00:00.000000000,Mechanic Shop,Hector Manzanares,Tex Con,Combustible,,,Fer,12140
12141,2025-06-16 00:00:00.000000000,Mechanic Shop,Fernando,O'reilly,2 buckets of Oil AW32 (Road assistance for Komatsu 360 and PC200),,,Fer,12141
12142,2025-06-16 00:00:00.000000000,Mechanic Shop,Abraham Gonzalez,Bobcat,Bolts for Bobcat of Isidro Sanchez,,,Fer,12142
12143,2025-06-16 00:00:00.000000000,Mechanic Shop,Abraham Gonzalez,Tex Con,Combustible,,,Fer,12143
12144,2025-06-16 00:00:00.000000000,Mechanic Shop,Andy,Tex Con,Combustible,,,Fer,12144
12145,2025-06-16 00:00:00.000000000,Mechanic Shop,Andy,Bobcat,SWING FRAME / Pins / Bolts and nuts for MINI Excavator #1314,,,Fer,12145
12146,2025-06-17 00:00:00.000000000,Mechanic Shop,Andy,Tex Con,Combustible,he is going to pick up transmition to San Antonio,,Fer,12146
12147,2025-06-17 00:00:00.000000000,Mechanic Shop,Abel Hernandez,Tex Con,Combustible,,,Fer,12147
12148,2025-06-17 00:00:00.000000000,Mechanic Shop,Fernando,Leif Johnson Ford,2 electrical connector Truck to Trailer,,,Fer,12148
12149,2025-06-17 00:00:00.000000000,Mechanic Shop,Fernando,Bobcat,1 Handly Assy - Joystick (VIN #0521),,,Fer,12149
12150,2025-06-17 00:00:00.000000000,Mechanic Shop,Fernando,O'reilly,8 antifreez Orange,,,Fer,12150
12151A,2025-06-30 00:00:00.000000000,Mechanic Shop,Andy,Central Texas Equipment,Air Filter Housing (Dynapc CC1200) VIN #1509,,,Fer,12151A
12151,2025-06-18 00:00:00.000000000,Mechanic Shop,Ulise Rodriguez,Tex Con,Combustible,,,Fer,12151
12152,2025-06-18 00:00:00.000000000,Mechanic Shop,Fernando,Leif Johnson Ford,2 batteries for truck #7192,,,Fer,12152
12153,2025-06-18 00:00:00.000000000,Mechanic Shop,Andy,A-Line,2  buckets of 142 safety solvent,,,Fer,12153
12154,2025-06-18 00:00:00.000000000,Mechanic Shop,Fernando,O'reilly,3 portafuse and 3 fuses,,,Fer,12154
12155,2025-06-19 00:00:00.000000000,Mechanic Shop,Andy,Tex Con,Combustible #3241,,,Fer,12155
12156,2025-06-19 00:00:00.000000000,Mechanic Shop,Fernando,Tex Con,Combustible #0265,,,Fer,12156
12157,2025-06-20 00:00:00.000000000,Mechanic Shop,Hector Manzanares,Tex Con,Combustible,,,Fer,12157
12158,2025-06-20 00:00:00.000000000,Mechanic Shop,Hector Segura,Tex Con,Combustible,,,Fer,12158
12159,2025-06-20 00:00:00.000000000,Mechanic Shop,Andy,Bobcat,Pipe and Filters,,,Fer,12159
12160,2025-06-20 00:00:00.000000000,Mechanic Shop,Fernando,Leif Johnson Ford,1 light (VIN #4522) / 1 sensor pressure oil and 1 seleniod (VIN #3241),,,Fer,12160
12161,2025-06-20 00:00:00.000000000,Mechanic Shop,Fernando,Leif Johnson Ford,Latch for handle (open door) truck VIN #3149,,,Fer,12161
12162,2025-06-20 00:00:00.000000000,Mechanic Shop,Fernando,O'reilly,PM filters and oil Truck #3241,,,Fer,12162
12163,2025-06-20 00:00:00.000000000,Mechanic Shop,Fernando,O'reilly,PM filters and oil Truck #3149,,,Fer,12163
12164,2025-06-20 00:00:00.000000000,Mechanic Shop,Fernando,O'reilly,Air Filter Truck #3241,,,Fer,12164
12165,2025-06-20 00:00:00.000000000,Mechanic Shop,Fernando,O'reilly,PM filters and oil Truck #7969,,,Fer,12165
12166,2025-06-23 00:00:00.000000000,Mechanic Shop,Ulises Rodriguez,Tex Con,Combustible,,,Fer,12166
12167,2025-06-23 00:00:00.000000000,Mechanic Shop,Andy,A-Line,4 buckets of ZEP degreaser 5 gallons,,,Fer,12167
12168,2025-06-23 00:00:00.000000000,Mechanic Shop,Fernando,Leif Johnson Ford,Door handle (open door) truck VIN #3149,,,Fer,12168
12169,2025-06-23 00:00:00.000000000,Mechanic Shop,Andy,Tex Con,Combustible,,,Fer,12169
12170,2025-06-23 00:00:00.000000000,Mechanic Shop,Fernando,O'reilly,PM filters Dump Truck #0415,,,Fer,12170
12171,2025-06-23 00:00:00.000000000,Mechanic Shop,Hector Segura,Tex Con,Combustible,,,Fer,12171
12172,2025-06-24 00:00:00.000000000,Mechanic Shop,Andy,O'reilly,2 batteries / 4 oil absorbent,,,Fer,12172
12173,2025-06-24 00:00:00.000000000,Mechanic Shop,Andy,O'reilly,"4 HD rotor, 2 wheel seal back side / 2 brake pads kits",,,Fer,12173
12174,2025-06-24 00:00:00.000000000,Mechanic Shop,Abraham,Tex Con,Combustible para camioneta VIN #8020 (Austin Constructors),,,Fer,12174
12175,2025-06-25 00:00:00.000000000,Mechanic Shop,Abraham,Tex Con,Combustible para truck de servicio,,,Fer,12175
12176,2025-06-25 00:00:00.000000000,Mechanic Shop,Fernando,Leif Johnson Ford,1 Transmition for truck VIN # CEB00039,,,Fer,12176
12177,2025-06-25 00:00:00.000000000,Mechanic Shop,Fernando,Tex Con,Combustible para truck vin #3241,,,Fer,12177
12178,2025-06-25 00:00:00.000000000,Mechanic Shop,Abraham,O'reilly,5 gallons of hydraulic oil / 1 funnel (Abraham has in his truck ofr road service),,,Fer,12178
12179,2025-06-26 00:00:00.000000000,Mechanic Shop,Ulise Rodriguez,Tex Con,Combustible,,,Fer,12179
12180,2025-06-26 00:00:00.000000000,Mechanic Shop,Fernando,ACE Contractors Supply,1 Quickie Saw (For Lupe),,,Fer,12180
12181,2025-06-26 00:00:00.000000000,Mechanic Shop,Fernando,O'reilly,Preventive Maintenance VIN # 8857,,,Fer,12181
12182,2025-06-26 00:00:00.000000000,Mechanic Shop,Abel Hernandez,O'reilly,Front Lights for Gerardo S. Truck ,,,Fer,12182
12183,2025-06-27 00:00:00.000000000,Mechanic Shop,Andy,Tex Con,Combustible para truck vin #3241,,,Fer,12183
12184,2025-06-27 00:00:00.000000000,Mechanic Shop,Fernando,O'reilly,7 Antifreez red cap / 2 gasket shellac,,,Fer,12184
12185,2025-06-27 00:00:00.000000000,Mechanic Shop,Fernando,O'reilly,Preventive Maintenance VIN # 1117,,,Fer,12185
12186,2025-06-27 00:00:00.000000000,Mechanic Shop,Fernando,O'reilly,2 relay,,,Fer,12186
12187,2025-06-27 00:00:00.000000000,Mechanic Shop,Fernando,O'reilly,Preventive Maintenance VIN # 8269,,,Fer,12187
12188,2025-06-27 00:00:00.000000000,Mechanic Shop,Ulise Rodriguez,Leos Service Station,Diesel for Dump Truck #0415 (Any diesel in the tank) .... *** Operations  ***,,,Fer,12188
12189,2025-06-27 00:00:00.000000000,Mechanic Shop,Hector Manzanares,Tex Con,Combustible,,,Fer,12189
12190,2025-06-28 00:00:00.000000000,Mechanic Shop,Hector Segura,Tex Con,Combustible,,,Fer,12190
12191,2025-06-30 00:00:00.000000000,Mechanic Shop,Fernando,Bobcat,2 lift lock spool / Seal O ring kit,,,Fer,12191
12192,2025-06-30 00:00:00.000000000,Mechanic Shop,Fernando,Bobcat,1 Joystick - LH / 8 relays (VIN #3629),,,Fer,12192
12192-A,2025-07-02 00:00:00.000000000,Mechanic Shop,Fernando,Bobcat,1 Joystick - RH (VIN #3629),,,Fer,12192-A
12193,2025-06-30 00:00:00.000000000,Mechanic Shop,Ulise Rodriguez,Tex Con,Combustible,,,Fer,12193
12194,2025-06-30 00:00:00.000000000,Mechanic Shop,Andy,Tex Con,Combustible,,,Fer,12194
12195,2025-07-01 00:00:00.000000000,Mechanic Shop,Fernando,O'reilly,Brake pad for dump truck  VIN #2679,,,Fer,12195
12196,2025-07-01 00:00:00.000000000,Mechanic Shop,Fernando,Leif Johnson Ford,1 Oil cooler / 1 box of transmition oil (VIN #0039),,,Fer,12196
12197,2025-07-01 00:00:00.000000000,Mechanic Shop,Fernando,Bobcat,"2 Solenoid lock, 2 plug, 4 balls / 6 spring / 2 Spool Seal / 2 O rings (VIN #3724)",,,Fer,12197
12198,2025-07-01 00:00:00.000000000,Mechanic Shop,Fernando,Bobcat,2 Seal kit for cylinder (1 kit for Bobcat #4762),,,Fer,12198
12199,2025-07-01 00:00:00.000000000,Mechanic Shop,Fernando,Bobcat,Stock of iar filters and oil filters (4 differents parts),,,Fer,12199
12200,2025-07-01 00:00:00.000000000,Mechanic Shop,Fernando,Bobcat,Track rubber VIN #3563,,,Fer,12200
12201,2025-07-01 00:00:00.000000000,Mechanic Shop,Fernando,Bobcat,2 Solenoid Shut Off (2 Stock / 1 se instalo con Bryan),,,Fer,12201
12202,2025-07-01 00:00:00.000000000,Mechanic Shop,Fernando,Texas Fleet Supply,11 Inner Cap Nut for dump truck VIN #2679,,,Fer,12202
12203,2025-07-02 00:00:00.000000000,Mechanic Shop,Andy,Tex Con,Combustible Truck VIN #3241,,,Fer,12203
12204,2025-07-02 00:00:00.000000000,Mechanic Shop,Fernando,Tex Con,Combustible Truck VIN #3149,,,Fer,12204
12205,2025-07-02 00:00:00.000000000,Mechanic Shop,Fernando,Bobcat,1 Gear Pump and 2 O rings (VIN #3724),,,Fer,12205
12206,2025-07-03 00:00:00.000000000,Mechanic Shop,Ulises Rodriguez,Tex Con,Combustible Truck VIN #8269,,,Fer,12206
12207,2025-07-03 00:00:00.000000000,Mechanic Shop,Andy,Tex Con,Combustible Truck VIN #3241,,,Fer,12207
12208,2025-07-03 00:00:00.000000000,Mechanic Shop,Hector Manzanares,Tex Con,Combustible,,,Fer,12208
12209,2025-07-04 00:00:00.000000000,Mechanic Shop,Fernando,O'reilly,Preventive Maintenance Truck VIN # 8020,,,Fer,12209
12210,2025-07-04 00:00:00.000000000,Mechanic Shop,Fernando,O'reilly,2 Batteries for Dump Truck VIN #8670,,,Fer,12210
12211,2025-07-04 00:00:00.000000000,Mechanic Shop,Fernando,O'reilly,Stock 7 antifreez and 2  gallons of Tranmision Oil,,,Fer,12211
12212,2025-07-05 00:00:00.000000000,Mechanic Shop,Fernando,Tex Con,Combustible Truck VIN #0265,,,Fer,12212
12213,2025-07-05 00:00:00.000000000,Mechanic Shop,Mauricio Torres,Tex Con,Combustible ,,,Fer,12213
12214,2025-07-05 00:00:00.000000000,Mechanic Shop,Hector Segura,Tex Con,Combustible ,,,Fer,12214
12215,2025-07-07 00:00:00.000000000,Mechanic Shop,Fernando,O'reilly,2 Gallons of Transmition Oil,,,Fer,12215
12216,2025-07-07 00:00:00.000000000,Mechanic Shop,Andy,Matheson,8 packs of welding bars,,,Fer,12216
12217,2025-07-07 00:00:00.000000000,Mechanic Shop,Fernando,O'reilly,REFOUND WIPER FLUID / ANTIFREEZ / 2 OIL TRANSMITION,,,Fer,12217
12217-A,2025-07-07 00:00:00.000000000,Mechanic Shop,Fernando,Capitol Bearing,"Fluid Level Gauge 5""",,,Fer,12217-A
12218,2025-07-07 00:00:00.000000000,Mechanic Shop,Fernando,O'reilly,12 Gallons of wiper fluid,,,Fer,12218
12219,2025-07-07 00:00:00.000000000,Mechanic Shop,Ulise Rodriguez,Capitol Bearing,Hose and fittings MINI Excavator #5010,,,Fer,12219
12220,2025-07-08 00:00:00.000000000,Mechanic Shop,Andy,O'reilly,2 air filters / Seat Cover and Floor mat (Transit 350),,,Fer,12220
12221,2025-07-08 00:00:00.000000000,Mechanic Shop,Fernando,O'reilly,2 Batteries VIN #1275,,,Fer,12221
12222,2025-07-08 00:00:00.000000000,Mechanic Shop,Andy,Texas Fleet Supply,10 stud for Dump Truck VIN #2679,,,Fer,12222
12223,2025-07-08 00:00:00.000000000,Mechanic Shop,Abel Hernandez,O'reilly,Contro de Freno Proporcional VIN #0039,,,Fer,12223
12224,2025-07-08 00:00:00.000000000,Mechanic Shop,Abel Hernandez,O'reilly,Bateria - Bobcat VIN #369,,,Fer,12224
12225,2025-07-09 00:00:00.000000000,Mechanic Shop,Andy,Tex Con,Combustible,,,Fer,12225
12225-A,2025-07-09 00:00:00.000000000,Mechanic Shop,Ulise Rodriguez,Tex Con,Combustible VIN #8269,,,Fer,12225-A
12226,2025-07-09 00:00:00.000000000,Mechanic Shop,Fernando,Leif Johnson Ford,2 Nox sensor VIN # 8269,,,Fer,12226
12227,2025-07-09 00:00:00.000000000,Mechanic Shop,Andy,Tex Con,Combustible truck VIN #3241,,,Fer,12227
12228,2025-07-09 00:00:00.000000000,Mechanic Shop,Fernando,Bobcat,Spare Parts for Stock,,,Fer,12228
12229,2025-07-09 00:00:00.000000000,Mechanic Shop,Fernando,Leif Johnson Ford,DEF injector VIN # 8269,,,Fer,12229
12230,2025-07-10 00:00:00.000000000,Mechanic Shop,Abel,Bobcat,Tapon de aceite para Mini Excavator 331 (Avisai),,,Fer,12230
12231,2025-07-10 00:00:00.000000000,Mechanic Shop,Andy,Capitol Bearing,O  ring para Back Hoe (VIN #0633),,,Fer,12231
12232,2025-07-11 00:00:00.000000000,Mechanic Shop,Andy,O'reilly,2 Batteries for Generator,,,Fer,12232
12233,2025-07-11 00:00:00.000000000,Mechanic Shop,Abel,O'reilly,Clutch Bearing VIN # 6121,,,Fer,12233
12234,2025-07-11 00:00:00.000000000,Mechanic Shop,Andy,Matheson,Refill Oxigen and gas tank (Jesus Lopez),,,Fer,12234
12235,2025-07-11 00:00:00.000000000,Mechanic Shop,Fernando,Tex Con,Combustible truck VIN #3241 (Asignacion de Truck a Alexander Garcia),,,Fer,12235
12236,2025-07-11 00:00:00.000000000,Mechanic Shop,Mauricio,Tex Con,Combustible Transit 350,,,Fer,12236
12237,2025-07-12 00:00:00.000000000,Mechanic Shop,Fernando,O'reilly,Preventive Maintenance Truck VIN #7192,,,Fer,12237
12238,2025-07-12 00:00:00.000000000,Mechanic Shop,Fernando,O'reilly,Preventive Maintenance Truck VIN #4363,,,Fer,12238
12239,2025-07-12 00:00:00.000000000,Mechanic Shop,Fernando,O'reilly,Preventive Maintenance Truck VIN #5249,,,Fer,12239
12240,2025-07-12 00:00:00.000000000,Mechanic Shop,Fernando,O'reilly,"3 led lights 2.5"" / 1 red lights 4""",,,Fer,12240
12241,2025-07-12 00:00:00.000000000,Mechanic Shop,Fernando,O'reilly,Pulley set tools (Part #67005,,,Fer,12241
12242,2025-07-12 00:00:00.000000000,Mechanic Shop,Fernando,O'reilly,1 Drum 55 Gallons of AW32 (Hydraulic Oil),,,Fer,12242
12243,2025-07-14 00:00:00.000000000,Mechanic Shop,Andy,Leif Johnson Ford,1 Pulley,,,Fer,12243
12244,2025-07-14 00:00:00.000000000,Mechanic Shop,Fernando,O'reilly,2 Red Silicone / 2 degreaser bucket (5 gallons),,,Fer,12244
12245,2025-07-14 00:00:00.000000000,Mechanic Shop,Abel Hernandez,Tex Con,Combustible,,,Fer,12245
12246,2025-07-14 00:00:00.000000000,Mechanic Shop,Fernando,Tex Con,Combustible for truck VIN #3149,Esta camioneta se le asignara al nuevo PM (Luis Perez),,Fer,12246
12247,2025-07-14 00:00:00.000000000,Mechanic Shop,Abel Hernandez,Tex Con,Combustible  (Tacho's Truck - Rescue hte truck),,,Fer,12247
12248,2025-07-14 00:00:00.000000000,Mechanic Shop,Fernando,O'reilly,1 Air Filter for truck VIN #0265,,,Fer,12248
12249,2025-07-15 00:00:00.000000000,Mechanic Shop,Fernando,Leif Johnson Ford,Window motor and level VIN #8857 (Tacho's Truck),,,Fer,12249
12250,2025-07-15 00:00:00.000000000,Mechanic Shop,Fernando,Komatsu,1 glass for PL200 VIN #20043,,,Fer,12250
12251,2025-07-15 00:00:00.000000000,Mechanic Shop,Fernando,Leif Johnson Ford,2 Bearing and 2 Reteiner cup (vin #8269),,,Fer,12251
12252,2025-07-15 00:00:00.000000000,Mechanic Shop,Abraham Gonzalez,,1 Clutch bearing,,,Fer,12252
12253,2025-07-15 00:00:00.000000000,Mechanic Shop,Ulise Rodriguez,Tex Con,Combustible para truck VIN #0039,,,Fer,12253
12254,2025-07-15 00:00:00.000000000,Mechanic Shop,Ulise Rodriguez,ACE Contractors,1 Quickie Saw para Alvaro Aguirre,,,Fer,12254
12255,2025-07-15 00:00:00.000000000,Mechanic Shop,Andy,Leif Johnson Ford,1 pulley - crankshaft (VIN #0265),,,Fer,12255
12256,2025-07-15 00:00:00.000000000,Mechanic Shop,Andy,Tex Con,Combustible for yard,,,Fer,12256
12257,2025-07-15 00:00:00.000000000,Mechanic Shop,Fernando,Waukesha,1 kit seal for Komatsu PC200-6 Serial 91036,,,Fer,12257
12258,2025-07-15 00:00:00.000000000,Mechanic Shop,Andy,,6 signs for waste conteiner,,,Fer,12258
12259,2025-07-15 00:00:00.000000000,Mechanic Shop,Ulise Rodriguez,Tex Con,Combustible,,,Fer,12259
12260,2025-07-15 00:00:00.000000000,Mechanic Shop,Abel Hernandez,Bobcat,Austin Const Bobcat (VIN #5796) / MINI Exc - Lupe VIN #1567,,,Fer,12260
12261,2025-07-17 00:00:00.000000000,Mechanic Shop,Abraham Gonzalez,Tex Con,Combustible,,,Fer,12261
12262,2025-07-17 00:00:00.000000000,Mechanic Shop,Abel Hernandez,Tex Con,Combustible,,,Fer,12262
12263,2025-07-18 00:00:00.000000000,Mechanic Shop,Fernando,O'reilly,8 antifreez,,,Fer,12263
12264,2025-07-18 00:00:00.000000000,Mechanic Shop,Andy,A-line,1 oil transmition bucket,,,Fer,12264
12265,2025-07-18 00:00:00.000000000,Mechanic Shop,Fernando,O'reilly,Preventine Maintenance (VIN #2086),,,Fer,12265
12266,2025-07-18 00:00:00.000000000,Mechanic Shop,Fernando,O'reilly,Preventine Maintenance (VIN #4340),,,Fer,12266
12267,2025-07-19 00:00:00.000000000,Mechanic Shop,Hector Segura,Tex Con,Combustible para la Transit 350,,,Fer,12267
12268,2025-07-21 00:00:00.000000000,Mechanic Shop,Abel Hernandez,Capitol Bearing,Fitting and Hose for Stock,,,Fer,12268
12269,2025-07-21 00:00:00.000000000,Mechanic Shop,Fernando,Tex Con,Combustible VIN #7145,,,Fer,12269
12270,2025-07-21 00:00:00.000000000,Mechanic Shop,Fernando,Leif Johnson Ford,Bumper truck VIN #3776,,,Fer,12270
12271,2025-07-21 00:00:00.000000000,Mechanic Shop,Fernando,Bobcat,Parts for Mini #1314 (Swing frame kit),,,Fer,12271
12272,2025-07-21 00:00:00.000000000,Mechanic Shop,Fernando,Bobcat,Parts for Bobcat #2570 (2 pipe lines),,,Fer,12272
12273,2025-07-21 00:00:00.000000000,Mechanic Shop,Fernando,Bobcat,Filters for PM / 3 Horn alarm,,,Fer,12273
12274,2025-07-21 00:00:00.000000000,Mechanic Shop,Fernando,O'reilly,1 Battery for Mini VIN # Abraham (Credit Card Payment),,,Fer,12274
12275,2025-07-21 00:00:00.000000000,Mechanic Shop,Andy,Leif Johnson Ford,1 Actuator for AC,,,Fer,12275
12276,2025-07-22 00:00:00.000000000,Mechanic Shop,Abel Hernandez,Capitol Bearing,Neumatic Greaser for Abel's Truck,,,Fer,12276
12277,2025-07-22 00:00:00.000000000,Mechanic Shop,Abraham Gonzalez,Tex Con,Combustible VIN #4200 (Pick up Light to San Antonio) - AUSTIN CONSTRUCTION,,,Fer,12277
12278,2025-07-22 00:00:00.000000000,Mechanic Shop,Fernando,Bobcat,Alarm / Filters/ Paint Spray / ,,,Fer,12278
12278-A,2025-07-22 00:00:00.000000000,Mechanic Shop,Andy,Capitol Bearing,"1/2"" filter auto drain 5 micron  (Abel's Compressor)",,,Fer,12278-A
12279,2025-07-22 00:00:00.000000000,Mechanic Shop,Ulise Rodriguez,Capitol Bearing,1 Hose for Bobcat,,,Fer,12279
12280,2025-07-23 00:00:00.000000000,Mechanic Shop,Andy,O'reilly,1 Battery for Led Light,,,Fer,12280
12281,2025-07-23 00:00:00.000000000,Mechanic Shop,Andy,A-Line,4 Buckets of ZEP Degreaser,,,Fer,12281
12282,2025-07-23 00:00:00.000000000,Mechanic Shop,Ulises Rodriguez,Tex Con,Combustible,,,Fer,12282
12283,2025-07-23 00:00:00.000000000,Mechanic Shop,Andy,O'reilly,2 Filters / 2 Degreaser,,,Fer,12283
12284,2025-07-24 00:00:00.000000000,Mechanic Shop,Andy,O'reilly,1 Battery for Roller (WARRANTY),,,Fer,12284
12285,2025-07-24 00:00:00.000000000,Mechanic Shop,Fernando,Bobcat,1 Wheel Seal and 1 Hydraulic Hose VIN # 4762,,,Fer,12285
12286,2025-07-24 00:00:00.000000000,Mechanic Shop,Fernando,Leif Johnson Ford,3 AC actuator for truck VIN #0265,,,Fer,12286
12287,2025-07-24 00:00:00.000000000,Mechanic Shop,Fernando,Leif Johnson Ford,1 Sensor for Rudy's Truck,,,Fer,12287
12288,2025-07-24 00:00:00.000000000,Mechanic Shop,Andy,Tex Con,Combustible for truck VIN #4200,,,Fer,12288
12289,2025-07-24 00:00:00.000000000,Mechanic Shop,Fernando,Bobcat,1 Pulley / 1 Belt / 1 Tensioner (VIN #7504),,,Fer,12289
12290,2025-07-24 00:00:00.000000000,Mechanic Shop,Abel Hernandez,Tex Con,Combustible,,,Fer,12290
12291-A,2025-07-25 00:00:00.000000000,Mechanic Shop,Ulise Rodriguez,Tex Con,Combustible,,,Fer,12291-A
12291,2025-07-25 00:00:00.000000000,Mechanic Shop,Andy,O'reilly,"1/4"" Fuel Line",,,Fer,12291
12292,2025-07-25 00:00:00.000000000,Mechanic Shop,Abraham Gonzalez,Tex Con,Combustible,,,Fer,12292
12293,2025-07-25 00:00:00.000000000,Mechanic Shop,Andy,Leif Johnson Ford,1 AC Module VIN #0265,,,Fer,12293
12293-A,2025-07-25 00:00:00.000000000,Mechanic Shop,Mauricio Castillo,Tex Con,Combustible Transit 350,,,Fer,12293-A
12294,2025-07-28 00:00:00.000000000,Mechanic Shop,Fernando,Bobcat,Track for Mini Excavator VIN #2669,,,Fer,12294
12295,2025-07-28 00:00:00.000000000,Mechanic Shop,Andy,O'reilly,Battery holder for Mini Excavator VIN #1797,,,Fer,12295
12296,2025-07-28 00:00:00.000000000,Mechanic Shop,Abel Hernandez,Tex Con,Combustible,,,Fer,12296
12297,2025-07-29 00:00:00.000000000,Mechanic Shop,Fernando,O'reilly,Preventive Maintenance Truck VIN #0799,,,Fer,12297
12298,2025-07-29 00:00:00.000000000,Mechanic Shop,Fernando,Leif Johnson Ford,1 Injector Line and O ring VIN#1117,,,Fer,12298
12299,2025-07-29 00:00:00.000000000,Mechanic Shop,Fernando,A-Line,1 OIl drum 15W40  /  40 Bottles of DEF,,,Fer,12299
12300,2025-07-30 00:00:00.000000000,Mechanic Shop,Ulise Rodriguez,Tex Con,Combustible,,,Fer,12300
12301,2025-07-30 00:00:00.000000000,Mechanic Shop,Andy,O'reilly,8 Antifreez / 3 Car wash soap / 12 windshiedl washer / 3 gallons of 5w30 oil,,,Fer,12301
12301-A,2025-07-30 00:00:00.000000000,Mechanic Shop,Abel Hernandez,Leif Johnson Ford,1 Wire asy / 1 Hose Heater Water (VIN #0265),,,Fer,12301-A
12302,2025-07-30 00:00:00.000000000,Mechanic Shop,Andy,Bobcat,1 air filter inner / 4 cap knox,,,Fer,12302
12303,2025-07-30 00:00:00.000000000,Mechanic Shop,Fernando,O'reilly,2 Head lights (1 VIN #2679 / 1 for stock),,,Fer,12303
12304,2025-07-30 00:00:00.000000000,Mechanic Shop,Fernando,O'reilly,7 gallons of antifreez (VIN #2086),,,Fer,12304
12305,2025-07-31 00:00:00.000000000,Mechanic Shop,Abraham Gonzalez,Tex Con,Combustible,,,Fer,12305
12306,2025-07-31 00:00:00.000000000,Mechanic Shop,Ulise Rodriguez,Bobcat,1 hose and hydraulic oil - Tractor de Lupe's (VIN #2420),,,Fer,12306
12307,2025-08-01 00:00:00.000000000,Mechanic Shop,Andy,Tex Con,Combustible for truck VIN #0265,,,Fer,12307
12308,2025-08-01 00:00:00.000000000,Mechanic Shop,Fernando,Matheson,1 pair hose 25 ft (axygen / acetyleno) / 5 disc / 1 brush,,,Fer,12308
12309,2025-08-01 00:00:00.000000000,Mechanic Shop,Abel,Tex Con,Combustible,,,Fer,12309
12310,2025-08-01 00:00:00.000000000,Mechanic Shop,Fernando,O'reilly,Preventive Maintenance truck VIN #4200,,,Fer,12310
12311,2025-08-01 00:00:00.000000000,Mechanic Shop,Fernando,O'reilly,Preventive Maintenance truck VIN #4256,,,Fer,12311
12312,2025-08-01 00:00:00.000000000,Mechanic Shop,Fernando,O'reilly,Preventive Maintenance truck VIN #3241,,,Fer,12312
12313,2025-08-01 00:00:00.000000000,Mechanic Shop,Hector Segura,Tex Con,Combustible for Transit 350,,,Fer,12313
12314,2025-08-02 00:00:00.000000000,Mechanic Shop,Fernando,Texas Fleet SUpply,1 hub for Juan Perez Trailer,,,Fer,12314
12315,2025-08-02 00:00:00.000000000,Mechanic Shop,Fernando,O'reilly,10 lights / 10 yellow lights / 12 brake cleaners,,,Fer,12315
12316,2025-08-04 00:00:00.000000000,Mechanic Shop,Ulises Rodriguez,Tex Con,Combustible,,,Fer,12316
12317,2025-08-04 00:00:00.000000000,Mechanic Shop,Fernando,Tex Con,Combustible truck CIN #3241,,,Fer,12317
12318,2025-08-04 00:00:00.000000000,Mechanic Shop,Fernando,Bobcat,Seal for Mini #3483,,,Fer,12318
12319,2025-08-05 00:00:00.000000000,Mechanic Shop,Fernando,Bobcat,8 TOOTH BUCKET / 20 PIN FLEX / 2 SENSOR PRESSURE,,,Fer,12319
12320,2025-08-06 00:00:00.000000000,Mechanic Shop,Fernando,Leif Johnson Ford,1 TUBE OUTLET (VIN #1275),,,Fer,12320
12321,2025-08-06 00:00:00.000000000,Mechanic Shop,Fernando,Bobcat,"2 thermostate, 20 bucket bolts (Stock) / selenoid brake, cover, wedge, bolts (VIN #2084)",,,Fer,12321
12322,2025-08-06 00:00:00.000000000,Mechanic Shop,Andy,Tex Con,Combustible truck #3241,,,Fer,12322
12323,2025-08-06 00:00:00.000000000,Mechanic Shop,Fernando,Bobcat,2 Temperature Sensor,,,Fer,12323
12324,2025-08-07 00:00:00.000000000,Mechanic Shop,Fernando,Leif Johnson Ford,1 Speed sensor asy (Truck VIN #4256),,,Fer,12324
12325,2025-08-07 00:00:00.000000000,Mechanic Shop,Fernando,Leif Johnson Ford,"Shock Absorber, Mount Cabin, Valv Assy, Solenoid Vaccum (VIN #8404) Mexico Truck",,,Fer,12325
12326,2025-08-07 00:00:00.000000000,Mechanic Shop,Fernando,Bobcat,2 Strut - Gas Spring for Bobcat,,,Fer,12326
12327,2025-08-07 00:00:00.000000000,Mechanic Shop,Abraham Gonzalez,Tex Con,Combustible,,,Fer,12327
12328,2025-08-07 00:00:00.000000000,Mechanic Shop,Ulises Rodriguez,Tex Con,Combustible,,,Fer,12328
12329,2025-08-07 00:00:00.000000000,Mechanic Shop,Fernando,Tex Con,Combustible truck VIN #0265 Rudy's Truck,,,Fer,12329
12330,2025-08-07 00:00:00.000000000,Mechanic Shop,Abel Hernandez,Tex Con,Combustible,,,Fer,12330
12331,2025-08-07 00:00:00.000000000,Mechanic Shop,Hector Segura,Tex Con,Combustible for Transit 350,,,Fer,12331
12332,2025-08-07 00:00:00.000000000,Mechanic Shop,Fernando,Leif Johnson Ford,Truck VIN #1275 - Spare 1,,,Fer,12332
12333,2025-08-08 00:00:00.000000000,Mechanic Shop,Abel Hernandez,Bobcat,2 kit seal cylinder for Mini VIN #4070,,,Fer,12333
12334,2025-08-08 00:00:00.000000000,Mechanic Shop,Andy,Matheson,1 Oxigen tank refill / 1 welding mask,,,Fer,12334
12334-A,2025-08-08 00:00:00.000000000,Mechanic Shop,Fernando,Bobcat,Kit seal / Spool / Spring  / Boonet for VIN #2084,,,Fer,12334-A
12335,2025-08-08 00:00:00.000000000,Mechanic Shop,Abraham Gonzalez,Capitol Bearing,Trailer Water pump - Water hose and connectors (Somebody cut the hose),,,Fer,12335
12336,2025-08-08 00:00:00.000000000,Mechanic Shop,Fernando,O'reilly,2 buckets of 5 gallons of degreaser,,,Fer,12336
12337,2025-08-08 00:00:00.000000000,Mechanic Shop,Fernando,O'reilly,Preventive Maintenance VIN #4522,,,Fer,12337
12338,2025-08-08 00:00:00.000000000,Mechanic Shop,Fernando,O'reilly,Preventive Maintenance VIN #5489,,,Fer,12338
12339,2025-08-09 00:00:00.000000000,Mechanic Shop,Fernando,Leif Johnson Ford,Parts for Suspension Front side TRUCK VIN #2775 / HD Rotor and Brakes,,,Fer,12339
12340,2025-08-09 00:00:00.000000000,Mechanic Shop,Fernando,Leif Johnson Ford,Sensor  TRUCK VIN #1275,,,Fer,12340
12341,2025-08-11 00:00:00.000000000,Mechanic Shop,Andy,Matheson,Welding bars / Brusk / Disc,,,Fer,12341
12342,2025-08-11 00:00:00.000000000,Mechanic Shop,Fernando,Bobcat,Parts (Cylinder and Parts) for Mini #5483,,,Fer,12342
12343,2025-08-11 00:00:00.000000000,Mechanic Shop,Fernando,Bobcat,3 copler Male and 3 Coupler Female (Stock),,,Fer,12343
12344,2025-08-11 00:00:00.000000000,Mechanic Shop,Andy,Anderson Machinery,2 Scraper Emergency (mud flaps) VIN #2679,,,Fer,12344
12345,2025-08-11 00:00:00.000000000,Mechanic Shop,Andy,Tex Con,Combustible,,,Fer,12345
12346,2025-08-12 00:00:00.000000000,Mechanic Shop,Fernando,Leif Johnson Ford,HD Rotor and Brakes Pads for Truck VIN #4256,,,Fer,12346
12347,2025-08-12 00:00:00.000000000,Mechanic Shop,Fernando,Leif Johnson Ford,1 Bearing Hub Cap for truck VIN #8269,,,Fer,12347
12348,2025-08-12 00:00:00.000000000,Mechanic Shop,Abraham Gonzalez,Capitol Bearing,Hose for Mini Excavator #5483,,,Fer,12348
12348-A,2025-08-12 00:00:00.000000000,Mechanic Shop,Fernando,Bobcat,DEF Pump for Bobcat #3629,,,Fer,12348-A
12349,2025-08-12 00:00:00.000000000,Mechanic Shop,Abraham Gonzalez,Capitol Bearing,Hose and connector for water tank with pump (Trailer VIN #1451),,,Fer,12349
12350,2025-08-12 00:00:00.000000000,Mechanic Shop,Hector Manzanares,Tex Con,Combustible for Office Truck #7145,,,Fer,12350
12351,2025-08-13 00:00:00.000000000,Mechanic Shop,Fernando,Waukesha Pearce,12 cans of yellow paint for Komatsu PC200,,,Fer,12351
12352,2025-08-13 00:00:00.000000000,Mechanic Shop,Fernando,Bobcat,Thermostate / Gasket / Bolts VIN #3563,,,Fer,12352
12353,2025-08-13 00:00:00.000000000,Mechanic Shop,Fernando,Bobcat,Water Pump and Gasket VIN #2084,,,Fer,12353
12354,2025-08-13 00:00:00.000000000,Mechanic Shop,Fernando,Bobcat,15 bolts for tires and 10 Nuts for Bobtach (Stock),,,Fer,12354
12355,2025-08-13 00:00:00.000000000,Mechanic Shop,Fernando,Bobcat,Water Pump and Gasket VIN #3563,,,Fer,12355
12356,2025-08-13 00:00:00.000000000,Mechanic Shop,Fernando,Leif Johnson Ford,Fog Cover for Truck VIN #5563,,,Fer,12356
12357,2025-08-14 00:00:00.000000000,Mechanic Shop,Ulises Rodriiguez,Tex Con,Combustible,,,Fer,12357
12358,2025-08-14 00:00:00.000000000,Mechanic Shop,Andy Hernandez,Tex Con,Combustible,,,Fer,12358
12359,2025-08-14 00:00:00.000000000,Mechanic Shop,Andy Hernandez,O'reilly,2 horn and wire for Ford 750,,,Fer,12359
12360,2025-08-14 00:00:00.000000000,Mechanic Shop,Fernando,Bobcat,4 fuel Injector for VIN #2570,,,Fer,12360
12361,2025-08-14 00:00:00.000000000,Mechanic Shop,Fernando,Bobcat,Pins and bushing for Bobtach VIN #2084,,,Fer,12361
12362,2025-08-14 00:00:00.000000000,Mechanic Shop,Fernando,O'reilly,6 Green Antifreez,,,Fer,12362
12363,2025-08-15 00:00:00.000000000,Mechanic Shop,Fernando,O'reilly,Preventive Maintenance Filter VIN #3488,,,Fer,12363
12364,2025-08-15 00:00:00.000000000,Mechanic Shop,Fernando,O'reilly,Preventive Maintenance Filter VIN #3956,,,Fer,12364
12365,2025-08-15 00:00:00.000000000,Mechanic Shop,Fernando,O'reilly,Preventive Maintenance Filter VIN #2811,,,Fer,12365
12366,2025-08-15 00:00:00.000000000,Mechanic Shop,Fernando,O'reilly,Swith Light for Dump Truck VIN #6121,,,Fer,12366
12367,2025-08-16 00:00:00.000000000,Mechanic Shop,Hector Segura,Tex Con,Combustible for Transit F-350,,,Fer,12367
12368,2025-08-18 00:00:00.000000000,Mechanic Shop,Fernando,ACE Supply,1 Quickie Saw para Ricardo Isidro Sanchez,,,Fer,12368
12369,2025-08-18 00:00:00.000000000,Mechanic Shop,Andy,Tex Con,Combustible,,,Fer,12369
12370,2025-08-18 00:00:00.000000000,Mechanic Shop,Fernando,Bobcat,PM Filters for stock,,,Fer,12370
12371,2025-08-19 00:00:00.000000000,Mechanic Shop,Andy Hernandez,Matheson,8 Disc for remove steel / Mask / 1 Box for Cutter Disc,,,Fer,12371
12372,2025-08-19 00:00:00.000000000,Mechanic Shop,Abel Hernandez,Capitol Bearing,Air Reel for Mechanic Shop,,,Fer,12372
12373,2025-08-19 00:00:00.000000000,Mechanic Shop,Fernando,Tex Con,Combustible for Truck VIN #2230,,,Fer,12373
12374,2025-08-19 00:00:00.000000000,Mechanic Shop,Ulises Rodriguez,Capitol Bearing,Hydraulic Oil and fittings VIN #,,,Fer,12374
12375,2025-08-20 00:00:00.000000000,Mechanic Shop,Fernando,O'reilly,1 drum 55 Gallons of AW32 Oil,,,Fer,12375
12376,2025-08-20 00:00:00.000000000,Mechanic Shop,Fernando,O'reilly,Preventive Maintenance VIN #5517,,,Fer,12376
12377,2025-08-20 00:00:00.000000000,Mechanic Shop,Fernando,O'reilly,Preventive Maintenance VIN #3776,,,Fer,12377
12378,2025-08-20 00:00:00.000000000,Mechanic Shop,Fernando,O'reilly,Preventive Maintenance VIN #5188,,,Fer,12378
12379,2025-08-20 00:00:00.000000000,Mechanic Shop,Fernando,O'reilly,Preventive Maintenance VIN #2045,,,Fer,12379
12380,2025-08-20 00:00:00.000000000,Mechanic Shop,Fernando,O'reilly,Preventive Maintenance VIN #0015,,,Fer,12380
12381,2025-08-20 00:00:00.000000000,Mechanic Shop,Fernando,O'reilly,12 Quater of 10w30 oil (for generadors and plates compactors),,,Fer,12381
12382,2025-08-20 00:00:00.000000000,Mechanic Shop,Abel Hernandez,Tex Con,Combustible,,,Fer,12382
12383,2025-08-20 00:00:00.000000000,Mechanic Shop,Andy,Tex Con,Combustible for the yard,,,Fer,12383
12384,2025-08-20 00:00:00.000000000,Mechanic Shop,Ulises Rodriguez,Tex Con,Combustible,,,Fer,12384
12385,2025-08-20 00:00:00.000000000,Mechanic Shop,Andy,Capitol Bearing,PTO parts for Dump Truck VIN #2679,,,Fer,12385
12386,2025-08-21 00:00:00.000000000,Mechanic Shop,Fernando,Bobcat,2 Cylinder / Starter / 4 Relay / 1 Switch VIN #4762,,,Fer,12386
12387,2025-08-21 00:00:00.000000000,Mechanic Shop,Fernando,Leif Johnson Ford,Front calipers for truck VIN #4256,,,Fer,12387
12388,2025-08-21 00:00:00.000000000,Mechanic Shop,Fernando,Leif Johnson Ford,Caliper Bracket / 5 O rings VIN #4256,,,Fer,12388
12389,2025-08-21 00:00:00.000000000,Mechanic Shop,Fernando,O'reilly,Bulbs and lights for stock,,,Fer,12389
12389-A,2025-08-22 00:00:00.000000000,Mechanic Shop,Andy Hernandez,Bobcat,20 bolts and 20 nuts for Teeth,,,Fer,12389-A
12390,2025-08-22 00:00:00.000000000,Mechanic Shop,Fernando,O'reilly,1 Trailer lights / 3 packs of butt connectors,,,Fer,12390
12391,2025-08-23 00:00:00.000000000,Mechanic Shop,Mauricio Castillo,Tex Con,Combustible Transit 350,,,Fer,12391
12392,2025-08-25 00:00:00.000000000,Mechanic Shop,Andy Hernandez,Tex Con,Combustible,,,Fer,12392
12393,2025-08-25 00:00:00.000000000,Mechanic Shop,Abel Hernandez,Tex Con,Combustible,,,Fer,12393
12394,2025-08-25 00:00:00.000000000,Mechanic Shop,Ulises Rodriguez,Tex Con,Combustible,,,Fer,12394
12395,2025-08-25 00:00:00.000000000,Mechanic Shop,Fernando,Bobcat,1 track for mini excavator VIN #4550 / 3 Solenoide / 1 Bracket,,,Fer,12395
12396,2025-08-25 00:00:00.000000000,Mechanic Shop,Fernando,O'reilly,2 Batteries for truck VIN #1117,,,Fer,12396
12397,2025-08-25 00:00:00.000000000,Mechanic Shop,Fernando,O'reilly,Preventive Maintenance VIN #5563,,,Fer,12397
12398,2025-08-26 00:00:00.000000000,Mechanic Shop,Fernando,Bobcat,1 Joystick for bobcat VIN #3012,,,Fer,12398
12399,2025-08-26 00:00:00.000000000,Mechanic Shop,Andy Hernandez,Matheson,2 Pair of Gloves and 1 Pack of welding bars 7018,,,Fer,12399
12400,2025-08-26 00:00:00.000000000,Mechanic Shop,Andy Hernandez,Capitol Bearing,1 Fuel Filter water separator housing (paint ompressor),,,Fer,12400
12401,2025-08-27 00:00:00.000000000,Mechanic Shop,Fernando,O'reilly,Refounds for PO #12397,,,Fer,12401
12402,2025-08-27 00:00:00.000000000,Mechanic Shop,Andy Hernandez,Tex Con,Combustible,,,Fer,12402
12403,2025-08-27 00:00:00.000000000,Mechanic Shop,Fernando,Proglass,Driver door glass VIN #5188,,,Fer,12403
12404,2025-08-27 00:00:00.000000000,Mechanic Shop,Fernando,Proglass,Windshield for VIN #5489,,,Fer,12404
12405,2025-08-27 00:00:00.000000000,Mechanic Shop,Fernando,Bobcat,1 track for mini excavator VIN #4550,,,Fer,12405
12406,2025-08-27 00:00:00.000000000,Mechanic Shop,Fernando,Leif Johnson Ford,1 Electrical Female connector for lights VIN #8626,,,Fer,12406
12407,2025-08-27 00:00:00.000000000,Mechanic Shop,Fernando,Central Texas Equipment,1 Voltage Regulator Wacrer for Mini Roller #1739,,,Fer,12407
12408,2025-08-28 00:00:00.000000000,Mechanic Shop,Fernando,ACE Construction,22 bundles of rebar #4 and 10 Bundles olf rebar #5,,,Fer,12408
12409,2025-08-28 00:00:00.000000000,Mechanic Shop,Fernando,O'reilly,Preventive Maintenance truck VIN #8919,,,Fer,12409
12410,2025-08-28 00:00:00.000000000,Mechanic Shop,Fernando,O'reilly,18 Galons of antifreez (6 red / 6 yellow / 6 green),,,Fer,12410
12411,2025-08-28 00:00:00.000000000,Mechanic Shop,Ulises Rodriguez,Tex Con,Combustible,,,Fer,12411
12412,2025-08-28 00:00:00.000000000,Mechanic Shop,Abel Hernandez,Bobcat,Cylinder head and gasket VIN #3724,,,Fer,12412
12413,2025-08-28 00:00:00.000000000,Mechanic Shop,Andy,Bobcat,4 fuel filter for stock and 1 valve for VIN #4762,,,Fer,12413
12414,2025-08-29 00:00:00.000000000,Mechanic Shop,Andy Hernandez,Tex Con,Combustible,,,Fer,12414
12415,2025-08-29 00:00:00.000000000,Mechanic Shop,Fernando,Bobcat,1 Tubeline hydraulic / 1 kit seal compl / 2 spools VIN #4762,,,Fer,12415
12416,2025-08-29 00:00:00.000000000,Mechanic Shop,Fernando,Matheson,5 northon wheel grinding (discos de pulir),,,Fer,12416
12417,2025-08-29 00:00:00.000000000,Mechanic Shop,Fernando,Leif Johnson Ford,1 B. Joint truck VIN #4200,,,Fer,12417
12418,2025-08-30 00:00:00.000000000,Mechanic Shop,Hector Segura,Tex Con,Combustible for Transit 350,,,Fer,12418
12419,2025-09-02 00:00:00.000000000,Mechanic Shop,Andy Hernandez,Matheson,Refill oxygen and acetylen tank,,,Fer,12419
12420,2025-09-02 00:00:00.000000000,Mechanic Shop,Andy Hernandez,Bobcat,PIN / Bushing / Seal for Mini #4550,,,Fer,12420
12421,2025-09-02 00:00:00.000000000,Mechanic Shop,Abel Hernandez,Capitol Bearing,2 floor jack 3 Ton.,,,Fer,12421
12422,2025-09-02 00:00:00.000000000,Mechanic Shop,Ulises Rodriguez,Tex Con,Combustible,,,Fer,12422
12423,2025-09-02 00:00:00.000000000,Mechanic Shop,Fernando,Leif Johnson Ford,AC Compressor and 2 NOX Sensor / 1 expansion valve VIN #0015,,,Fer,12423
12424,2025-09-02 00:00:00.000000000,Mechanic Shop,Andy,O'reilly,9 spark plug,,,Fer,12424
12425,2025-09-02 00:00:00.000000000,Mechanic Shop,Fernando,O'reilly,Preventive Maintenance Truck VIN #7969,,,Fer,12425
12426,2025-09-03 00:00:00.000000000,Mechanic Shop,Fernando,Bobcat,Engine Mount for Mini #4550,,,Fer,12426
12427,2025-09-03 00:00:00.000000000,Mechanic Shop,Abel Hernandez,Tex Con,Combustible,,,Fer,12427
12428,2025-09-03 00:00:00.000000000,Mechanic Shop,Andy,Tex Con,Combustible,,,Fer,12428
12429,2025-09-03 00:00:00.000000000,Mechanic Shop,Andy,Tex Con,Manguera grasera con riel para camioneta de Ulises Rodriguez,,,Fer,12429
12430,2025-09-03 00:00:00.000000000,Mechanic Shop,Fernando,Waukesha Pearce Industries,1 ingnition switch / 1 blow motor por Komartsu PC360 VIN #2416,,,Fer,12430
12430-A,2025-09-03 00:00:00.000000000,Mechanic Shop,Fernando,Leif Johnson Ford,Bearing and brakes truck VIN #0039,,,Fer,12430-A
12431,2025-09-03 00:00:00.000000000,Mechanic Shop,Fernando,O'reilly,R-134 Refrigerant oil,,,Fer,12431
12432,2025-09-04 00:00:00.000000000,Mechanic Shop,Andy ,Leif Johnson Ford,Case asy - Transfer 4x4 truck VIN #4340,,,Fer,12432
12433,2025-09-04 00:00:00.000000000,Mechanic Shop,Fernando,O'reilly,2 Batteries for truck VIN #0015,,,Fer,12433
12434,2025-09-05 00:00:00.000000000,Mechanic Shop,Andy ,Matheson,Welding hose for Abel's truck / 5 grainger stainless for shop,,,Fer,12434
12435,2025-09-05 00:00:00.000000000,Mechanic Shop,Fernando,O'reilly,Preventive Maintenance truck VIN #8857,,,Fer,12435
12436,2025-09-05 00:00:00.000000000,Mechanic Shop,Fernando,O'reilly,Preventive Maintenance truck VIN #8269,,,Fer,12436
12437,2025-09-05 00:00:00.000000000,Mechanic Shop,Fernando,ACE Construction Supply,1 quickie saw para Avisai's Crew,,,Fer,12437
12438,2025-09-08 00:00:00.000000000,Mechanic Shop,Andy ,Tex Con,Combustible,,,Fer,12438
12439,2025-09-08 00:00:00.000000000,Mechanic Shop,Andy ,Bobcat,2 tracks for Mini excavator #1797,,,Fer,12439
12440,2025-09-08 00:00:00.000000000,Mechanic Shop,Andy ,Bobcat,stock 3 and 3 hammer fitting connector,,,Fer,12440
12441,2025-09-09 00:00:00.000000000,Mechanic Shop,Abel Hernandez,Tex Con,Combustible,,,Fer,12441
12442,2025-09-09 00:00:00.000000000,Mechanic Shop,Ulises Rodriguez,Tex Con,Combustible,,,Fer,12442
12443,2025-09-09 00:00:00.000000000,Mechanic Shop,Fernando,ACE Contractors Supply,2 Orange Safety Flag,,,Fer,12443
12444,2025-09-10 00:00:00.000000000,Mechanic Shop,Andy,O'reilly,2 Seat cover for Truck #5188 and truck #2045,,,Fer,12444
12445,2025-09-10 00:00:00.000000000,Mechanic Shop,Ulises Rodriguez,Bobcat,Omar - Hose for Bobcat VIN #3629,,,Fer,12445
12446,2025-09-10 00:00:00.000000000,Mechanic Shop,Andy,Bobcat,Stickers for New Bobcat T66 VIN #1388,,,Fer,12446
12447,2025-09-10 00:00:00.000000000,Mechanic Shop,Andy,Bobcat,Spool / Kit seal compl.  VIN #4762,,,Fer,12447
12448,2025-09-10 00:00:00.000000000,Mechanic Shop,Andy,Bobcat,Skid Steer for new bobcat VIN #1388 / Stock (screen fuel / hose bulk / Ring Compression),,,Fer,12448
12449,2025-09-10 00:00:00.000000000,Mechanic Shop,Fernando,Tex Con,Combustible,,,Fer,12449
12450,2025-09-11 00:00:00.000000000,Mechanic Shop,Abel Hernandez,,Combustible for Transit 350 - San Antonio dump truck dealers,,,Fer,12450
12451,2025-09-11 00:00:00.000000000,Mechanic Shop,Andy,Leif Johnson Ford,Thermostate / sensor truck VIN #1275,,,Fer,12451
12452,2025-09-11 00:00:00.000000000,Mechanic Shop,Andy,Bobcat,Seal Spool / Spring  / Ball (stock),,,Fer,12452
12453,2025-09-11 00:00:00.000000000,Mechanic Shop,Fernando,A-line,1 drum 55 gallons of 15w40 Oil,,,Fer,12453
12453-A,2025-09-11 00:00:00.000000000,Mechanic Shop,Fernando,O'reilly,2 Batteries Truck VIN #0039,,,Fer,12453-A
12454,2025-09-12 00:00:00.000000000,Mechanic Shop,Andy,O'reilly,Lights and wire connectors for Freightliner VIN #5737,,,Fer,12454
12455,2025-09-12 00:00:00.000000000,Mechanic Shop,Andy,Tex Con,Combustible,,,Fer,12455
12456,2025-09-12 00:00:00.000000000,Mechanic Shop,Abraham Gonzalez,ACE Contractors,1 Quickie Saw para Antonio Gutierrez,,,Fer,12456
12456-A,,Mechanic Shop,Ulises Rodriguez,Tex Con,Combustible,,,Fer,12456-A
12457,2025-09-12 00:00:00.000000000,Mechanic Shop,Fernando,Leif Johnson Ford,1 windshield palanca / 2 vent for A/C VIN #8020,,,Fer,12457
12458,2025-09-12 00:00:00.000000000,Mechanic Shop,Fernando,Leif Johnson Ford,1 alternator VIN #1117,,,Fer,12458
12459,2025-09-12 00:00:00.000000000,Mechanic Shop,Andy,O'reilly,2 seat cover,,,Fer,12459
12460,2025-09-12 00:00:00.000000000,Mechanic Shop,Abel Hernandez,Bobcat,2 Tensioner / Belt / 3 Diesel Cap / 8 Thooth / 8 Pin Flex 2 female and 2 male coupler,,,Fer,12460
12461,2025-09-15 00:00:00.000000000,Mechanic Shop,Fernando,O'reilly,PM  filters and oil Truck VIN #4363,,,Fer,12461
12462,2025-09-15 00:00:00.000000000,Mechanic Shop,Fernando,O'reilly,PM  filters Truck VIN #2414,,,Fer,12462
12463,2025-09-15 00:00:00.000000000,Mechanic Shop,Fernando,O'reilly,PM  filters Truck VIN #1790,,,Fer,12463
12464,2025-09-15 00:00:00.000000000,Mechanic Shop,Abel Hernandez,Tex Con,Combustible,,,Fer,12464
12465,2025-09-15 00:00:00.000000000,Mechanic Shop,Andy,O'reilly,3 red light / plastic holder / ignition key cylinder,,,Fer,12465
12466,2025-09-15 00:00:00.000000000,Mechanic Shop,Fernando,Bobcat,Coupler Asy block VIN #9040,,,Fer,12466
12467,2025-09-15 00:00:00.000000000,Mechanic Shop,Andy,Tex Con,Combustible,,,Fer,12467
12468,2025-09-15 00:00:00.000000000,Mechanic Shop,Andy,Leif Johnson Ford,Suspension parts for truck VIN #4200,,,Fer,12468
12469,2025-09-15 00:00:00.000000000,Mechanic Shop,Abraham Gonzalez,Tex Con,Combustible truck VIN #1275,,,Fer,12469
12470,2025-09-15 00:00:00.000000000,Mechanic Shop,Fernando,Bobcat,13 cans of paint (3 differents colors),,,Fer,12470
12471,2025-09-16 00:00:00.000000000,Mechanic Shop,Andy,O'reilly,"4 led white lights 4""",,,Fer,12471
12472,2025-09-17 00:00:00.000000000,Mechanic Shop,Ulises Rodriguez,Tex Con,Combustible,,,Fer,12472
12473,2025-09-17 00:00:00.000000000,Mechanic Shop,Fernando,Leif Johnson Ford,4 x 4 Push bottom for MFO Truck,,,Fer,12473
12474,2025-09-17 00:00:00.000000000,Mechanic Shop,Fernando,Bobcat,10 teeth for Skid Steer bucket / 2 teeth for Mini Excavator Bucket with bolts,,,Fer,12474
12475,2025-09-17 00:00:00.000000000,Mechanic Shop,Fernando,Bobcat,2 Hidraulic filters for bobcat VIN #8815,,,Fer,12475
12476,2025-09-17 00:00:00.000000000,Mechanic Shop,Fernando,O'reilly,Preventive Maintenance truck VIN #3241,,,Fer,12476
12477,2025-09-17 00:00:00.000000000,Mechanic Shop,Andy,Tex Con,Combustible,,,Fer,12477
12478,,Mechanic Shop,Fernando,ACE Construction,22 Bondles of rebar #5,,,Fer,12478
12479,,Mechanic Shop,Fernando,O'reilly,Preventive Maintenance truck VIN #0799,,,Fer,12479
12480,,Mechanic Shop,Fernando,O'reilly,Preventive Maintenance truck VIN #7145,,,Fer,12480
12481,,Mechanic Shop,Fernando,O'reilly,Preventive Maintenance truck VIN #5249,,,Fer,12481
12482,,Mechanic Shop,Andy,Bobcat,PM Filters for Mini VIN #1797,,,Fer,12482
12483,2025-09-19 00:00:00.000000000,Mechanic Shop,Fernando,O'reilly,1 Battery for Mini #7127,,,Fer,12483
12484,2025-09-19 00:00:00.000000000,Mechanic Shop,Andy,ACE Contractors,10 flags / Wrenchs / Gun (grapas),,,Fer,12484
12485,2025-09-19 00:00:00.000000000,Mechanic Shop,Fernando,Bobcat,Muffler / Pipe / 2 U bolts clamps for Mini Excavator VIN #1797,,,Fer,12485
12486,2025-09-19 00:00:00.000000000,Mechanic Shop,Ulises Rodriguez,Bobcat,Back up alarm /  ............... VIN #,,,Fer,12486
12487,2025-09-20 00:00:00.000000000,Mechanic Shop,Mauricio Torres,Tex Con,Combustible - Transit 350,,,Fer,12487
12488,2025-09-20 00:00:00.000000000,Mechanic Shop,Fernando,O'reilly,4 bags of 40 lb of oil absorbent,,,Fer,12488
12489,2025-09-20 00:00:00.000000000,Mechanic Shop,Fernando,O'reilly,2 oil drain cap for Ford F-150,,,Fer,12489
12490,2025-09-22 00:00:00.000000000,Mechanic Shop,Abel Hernandez,Capitol Bearing,"50 ft cover for hose / 10  fittings 3/4""",,,Fer,12490
12491,2025-09-22 00:00:00.000000000,Mechanic Shop,Abel Hernandez,Tex Con,Combustible,,,Fer,12491
12492,2025-09-22 00:00:00.000000000,Mechanic Shop,Ulises Rodriguez,Tex Con,Combustible,,,Fer,12492
12493,2025-09-22 00:00:00.000000000,Mechanic Shop,Andy,O'reilly,3 batteries for warranty,,,Fer,12493
12494,2025-09-22 00:00:00.000000000,Mechanic Shop,Andy,ACE Contractors,2 walk behind / 1 Quickie Saw,,,Fer,12494
12495,2025-09-22 00:00:00.000000000,Mechanic Shop,Fernando,Bobcat,2 lights for bobcat VIN #1388  / 5 back up alarms for stock,,,Fer,12495
12496,2025-09-22 00:00:00.000000000,Mechanic Shop,Fernando,Bobcat,1 Radiator for Mini Excavator VIN #1797,,,Fer,12496
12496-A,2025-09-22 00:00:00.000000000,Mechanic Shop,Andy,Matheson,Welding bars 7018 / 10 disc for deswate,,,Fer,12496-A
12497,2025-09-23 00:00:00.000000000,Mechanic Shop,Andy,Tex Con,Combustible,,,Fer,12497
12498,2025-09-23 00:00:00.000000000,Mechanic Shop,Abel ,ACE Contractor,1 Quickie Saw para Enrique Gonzalez (serial #20250812673),,,Fer,12498
12499,2025-09-23 00:00:00.000000000,Mechanic Shop,Andy,Bobcat,10 Switch,,,Fer,12499
12500,2025-09-23 00:00:00.000000000,Mechanic Shop,Fernando,Leif Johnson Ford,PM filters for Transit 350 VIN #5773,,,Fer,12500
12501,2025-09-23 00:00:00.000000000,Mechanic Shop,Fernando,O'reilly,PM Filters truck VIN #8626,,,Fer,12501
12502,2025-09-23 00:00:00.000000000,Mechanic Shop,Andy,Bobcat,Relays,,,Fer,12502
12503,2025-09-24 00:00:00.000000000,Mechanic Shop,Fernando,O'reilly,4 gallons of 5w-20 and 4 gallons of 5w-30 for stock,,,Fer,12503
12503-A,2025-09-24 00:00:00.000000000,Mechanic Shop,Fernando,Leif Johnson Ford,1 seat switch / 1 windshield washer container truck VIN #0039,,,Fer,12503-A
12504,2025-09-25 00:00:00.000000000,Mechanic Shop,Ulises Rodriguez,Tex Con,Combustible,,,Fer,12504
12505,2025-09-25 00:00:00.000000000,Mechanic Shop,Andy,Tex Con,Combustible,,,Fer,12505
12506,2025-09-25 00:00:00.000000000,Mechanic Shop,Andy,Capitol Bearing,2 Open water pipe wrench,,,Fer,12506
12507,2025-09-25 00:00:00.000000000,Mechanic Shop,Abel,Leos Service,Combustible,,,Fer,12507
12508,2025-09-25 00:00:00.000000000,Mechanic Shop,Abraham Gonzalez,Matheson,20 lb of welding #6011 / 4 welding puntas,,,Fer,12508
12509,2025-09-25 00:00:00.000000000,Mechanic Shop,Fernando,Leif Johnson Ford,HD Rotor / Calipers / Brakes pad / caliper's bolt and washer Truck VIN # 3776,,,Fer,12509
12510,2025-09-25 00:00:00.000000000,Mechanic Shop,Fernando,Tex Con,Combustible VIN # 3241,,,Fer,12510
12511,2025-09-25 00:00:00.000000000,Mechanic Shop,Fernando,Bobcat,Bushing and pins fro bobcat VIN #4567,,,Fer,12511
12512,2025-09-26 00:00:00.000000000,Mechanic Shop,Fernando,O'reilly,PM Filters truck VIN # 1117,,,Fer,12512
12513,2025-09-27 00:00:00.000000000,Mechanic Shop,Juan A. Zamarripa,Tex Con ,Combustible truck VIN #3776,,,Fer,12513
12514,2025-09-27 00:00:00.000000000,Mechanic Shop,Rafael Perez,Tex Con ,Combustible Transit 350,,,Fer,12514
12515,2025-09-29 00:00:00.000000000,Mechanic Shop,Abel Hernandez,Tex Con ,Combustible truck VIN #3241 (Abel goes to San Antonio to check Trucks),,,Fer,12515
12516,2025-09-29 00:00:00.000000000,Mechanic Shop,Andy,Bobcat,2 tracks for Bobcat VIN #1388,,,Fer,12516
12517,2025-09-29 00:00:00.000000000,Mechanic Shop,Andy,Bobcat,10 Keys for bobcat (stock),,,Fer,12517
12518,2025-09-29 00:00:00.000000000,Mechanic Shop,Andy,Bobcat,Hose for Bobcat VIN #5796,,,Fer,12518
12519,2025-09-29 00:00:00.000000000,Mechanic Shop,Ulises Rodriguez,Tex Con ,Combustible,,,Fer,12519
12520,2025-09-29 00:00:00.000000000,Mechanic Shop,Andy,Bobcat,Bushing / Pins / Greaser for Bobcat VIN #4567,,,Fer,12520
12521,2025-09-30 00:00:00.000000000,Mechanic Shop,Fernando,ACE Constractors,22 Bundles of rebar #4,,,Fer,12521
12522,2025-09-30 00:00:00.000000000,Mechanic Shop,Fernando,O'reilly,12 green antifreez (Full Strength),,,Fer,12522
12523,2025-09-30 00:00:00.000000000,Mechanic Shop,Fernando,Bobcat,Pin for Mini Excavator 341 VIN #234317127,,,Fer,12523
12524,2025-09-30 00:00:00.000000000,Mechanic Shop,Fernando,Bobcat,Rod Cylinder / Bushing / Pins / kit seal for Bobcat VIN #4567,,,Fer,12524
12525,2025-09-30 00:00:00.000000000,Mechanic Shop,Fernando,Bobcat,Sticke for MIni Excavator VIN #234711797,,,Fer,12525
12526,2025-09-30 00:00:00.000000000,Mechanic Shop,Fernando,Bobcat,Kit cushion seat for Bobcat VIN #B3BT12570,,,Fer,12526
12527,2025-09-30 00:00:00.000000000,Mechanic Shop,Fernando,Bobcat,Chisel and pin for Daniel's Breaker (HAMMER),,,Fer,12527
12528,2025-09-30 00:00:00.000000000,Mechanic Shop,Fernando,Tex Con,Combustible Truck VN #3241 and 4 desgreaser for mechanical parts,,,Fer,12528
12529,2025-10-01 00:00:00.000000000,Mechanic Shop,Fernando,O'reilly,PM Filters Truck VIN # 2230,,,Fer,12529
12530,2025-10-01 00:00:00.000000000,Mechanic Shop,Fernando,Capitol Bearing,"20 fittings #10 90 degrees / 1 connector 2"" to 1-3/4 for water trailer",,,Fer,12530
12531,2025-10-01 00:00:00.000000000,Mechanic Shop,Fernando,O'reilly,Fuse holder / 5 packs of little fuse for stock,,,Fer,12531
12532,2025-10-01 00:00:00.000000000,Mechanic Shop,Fernando,O'reilly,PM Filters Truck VIN # 0039,,,Fer,12532
12533,2025-10-01 00:00:00.000000000,Mechanic Shop,Fernando,O'reilly,PM Filters Truck VIN # 2775,,,Fer,12533
12534,2025-10-01 00:00:00.000000000,Mechanic Shop,Fernando,A-Line,Fuses holders / littel fuses 10 /15/ 20 / 30 by packs,,,Fer,12534
12535,2025-10-01 00:00:00.000000000,Mechanic Shop,Fernando,A-Line,55 gallons of 15w40 oil ,,,Fer,12535
12536,2025-10-02 00:00:00.000000000,Mechanic Shop,Abel Hernandez,Capitol Bearing,Stock - 4 female and 4 male hammer fitting connectors,,,Fer,12536
12537,2025-10-02 00:00:00.000000000,Mechanic Shop,Abel Hernandez,Leos Service,Combustible,,,Fer,12537
12538,2025-10-02 00:00:00.000000000,Mechanic Shop,Ulises Rodriguez,Tex con,Combustible,,,Fer,12538
12539,2025-10-02 00:00:00.000000000,Mechanic Shop,Andy,Bobcat,Lock bar for bobtach VIN #8548,,,Fer,12539
12540,2025-10-02 00:00:00.000000000,Mechanic Shop,Andy,Tex con,Combustible,,,Fer,12540
12541,2025-10-02 00:00:00.000000000,Mechanic Shop,Fernando,Texas Fleet Supply,50 feet of 7 way cable / 4 brake shoes / 5 decal Warning Stay,,,Fer,12541
12542,2025-10-03 00:00:00.000000000,Mechanic Shop,Andy,Bobcat,20 Greaser / 5 Coupler FF,,,Fer,12542
12543,2025-10-03 00:00:00.000000000,Mechanic Shop,Andy,A-Line,3 bucket of degreaser for wash mechanical parts,,,Fer,12543
12544,2025-10-03 00:00:00.000000000,Mechanic Shop,Fernando,O'reilly,12 Windshield fluid / 12 Brake Cleaner,,,Fer,12544
12545,2025-10-03 00:00:00.000000000,Mechanic Shop,Fernando,Bobcat,Engine Mount and Bolts for Bobcat VIN #7504,,,Fer,12545
12546,2025-10-03 00:00:00.000000000,Mechanic Shop,Fernando,Bobcat,3 Hose and 3 Fittings for Bobcat (Connected to Radiator),,,Fer,12546
12547,2025-10-03 00:00:00.000000000,Mechanic Shop,Fernando,O'reilly,1 Battery for truck,,,Fer,12547
12548,2025-10-04 00:00:00.000000000,Mechanic Shop,Fernando,Texas Fleet Supply,4 drums and 4 brakes for trailver VIN #9873,,,Fer,12548
12549,2025-10-04 00:00:00.000000000,Mechanic Shop,Fernando,Tex Con,Combustible,,,Fer,12549
12550,2025-10-06 00:00:00.000000000,Mechanic Shop,Fernando,O'reilly,"20 Ft of coolant hose 1/2""",,,Fer,12550
12551,2025-10-06 00:00:00.000000000,Mechanic Shop,Andy,Bobcat,2 battery cable/ 2 exhaust gasket,,,Fer,12551
12552,2025-10-06 00:00:00.000000000,Mechanic Shop,Abel Hernandez,Capitol Bearing,Hydraulic Hose for Roller VIN #0460,,,Fer,12552
12553,2025-10-06 00:00:00.000000000,Mechanic Shop,Fernando,O'reilly,PM Filters for Truck VIN #4448,,,Fer,12553
12554,2025-10-06 00:00:00.000000000,Mechanic Shop,Mauricio Torres,Tex Con,Combustible Transit 350,,,Fer,12554
12555,2025-10-07 00:00:00.000000000,Mechanic Shop,Fernando,Leif Johnson Ford,Turbo pipe / EGR and Gasket for Truck VIN #7145,,,Fer,12555
12556,2025-10-07 00:00:00.000000000,Mechanic Shop,Fernando,Leif Johnson Ford,Suspension front parts for truck VIN # 4340,,,Fer,12556
12557,2025-10-07 00:00:00.000000000,Mechanic Shop,Fernando,O'reilly,2 Batteries for truck VIN #4448,,,Fer,12557
12558,2025-10-08 00:00:00.000000000,Mechanic Shop,Ulises Rodriguez,Tex Con,Combustible,,,Fer,12558
12559,2025-10-08 00:00:00.000000000,Mechanic Shop,Fernando,O'reilly,2 kit trailer taillights,,,Fer,12559
12560,2025-10-08 00:00:00.000000000,Mechanic Shop,Fernando,O'reilly,3 Trailer jack (3 differents types) for stock,,,Fer,12560
12561,,,,,,,,Fer,12561
12562,2025-10-10 00:00:00.000000000,Mechanic Shop,Fernando,Bobcat,Stock - Skid Steer filters and 2 sensors for bobcat,,,Fer,12562
12563,2025-10-10 00:00:00.000000000,Mechanic Shop,Fernando,Bobcat,Stock - 10 clamping / 1 lift safety support for T770,,,Fer,12563
12564,2025-10-10 00:00:00.000000000,Mechanic Shop,Fernando,Bobcat,Stock - 4 Exhaust gasket ,,,Fer,12564
12565,2025-10-10 00:00:00.000000000,Mechanic Shop,Fernando,Bobcat,1 Chisel and pins for breaker of Daniel Ortega (this will be in stock) - is leeaking oil ,,,Fer,12565
12565-A,2025-10-10 00:00:00.000000000,Mechanic Shop,Andy,Tex Con,Combustible VIN #3149,,,Fer,12565-A
12566,2025-10-10 00:00:00.000000000,Mechanic Shop,Fernando,Tex Con,Combustible VIN #3241,,,Fer,12566
12567,2025-10-10 00:00:00.000000000,Mechanic Shop,Andy,O'reilly,2 packs of small batterys for key control,,,Fer,12567
12568,2025-10-10 00:00:00.000000000,Mechanic Shop,Fernando,Capitol Bearing,1 Hose for roller VIN #2679,,,Fer,12568
12569,2025-10-10 00:00:00.000000000,Mechanic Shop,Fernando,Leif Jonhson Ford,Rear Mirror Driver side Truck VIN #5249,,,Fer,12569
12570,2025-10-11 00:00:00.000000000,Mechanic Shop,Fernando,O'reilly,Preventive Maintenance truck VIN #1275,,,Fer,12570
12571,2025-10-11 00:00:00.000000000,Mechanic Shop,Fernando,O'reilly,2 Sunshade for truck / 2 washcar soap / 1 pack of towells,,,Fer,12571
12572,2025-10-11 00:00:00.000000000,Mechanic Shop,Fernando,O'reilly,1 A/C Gauge - Ulises Rodriguez has it,,,Fer,12572
12573,2025-10-11 00:00:00.000000000,Mechanic Shop,Mauricio Torres,Tex Con,Combustible Transit 350,,,Fer,12573
12574,2025-10-13 00:00:00.000000000,Mechanic Shop,Ulises Rodriguez,Tex Con,Combustible,,,Fer,12574
12575,2025-10-13 00:00:00.000000000,Mechanic Shop,Fernando,Leif Johnson Ford,A/C Blower Motor Truck VIN #3776,,,Fer,12575
12576,2025-10-13 00:00:00.000000000,Mechanic Shop,Andy,A-Line,Rings Terminal - Shop,,,Fer,12576
12577,2025-10-14 00:00:00.000000000,Mechanic Shop,Abel Hernandez,Tex Con,Combustible,,,Fer,12577
12578,2025-10-14 00:00:00.000000000,Mechanic Shop,Fernando,Bobcat,Stock for Bobcat 250 (3 Coupler female / 3 coupler male) - 2 nuts,,,Fer,12578
12579,2025-10-14 00:00:00.000000000,Mechanic Shop,Andy,O'reilly,12 Spark Plug,,,Fer,12579
12580,2025-10-14 00:00:00.000000000,Mechanic Shop,Fernando,Bobcat,2 Solenoid Coils bobcat VIN #3563,,,Fer,12580
12581,2025-10-14 00:00:00.000000000,Mechanic Shop,Andy,Bobcat,stock -  Support Lift,,,Fer,12581
12582,2025-10-14 00:00:00.000000000,Mechanic Shop,Ulises Rodriguez,O'reilly,Oil for Alvaro Aguirre's Generetor / Ratcher 12 points (Ulises Rodriguez),,,Fer,12582
12583,2025-10-15 00:00:00.000000000,Mechanic Shop,Andy,O'reilly,2 seat cover (Stock),,,Fer,12583
12584,2025-10-15 00:00:00.000000000,Mechanic Shop,Ulises Rodriguez,Tex Con,Combustible,,,Fer,12584
12585,2025-10-15 00:00:00.000000000,Mechanic Shop,Ulises Rodriguez,Capitol Bearing,2 air fittings for Dump Truck VIN #8670,,,Fer,12585
12586,2025-10-15 00:00:00.000000000,Mechanic Shop,Abel Hernandez,Capitol Bearing,Riel and hose for water truck VIN #1638,,,Fer,12586
12587,2025-10-15 00:00:00.000000000,Mechanic Shop,Fernando,Leif Johnson Ford,4 rotor / 2 brake pads kit truck VIN #0015,,,Fer,12587
12588,2025-10-16 00:00:00.000000000,Mechanic Shop,Fernando,Leif Johnson Ford,1 taillight right side truck VIN #3776,,,Fer,12588
12589,2025-10-16 00:00:00.000000000,Mechanic Shop,Andy,Bobcat,Stock - 12 teeth / 3 red and white lights / filters / pins tooth,,,Fer,12589
12590,2025-10-16 00:00:00.000000000,Mechanic Shop,Andy,O'reilly,2 Batteries for Dump Truck VIN #6121 / 1 Fuel filter for Toyota Truck,,,Fer,12590
12591,2025-10-17 00:00:00.000000000,Mechanic Shop,Fernando,Tex Con,Combustible VIN #2303,,,Fer,12591
12592,2025-10-17 00:00:00.000000000,Mechanic Shop,Andy,Tex Con,Gasoline for Shop (Welding / Shop / Washing),,,Fer,12592
12593,2025-10-17 00:00:00.000000000,Mechanic Shop,Hector Segura,Tex Con,Combustible Transit 350,,,Fer,12593
12594,2025-10-20 00:00:00.000000000,Mechanic Shop,Ulises Rodriguez,Tex Con,Combustible,,,Fer,12594
12595,2025-10-20 00:00:00.000000000,Mechanic Shop,Andy,Tex Con,Combustible VIN #3149,,,Fer,12595
12596,2025-10-21 00:00:00.000000000,Mechanic Shop,Fernando,O'reilly,PM Filters for truck VIN #3149,,,Fer,12596
12597,2025-10-21 00:00:00.000000000,Mechanic Shop,Abel Hernandez,Tex Con,Combustible,,,Fer,12597
12598,2025-10-21 00:00:00.000000000,Mechanic Shop,Fernando,ACE Contractors,22 bundles of rebar #3 and #4,,,Fer,12598
12599,2025-10-22 00:00:00.000000000,Mechanic Shop,Andy,ACE Contractors,2 cord asy kit,,,Fer,12599
12600,2025-10-22 00:00:00.000000000,Mechanic Shop,Fernando,O'reilly,3 Trailer Jack for dash board,,,Fer,12600
12601,2025-10-22 00:00:00.000000000,Mechanic Shop,Abel Hernandez,O'reilly,Toyota water pump / Gasket and Fuel Filter,,,Fer,12601
12602,2025-10-22 00:00:00.000000000,Mechanic Shop,Fernando,Bobcat,4 wheel seal for stock,,,Fer,12602
12603,2025-10-22 00:00:00.000000000,Mechanic Shop,Fernando,O'reilly,PM Filters for truck MFO,,,Fer,12603
12604,2025-10-23 00:00:00.000000000,Mechanic Shop,Fernando,Bobcat,2 Decal / 8 tooth / 10 spring and bolts (Stock),,,Fer,12604
12605,2025-10-23 00:00:00.000000000,Mechanic Shop,Fernando,Leif Johnson Ford,4 HD rotor / Brake pad kit / 2 brackets / 1 coolant hose / 1 oil pan cap (MFO truck VIN #4695),,,Fer,12605
12606,2025-10-24 00:00:00.000000000,Mechanic Shop,Fernando,Leif Johnson Ford,1 Low Fuel Pump truck VIN #2414,,,Fer,12606
12606-A,2025-10-23 00:00:00.000000000,Mechanic Shop,Andy,Tex Con,Combustible,,,Fer,12606-A
12607,2025-10-24 00:00:00.000000000,Mechanic Shop,Fernando,O'reilly,PM Filters truck VIN #2811,,,Fer,12607
12608,2025-10-24 00:00:00.000000000,Mechanic Shop,Fernando,O'reilly,PM Filters truck VIN #2086,,,Fer,12608
12609,2025-10-24 00:00:00.000000000,Mechanic Shop,Ulises Rodriguez,Tex Con,Combustible,,,Fer,12609
12610,2025-10-24 00:00:00.000000000,Mechanic Shop,Andy,Matheson,Refill Oxygen and Acetylen (yard),,,Fer,12610
12611,2025-10-24 00:00:00.000000000,Mechanic Shop,Fernando,Bobcat,Right Handle VIN #6379,,,Fer,12611
12612,2025-10-24 00:00:00.000000000,Mechanic Shop,Fernando,Leif Johnson Ford,2 HD rotor and brake pad Truck VIN # 2414,,,Fer,12612
12612-A,2025-10-24 00:00:00.000000000,Mechanic Shop,Mauricio Torres,Tex Con,Combustible for Transit 350,,,Fer,12612-A
12613,2025-10-27 00:00:00.000000000,Mechanic Shop,Fernando,Bobcat,25 Bolts and nut for tooth bucket - Stock,,,Fer,12613
12614,2025-10-27 00:00:00.000000000,Mechanic Shop,Fernando,O'reilly,PM Filters for truck VIN #8857,,,Fer,12614
12614-A,2025-10-27 00:00:00.000000000,Mechanic Shop,Andy,Tex Con,Combustible,,,Fer,12614-A
12615,2025-10-27 00:00:00.000000000,Mechanic Shop,Andy,O'reilly,2 Batteries for truck VIN #0015,,,Fer,12615
12616,2025-10-28 00:00:00.000000000,Mechanic Shop,Andy,O'reilly,,,,Fer,12616
12617,2025-10-28 00:00:00.000000000,Mechanic Shop,Andy,O'reilly,Lights for Toyota (Hunter Truck),,,Fer,12617
12618,2025-10-28 00:00:00.000000000,Mechanic Shop,Ulises Rodriguez,Bobcat,Stock - 1 Greaser for Trackes of Mini Excavator / Oil filter wrench / 1 light,,,Fer,12618
12619,2025-10-28 00:00:00.000000000,Mechanic Shop,Fernando,O'reilly,PM Filters for truck VIN #4363,,,Fer,12619
12620,2025-10-28 00:00:00.000000000,Mechanic Shop,Fernando,O'reilly,PM Filters for truck VIN #4522,,,Fer,12620
12621,2025-10-28 00:00:00.000000000,Mechanic Shop,Fernando,Matheson,2 Cover for Welder Machines,,,Fer,12621
12622,2025-10-28 00:00:00.000000000,Mechanic Shop,Fernando,Leif Johnson Ford,4 Oxigen Sensor turck VIN #8857,,,Fer,12622
12622-A,2025-10-29 00:00:00.000000000,Mechanic Shop,Ulises Rodriguez,Tex Con,Combustible,,,Fer,12622-A
12623,2025-10-28 00:00:00.000000000,Mechanic Shop,Andy,O'reilly,Carburator for Toyota truck (Hunter truck),,,Fer,12623
12624,2025-10-29 00:00:00.000000000,Mechanic Shop,Ulises Rodriguez,Matheson,"Wire for welder machine, welding face cover, terminals, welding bars, guns (Ulises Truck)",,,Fer,12624
12625,2025-10-29 00:00:00.000000000,Mechanic Shop,Andy,Tex Con,Combustible,,,Fer,12625
12626,2025-10-29 00:00:00.000000000,Mechanic Shop,Ulises Rodriguez,Capitol Bearing,Hydraulic Hose Bobcat VIN #7504,,,Fer,12626
12627,2025-10-30 00:00:00.000000000,Mechanic Shop,Andy,Bobcat,Seal / Nuts / Stars / Valve / Bushing / Pin / Lift cylinders VIN #1375,,,Fer,12627
12628,2025-10-30 00:00:00.000000000,Mechanic Shop,Andy,Bobcat,Stock - Filters for PM ,,,Fer,12628
12629,2025-10-30 00:00:00.000000000,Mechanic Shop,Fernando,Matheson,"1 box of disc cutter 4"" / 4 disc for dewaste / 3 filler metal 7018 (1/8)",,,Fer,12629
12630,2025-10-30 00:00:00.000000000,Mechanic Shop,Andy,Tex Con,Transmition Oil / Combustible Truck #8857 (Tacho),,,Fer,12630
12631,2025-10-30 00:00:00.000000000,Mechanic Shop,Abel Hernandez,Tex Con,Combustible,,,Fer,12631
12632,2025-10-31 00:00:00.000000000,Mechanic Shop,Andy,Tex Con,Combustible Truck VIN #3241,,,Fer,12632
12633,2025-10-31 00:00:00.000000000,Mechanic Shop,Fernando,O'reilly,PM Filters for truck VIN #0799,,,Fer,12633
12634,2025-10-31 00:00:00.000000000,Mechanic Shop,Fernando,Tex Con,Combustible Truck VIN #3149,,,Fer,12634
12635,2025-11-01 00:00:00.000000000,Mechanic Shop,Fernando,O'reilly,1 Battery for truck VIN #7145,,,Fer,12635
12636,2025-11-01 00:00:00.000000000,Mechanic Shop,Fernando,Tex Con,Combustible Truck VIN #3241,,,Fer,12636
12637,2025-11-03 00:00:00.000000000,Mechanic Shop,Andy,Tex Con,Combustible for Shop,,,Fer,12637
12638,2025-11-03 00:00:00.000000000,Mechanic Shop,Fernando,Bobcat,Bob-Tach kit for VIN #1549,,,Fer,12638
12639,2025-11-03 00:00:00.000000000,Mechanic Shop,Fernando,Leif Johnson Ford,Differential parts for truck VIN #8269,,,Fer,12639
12640,2025-11-03 00:00:00.000000000,Mechanic Shop,Fernando,Leif Johnson Ford,Tailight  for truck VIN #3776,,,Fer,12640
12641,2025-11-04 00:00:00.000000000,Mechanic Shop,Abel Hernandez,Leos,Combustible,,,Fer,12641
12642,2025-11-04 00:00:00.000000000,Mechanic Shop,Andy,O'reilly,"4 Red Marker Lights 2.5""",,,Fer,12642
12643,2025-11-05 00:00:00.000000000,Mechanic Shop,Fernando,ACE Contractors,1 bundle of redwood / 10 bundles of rebar #5,,,Fer,12643
12644,2025-11-05 00:00:00.000000000,Mechanic Shop,Fernando,Leif Johnson Ford,"HD rotor, brake pads, calipers, Stabilizer bar, drag link,  end tie rod VIN #1117",,,Fer,12644
12645,2025-11-05 00:00:00.000000000,Mechanic Shop,Fernando,Leif Johnson Ford,"Stabilizer bar, draglink, end tie rod VIN #1275",,,Fer,12645
12646,2025-11-05 00:00:00.000000000,Mechanic Shop,Fernando,O'reilly,PM Filter truck VIN #5489,,,Fer,12646
12647,2025-11-06 00:00:00.000000000,Mechanic Shop,Fernando,O'reilly,1 Drum 55 gallons of AW32 / 1 Booster cable 20 ft / 5 antifreez tester,,,Fer,12647
12648,2025-11-06 00:00:00.000000000,Mechanic Shop,Fernando,Tex Con,Combustible for Truck VIN #3241,,,Fer,12648
12649,2025-11-07 00:00:00.000000000,Mechanic Shop,Andy,O'reilly,1 Air gun for Ulises Truck / air couplers,,,Fer,12649
12649-A,2025-11-07 00:00:00.000000000,Mechanic Shop,Fernando,Bobcat,2 Lift Cylinders - front side for VIN #1375 / 4 Decals for S750,,,Fer,12649-A
12650,2025-11-07 00:00:00.000000000,Mechanic Shop,Ulises Rodriguez,Leos,Combustible,,,Fer,12650
12651,2025-11-07 00:00:00.000000000,Mechanic Shop,Andy,O'reilly,3 Brake fluid,,,Fer,12651
12652,2025-11-10 00:00:00.000000000,Mechanic Shop,Fernando,Leif Johnson Ford,1 Radiator for Truck VIN # 1275,,,Fer,12652
12653,2025-11-10 00:00:00.000000000,Mechanic Shop,Andy,O'reilly,1 Battery for Bobcat VIN #1375 / Spool and ball for Pump,,,Fer,12653
12654,2025-11-10 00:00:00.000000000,Mechanic Shop,Fernando,Leif Johnson Ford,HD Rotor and brake pad for Truck #2086,,,Fer,12654
12655,2025-11-10 00:00:00.000000000,Mechanic Shop,Andy,Tex Con,Combustible,,,Fer,12655
12656,2025-11-10 00:00:00.000000000,Mechanic Shop,Fernando,O'reilly,1 Battery for Bobcat VIN #8827,,,Fer,12656
12657,2025-11-11 00:00:00.000000000,Mechanic Shop,Andy,Texas Fleet Supply,4 drums / 4 brakes for trailer VIN # 9438,,,Fer,12657
12658,2025-11-11 00:00:00.000000000,Mechanic Shop,Fernando,Tex Con,Combustible Truck VIN # 3241 / 4 cans of 5 gallons refill (for welding and general affairs,,,Fer,12658
12659,2025-11-11 00:00:00.000000000,Mechanic Shop,Mauricio Torres,Tex Con,Combustible for Transit Truck,,,Fer,12659
12660,2025-11-12 00:00:00.000000000,Mechanic Shop,Andy,O'reilly,12 green antifreez,,,Fer,12660
12661,2025-11-12 00:00:00.000000000,Mechanic Shop,Ulises Rodriguez,Tex Con,Combustible,,,Fer,12661
12662,2025-11-12 00:00:00.000000000,Mechanic Shop,Fernando,Bobcat,1 Starter / 2 gasket / 1 battery / 8 relays (differents machines),,,Fer,12662
12663,2025-11-12 00:00:00.000000000,Mechanic Shop,Andy,O'reilly,Stock - Lighs for bobcat / 25 Ft Heater Hose /,,,Fer,12663
12664,2025-11-12 00:00:00.000000000,Mechanic Shop,Fernando,O'reilly,Stock - PM Filter for truck F-350 ,,,Fer,12664
12665,2025-11-12 00:00:00.000000000,Mechanic Shop,Fernando,O'reilly,PM Filter for truck VIN #3241,,,Fer,12665
12666,2025-11-12 00:00:00.000000000,Mechanic Shop,Fernando,O'reilly,PM Filter for truck VIN #5249,,,Fer,12666
12667,2025-11-12 00:00:00.000000000,Mechanic Shop,Fernando,O'reilly,PM Filter for truck VIN #5401,,,Fer,12667
12668,2025-11-13 00:00:00.000000000,Mechanic Shop,Andy,O'reilly,2 pair of trailer led lights,,,Fer,12668
12669,2025-11-13 00:00:00.000000000,Mechanic Shop,Fernando,Bobcat,1 Cylinder for track for Mini Excavator VIN # 2669,,,Fer,12669
12670,2025-11-13 00:00:00.000000000,Mechanic Shop,Fernando,Bobcat,10 tooth / 10 pin flex / 3 neg. cable and 3 red cable (stock) ........ 1 gear pump and fitting for VIN # 4603,,,Fer,12670
12671,2025-11-13 00:00:00.000000000,Mechanic Shop,Fernando,Bobcat,Hydraulic Pump for Bobcat Track VIN # ,,,Fer,12671
12672,2025-11-13 00:00:00.000000000,Mechanic Shop,Abel Hernandez,Tex Con,Combustible,,,Fer,12672
12673,2025-11-13 00:00:00.000000000,Mechanic Shop,Fernando,Bobcat,4 tires for Bobcat VIN # 0118,,,Fer,12673
12674,2025-11-13 00:00:00.000000000,Mechanic Shop,Fernando,O'reilly,PM Filter for truck vin # 7969,,,Fer,12674
12675,2025-11-13 00:00:00.000000000,Mechanic Shop,Fernando,O'reilly,PM Filter for truck VIN # 7192,,,Fer,12675
12676,2025-11-14 00:00:00.000000000,Mechanic Shop,Fernando,Tex Con,Combustible Truck VIN # 3241,,,Fer,12676
12677,2025-11-14 00:00:00.000000000,Mechanic Shop,Andy,Matheson,5 filler metal both sizes / cutting disc box,,,Fer,12677
12678,2025-11-17 00:00:00.000000000,Mechanic Shop,Fernando,A-Lne,1 Pallet of DEF,,,Fer,12678
12679,2025-11-17 00:00:00.000000000,Mechanic Shop,Fernando,Leif Johnason Ford,1 Transmition for Truck VIN # 3488,,,Fer,12679
12680,2025-11-18 00:00:00.000000000,Mechanic Shop,Fernando,Bobcat,Decal for Mini Excavator VIN # 4070,,,Fer,12680
12681,2025-11-18 00:00:00.000000000,Mechanic Shop,Fernando,O'reilly,PM Filter for truck VIN # 4256,,,Fer,12681
12682,2025-11-18 00:00:00.000000000,Mechanic Shop,Andy,O'reilly,10 wiper fluid and 1 switch,,,Fer,12682
12683,2025-11-19 00:00:00.000000000,Mechanic Shop,Ulises Rodriguez,Tex Con,Combustible,,,Fer,12683
12684,2025-11-19 00:00:00.000000000,Mechanic Shop,Andy,Tex Con,Combustible,,,Fer,12684
12685,2025-11-19 00:00:00.000000000,Mechanic Shop,Fernando,Bobcat,Skid Steer filters for stock / 2 bowl filters cap for stock,,,Fer,12685
12686,2025-11-19 00:00:00.000000000,Mechanic Shop,Abel Hernandez,Leos,Combustible,,,Fer,12686
12687,2025-11-19 00:00:00.000000000,Mechanic Shop,Fernando,Tex Con,Combustible Truck VIN #3241,,,Fer,12687
12688,2025-11-20 00:00:00.000000000,Mechanic Shop,Andy,Tex Con,Combustible for Yard,,,Fer,12688
12689,2025-11-21 00:00:00.000000000,Mechanic Shop,Fernando,Leif Johnson Ford,4 HD Rotor / 2 Brake pad kit / Front Calipers Truck VIN #5188,,,Fer,12689
12690,2025-11-21 00:00:00.000000000,Mechanic Shop,Andy,Bobcat,O ring / Hose for Isidro Sanchez Bobcat VIN #8815,,,Fer,12690
12691,2025-11-21 00:00:00.000000000,Mechanic Shop,Fernando,Bobcat,Stock - Window / Cabin Bolts and washer / Horn / Bushing / Back Alarm ,,,Fer,12691
12692,2025-11-21 00:00:00.000000000,Mechanic Shop,Abel Hernandez,Leos,Combustible - Rudy's Truck VIN # 3488,,,Fer,12692
12693,2025-11-21 00:00:00.000000000,Mechanic Shop,Fernando,O'reilly,20 Grommet for stock 2.5 Inch,,,Fer,12693
12694,2025-11-22 00:00:00.000000000,Mechanic Shop,Fernando,Tex Con,Combustible Truck VIN #3241,,,Fer,12694
12695,2025-11-24 00:00:00.000000000,Mechanic Shop,Fernando,A-Line,8 Grommet / 1 trailer adapter Truck VIN #0742,,,Fer,12695
12696,2025-11-24 00:00:00.000000000,Mechanic Shop,Andy,O'reilly,1 LED Cube light for truck VIN #0742,,,Fer,12696
12697,2025-11-24 00:00:00.000000000,Mechanic Shop,Fernando,Leif Johnson Ford,1 Trialer switch for truck VIN #0742,,,Fer,12697
12698,2025-11-25 00:00:00.000000000,Mechanic Shop,Ulises Rodriguez,Tex Con,Combustible,,,Fer,12698
12699,2025-11-26 00:00:00.000000000,Mechanic Shop,Andy,Tex Con,Combustible Truck VIN #3241,,,Fer,12699
12700,2025-11-26 00:00:00.000000000,Mechanic Shop,Fernando,Bobcat,Module for Bobcat VIN # 8815,,,Fer,12700
12701,2025-11-28 00:00:00.000000000,Mechanic Shop,Fernando,O'reilly,Preventive Maintenance Truck VIN #4340,,,Fer,12701
12702,2025-11-28 00:00:00.000000000,Mechanic Shop,Fernando,O'reilly,Preventive Maintenance Truck VIN #2414,,,Fer,12702
12703,2025-11-28 00:00:00.000000000,Mechanic Shop,Fernando,O'reilly,Preventive Maintenance Truck VIN #2045,,,Fer,12703
12704,2025-12-01 00:00:00.000000000,Mechanic Shop,Andy,Tex Con,Gasoline for Shop,,,Fer,12704
12705,2025-12-01 00:00:00.000000000,Mechanic Shop,Andy,O'reilly,Lights for Trailer and Dump Truck,,,Fer,12705
12706,2025-12-01 00:00:00.000000000,Mechanic Shop,Fernando,Capitol Bearing,2 Hydraulic Hose for bobcat VIN # 9041,,,Fer,12706
12707,2025-12-01 00:00:00.000000000,Mechanic Shop,Ulises Rodriguez,Tex Con,Combustible,,,Fer,12707
12708,2025-12-01 00:00:00.000000000,Mechanic Shop,Fernando,O'reilly,4 Batteries for Water Truck VIN # 1638,,,Fer,12708
12709,2025-12-01 00:00:00.000000000,Mechanic Shop,Abel Hernandez,Tex Con,Combustible,,,Fer,12709
12710,2025-12-01 00:00:00.000000000,Mechanic Shop,Fernando,Leif Johnson Ford,Tailight reight side for truck VIN # 7969,,,Fer,12710
12711,2025-12-02 00:00:00.000000000,Mechanic Shop,Fernando,O'reilly,2 Pack of head lights bulbs,,,Fer,12711
12712,2025-12-02 00:00:00.000000000,Mechanic Shop,Fernando,ACE Constructors,20 bundles of rebar #4,,,Fer,12712
12713,2025-12-02 00:00:00.000000000,Mechanic Shop,Fernando,ACE Constructors,"Redwood 4"" and 6""",,,Fer,12713
12714,2025-12-02 00:00:00.000000000,Mechanic Shop,Fernando,O'reilly,2 Batteries for Truck VIN # 8020,,,Fer,12714
12714-A,2025-12-02 00:00:00.000000000,Mechanic Shop,Fernando,ACE Constractors,2 yellow safety diesel can / 5 clear replacement face shields,,,Fer,12714-A
12715,2025-12-03 00:00:00.000000000,Mechanic Shop,Fernando,O'reilly,6 Plug connector / 12 wiper blade,,,Fer,12715
12716,2025-12-04 00:00:00.000000000,Mechanic Shop,Andy,Tex Con,Combustible truck VIN # 3241,,,Fer,12716
12717,2025-12-05 00:00:00.000000000,Mechanic Shop,Fernando,Bobcat,PM Filters / Hydraulic hose / Tank Water and Cap,,,Fer,12717
12718,2025-12-06 00:00:00.000000000,Mechanic Shop,Rafael Perez,Tex Con,Combustible VAN Ford Transit - 350,,,Fer,12718
12719,2025-12-08 00:00:00.000000000,Mechanic Shop,Ulises Rodriguez,Bobcat,5 fittings for Brakers (connectors),,,Fer,12719
12720,2025-12-08 00:00:00.000000000,Mechanic Shop,Abel Hernandez,Tex Con,Combustible,,,Fer,12720
12721,2025-12-08 00:00:00.000000000,Mechanic Shop,Fernando,Tex Con,Combustible VIN # 3241,,,Fer,12721
12722,2025-12-09 00:00:00.000000000,Mechanic Shop,Fernando,Wuakesha Pearce Industries,10 Komatsu Machine keys,,,Fer,12722
12723,2025-12-09 00:00:00.000000000,Mechanic Shop,Ulises Rodriguez,Tex Con,Combustible,,,Fer,12723
12724,2025-12-09 00:00:00.000000000,Mechanic Shop,Fernando,O'reilly,1 Battery for Bobcat VIN # 2420,,,Fer,12724
12725,2025-12-09 00:00:00.000000000,Mechanic Shop,Fernando,O'reilly,2 Batteries for Mini Excavator VIN #20044 (Elroy),,,Fer,12725
12726,2025-12-10 00:00:00.000000000,Mechanic Shop,Fernando,Tex Con,Combustible truck VIN # 3241,,,Fer,12726
12727,2025-12-10 00:00:00.000000000,Mechanic Shop,Fernando,O'reilly,3 Maker Gasket and 6 Green antifreez,,,Fer,12727
12728,2025-12-10 00:00:00.000000000,Mechanic Shop,Andy,Capitol Bearing,1 Connector water for water truck VIN #1638,,,Fer,12728
12729,2025-12-10 00:00:00.000000000,Mechanic Shop,Abel Hernandez,Tex Con,Combustible,,,Fer,12729
12730,2025-12-10 00:00:00.000000000,Mechanic Shop,Fernando,O'reilly,2 Pack of lithium batteries for key control trucks,,,Fer,12730
12731,2025-12-10 00:00:00.000000000,Mechanic Shop,Fernando,ACE Contractors,Tools and Meterials for new Crew Trailer VIN # 2789,,,Fer,12731
12732,2025-12-10 00:00:00.000000000,Mechanic Shop,Fernando,Bobcat,Stock - 3 Selenoide valve for stock / washer / spring / cuoples,,,Fer,12732
12733,2025-12-11 00:00:00.000000000,Mechanic Shop,Andy,Tex Con,Gasoline for shop,,,Fer,12733
12734,2025-12-11 00:00:00.000000000,Mechanic Shop,Fernando,Bobcat,2 Hose Breaker Block (For model ST-770),,,Fer,12734
12735,2025-12-11 00:00:00.000000000,Mechanic Shop,Fernando,Leif Johnson Ford,Preventive Maintenance Truck VIN # 9203,,,Fer,12735
12736,2025-12-12 00:00:00.000000000,Mechanic Shop,Andy,Capitol Bearing,1 Hose for bobcat VIN # 1852,,,Fer,12736
12737,2025-12-12 00:00:00.000000000,Mechanic Shop,Fernando,O'reilly,Preventive Maintenance Truck VIN # 8020,,,Fer,12737
12738,2025-12-12 00:00:00.000000000,Mechanic Shop,Fernando,Arnold Oil Company,2 drums of 15 w40 oil,,,Fer,12738
12739,2025-12-12 00:00:00.000000000,Mechanic Shop,Fernando,O'reilly,Preventive Maintenance Truck VIN # 1790,,,Fer,12739
12740,2025-12-13 00:00:00.000000000,Mechanic Shop,Fernando,Tex con,5 Bucket of Oil 15 w40 syntethic,,,Fer,12740
12741,2025-12-15 00:00:00.000000000,Mechanic Shop,Fernando,Tex con,Combustible truck VIN #3241,,,Fer,12741
12742,2025-12-15 00:00:00.000000000,Mechanic Shop,Fernando,Leif Johnson Ford,Catalizer truck VIN # 3149,,,Fer,12742
12743,2025-12-16 00:00:00.000000000,Mechanic Shop,Fernando,Bobcat,2 Spool lift / 2 Solenoide (VIN #1375),,,Fer,12743
12744,2025-12-16 00:00:00.000000000,Mechanic Shop,Fernando,Bobcat,1 Starter for Bobcat VIN # 4567,,,Fer,12744
12745,2025-12-16 00:00:00.000000000,Mechanic Shop,Fernando,Bobcat,,,,Fer,12745
12746,2025-12-16 00:00:00.000000000,Mechanic Shop,Fernando,O'reilly,1 Battery for welder machine - Jesus Lopez,,,Fer,12746
12747,2025-12-16 00:00:00.000000000,Mechanic Shop,Fernando,Central Texas Equipment,1 Plate compactor,,,Fer,12747
12748,2025-12-17 00:00:00.000000000,Mechanic Shop,Fernando,ACE Contractors,"40 Bundles of rebar #3 / 450 red wood 6"" / 20 bundles of rebar #5",,,Fer,12748
12749,2025-12-17 00:00:00.000000000,Mechanic Shop,Fernando,O'reilly,"2 Rotor, brakes pad and 2 wheel seals front side Truck VIN #8269",,,Fer,12749
12750,2025-12-17 00:00:00.000000000,Mechanic Shop,Fernando,Leif Johnson Ford,1 Water Hose Truck VIN #2086,,,Fer,12750
12751,2025-12-17 00:00:00.000000000,Mechanic Shop,Fernando,Tex Con,Combustible truck VIN # 3241,,,Fer,12751
12752,2025-12-17 00:00:00.000000000,Mechanic Shop,Fernando,O'reilly,PM Filters VIN #8269 / 2 Steering wheel cover (1 ulises / 1 Daniel),,,Fer,12752
12752-A,2025-12-18 00:00:00.000000000,Mechanic Shop,Fernando,O'reilly,2 Hitch for trailer,,,Fer,12752-A
12753,2025-12-17 00:00:00.000000000,Mechanic Shop,Fernando,O'reilly,Bulb lights 2 models and sizes,,,Fer,12753
12754,2025-12-17 00:00:00.000000000,Mechanic Shop,Andy Hernandez,Tex Con,Gasoline for Shop,,,Fer,12754
12755,2025-12-17 00:00:00.000000000,Mechanic Shop,Andy Hernandez,Matheson,Welding bars / Cables for welder / kit for PM Welder ,,,Fer,12755
12756,2025-12-17 00:00:00.000000000,Mechanic Shop,Fernando,Bobcat,2 Valve for Hydraulic Pump (VIN #1375) / 21 differents filter for Skid Steer PM,,,Fer,12756
12757,2025-12-17 00:00:00.000000000,Mechanic Shop,Andy Hernandez,ACE Contractors,2 Box of Black Poly Roll 6 mil 20x100 (Cover all materials and tools (out side),,,Fer,12757
12758,2025-12-18 00:00:00.000000000,Mechanic Shop,Fernando,Leif Johnson Ford,2 water pump / pulley / thermostates / housing for thermosatate / belt / Hose for Truck VIN # 8919,,,Fer,12758
12759,2025-12-19 00:00:00.000000000,Mechanic Shop,Ulises Rodriguez,Tex Con,Combustible,,,Fer,12759
12760,2025-12-19 00:00:00.000000000,Mechanic Shop,Fernando,Tex Con,Combustible truck VIN # 3241,,,Fer,12760
12761,2025-12-20 00:00:00.000000000,Mechanic Shop,Fernando,O'reilly,Preventive Maintenance Truck  VIN #4448,,,Fer,12761
12762,2025-12-20 00:00:00.000000000,Mechanic Shop,Fernando,O'reilly,Preventive Maintenance Truck  VIN #4363,,,Fer,12762
12763,2025-12-20 00:00:00.000000000,Mechanic Shop,Fernando,O'reilly,Preventive Maintenance Truck  VIN #0015,,,Fer,12763
12764,2025-12-20 00:00:00.000000000,Mechanic Shop,Fernando,O'reilly,Preventive Maintenance Truck  VIN #5517,,,Fer,12764
12765,2025-12-22 00:00:00.000000000,Mechanic Shop,Fernando,O'reilly,Car Wash (towels / soap / sponge),,,Fer,12765
12766,2025-12-23 00:00:00.000000000,Mechanic Shop,Fernando,A-Line Auto Parts,12 gallons of 50:1 Premium gasoline - oil,,,Fer,12766
12767,2025-12-26 00:00:00.000000000,Mechanic Shop,Fernando,Leif Johnson Ford,Gasket for truck VIN #8919 / Mounting and Decal Truck VIN #4340 / 1 Handle Truck VIN #3776,,,Fer,12767
12768,2025-12-29 00:00:00.000000000,Mechanic Shop,Andy Hernandez,Tex Con,Combustible truck VIN # 3241,,,Fer,12768
12769,2025-12-29 00:00:00.000000000,Mechanic Shop,Andy Hernandez,Central Texas Equipment,"1 GAS SPRING / 1 AIR HOSE 3/4"" X 50FT / ",,,Fer,12769
12770,2025-12-29 00:00:00.000000000,Mechanic Shop,Andy Hernandez,Bobcat,2 Actuator VIN #4567 / 1 Support Lift Arm VIN # 0521,,,Fer,12770
12771,2025-12-29 00:00:00.000000000,Mechanic Shop,Abel Hernandez,Leif Johnson Ford,1 Actuator for truck VIN # 7969,,,Fer,12771
12771,2025-12-30 00:00:00.000000000,Mechanic Shop,Mauricio,Tex Con,Gasoline for VAN,,,Fer,12771
12772,2025-12-30 00:00:00.000000000,Mechanic Shop,Abel Hernandez,Leif Johnson Ford,Gasket and sensor Truck VIN #8919 / Water Hose,,,Fer,12772
12773,2025-12-31 00:00:00.000000000,Mechanic Shop,Abel Hernandez,Leif Johnson Ford,Cylinder head cover #3149 / tube assembly and camshaft sensor VIN #8919 / 1 window sensor VIN #1117,,,Fer,12773
12774,2025-12-31 00:00:00.000000000,Mechanic Shop,Abel Hernandez,Tex Con,Combustible,,,Fer,12774
12775,2025-12-31 00:00:00.000000000,Mechanic Shop,Andy Hernandez,Leif Johnson Ford,Intake Gaskets VIN #3149,,,Fer,12775
12776,2025-12-31 00:00:00.000000000,Mechanic Shop,Andy Hernandez,Bobcat,Pin / bushing /  switch igntion and rotary / gas sping / handle / lift arm / clamp Mini Exc VIN # 1314,,,Fer,12776
12777,2025-01-01 00:00:00.000000000,Mechanic Shop,Andy Hernandez,Oreilly's,2 Trailer connnector 7 pins,,,Fer,12777
12778,2026-01-01 00:00:00.000000000,Mechanic Shop,Andy Hernandez,Oreilly's,Trailer lights / scraper / carwash soap,,,Fer,12778
12779,2026-01-01 00:00:00.000000000,Mechanic Shop,Andy Hernandez,Oreilly's,License plate lens,,,Fer,12779
12779-A,2026-01-01 00:00:00.000000000,Mechanic Shop,Andy Hernandez,Tex Con,Combustible Truck VIN #3241,,,Fer,12779-A
12780,2026-01-02 00:00:00.000000000,Mechanic Shop,Abel Hernandez,Leif Johnson Ford,Transmission for VIN #5401 / Oil Cooler / Transmition Oil,,,Fer,12780
12781,2026-01-02 00:00:00.000000000,Mechanic Shop,Abel Hernandez,Bobcat,Kit Cushion / Diesel caps / Rotary switch / Knob,,,Fer,12781
12782,2026-01-03 00:00:00.000000000,Mechanic Shop,Andy Hernandez,Oreilly's,3 Fuel filters for F350,,,Fer,12782
12783,2026-01-05 00:00:00.000000000,Mechanic Shop,Ulises Rodriguez,Tex Con,Combustible,,,Fer,12783
12784,2026-01-05 00:00:00.000000000,Mechanic Shop,Fernando,Bobcat,Service Manual ,,,Fer,12784
12785,2026-01-05 00:00:00.000000000,Mechanic Shop,Fernando,Oreilly's,2 exterior mirror for Dump Truck vin # 6121 ------ CANCELLLED NOT IN STOCK,,,Fer,12785
12786,2026-01-05 00:00:00.000000000,Mechanic Shop,Fernando,A-Line,1 Drum of 50:1 mixed fuel oil,,,Fer,12786
12787,2026-01-06 00:00:00.000000000,Mechanic Shop,Andy Hernandez,Tex Con,Combustible Truck VIN #3241,,,Fer,12787
12788,2026-01-06 00:00:00.000000000,Mechanic Shop,Andy Hernandez,Matheson,Refill Oxigen and Acetylene Tanlk / Welding Point,,,Fer,12788
12789,2026-01-06 00:00:00.000000000,Mechanic Shop,Fernando,Oreilly's,1 Battery for Bobcat of 183 yard VIN #,,,Fer,12789
12790,2026-01-06 00:00:00.000000000,Mechanic Shop,Andy Hernandez,A- Line,2 degreaser,,,Fer,12790
12791,2026-01-06 00:00:00.000000000,Mechanic Shop,Andy Hernandez,Central Texas Equipment,2 Air Hammer fixed,,,Fer,12791
12792,2026-01-06 00:00:00.000000000,Mechanic Shop,Abel Hernandez,Oreilly's,1 Battery for Mini Excavator VIN #2831,,,Fer,12792
12793,2026-01-06 00:00:00.000000000,Mechanic Shop,Fernando,Oreilly's,15 antifreez green color / 15 antifreez yellow color,,,Fer,12793
12794,2026-01-06 00:00:00.000000000,Mechanic Shop,Fernando,Leif Johnson Ford,1 Red Markers (Body Paint),,,Fer,12794
12795,2026-01-06 00:00:00.000000000,Mechanic Shop,Fernando,Oreilly's,4 Fast Orange Hand Cleaner,,,Fer,12795
12796,2026-01-07 00:00:00.000000000,Mechanic Shop,Fernando,Leif Johnson Ford,PM Filters for Truck VIN #5563,,,Fer,12796
12797,2026-01-07 00:00:00.000000000,Mechanic Shop,Andy Hernandez,Bobcat,1 Fuel Pump / 1 gasket (VIN # 6379) / 6 Couplers,,,Fer,12797
12798,2026-01-07 00:00:00.000000000,Mechanic Shop,Abel,Oreilly's,Fuel Pump for truck VIN # 8919,,,Fer,12798
12799,2026-01-07 00:00:00.000000000,Mechanic Shop,Fernando,Oreilly's,5 Trailer connectors,,,Fer,12799
12800,2026-01-08 00:00:00.000000000,Mechanic Shop,Fernando,Oreilly's,PM filters for truck VIN #8919,,,Fer,12800
12801,2026-01-08 00:00:00.000000000,Mechanic Shop,Fernando,ACE Contractors,5 orange flags / 2 tapes red color and yellow color (caution and danger),,,Fer,12801
12802,2026-01-08 00:00:00.000000000,Mechanic Shop,Fernando,Bobcat,1 Seat for Bobcat S300 VIN # 6379,,,Fer,12802
12803,2026-01-09 00:00:00.000000000,Mechanic Shop,Abel,Tex Con,Combustible VIN # 8919,,,Fer,12803
12803-A,2026-01-09 00:00:00.000000000,Mechanic Shop,Andy,Bobcat,Decals for Bobcat VIN # 6379 / 2 lift arm (safety bars),,,Fer,12803-A
12804,2026-01-09 00:00:00.000000000,Mechanic Shop,Andy,Tex Con,Combustible VIN # 3241,,,Fer,12804
12805,2026-01-09 00:00:00.000000000,Mechanic Shop,Fernando,Oreilly's,2 Head Lights Dump Truck VIN # 8171,,,Fer,12805
12806,2026-01-09 00:00:00.000000000,Mechanic Shop,Fernando,Bobcat,1 Lift Cylinder / 1 Bobtach / Bobtach kit VIN # 3563,,,Fer,12806
12807,2026-01-09 00:00:00.000000000,Mechanic Shop,Fernando,Oreilly's,15 Wiper Fluid,,,Fer,12807
12808,2026-01-09 00:00:00.000000000,Mechanic Shop,Fernando,ACE Contractors,1 Walk Behind for Zamarripa's Crew,,,Fer,12808
12809,2026-01-09 00:00:00.000000000,Mechanic Shop,Abel,Bobcat,Diesel Plstic Pin Holder VIN # 0115,,,Fer,12809
12810,2026-01-09 00:00:00.000000000,Mechanic Shop,Fernando,Leif Johnson Ford,Rack and Pinion Gear / 2 HUB front side / 2 Spindle Rod Truck VIN # 3488,,,Fer,12810
12811,2026-01-09 00:00:00.000000000,Mechanic Shop,Fernando,Bobcat,Stock - 13 Teeth and 13 Pins / 2 Complete Teeth Kit,,,Fer,12811
12812,2026-01-13 00:00:00.000000000,Mechanic Shop,Ulises Rodriguez,Tex Con,Combustible,,,Fer,12812
12813,2026-01-13 00:00:00.000000000,Mechanic Shop,Fernando,Oreilly's,3 electrical cleaners,,,Fer,12813
12814,2026-01-13 00:00:00.000000000,Mechanic Shop,Abel,Tex Con,Combustible,,,Fer,12814
12815,2026-01-13 00:00:00.000000000,Mechanic Shop,Fernando,Leif Johnson Ford,8 Oring for Injectors / Trainmition Hose VIN # 8626,,,Fer,12815
12816,2026-01-13 00:00:00.000000000,Mechanic Shop,Fernando,Leif Johnson Ford,Tail Lights right side VIN # 5188,,,Fer,12816
12817,2026-01-13 00:00:00.000000000,Mechanic Shop,Fernando,Leif Johnson Ford,4 Wheel Cover for stock,,,Fer,12817
12818,2026-01-13 00:00:00.000000000,Mechanic Shop,Fernando,Oreilly's,PM Filters for Truck VIN # 5188,,,Fer,12818
12819,2026-01-13 00:00:00.000000000,Mechanic Shop,Fernando,Oreilly's,PM Filters for Truck VIN # 3241,,,Fer,12819
12820,2026-01-13 00:00:00.000000000,Mechanic Shop,Fernando,Oreilly's,PM Filters for Truck VIN # 2811,,,Fer,12820
12821,2026-01-13 00:00:00.000000000,Mechanic Shop,Fernando,Oreilly's,PM Filters for Truck VIN # 0039,,,Fer,12821
12822,2026-01-13 00:00:00.000000000,Mechanic Shop,Fernando,Oreilly's,PM Filters for Truck VIN # 8857,,,Fer,12822
12823,2026-01-14 00:00:00.000000000,Mechanic Shop,Andy,Bobcat,1 Battery for Mini Excavator VIN # 5483,,,Fer,12823
12824,2026-01-14 00:00:00.000000000,Mechanic Shop,Fernando,Tex Con,Combustible,,,Fer,12824
12825,2026-01-14 00:00:00.000000000,Mechanic Shop,Fernando,Oreilly's,2 Batteries for truck VIN # 1117,,,Fer,12825
12826,2026-01-15 00:00:00.000000000,Mechanic Shop,Fernando,Oreilly's,PM Filters for Truck VIN # 8626,,,Fer,12826
12827,2026-01-15 00:00:00.000000000,Mechanic Shop,Fernando,Leif Johnson Ford,1 Starter for truck VIN # 1117,,,Fer,12827
12827-A,2026-01-15 00:00:00.000000000,Mechanic Shop,Fernando,Leif Johnson Ford,2 rotor / 2 wheeel seal / 1 brake pad (rear side)  for truck VIN # 8269,,,Fer,12827-A
12828,2026-01-15 00:00:00.000000000,Mechanic Shop,Andy,Tex Con,Diesel in 2 cans for truck VIN # 8626,,,Fer,12828
12829,2026-01-15 00:00:00.000000000,Mechanic Shop,Fernando,Oreilly's,4 Oil Absorbent 40 lb,,,Fer,12829
12830,2026-01-15 00:00:00.000000000,Mechanic Shop,Fernando,Oreilly's,PM Filters for Truck VIN # 4695 (MFO),,,Fer,12830
12831,2026-01-15 00:00:00.000000000,Mechanic Shop,Abraham Gonzalez,Tex Con,Combustible truck VIN #8020,,,Fer,12831
12832,2026-01-16 00:00:00.000000000,Mechanic Shop,Fernando,Matheson,"20 lb of electrode 6011 / 2 box cutting disc 4"" / 1 gloves / 5 norton wheel / 5 norton blade",,,Fer,12832
12833,2026-01-16 00:00:00.000000000,Mechanic Shop,Abel Hernandez,Tex Con,Combustible,,,Fer,12833
12834,2026-01-16 00:00:00.000000000,Mechanic Shop,Fernando,Oreilly's,1 air filter / 1 oil filter / 2 gallons of AT oil,,,Fer,12834
12835,2026-01-19 00:00:00.000000000,Mechanic Shop,Fernando,Leif Johnson Ford,Diesel Pump VIN # 8919 / 4 seal for truck VIN #8020,,,Fer,12835
12836,2026-01-20 00:00:00.000000000,Mechanic Shop,Fernando,Oreilly's,1 Battery for Led Light VIN # 1017,,,Fer,12836
12837,2026-01-20 00:00:00.000000000,Mechanic Shop,Fernando,Oreilly's,12 red antifreez / 6 green antifreez,,,Fer,12837
12838,2026-01-20 00:00:00.000000000,Mechanic Shop,Andy,Tex Con,Combustible Truck VIN # 3241,,,Fer,12838
12839,2026-01-20 00:00:00.000000000,Mechanic Shop,Abel Hernandez,Capitol Bearing,80 Ft hydraulic hose #10 / 13 fitting,,,Fer,12839
12840,2026-01-20 00:00:00.000000000,Mechanic Shop,Fernando,ACE Constructors,Materials and Tools for New Foreman Trailer VIN #,,,Fer,12840
12841,2026-01-21 00:00:00.000000000,Mechanic Shop,Andy,Tex Con,Combustible for Shop,,,Fer,12841
12842,2026-01-21 00:00:00.000000000,Mechanic Shop,Fernando,Oreilly's,2 Batteries for Truck VIN # 6288 (Rudy's Truck),,,Fer,12842
12843,2026-01-21 00:00:00.000000000,Mechanic Shop,Fernando,Oreilly's,1 light H11 for truck VIN # 4363,,,Fer,12843
12844,2026-01-22 00:00:00.000000000,Mechanic Shop,Andy,ACE Constructors,1 Graiger for Ulises Rodriguez (Mechanic),,,Fer,12844
12845,2026-01-22 00:00:00.000000000,Mechanic Shop,Abel,Tex Con,Combustible,,,Fer,12845
12846,2026-01-22 00:00:00.000000000,Mechanic Shop,Ulises,Tex Con,Combustible,,,Fer,12846
12847,2026-01-23 00:00:00.000000000,Mechanic Shop,Fernando,Bobcat,Parts for wheel hub and shaft for skid steer VIN # 5796,,,Fer,12847
12848,2026-01-23 00:00:00.000000000,Mechanic Shop,Fernando,Oreilly's,25 Differents types of marker lights (red and yellow / many sizes),,,Fer,12848
12849,2026-01-23 00:00:00.000000000,Mechanic Shop,Fernando,Leif Johnson Ford,2 Female connector - to trailer (VIN # 4340) / 1 stock / 2 tail lights stock,,,Fer,12849
12850,2026-01-23 00:00:00.000000000,Mechanic Shop,Fernando,Oreilly's,PM Filters and oil Truck VIN # 0799,,,Fer,12850
12851,2026-01-23 00:00:00.000000000,Mechanic Shop,Fernando,Oreilly's,PM Filters Truck VIN # 2775,,,Fer,12851
12852,2026-01-23 00:00:00.000000000,Mechanic Shop,Fernando,Oreilly's,PM Filters Truck VIN # 4200,,,Fer,12852
12853,2026-01-23 00:00:00.000000000,Mechanic Shop,Fernando,Oreilly's,PM Filters Truck VIN # 1275,,,Fer,12853
12854,2026-01-23 00:00:00.000000000,Mechanic Shop,Abel Hernandez,Oreilly's,Lights for Avisai Trailer VIN # 9218,,,Fer,12854
12855,2026-01-23 00:00:00.000000000,Mechanic Shop,Fernando,Oreilly's,5 Kit of Red Tail Light for Trailer / 10 Wiper Blades,,,Fer,12855
12856,2026-01-24 00:00:00.000000000,Mechanic Shop,Fernando,Oreilly's,5 differents types of fuses / 1 air filter / 1 cabin air filter,,,Fer,12856
12857,2026-01-27 00:00:00.000000000,Mechanic Shop,Andy,Leos,Combustible,,,Fer,12857
12858,2026-01-27 00:00:00.000000000,Mechanic Shop,Ulises,Tex Con,Combustible,,,Fer,12858
12859,2026-01-27 00:00:00.000000000,Mechanic Shop,Andy,Anderson Machinery Co,2 Cylinders for Roller VIN # 0460,,,Fer,12859
12860,2026-01-27 00:00:00.000000000,Mechanic Shop,Fernando,Bobcat,3 Air Filters / 2 Kit tooth / 10 bolts and 10 nut,,,Fer,12860
12860-A,2026-01-27 00:00:00.000000000,Mechanic Shop,Abel Hernandez,Oreilly's,Hydraulic Oil for Bobcat VIN # 4762,,,Fer,12860-A
12861,2026-01-27 00:00:00.000000000,Mechanic Shop,Fernando,Leif Johnson Ford,1 Lamp Asy for VIN # 5517,,,Fer,12861
12862,2026-01-27 00:00:00.000000000,Mechanic Shop,Fernando,Leif Johnson Ford,1 Lamp Asy for VIN # 2086,,,Fer,12862
12863,2026-01-27 00:00:00.000000000,Mechanic Shop,Fernando,Bobcat,1 Battery / 2 belts / 2 solenoide for S750,,,Fer,12863
12864,2026-01-27 00:00:00.000000000,Mechanic Shop,Fernando,Bobcat,2 belts for Skid Steer S770,,,Fer,12864
12865,2026-01-27 00:00:00.000000000,Mechanic Shop,Fernando,Bobcat,1 Battery for Skid Steer VIN # 1375,,,Fer,12865
12866,2026-01-28 00:00:00.000000000,Mechanic Shop,Fernando,Oreilly's,PM Filter for truck VIN # 3149,,,Fer,12866
12867,2026-01-28 00:00:00.000000000,Mechanic Shop,Andy,Bobcat,1 Battery for Mini Excavator #331 - Returned (They give us too old battery - March 25),7269858,,Fer,12867
12868,2026-01-28 00:00:00.000000000,Mechanic Shop,Fernando,Leif Johnson Ford,Front Shock Absorber for Truck VIN #7145,,,Fer,12868
12869,2026-01-28 00:00:00.000000000,Mechanic Shop,Fernando,Leif Johnson Ford,2 Spring for truck VIN #6288,,,Fer,12869
12870,2026-01-28 00:00:00.000000000,Mechanic Shop,Fernando,Arnold Oil Company,1 drum 55 gallons of 15W40 for PM Maintenance,,,Fer,12870
12871,2026-01-28 00:00:00.000000000,Mechanic Shop,Fernando,Tex Con,Combustible truck VIN #3488,,,Fer,12871
12872,2026-01-28 00:00:00.000000000,Mechanic Shop,Fernando,Oreilly's,18 Red Antifreez for dump truck VIN # 5737 and VIN # 5026,,,Fer,12872
12873,2026-01-29 00:00:00.000000000,Mechanic Shop,Fernando,Capitol Bearing,1 Hose for Mini Excavator VIN #5010,,,Fer,12873
12874,2026-01-29 00:00:00.000000000,Mechanic Shop,Abel Hernandez,Tex Con,Combustible,,,Fer,12874
12875,2026-01-29 00:00:00.000000000,Mechanic Shop,Fernando,Bobcat,1 Coupler FF and Male of each one (Bobcat and breaker hose),,,Fer,12875
12876,2026-01-29 00:00:00.000000000,Mechanic Shop,Fernando,Bobcat,1 Battery for Skid Steer / 1 Battery for Mini Excavator 331 (VIN # 7127),,,Fer,12876
12877,2026-01-30 00:00:00.000000000,Mechanic Shop,Fernando,Tex Con,3 Greaser gun / 1 box of grease,,,Fer,12877
12878,2026-01-30 00:00:00.000000000,Mechanic Shop,Andy,Tex Con,Combustible fro truck VIN # 3241,,,Fer,12878
12879,2026-01-30 00:00:00.000000000,Mechanic Shop,Fernando,Oreilly's,3 bulb lights H11 / 3 Bulb lights H7,,,Fer,12879
12880,2026-01-30 00:00:00.000000000,Mechanic Shop,Andy,Tex Con,Combustible for Shop,,,Fer,12880
12881,2026-01-30 00:00:00.000000000,Mechanic Shop,Andy,,Clamps,,,Fer,12881
12882,2026-01-30 00:00:00.000000000,Mechanic Shop,Fernando,Oreilly's,2 gallons of 5w20 oil and 2 gallons of 5w30 oil,,,Fer,12882
12883,2026-02-02 00:00:00.000000000,Mechanic Shop,Fernando,Leif Johnson Ford,2 Relays for Dump Truck VIN # 1010,,,Fer,12883
12884,2026-02-02 00:00:00.000000000,Mechanic Shop,Fernando,Leif Johnson Ford,Parts for Rudy's Friend (Ford F-150) / Control Trafficc Inspector Worker,,,Fer,12884
12885,2026-02-02 00:00:00.000000000,Mechanic Shop,Fernando,Oreilly's,1 Hydraulic oil AW32 - 55 Gallons / 5 sunshade,,,Fer,12885
12886,2026-02-02 00:00:00.000000000,Mechanic Shop,Fernando,Bobcat,"3 Oil Pressure Switch - Stock  / 1 shaft axle, bearing, seal, cups, star, chain Bobcat VIN # 5796",,,Fer,12886
12887,2026-02-03 00:00:00.000000000,Mechanic Shop,Ulises Rodriguez,Tex Con,Combustible,,,Fer,12887
12888,2026-02-03 00:00:00.000000000,Mechanic Shop,Andy,ACE Contractors,5 Electric Cord for Tools,,,Fer,12888
12889,2026-02-03 00:00:00.000000000,Mechanic Shop,Fernando,Capitol Bearing,Hydraulic hose #12 for Bobcat S300 VIN # 6379,,,Fer,12889
12890,2026-02-04 00:00:00.000000000,Mechanic Shop,Andy,Tex Con,Combustible,,,Fer,12890
12890-A,2026-02-04 00:00:00.000000000,Mechanic Shop,Fernando,Bobcat,Parts for Skid Steer VIN # 6379 / VIN # 4567,,,Fer,12890-A
12891,2026-02-04 00:00:00.000000000,Mechanic Shop,Fernando,Bobcat,Link Assembly for Mini Excavator VIN #1567,,,Fer,12891
12891-A,2026-02-05 00:00:00.000000000,Mechanic Shop,Fernando,Leif Johnson Ford,2 tailing lights for spare (old trucks) / 2 fog lights for truck VIN # ,,,Fer,12891-A
12892,2026-02-05 00:00:00.000000000,Mechanic Shop,Andy,Tex Con,Combustible,,,Fer,12892
12893-A,2026-02-05 00:00:00.000000000,Mechanic Shop,Andy,Tex Con,Combustible for Shop,,,Fer,12893-A
12893,2026-02-05 00:00:00.000000000,Mechanic Shop,Andy,Anderson Machinery Co,1 Emergency pump Roller VIN # 1739,,,Fer,12893
12894,2026-02-05 00:00:00.000000000,Mechanic Shop,Fernando,Oreilly's,PM Filters for TRuck VIN #3776,,,Fer,12894
12895,2026-02-05 00:00:00.000000000,Mechanic Shop,Fernando,Bobcat,Couplers for stock 25 (4 types) / 4 decals ,,,Fer,12895
12896,2026-02-05 00:00:00.000000000,Mechanic Shop,Fernando,Bobcat,Spool for Bobcat S300 and kit repair VIN # 6379,,,Fer,12896
12897,2026-02-05 00:00:00.000000000,Mechanic Shop,Fernando,Bobcat,,,,Fer,12897
12898,2026-02-05 00:00:00.000000000,Mechanic Shop,Andy,Oreilly's,,,,Fer,12898
12899,2026-02-05 00:00:00.000000000,Mechanic Shop,Fernando,Leif Johnson Ford,PM filters for truck VIN # 2076,,,Fer,12899
12900,2026-02-06 00:00:00.000000000,Mechanic Shop,Andy,Tex Con,Combustible,,,Fer,12900
12901,2026-02-06 00:00:00.000000000,Mechanic Shop,Fernando,Oreilly's,12 Quaters of 10 w30 oil,,,Fer,12901
12902,2026-02-07 00:00:00.000000000,Mechanic Shop,Fernando,Oreilly's,4 small batteries for Generators,,,Fer,12902
12903,2026-02-09 00:00:00.000000000,Mechanic Shop,Fernando,Bobcat,Trackes for Mini Excavator # 2004210,,,Fer,12903
12904,2026-02-09 00:00:00.000000000,Mechanic Shop,Abel Hernandez,Tex Con,Combustible,,,Fer,12904
12905,2026-02-10 00:00:00.000000000,Mechanic Shop,Ulises Rodriguez,Tex Con,Combustible,,,Fer,12905
12906,2026-02-10 00:00:00.000000000,Mechanic Shop,Andy,Tex Con,Combustible,,,Fer,12906
12907,2026-02-11 00:00:00.000000000,Mechanic Shop,Fernando,Oreilly's,3 Kits of Trailer Lights,,,Fer,12907
12908,2026-02-11 00:00:00.000000000,Mechanic Shop,Fernando,Bobcat,Cabin Mount for Mini Excavator # 2004132,,,Fer,12908
12909,2026-02-11 00:00:00.000000000,Mechanic Shop,Fernando,Bobcat,Hydraulic Hose for Skid Steer # 2004146,,,Fer,12909
12910,2026-02-11 00:00:00.000000000,Mechanic Shop,Andy,A-Line,Butt connectors differents sizes,,,Fer,12910
12911,2026-02-11 00:00:00.000000000,Mechanic Shop,Andy,Tex Con,Shop -  Gasoline,,,Fer,12911
12912,2026-02-12 00:00:00.000000000,Mechanic Shop,Fernando,Leif Johnson Ford,1 Housing Oil Filter Gasket Truck VIN #8919,,,Fer,12912
12913,2026-02-12 00:00:00.000000000,Mechanic Shop,Andy,Bobcat,Parts for Bobcat MIni # 2004132,,,Fer,12913
12914,2026-02-12 00:00:00.000000000,Mechanic Shop,Andy,Anderson Machinery Co,10 key ignition for Bomag Roller,,,Fer,12914
12915,2026-02-12 00:00:00.000000000,Mechanic Shop,Fernando,Oreilly's,"12 Windshield fluid / 14 Wiper blades 22""",,,Fer,12915
12916,2026-02-12 00:00:00.000000000,Mechanic Shop,Fernando,Oreilly's,PM Filters Truck VIN # 4522,,,Fer,12916
12917,2026-02-12 00:00:00.000000000,Mechanic Shop,Fernando,Oreilly's,PM Filters Truck VIN # 2230,,,Fer,12917
12918,2026-02-13 00:00:00.000000000,Mechanic Shop,Fernando,Oreilly's,"PM Filters Truck VIN # 4363 / 10 Electrical Tape 3/4""",,,Fer,12918
12919,2026-02-13 00:00:00.000000000,Mechanic Shop,Fernando,Tex Con,Combustible,,,Fer,12919
12920,2026-02-13 00:00:00.000000000,Mechanic Shop,Fernando,Bobcat,2 Belts / 2 Tensiones / Bolts / Washer / Nuts,,,Fer,12920
12921,2026-02-13 00:00:00.000000000,Mechanic Shop,Fernando,Bobcat,2 Hydraulic hose for Bobcat # 2004146,,,Fer,12921
12922,2026-02-13 00:00:00.000000000,Mechanic Shop,Andy Hernandez,Oreilly's,10 Pck of bulbs for truck,,,Fer,12922
12923,2026-02-13 00:00:00.000000000,Mechanic Shop,Fernando,ACE Contractors,"192 redwood 1' x 6"" x16 feet",,,Fer,12923
12924,2026-02-13 00:00:00.000000000,Mechanic Shop,Fernando,A-Line,Fuses / bulbos / mini fuses for shop,,,Fer,12924
12925,2026-02-14 00:00:00.000000000,Mechanic Shop,Fernando,Oreilly's,2 Lift Strut for Hod Truck VIN # 3776,,,Fer,12925
12926,2026-02-16 00:00:00.000000000,Mechanic Shop,Fernando,Oreilly's,2 Batteries for Truck VIN # 2775,,,Fer,12926
12927,2026-02-16 00:00:00.000000000,Mechanic Shop,Andy,Capitol Bearing,Valve pressure for Air Compressor - Ulises's Truck,,,Fer,12927
12928,2026-02-16 00:00:00.000000000,Mechanic Shop,Abel Hernandez,Tex Con ,Combustible,,,Fer,12928
12929,2026-02-16 00:00:00.000000000,Mechanic Shop,Fernando,Bobcat,Oil Pan / Tensioner / Pulley / Hoses / Electrical Wire Bobcat VIN # 2570,,,Fer,12929
12930,2026-02-16 00:00:00.000000000,Mechanic Shop,Fernando,Bobcat,1 Bucket for Carlos's Crew,,,Fer,12930
12931,2026-02-17 00:00:00.000000000,Mechanic Shop,Fernando,Oreilly's,PM Filter and oil for truck VIN # 7145  / 12 Brake Cleaner,,,Fer,12931
12932,2026-02-17 00:00:00.000000000,Mechanic Shop,Ulises Rodriguez,Tex Con,Combustible,,,Fer,12932
12933,2026-02-17 00:00:00.000000000,Mechanic Shop,Andy,Matheson,Refill Oxigen adn Acetylen / Cable for Welder Machine (Abraham) / Filler Metal 7018 / Filler Metal 6011,,,Fer,12933
12934,2026-02-17 00:00:00.000000000,Mechanic Shop,Fernando,Leif Johnson Ford,Crankcase filter / Kit Gasket / Housing Oil Filter Gasket Truck VIN # 6288,,,Fer,12934
12935,2026-02-17 00:00:00.000000000,Mechanic Shop,Fernando,Tex Con,Combustible,,,Fer,12935
12936,2026-02-17 00:00:00.000000000,Mechanic Shop,Fernando,Leif Johnson Ford,Tranmission and kit seal for truck VIN # 8626,,,Fer,12936
12937,2026-02-17 00:00:00.000000000,Mechanic Shop,Fernando,Leif Johnson Ford,HD Rotor and Brake Pads for Truck VIN # 1275 / 12 sprayer windshield washer,,,Fer,12937
12938,2026-02-18 00:00:00.000000000,Mechanic Shop,Andy,Capitol Bearing,14 Cap fittings kit,,,Fer,12938
12939,2026-02-18 00:00:00.000000000,Mechanic Shop,Andy,Anderson Machinery Co,Hydraulic Pump for Roller VIN # 1739,,,Fer,12939
12940,2026-02-18 00:00:00.000000000,Mechanic Shop,Fernando,Tex Con,Combustible,,,Fer,12940
12941,2026-02-19 00:00:00.000000000,Mechanic Shop,Fernando,Oreilly's,4 New Batteries for Mesh board,,,Fer,12941
12942,2026-02-19 00:00:00.000000000,Mechanic Shop,Andy,Oreilly's,Control Service Port Valve Truck VIN #1275,,,Fer,12942
12943,2026-02-19 00:00:00.000000000,Mechanic Shop,Fernando,A- Line,1 Flasher,,,Fer,12943
12944,2026-02-19 00:00:00.000000000,Mechanic Shop,Fernando,Bobcat,1 Handle for Skid Steer # 3012,,,Fer,12944
12945,2026-02-19 00:00:00.000000000,Mechanic Shop,Fernando,Oreilly's,3 soap / 2 sponge / 1 fiber towels for wash trucks,,,Fer,12945
12946,2026-02-20 00:00:00.000000000,Mechanic Shop,Fernando,Bobcat,3 Bobtach Kits / 2 Hydraulic Pump Kits / Brakes Plates Kits / 10 Bolts for Safety bar and grommet,,,Fer,12946
12947,2026-02-20 00:00:00.000000000,Mechanic Shop,Fernando,Bobcat,PM Filters for Skid Steer  VIN #1388 / 5 battery holders,,,Fer,12947
12948,2026-02-20 00:00:00.000000000,Mechanic Shop,Andy,Tex Con,Combustible,,,Fer,12948
12949-A,2026-02-21 00:00:00.000000000,Mechanic Shop,Abel Hernandez,Capitol Bearing,Hydraulic Hose for Bobcat VIN #4605,,,Fer,12949-A
12949,2026-02-24 00:00:00.000000000,Mechanic Shop,Ulises Rodriguez,Tex Con,Combustible,,,Fer,12949
12950,2026-02-24 00:00:00.000000000,Mechanic Shop,Abel Hernandez,Tex Con,Combustible,,,Fer,12950
12951,2026-02-24 00:00:00.000000000,Mechanic Shop,Andy,Oreilly's,20 Spark Plu / 20 Oil 10w30 (for Generator),,,Fer,12951
12952,2026-02-24 00:00:00.000000000,Mechanic Shop,Andy,Tex Con,Combustible,,,Fer,12952
12953,2026-02-24 00:00:00.000000000,Mechanic Shop,Andy,Anderson Machinery Co,"2 Bearing, 2 Cups, Hub and Cap for Roller # 200414",VIN #1739,,Fer,12953
12954,2026-02-25 00:00:00.000000000,Mechanic Shop,Fernando,Leif Johnson Ford,Tail light for truck VIN # 7192,,,Fer,12954
12955,2026-02-25 00:00:00.000000000,Mechanic Shop,Fernando,Oreilly's,12 Antifreez / 12 Windshield washer,,,Fer,12955
12956,2026-02-25 00:00:00.000000000,Mechanic Shop,Andy,Central Texas Equipment,3 Preventive Maintenance Kits for Plate Compactors,,,Fer,12956
12957,2026-02-25 00:00:00.000000000,Mechanic Shop,Fernando,Bobcat,18 differents filters for PM's (Skid Steer),,,Fer,12957
12958,2026-02-26 00:00:00.000000000,Mechanic Shop,Fernando,Leif Johnason Ford,4 EGT Exhaust Gas Temperature and 1 brake container cap Truck VIN # 8269,,,Fer,12958
12959,2026-02-26 00:00:00.000000000,Mechanic Shop,Fernando,Tex Con,Combustible 13 Gallons for Truck VIN # 3241 / 12 Diesel Filters for Red Diesel  Pump from Trucks,,,Fer,12959
12960,2026-02-26 00:00:00.000000000,Mechanic Shop,Fernando,Capitol Bearing,20 Fitting straight #10 / 100 Ft of hydraulic hose #10 (For Breaker),,,Fer,12960
12961,2026-02-26 00:00:00.000000000,Mechanic Shop,Fernando,Tex Con,Combustible Truck VIN # 8020,,,Fer,12961
12962,2026-02-27 00:00:00.000000000,Mechanic Shop,Ulises Rodriguez,Tex Con,Combustible,,,Fer,12962
12963,2026-02-27 00:00:00.000000000,Mechanic Shop,Fernando,Leif Johnson Ford,1 Oil Pan / 1 Suspension Bar / Spring Bushings / 1 Shock Absorber (Vibration) Truck VIN # 6288,,,Fer,12963
12964,2026-02-27 00:00:00.000000000,Mechanic Shop,Fernando,Oreilly's,PM Filters for Truck,VIN #1117,,Fer,12964
12965,2026-02-27 00:00:00.000000000,Mechanic Shop,Fernando,Oreilly's,PM Filters for Truck,VIN #3241,,Fer,12965
12966,2026-02-28 00:00:00.000000000,Mechanic Shop,Fernando,Leif Johnson Ford,Secondary Fuel Pump for Truck,VIN #8020,,Fer,12966
12967,2026-02-28 00:00:00.000000000,Mechanic Shop,Fernando,Leif Johnson Ford,Transmission / Oil Cooler / Oil for Transmission,VIN #6288,,Fer,12967
12968,2026-03-02 00:00:00.000000000,Mechanic Shop,Fernando,Leif Johnson Ford,1 Tail light (Passenger side),VIN #1790,,Fer,12968
12969,2026-03-02 00:00:00.000000000,Mechanic Shop,Fernando,Tex Con,Combustible for Shop,,,Fer,12969
12970,2026-03-02 00:00:00.000000000,Mechanic Shop,Fernando,Leif Johnson Ford,Fuel Pump and Injector Fuel #3,VIN #8626,,Fer,12970
12971,2026-03-02 00:00:00.000000000,Mechanic Shop,Fernando,Leif Johnson Ford,A/C compressor / Expansion Valve / Dryer / O rings,VIN #8020,,Fer,12971
12972,2026-03-02 00:00:00.000000000,Mechanic Shop,Fernando,Leif Johnson Ford,Gear box and pitman arm,VIN #1117,,Fer,12972
12973,2026-03-03 00:00:00.000000000,Mechanic Shop,Andy,Tex Con,Combustible,VIN #3241,,Fer,12973
12974,2026-03-03 00:00:00.000000000,Mechanic Shop,Fernando,Oreilly's,2 Climate Control Service Port Valve,Shop Tools,,Fer,12974
12975,2026-03-04 00:00:00.000000000,Mechanic Shop,Ulises Rodriguez,Tex Con,Combustible - Truck in shop (Spare),VIN #8020,,Fer,12975
12976,2026-03-04 00:00:00.000000000,Mechanic Shop,Ulises Rodriguez,Tex Con,Combustible,VIN #8269,,Fer,12976
12977,2026-03-04 00:00:00.000000000,Mechanic Shop,Fernando,Bobcat,2 Tracks for Skid Steer VIN #2420 / 3 Hydraulic Cap / 2 Sealant / 3 Diesel Cap / 1 Diesel Green Cap,VIN #2420,,Fer,12977
12978,2026-03-04 00:00:00.000000000,Mechanic Shop,Andy,Oreilly's,Batteries AA for shop,,,Fer,12978
12979,2026-03-04 00:00:00.000000000,Mechanic Shop,Fernando,Waukesha Pearce Industries,2 Fuel Filters for Excavator PC-360,VIN #2416,,Fer,12979
12980,2026-03-04 00:00:00.000000000,Mechanic Shop,Fernando,Capitol Bearing,Cap and plug kit (Small box with differents sizes),,,Fer,12980
12981,2026-03-05 00:00:00.000000000,Mechanic Shop,Fernando,Oreilly's,PM Filters for truck,VIN #4256,,Fer,12981
12982,2026-03-05 00:00:00.000000000,Mechanic Shop,Fernando,Oreilly's,PM Filters for truck,VIN #3956,,Fer,12982
12983,2026-03-05 00:00:00.000000000,Mechanic Shop,Fernando,Oreilly's,PM Filters for truck,VIN #7969,,Fer,12983
12984,2026-03-05 00:00:00.000000000,Mechanic Shop,Fernando,Oreilly's,PM Filters for truck,VIN #8857,,Fer,12984
12985,2026-03-05 00:00:00.000000000,Mechanic Shop,Fernando,Oreilly's,PM Filters for truck,VIN #2811,,Fer,12985
12986,2026-03-05 00:00:00.000000000,Mechanic Shop,Fernando,Oreilly's,AIr Filter for truck,VIN #1117,,Fer,12986
12987,2026-03-05 00:00:00.000000000,Mechanic Shop,Fernando,Leif Johnson Ford,Head light bulbs for Truck,VIN #4363,,Fer,12987
12988,2026-03-05 00:00:00.000000000,Mechanic Shop,Fernando,Bobcat,Parking brake / plate / solenoid / Mount / bolts / 2 cushion seat / 1 Joystick,VIN #7504,,Fer,12988
12989,2026-03-05 00:00:00.000000000,Mechanic Shop,Abel Hernandez,Tex Con,Combustible,,,Fer,12989
12990,2026-03-05 00:00:00.000000000,Mechanic Shop,Fernando,Oreilly's,2 Front Shock Absorber for Truck,VIN #7145,,Fer,12990
12991,2026-03-05 00:00:00.000000000,Mechanic Shop,Fernando,Oreilly's,PM Filters for truck,VIN #2045,,Fer,12991
12992,2026-03-05 00:00:00.000000000,Mechanic Shop,Andy,Tex Con,Combustible for truck and shop,VIN #3241,,Fer,12992
12993,2026-03-05 00:00:00.000000000,Mechanic Shop,Andy,ACE Contractors Supply,1 Quickie Saw for Spare / 6 Barrell Faucet,,,Fer,12993
12994,2026-03-06 00:00:00.000000000,Mechanic Shop,Fernando,Leif Johnson Ford,1 Primary Fuel Pump / 3 Gasket intake / Left fuel reel / Gasket Vaccum Pump,VIN #8020,,Fer,12994
12995,2026-03-06 00:00:00.000000000,Mechanic Shop,Fernando,Waukesha Pearce Industries,2 Fuel Filter / 1 Oil Filter / 3 Kit Seals for Komatsu PC-200,#20046,,Fer,12995
12996,2026-03-09 00:00:00.000000000,Mechanic Shop,Andy,Oreilly's,PM Filters for truck,VIN #4448,,Fer,12996
12997,2026-03-09 00:00:00.000000000,Mechanic Shop,Andy,Capitol Bearing,Adapter fitting for roller,,,Fer,12997
12998,2026-03-09 00:00:00.000000000,Mechanic Shop,Ulises Rodriguez,Tex Con,Combustible,,,Fer,12998
12999,2026-03-09 00:00:00.000000000,Mechanic Shop,Fernando,Tex Con,Combustible (Only 6 gallons the pump does not work),VIN #3241,,Fer,12999
13000,2026-03-10 00:00:00.000000000,Mechanic Shop,Fernando,ACE Contractors,200 red wood 1x6-12',,,Fer,13000
13001,2026-03-10 00:00:00.000000000,Mechanic Shop,Abel Hernandez,Tex Con,Combustible,,,Fer,13001
13002,,Mechanic Shop,Fernando,Tex Con,Combustible (Complement PO #12999,VIN #3241,,Fer,13002
13003,2026-03-10 00:00:00.000000000,Mechanic Shop,Fernando,Leif Johnson Ford,1 Gear box truck,VIN #4200,,Fer,13003
13004,2026-03-10 00:00:00.000000000,Mechanic Shop,Fernando,Leif Johnson Ford,Calipers - Rear / Brake pads,VIN #1275,,Fer,13004
13004-A,2026-03-10 00:00:00.000000000,Mechanic Shop,Fernando,Leif Johnson Ford,Steering Houseing Asy,VIN #1117,,Fer,13004-A
13005,2026-03-10 00:00:00.000000000,Mechanic Shop,Fernando,Bobcat,Pin Pivot / Seal / Bolts / O rings / 2 Bushing kit for Mini Excavator,VIN #4070,,Fer,13005
13006,2026-03-10 00:00:00.000000000,Mechanic Shop,Fernando,Bobcat,PM Filters for Skid Steer,,,Fer,13006
13007,2026-03-11 00:00:00.000000000,Mechanic Shop,Andy,Leif Johnson Ford,Suspension Gnmet for Dum Truck,VIN #3365,,Fer,13007
13008,2026-03-11 00:00:00.000000000,Mechanic Shop,Fernando,Leif Johnson Ford,1 Tail Light (Rear),VIN #2045,,Fer,13008
13009,2026-03-11 00:00:00.000000000,Mechanic Shop,Fernando,Oreilly's,Rental Tools Macpherson Strut Spring,VIN #6288,,Fer,13009
13010,2026-03-12 00:00:00.000000000,Mechanic Shop,Fernando,ACE Contractors,10 Bundles of rebar #5,,,Fer,13010
13011,2026-03-12 00:00:00.000000000,Mechanic Shop,Fernando,Oreilly's,PM Filters for Truck,VIN #6288,,Fer,13011
13012,2026-03-12 00:00:00.000000000,Mechanic Shop,Fernando,Oreilly's,PM Filters for Truck,VIN #7192,,Fer,13012
13013,2026-03-12 00:00:00.000000000,Mechanic Shop,Fernando,Oreilly's,PM Filters for Truck,VIN #0265,,Fer,13013
13014,2026-03-12 00:00:00.000000000,Mechanic Shop,Fernando,Oreilly's,PM Filters for Truck,VIN #2086,,Fer,13014
13015,2026-03-12 00:00:00.000000000,Mechanic Shop,Fernando,Arnold Oil Company,1 Pallet of DEF,,,Fer,13015
13016,2026-03-12 00:00:00.000000000,Mechanic Shop,Andy,Oreilly's,12 Quaters of 10 w30 Oil,,,Fer,13016
13017,2026-03-12 00:00:00.000000000,Mechanic Shop,Fernando,Oreilly's,PM Filters for Truck,VIN #3241,,Fer,13017
13018,2026-03-12 00:00:00.000000000,Mechanic Shop,Fernando,Oreilly's,PM Filters for Truck,VIN #5489,,Fer,13018
13019,2026-03-12 00:00:00.000000000,Mechanic Shop,Fernando,Oreilly's,2 Batteries for Stock,1 for VIN #0265,,Fer,13019
13020,2026-03-12 00:00:00.000000000,Mechanic Shop,Andy,Bobcat,Spring and bar for Handle for Mini Excavator,VIN #1314,,Fer,13020
13021,2026-03-13 00:00:00.000000000,Mechanic Shop,Fernando,Tex Con,Combustible,VIN #3241,,Fer,13021
13022,2026-03-13 00:00:00.000000000,Mechanic Shop,Ulises Rodriguez,Tex Con,Combustible,VIN #0742,,Fer,13022
13023,2026-03-13 00:00:00.000000000,Mechanic Shop,Fernando,Leif Johnson Ford,"Gear Pinion, Bearing, Gear Asy",VIN #8269,,Fer,13023
13024,2026-03-13 00:00:00.000000000,Mechanic Shop,Fernando,Oreilly's,"16 Wiper Blades 22"" - Stock",,,Fer,13024
13024-A,2026-03-13 00:00:00.000000000,Mechanic Shop,Fernando,Bobcat,3 Stud Kit (Stud for hub wheel),,,Fer,13024-A
13025,2026-03-16 00:00:00.000000000,Mechanic Shop,Fernando,Leif Johnson Ford,1 Water pump,Rudy's friend,,Fer,13025
13026,2026-03-16 00:00:00.000000000,Mechanic Shop,Ulises Rodriguez,ACE Contractors,"1/2"" High Torque Impact Wrench W/Friction Ring Kit",,,Fer,13026
13027,2026-03-16 00:00:00.000000000,Mechanic Shop,Fernando,Leif Johnson Ford,Coolant Hose Preformed for truck / Spring (front side),VIN #4200,,Fer,13027
13028,2026-03-17 00:00:00.000000000,Mechanic Shop,Andy Hernandez,Tex Con,Gasoline for Shop,,,Fer,13028
13029,2026-03-17 00:00:00.000000000,Mechanic Shop,Andy Hernandez,Tex Con,Combustible,VIN # 5401,,Fer,13029
13030,2026-03-17 00:00:00.000000000,Mechanic Shop,Ulises Rodriguez,Capitol Bearing,Water hose for Barredora (Carlos Diaz),,,Fer,13030
13031,2026-03-17 00:00:00.000000000,Mechanic Shop,Fernando,Oreilly's,1 Battery  for truck,VIN #8857,,Fer,13031
13032,2026-03-18 00:00:00.000000000,Mechanic Shop,Ulises Rodriguez,Tex Con,Combustible,VIN #8269,,Fer,13032
13032-A,2026-03-18 00:00:00.000000000,Mechanic Shop,Fernando,Leif Johnson Ford,1 Wire asy connector,VIN #4363,,Fer,13032-A
13033,2026-03-18 00:00:00.000000000,Mechanic Shop,Fernando,Oreilly's,1 Battery  for truck,VIN #5401,,Fer,13033
13034,2026-03-18 00:00:00.000000000,Mechanic Shop,Fernando,Oreilly's,11 Spark Plug for Small Tools,,,Fer,13034
13035,2026-03-19 00:00:00.000000000,Mechanic Shop,Fernando,Oreilly's,2 Rear Shock absorber ,VIN #8269,,Fer,13035
13036,2026-03-19 00:00:00.000000000,Mechanic Shop,Fernando,Leif Johnson Ford,"Suspension Bars, drag link, stabilizer",VIN #1790,,Fer,13036
13037,2026-03-19 00:00:00.000000000,Mechanic Shop,Fernando,Leif Johnson Ford,"Radiator hose, T connector, Filters for PM and Oil, Thermostate",Rudy's friend,,Fer,13037
13038,2026-03-19 00:00:00.000000000,Mechanic Shop,Fernando,Tex Con,Combustible,VIN #5773,,Fer,13038
13039,2026-03-19 00:00:00.000000000,Mechanic Shop,Fernando,Bobcat,"Bushing, pins, O rings (Boom and Bucket)",VIN #4070,,Fer,13039
13040,2026-03-19 00:00:00.000000000,Mechanic Shop,Fernando,Bobcat,Cylinder and O ring seal,VIN #1797,,Fer,13040
13041,2026-03-19 00:00:00.000000000,Mechanic Shop,Fernando,Tex Con,Combustible,VIN #5401,,Fer,13041
13042,2026-03-19 00:00:00.000000000,Mechanic Shop,Fernando,Leif Johnson Ford,Trailer Brake Control,VIN #1275,,Fer,13042
13043,2026-03-20 00:00:00.000000000,Mechanic Shop,Fernando,A-Line,Fuses differents sizes / butt connectors / Eloectrical Plug,,,Fer,13043
13044,2026-03-20 00:00:00.000000000,Mechanic Shop,Fernando,Tex Con,Combustible,VIN #3241,,Fer,13044
13045,2026-03-20 00:00:00.000000000,Mechanic Shop,Fernando,Bobcat,1 Chisel for Omar's Crew,,,Fer,13045
13046,2026-03-20 00:00:00.000000000,Mechanic Shop,Fernando,Oreilly's,PM Filters,VIN #1790,,Fer,13046
13047,2026-03-20 00:00:00.000000000,Mechanic Shop,Fernando,Oreilly's,PM Filters,VIN #0015,,Fer,13047
13048,2026-03-20 00:00:00.000000000,Mechanic Shop,Fernando,Oreilly's,1 Tank A/C Refrigerant R-134a,,,Fer,13048
13049,2026-03-20 00:00:00.000000000,Mechanic Shop,Fernando,Oreilly's,PM Filters,VIN #4340,,Fer,13049
13050,2026-03-21 00:00:00.000000000,Mechanic Shop,Fernando,Leif Johnson Ford,"Water Hose, Cap",VIN #7192,,Fer,13050
13051,2026-03-21 00:00:00.000000000,Mechanic Shop,Fernando,Oreilly's,2 Batteries for Truck,VIN #7192,,Fer,13051
13052,2026-03-23 00:00:00.000000000,Mechanic Shop,Ulises Rodriguez,Tex Con,Combustible,,,Fer,13052
13053,2026-03-23 00:00:00.000000000,Mechanic Shop,Fernando,ACE Contractors,250 redwood 1x6x16,,,Fer,13053
13054,2026-03-23 00:00:00.000000000,Mechanic Shop,Fernando,Oreilly's,12 Green Antifreez,,,Fer,13054
13055,2026-03-23 00:00:00.000000000,Mechanic Shop,Fernando,Bobcat,"Diesel tank, engine mount, bolts, washers, O rings",VIN #9032,,Fer,13055
13056,2026-03-24 00:00:00.000000000,Mechanic Shop,Fernando,Tex Con,Combustible,VIN #5401,,Fer,13056
13057,2026-03-24 00:00:00.000000000,Mechanic Shop,Fernando,Bobcat,"Fuel Tank, Bushing, cup, bolt, nuts, damper",VIN #9032,,Fer,13057
13058,2026-03-24 00:00:00.000000000,Mechanic Shop,Fernando,Leif Johnson Ford,Rear HD Rotor and brake pad,VIN #3241,,Fer,13058
13059,2026-03-24 00:00:00.000000000,Mechanic Shop,Abel Hernandez,Tex Con,Combustible,VIN #8919,,Fer,13059
13060,2026-03-24 00:00:00.000000000,Mechanic Shop,Fernando,Leif Johnson Ford,Radiator / O Rings seal,VIN #8626,,Fer,13060
13061,2026-03-25 00:00:00.000000000,Mechanic Shop,Ulises Rodriguez,Tex Con,Combustible,VIN #8269,,Fer,13061
13062,2026-03-25 00:00:00.000000000,Mechanic Shop,Fernando,Tex Con,Combustible,VIN #3241,,Fer,13062
13063,2026-03-26 00:00:00.000000000,Mechanic Shop,Fernando,Bobcat,NOX Sensor for skid steer,VIN #9032,,Fer,13063
13064,2026-03-26 00:00:00.000000000,Mechanic Shop,Fernando,Bobcat,Final Drive for Mini Excavator E26,VIN #1314,,Fer,13064
13065,2026-03-26 00:00:00.000000000,Mechanic Shop,Fernando,Bobcat,10 tooth and 10 Pin Flex - - - - -  Stock,,,Fer,13065
13066,2026-03-26 00:00:00.000000000,Mechanic Shop,Fernando,Leif Johnson Ford,Exhaust Pipe,VIN #8269,,Fer,13066
13067,2026-03-26 00:00:00.000000000,Mechanic Shop,Fernando,Oreilly's,PM Filters for truck,VIN #0799,,Fer,13067
13068,2026-03-26 00:00:00.000000000,Mechanic Shop,Fernando,Oreilly's,PM Filters for truck,VIN #2414,,Fer,13068
13069,2026-03-26 00:00:00.000000000,Mechanic Shop,Fernando,Oreilly's,PM Filters for truck,VIN #8269,,Fer,13069
13070,2026-03-26 00:00:00.000000000,Mechanic Shop,Andy,Matheson,Refill oxigen and acetylene tank / 1 cutt disc box / 6 dewaste disc - - - - - Welding area,,,Fer,13070
13071,2026-03-27 00:00:00.000000000,Mechanic Shop,Fernando,Oreilly's,18 Green Antifreez,,,Fer,13071
13071-A,2026-03-27 00:00:00.000000000,Mechanic Shop,Fernando,Leif Johnson Ford,Engine Support Insulator Asy,VIN #8020,,Fer,13071-A
13072,2026-03-27 00:00:00.000000000,Mechanic Shop,Fernando,Tex Con,Combustible,VIN #3241,,Fer,13072
13072-A,2026-03-27 00:00:00.000000000,Mechanic Shop,Fernando,Bobcat,"2 Spool, spring, balls, bonnet, screw, bushing, collar, cap",VIN #4603,,Fer,13072-A
13073,2026-03-28 00:00:00.000000000,Mechanic Shop,Fernando,Oreilly's,PM FIlters,VIN #5249,,Fer,13073
13074,2026-03-30 00:00:00.000000000,Mechanic Shop,Fernando,Bobcat,Fuel Tank / Engine Mount,VIN #4762,,Fer,13074
13075,2026-03-30 00:00:00.000000000,Mechanic Shop,Fernando,Bobcat,"Tensioner, Arm Tensioner, Bolts, Washer ",Stock,,Fer,13075
13076,2026-03-31 00:00:00.000000000,Mechanic Shop,Andy,Tex Con,Combustible for workshop,,,Fer,13076
13077,2026-03-31 00:00:00.000000000,Mechanic Shop,Fernando,Oreilly's,10 lights 3157 NAK,,,Fer,13077
13077-A,2026-03-31 00:00:00.000000000,Mechanic Shop,Fernando,Bobcat,3 Hose drain / filters for PM / 3 hose drain / Hydraulic hose,Stock,,Fer,13077-A
13078,2026-03-31 00:00:00.000000000,Mechanic Shop,Andy,Matheson,Filling Metal #7018 ----- 20 Lb,,,Fer,13078
13079,2026-03-31 00:00:00.000000000,Mechanic Shop,Abel Hernandez,Tex Con,Combustible for Rudy's truck (F-150 White),,,Fer,13079
13080,2026-03-31 00:00:00.000000000,Mechanic Shop,Ulises Rodriguez,Oreilly's,Battery for Mini Excavator,VIN #5010,,Fer,13080
13081,2026-03-31 00:00:00.000000000,Mechanic Shop,Fernando,Tex Con,Combustible,VIN #3241,,Fer,13081
13082,2026-04-01 00:00:00.000000000,Mechanic Shop,Fernando,Oreilly's,1 Battery / 2 Tester / 2 Batteries for Arrow Board,,,Fer,13082
13083,2026-04-01 00:00:00.000000000,Mechanic Shop,Fernando,Leif Johnson Ford,6 Coils / 6 Spark Plug / 1 Battery,Rudy's Friend (Manuel G. Rojas),,Fer,13083
13084,2026-04-01 00:00:00.000000000,Mechanic Shop,Abel Hernandez,Leos Service,Combustible,VIN #8919,,Fer,13084
13085,2026-04-01 00:00:00.000000000,Mechanic Shop,Fernando,Bobcat,Boom Pins and Bushings for Mini Excavator,VIN #4070,,Fer,13085
13086,2026-04-02 00:00:00.000000000,Mechanic Shop,Ulises Rodriguez,Tex Con,Combustible,,,Fer,13086
13087,2026-04-02 00:00:00.000000000,Mechanic Shop,Ulises Rodriguez,Capitol Bearing,1 Fitting for Caterpillar 308,VIN #2249,,Fer,13087
13088,2026-04-02 00:00:00.000000000,Mechanic Shop,Fernando,Oreilly's,16 Wiper blades / 2 Wiper fluid,,,Fer,13088
13089,2026-04-02 00:00:00.000000000,Mechanic Shop,Andy,Bobcat,3 Horn and 3 Back up alarm,,,Fer,13089
13090,2026-04-02 00:00:00.000000000,Mechanic Shop,Fernando,Leif Johnson Ford,"Coolant Hose, Exhaust Pipe, 8 Cabin Suppot, Insulation, Bolts, Crank Case Filter",VIN #8020,,Fer,13090
13091,2026-04-02 00:00:00.000000000,Mechanic Shop,Fernando,Tex Con,Combustible,VIN #3241,,Fer,13091
13092,2026-04-02 00:00:00.000000000,Mechanic Shop,Fernando,Bobcat,"1 Tensioner, 1 Arm for Tensioner, Bolts, 11 Bolts for Final Drive, Washer, Nuts",,,Fer,13092
13093,2026-04-03 00:00:00.000000000,Mechanic Shop,Fernando,Leif Johnson Ford,Crosstube asy and draglink,VIN #8987,,Fer,13093
13094,2026-04-03 00:00:00.000000000,Mechanic Shop,Fernando,Leif Johnson Ford,"Gear box, cross bar, end tie rod",VIN #2775,,Fer,13094
13095,2026-04-03 00:00:00.000000000,Mechanic Shop,Andy,Oreilly's,1 Fuel Filter ,VIN #2086,,Fer,13095
13096,2026-04-03 00:00:00.000000000,Mechanic Shop,Fernando,Leif Johnson Ford,2 Fuel Filter,Stock,,Fer,13096
13097,2026-04-03 00:00:00.000000000,Mechanic Shop,Fernando,Leif Johnson Ford,1 Wire Asy,VIN #8020,,Fer,13097
13098,2026-04-03 00:00:00.000000000,Mechanic Shop,Fernando,Oreilly's,Filter for Stock F-250,,,Fer,13098
13099,2026-04-03 00:00:00.000000000,Mechanic Shop,Fernando,Oreilly's,PM Filters for truck,VIN #9203,,Fer,13099
13100,2026-04-03 00:00:00.000000000,Mechanic Shop,Fernando,Leif Johnson Ford,1 Starter and 2 Oil Filter Housing Sensor,VIN #8020,,Fer,13100
13101,2026-04-04 00:00:00.000000000,Mechanic Shop,Fernando,Oreilly's,"2 lighs H7, H11, H13, 9003",Stock,,Fer,13101
13102,2026-04-06 00:00:00.000000000,Mechanic Shop,Fernando,Oreilly's,Trailer Brake Controller,VIN #2775,,Fer,13102
13103,2026-04-06 00:00:00.000000000,Mechanic Shop,Fernando,Oreilly's,2 Batteries for Dump Truck ,VIN #5026,,Fer,13103
13104,2026-04-06 00:00:00.000000000,Mechanic Shop,Fernando,Leif Johnson Ford,1 Bracket license plate,VIN #3488,,Fer,13104
13105,2026-04-07 00:00:00.000000000,Mechanic Shop,Ulises Rodriguez,Tex Con,Combustible,VIN #8269,,Fer,13105
13106,2026-04-07 00:00:00.000000000,Mechanic Shop,Fernando,Leif Johnson Ford,2 Tube outlet / 1 Clamp / 1 Pipe Exhaust,VIN #2775,,Fer,13106
13107,2026-04-07 00:00:00.000000000,Mechanic Shop,Fernando,Capitol Bearing,80 Ft of hydraulic hose #10 / 72 ft of protect wrap hose - - - -  Stock (Hose for Breaker Hose,,,Fer,13107
13108,2026-04-07 00:00:00.000000000,Mechanic Shop,Fernando,Capitol Bearing,2 Hose for Breaker (Different connector) - - -  David's breaker,,,Fer,13108
13109,2026-04-07 00:00:00.000000000,Mechanic Shop,Abel Hernandez,Capitol Bearing,Hose for Mini Excavator 341,VIN #1797,,Fer,13109
13110,2026-04-07 00:00:00.000000000,Mechanic Shop,Fernando,Bobcat,6 Coupler Female - - - - - Stock,,,Fer,13110
13111,2026-04-08 00:00:00.000000000,Mechanic Shop,Andy,Tex Con,Combustible for workshop,,,Fer,13111
13112,2026-04-08 00:00:00.000000000,Mechanic Shop,Fernando,Leif Johnson Ford,Fuel Pump Asy / Control Unit,VIN #3488,,Fer,13112
13113,2026-04-08 00:00:00.000000000,Mechanic Shop,Fernando,Leif Johnson Ford,1 Tube and Seal / 1 Pipe Fuel,VIN #8020 /  VIN #8626,,Fer,13113
13114,2026-04-09 00:00:00.000000000,Mechanic Shop,Fernando,Oreilly's,12 Gallons of Green Antifreez,,,Fer,13114
13115,2026-04-09 00:00:00.000000000,Mechanic Shop,Fernando,Leif Johnson Ford,Steering Bars / Ball Joint / Shock Stabilizer,VIN #8919,,Fer,13115
13116,2026-04-09 00:00:00.000000000,Mechanic Shop,Fernando,Bobcat,1 Radiator (IVN #3724) - 10 tires bolts (Stock),VIN #3724,,Fer,13116
13117,2026-04-09 00:00:00.000000000,Mechanic Shop,Fernando,Bobcat,1 Reel Pressure Sensor,VIN #0115,,Fer,13117
13118,2026-04-09 00:00:00.000000000,Mechanic Shop,Fernando,ACE Contractors,100 Redwood 1 X 4 x 12 / 100 Redwood 1 X 6,,,Fer,13118
13119,2026-04-09 00:00:00.000000000,Mechanic Shop,Fernando,Bobcat,2 switch oil pressure / 1 Thermostate / 1 Gasket,VIN #3724,,Fer,13119
13120,2026-04-09 00:00:00.000000000,Mechanic Shop,Fernando,Arnold Oil Company,1 Drum of Oil  15 w40,,,Fer,13120
13121,2026-04-09 00:00:00.000000000,Mechanic Shop,Abel Hernandez,Tex Con,Combustible,VIN #8919,,Fer,13121
13122,2026-04-09 00:00:00.000000000,Mechanic Shop,Fernando,Leif Johnson Ford,Direction Bar / End tie Rod / Stabilizer,VIN #1275,,Fer,13122
13123,2026-04-09 00:00:00.000000000,Mechanic Shop,Fernando,Oreilly's,"2"" X 150 ft of rSafety Reflective Tape",,,Fer,13123
13124,2026-04-10 00:00:00.000000000,Mechanic Shop,Abel Hernandez,Tex Con,Combustible,VIN #8269,,Fer,13124
13125,2026-04-10 00:00:00.000000000,Mechanic Shop,Fernando,Oreilly's,6 Brake Cleaner / 4 Carburator cleaner,,,Fer,13125
13126,2026-04-10 00:00:00.000000000,Mechanic Shop,Fernando,Oreilly's,PM filters and oil,VIN #7145,,Fer,13126
13127,2026-04-10 00:00:00.000000000,Mechanic Shop,Fernando,Tex Con,Combustible,VIN #3241,,Fer,13127
13127-A,2026-04-10 00:00:00.000000000,Mechanic Shop,Fernando,Oreilly's,PM Filters,VIN #0039,,Fer,13127-A
13128,2026-04-11 00:00:00.000000000,Mechanic Shop,Fernando,Oreilly's,1 Trailer lights (stock) / 2 wash soap / 2 armor all / 1 clean aluminium kit,,,Fer,13128
13129,2026-04-11 00:00:00.000000000,Mechanic Shop,Fernando,Leif Johnson Ford,1 Coolant Hose for truck F-150,VIN #7145,,Fer,13129
13130,2026-04-13 00:00:00.000000000,Mechanic Shop,Ulises Rodriguez,Tex Con,Combustible,VIN #8269,,Fer,13130
13131,2026-04-13 00:00:00.000000000,Mechanic Shop,Fernando,Bobcat,6 Inner Air Filter / 6 Outter Air Filter - - - - - - Stock,,,Fer,13131
13132,2026-04-13 00:00:00.000000000,Mechanic Shop,Fernando,Leif Johnson Ford,"2 ball joint, 2 axle front side, 2 seals",VIN #8919,,Fer,13132
13133,2026-04-14 00:00:00.000000000,Mechanic Shop,Andy,Leif Johnson Ford,2 Relays / 2 Plug Connectors,VIN #3488,,Fer,13133
13134,2026-04-14 00:00:00.000000000,Mechanic Shop,Fernando,Bobcat,PM Filters for Skid Steer (21 PM differents filters),,,Fer,13134
13135,2026-04-14 00:00:00.000000000,Mechanic Shop,Fernando,Tex Con,Combustible,VIN #3241,,Fer,13135
13136,2026-04-14 00:00:00.000000000,Mechanic Shop,Fernando,Bobcat,Fuel Contaminate Kit / 1 Fuel Tank,VIN #0115,,Fer,13136
13137,2026-04-14 00:00:00.000000000,Mechanic Shop,Fernando,Leif Johnson Ford,Ball Joint and 24 Wheel Nuts,VIN #7145,,Fer,13137
13138,2026-04-15 00:00:00.000000000,Mechanic Shop,Fernando,Bobcat,1 Sensor and 2 Bolts for mini excavator E26,VIN #1314,,Fer,13138
13139,2026-04-15 00:00:00.000000000,Mechanic Shop,Fernando,Leif Johnson Ford,2 Hub / 2 HD Rotor / 1 Brake pad kit / 2  seal,VIN #8919,,Fer,13139
13140,2026-04-16 00:00:00.000000000,Mechanic Shop,Fernando,ACE Contractors,10 Bundles of rebar #5,,,Fer,13140
13140-A,2026-04-15 00:00:00.000000000,Mechanic Shop,Andy,Bobcat,1 Hydraulic Hose / 1 O ring / 20 Keys,,,Fer,13140-A
13141,2026-04-16 00:00:00.000000000,Mechanic Shop,Ulises Rodriguez,Tex Con,Combustible,VIN #8269,,Fer,13141
13142,2026-04-16 00:00:00.000000000,Mechanic Shop,Abel Hernandez,Tex Con,Combustible,,,Fer,13142
13143,2026-04-17 00:00:00.000000000,Mechanic Shop,Fernando,ACE Contractors,1 Quickie Saw (Juan Perez - - -  Kaiko),,,Fer,13143
13144,2026-04-17 00:00:00.000000000,Mechanic Shop,Ulises Rodriguez,ACE Contractors,1 Lamp for work,,,Fer,13144
13145,2026-04-17 00:00:00.000000000,Mechanic Shop,Fernando,Tex Con,Combustible,VIN #3241,,Fer,13145
13146,2026-04-17 00:00:00.000000000,Mechanic Shop,Andy,Tex Con,Combustible,VIN #5773,,Fer,13146
13147,2026-04-17 00:00:00.000000000,Mechanic Shop,Abel Hernandez,Bobcat,1 pipeline / switch rotary / knob / bolts / coupler for block,VIN #0118,,Fer,13147
13148,2026-04-17 00:00:00.000000000,Mechanic Shop,Fernando,Bobcat,Fuel level / 4 Engine Mount / Tension arm pulley / bolts / washer,VIN #5310,,Fer,13148
13149,2026-04-17 00:00:00.000000000,Mechanic Shop,Fernando,Bobcat,2 Hydraulic hose (goes directly to primary pump),VIN #4762,,Fer,13149
13150,2026-04-17 00:00:00.000000000,Mechanic Shop,Fernando,Oreilly's,PM Filters,VIN #3776,,Fer,13150
13151,2026-04-17 00:00:00.000000000,Mechanic Shop,Fernando,Oreilly's,PM Filters,VIN #5188,,Fer,13151
13152,2026-04-17 00:00:00.000000000,Mechanic Shop,Fernando,Oreilly's,Stock ----------- 55 Gallons of Hydraulic Oil - AW32,,,Fer,13152
13153,2026-04-18 00:00:00.000000000,Mechanic Shop,Fernando,Leif Johnson Ford,2 Lock for ball joint / 2 bolts and gronmet for Caliper,VIN #8919,,Fer,13153
13154,2026-04-20 00:00:00.000000000,Mechanic Shop,Abel Hernandez,Oreilly's,2 Cali[per front side,VIN #8919,,Fer,13154
13155,2026-04-21 00:00:00.000000000,Mechanic Shop,Fernando,Oreilly's,PM Filters,VIN #2811,,Fer,13155
13156,2026-04-21 00:00:00.000000000,Mechanic Shop,Fernando,Bobcat,Pressure oil sensor - - - - --  Stock,,,Fer,13156
13157,2026-04-21 00:00:00.000000000,Mechanic Shop,Andy,Tex Con,Combustible,VIN #3488,,Fer,13157
13158,2026-04-21 00:00:00.000000000,Mechanic Shop,Fernando,Tex Con,Combustible,VIN #3241,,Fer,13158
13159,2026-04-21 00:00:00.000000000,Mechanic Shop,Andy,Anderson Machinery Co,20 Keys / 10 Relay,VIN #1226,,Fer,13159
13160,2026-04-22 00:00:00.000000000,Mechanic Shop,Ulises Rodriguez,Tex Con,Combustible,VIN #8269,,Fer,13160
13161,2026-04-22 00:00:00.000000000,Mechanic Shop,Fernando,Bobcat,6 Air filter Outer / 5 Air fitler Inner / 2 belts for Skid Steer 250 / 2 Coolant Cap,,,Fer,13161
13162,2026-04-22 00:00:00.000000000,Mechanic Shop,Fernando,Oreilly's,Batteries,VIN #3772,,Fer,13162
13163,2026-04-22 00:00:00.000000000,Mechanic Shop,Fernando,Oreilly's,PM Filters - - - -- MFO Truck,VIN #4695,,Fer,13163
13164,2026-04-22 00:00:00.000000000,Mechanic Shop,Fernando,Leif Johnson Ford,2 Pairs of Grommet for Leaf Spring,,,Fer,13164
13165,2026-04-23 00:00:00.000000000,Mechanic Shop,Fernando,Arnold Oil Co,1 Drum of Fuel Mix 50:1 (55 gallons),,,Fer,13165
13166,2026-04-23 00:00:00.000000000,Mechanic Shop,Fernando,Oreilly's,2 Bucket Oil for Transmission 50,VIN #0415,,Fer,13166
13167,2026-04-23 00:00:00.000000000,Mechanic Shop,Abel Hernandez,Tex Con,Combustible,VIN #4340,,Fer,13167
13168,2026-04-23 00:00:00.000000000,Mechanic Shop,Andy,Tex Con,Combustible,VIN #3241,,Fer,13168
13169,2026-04-24 00:00:00.000000000,Mechanic Shop,Abel Hernandez,Tex Con,Combustible,VIN #8919,,Fer,13169
13170,2026-04-24 00:00:00.000000000,Mechanic Shop,Fernando,Leif Johnson ford,1 AC compressor / 1 air hose / AC Blower/ Radiator and seal asy / fan and motor asy,VIN #0039,,Fer,13170
13171,2026-04-24 00:00:00.000000000,Mechanic Shop,Fernando,Bobcat,Pin for Strut / Lock for Strut / Clevis / Bolts,VIN #5310,,Fer,13171
13172,2026-04-24 00:00:00.000000000,Mechanic Shop,Fernando,Leif Johnson ford,2 Suspension and 1 Stabilizer bars / 2 HD Rotor / 1 Brake Pad / 1 Ball Joint / 1 Caliper (Driver side),VIN #8020,,Fer,13172
13173,2026-04-24 00:00:00.000000000,Mechanic Shop,Fernando,Bobcat,5 Soleniod / 8 Bobtach kit,Stock,,Fer,13173
13174,2026-04-24 00:00:00.000000000,Mechanic Shop,Ulises Rodriguez,Tex Con,Combustible,VIN #8269,,Fer,13174
13175,2026-04-27 00:00:00.000000000,Mechanic Shop,Andy,Matheson,Hose twin / Wlder cover / Hose repair kit / Disc cutter / Dewaste disc,,,Fer,13175
13176,2026-04-27 00:00:00.000000000,Mechanic Shop,Fernando,Tex Con,Combustible,VIN #3241,,Fer,13176
13177,2026-04-27 00:00:00.000000000,Mechanic Shop,Andy,Oreilly's,2 Calipers /  Brake pad kit / 1 Battery,VIN #8020,,Fer,13177
13178,2026-04-27 00:00:00.000000000,Mechanic Shop,Fernando,Oreilly's,2 Trailer lights / 2  W40 / 1 Battery for Bobcat,,,Fer,13178
13178-A,2026-04-27 00:00:00.000000000,Mechanic Shop,Fernando,Bobcat,Pedal Valve and 6 Fittings for Mini Excavator E26,VIN #1314,,Fer,13178-A
13179,2026-04-27 00:00:00.000000000,Mechanic Shop,Fernando,Bobcat,5 Stud Kit,Stock,,Fer,13179
13179-A,2026-04-27 00:00:00.000000000,Mechanic Shop,Fernando,Leif Johnson ford,A/C Compressor / Kit air conditioning,VIN #8857,,Fer,13179-A
13180,2026-04-27 00:00:00.000000000,Mechanic Shop,Fernando,Leif Johnson ford,PM Filters,VIN #5454,,Fer,13180
13181,2026-04-27 00:00:00.000000000,Mechanic Shop,Fernando,Leif Johnson ford,PM Filters,VIN #5563,,Fer,13181
13182,2026-04-28 00:00:00.000000000,Mechanic Shop,Fernando,Leif Johnson ford,1 Hose (VIN #2086) / 2 Female trailer connector (1 for truck VIN #4256),VIN #2086/ VIN #4256,,Fer,13182
13183,2026-04-28 00:00:00.000000000,Mechanic Shop,Fernando,Oreilly's,2 Box of yellow bulb,Stock,,Fer,13183
13184,2026-04-28 00:00:00.000000000,Mechanic Shop,Abel Hernandez,Capitol Bearing,Wrap protection for hose,Stock,,Fer,13184
13185,2026-04-28 00:00:00.000000000,Mechanic Shop,Ulises Rodriguez,Tex Con,Combustible,VIN #8269,,Fer,13185
13186,,Mechanic Shop,,,,,,Fer,13186
13187,2026-04-28 00:00:00.000000000,Mechanic Shop,Fernando,Leif Johnson Ford,1 Cable Asy,VIN #7192,,Fer,13187
13188,2026-04-29 00:00:00.000000000,Mechanic Shop,Andy,Tex Con,Combustible for truck / Gasoline for Shop,VIN #3241,,Fer,13188
13189,2026-04-29 00:00:00.000000000,Mechanic Shop,Andy,ACE Contractors,2 Red Safety Gas Can With Yellow funnel (5 gallons) - - - - Bryan Crew,,,Fer,13189
13190,2026-04-29 00:00:00.000000000,Mechanic Shop,Fernando,Bobcat,1 Fuel Injector / 16 Clamps / Spacer / Bushing / 2 Pivot Bushing,Stock,,Fer,13190
13191,2026-04-29 00:00:00.000000000,Mechanic Shop,Abel Hernandez,Tex Con,Combustible,VIN #8919,,Fer,13191
13192,2026-04-29 00:00:00.000000000,Mechanic Shop,Andy,Tex Con,Combustible,VIN #0742,,Fer,13192
13193,2026-04-30 00:00:00.000000000,Mechanic Shop,Fernando,ACE Contractors,1 Quickie Saw para Giovani Crew,,,Fer,13193
13194,2026-04-30 00:00:00.000000000,Mechanic Shop,Fernando,Oreilly's,5 Oil Absorbent Bags (40 lb),,,Fer,13194
13195,2026-04-30 00:00:00.000000000,Mechanic Shop,Fernando,Oreilly's,PM Filters,VIN #3488,,Fer,13195
13196,2026-04-30 00:00:00.000000000,Mechanic Shop,Fernando,Leif Johnson Ford,1 Passenger Mirror,VIN #1790,,Fer,13196
13197,2026-04-30 00:00:00.000000000,Mechanic Shop,Andy,Bobcat,2 Fuel Tube / 2 Gronmet / 3 Hose Bulk,,,Fer,13197
13198,2026-05-01 00:00:00.000000000,Mechanic Shop,Fernando,Oreilly's,6 Fuse Holder Coonnector (GPS Installed for Dump Trucks - SUpplier),,,Fer,13198
13199,2026-05-01 00:00:00.000000000,Mechanic Shop,Fernando,Bobcat,3 Bolts for Track Roller Mini excavator E26,VIN #1314,,Fer,13199
13200,2026-05-02 00:00:00.000000000,Mechanic Shop,Fernando,Oreilly's,1 hose 1/4 by 23 ft and 1 shop towel,,,Fer,13200
13201,2026-05-04 00:00:00.000000000,Mechanic Shop,Fernando,Tex Con,Combustible,VIN #3241,,Fer,13201
13202,2026-05-04 00:00:00.000000000,Mechanic Shop,Fernando,Bobcat,1 Track Roller for Mini Excavator ,VIN #1314,,Fer,13202
13203,2026-05-04 00:00:00.000000000,Mechanic Shop,Fernando,Bobcat,Brake Solenoid / Brake Plate / Gasket / Bolts / Block for plate brake / Bushing,VIN #8548,,Fer,13203
13204,2026-05-05 00:00:00.000000000,Mechanic Shop,Andy,Tex Con,Combustible,VIN #4363,,Fer,13204
13205,2026-05-05 00:00:00.000000000,Mechanic Shop,Ulises Rodriguez,Tex Con,Combustible,VIN #8269,,Fer,13205
13206,2026-05-05 00:00:00.000000000,Mechanic Shop,Abel Hernandez,Tex Con,Combustible ............ Carlos Diaz Truck,VIN #0619,,Fer,13206
13207,2026-05-05 00:00:00.000000000,Mechanic Shop,Fernando,Oreilly's,1 Battery 31-5 / 3 Refrigetan / 4 Oil Refrigerant / AIr fitler and Oil,VIN #8857,,Fer,13207
13208,2026-05-05 00:00:00.000000000,Mechanic Shop,Abel Hernandez,Capitol Bearing,Greaser Pump (Installed in the Truck for Road Service),VIN #8919,,Fer,13208
13209,2026-05-05 00:00:00.000000000,Mechanic Shop,Andy,Tex Con,Combustible for Shop,,,Fer,13209
13209-A,2026-05-05 00:00:00.000000000,Mechanic Shop,Abel Hernandez,Bobcat,5 Pivot Coupler,Stock,,Fer,13209-A
13210,2026-05-05 00:00:00.000000000,Mechanic Shop,Fernando,Bobcat,5 Bracket kit for holding hoses / 5 Clamps / 10 bolts ------- Stock,Stock,,Fer,13210
13211,2026-05-05 00:00:00.000000000,Mechanic Shop,Fernando,Leif Johnson Ford,2 Oil Refrigerant R-1234yf,VIN #8857,,Fer,13211
13212,2026-05-05 00:00:00.000000000,Mechanic Shop,Fernando,Leif Johnson Ford,Wheel Switch for VIN #7192 / Expansion Valve and O rings and 3 plastic drain oil pan VIN #8857,VIN #7192 / VIN #8857,,Fer,13212
13213,2026-05-07 00:00:00.000000000,Mechanic Shop,Fernando,Oreilly's,1 Battery for Roller,VIN #2855,,Fer,13213
13214,2026-05-07 00:00:00.000000000,Mechanic Shop,Fernando,Oreilly's,12 Gallons of antifrez (Green),,,Fer,13214
13215,2026-05-07 00:00:00.000000000,Mechanic Shop,Fernando,Oreilly's,2 Trim Retainer / 12 quaters of 10 w30 oil,,,Fer,13215
13216,2026-05-07 00:00:00.000000000,Mechanic Shop,Abel Hernandez,Tex Con,Combustible,VIN #8919,,Fer,13216
13217,2026-05-07 00:00:00.000000000,Mechanic Shop,Fernando,Tex Con,Combustible,VIN #3241,,Fer,13217
13218,2026-05-07 00:00:00.000000000,Mechanic Shop,Andy,Anderson Machinery Co,3 Fuse / 1 Remote Control Wire / 1 Radiator Cap,,,Fer,13218
13219,2026-05-07 00:00:00.000000000,Mechanic Shop,Abel Hernandez,Capitol Bearing,2 Fittings for Breaker (Enrique Gzz),VIN #2570,,Fer,13219
13220,2026-05-08 00:00:00.000000000,Mechanic Shop,Fernando,Leif Johnson Ford,NOX sensor and exhaust sensors,VIN #8269,,Fer,13220
13221,2026-05-08 00:00:00.000000000,Mechanic Shop,Fernando,Leif Johnson Ford,2 Hub / 2 HD Rotor and brake pad kit,VIN #2414,,Fer,13221
13222,2026-05-08 00:00:00.000000000,Mechanic Shop,Fernando,Bobcat,1 Radiator / Bushing / Bolts,VIN #3495,,Fer,13222
13223,2026-05-08 00:00:00.000000000,Mechanic Shop,Fernando,Bobcat,2 Hoses / 2 Tubeline / Damper / bolts / washer / clamps,VIN #9040,,Fer,13223
13224,2026-05-08 00:00:00.000000000,Mechanic Shop,Abel Hernandez,Bobcat,,,,Fer,13224
13225,2026-05-11 00:00:00.000000000,Mechanic Shop,Abel Hernandez,Tex Con,Combustible,VIN #8919,,Fer,13225
13226,2026-05-11 00:00:00.000000000,Mechanic Shop,Fernando,Bobcat,1 Lift Cylinder / Bobtach / Bushing / Pins / Bolts and nuts,VIN #3495,,Fer,13226
13227,2026-05-11 00:00:00.000000000,Mechanic Shop,Fernando,ACE Contractors,1 Quickie Saw (Victor Sanchez crew),,,Fer,13227
13228,2026-05-11 00:00:00.000000000,Mechanic Shop,Fernando,Oreilly's,2 Batteries for truck,VIN #7969,,Fer,13228
13229,2026-05-11 00:00:00.000000000,Mechanic Shop,Fernando,Oreilly's,PM Filters,VIN #4363,,Fer,13229
13230,2026-05-11 00:00:00.000000000,Mechanic Shop,Fernando,Oreilly's,2 Oil Filters,Stock,,Fer,13230
13231,2026-05-11 00:00:00.000000000,Mechanic Shop,Fernando,Oreilly's,PM Filters,VIN #1275,,Fer,13231
13232,2026-05-12 00:00:00.000000000,Mechanic Shop,Fernando,ACE Contractors,100 redwood 1x4x18 /  100 redwood 1x6x12,,,Fer,13232
13233,2026-05-12 00:00:00.000000000,Mechanic Shop,Ulises Rodriguez,Tex Con,Combustible,,,Fer,13233
13234,2026-05-12 00:00:00.000000000,Mechanic Shop,Fernando,Arnold Oil Company,1 drum of 15w40 oil (55 gallons),,,Fer,13234
13235,2026-05-12 00:00:00.000000000,Mechanic Shop,Fernando,Leos Gas Station,Combustible,VIN #3241,,Fer,13235
13236,2026-05-12 00:00:00.000000000,Mechanic Shop,Fernando,A-Line,1 hose 1/4,VIN #8670,,Fer,13236
13237,2026-05-13 00:00:00.000000000,Mechanic Shop,Andy,Leos Gas Station,Combustible for Shop,,,Fer,13237
13238,2026-05-13 00:00:00.000000000,Mechanic Shop,Andy,Matheson,Filler metal 6011 and 7018 / 2 pair of gloves / refill Oxygen,,,Fer,13238
13238-A,2026-05-13 00:00:00.000000000,Mechanic Shop,Fernando,Bobcat,18 Skid Filters / 2 Teeth kit / 10 teeth bolt / ,Stock,,Fer,13238-A
13239,2026-05-13 00:00:00.000000000,Mechanic Shop,Ulises Rodriguez,Capitol Bearing,1 Hydraulic Hose for Mini Excavator ,VIN #1797,,Fer,13239
13240,2026-05-13 00:00:00.000000000,Mechanic Shop,Fernando,Leif Johnson Ford,1 Rear Lamp Asy,VIN #0619,,Fer,13240
13241,2026-05-14 00:00:00.000000000,Mechanic Shop,Fernando,Oreilly's,3 Head Lights (2 used for Water Truck),,,Fer,13241
13242,2026-05-14 00:00:00.000000000,Mechanic Shop,Fernando,Leif Johnson Ford,PM Fitlers for Transit VAN,VIN #5773,,Fer,13242
13243,2026-05-14 00:00:00.000000000,Mechanic Shop,Fernando,Leif Johnson Ford,6 Wheel Cover for rear tire,Stock,,Fer,13243
13244,2026-05-14 00:00:00.000000000,Mechanic Shop,Fernando,Bobcat,2 Pivot bushing,VIN #4070,,Fer,13244
13244-A,2026-05-14 00:00:00.000000000,Mechanic Shop,Fernando,Bobcat,3 Pivot Coupler (For bob tach kit),Stock,,Fer,13244-A
13245,2026-05-14 00:00:00.000000000,Mechanic Shop,Abel Hernandez,Tex Con,Combustible,VIN #8919,,Fer,13245
13246,2026-05-15 00:00:00.000000000,Mechanic Shop,Andy,Tex Con,Combustible for Transit 350 (Para uso de Visados),VIN #5773,,Fer,13246
13247,2026-05-15 00:00:00.000000000,Mechanic Shop,Abel Hernandez,Capitol Bearing,Water hose and couplers / Reel water (Water Truck),,,Fer,13247
13248,2026-05-15 00:00:00.000000000,Mechanic Shop,Fernando,Leif Johnson Ford,1 Brake Switch,VIN #8171,,Fer,13248
13249,2026-05-16 00:00:00.000000000,Operations,Fernando,Tex Con,Combustible for Giovanni's Truck (VIN #1117),VIN #1117,,Fer,13249
13249--A,2026-05-16 00:00:00.000000000,Mechanic Shop,Fernando,Leif Johnson Ford,4 Sensor exhaust gas / 4 Sensor asy / 1 Screen Asy,VIN #7192,,Fer,13249--A
13250,2026-05-16 00:00:00.000000000,Mechanic Shop,Fernando,Leif Johnson Ford,2 Calipers / 4 HD Rotor / Brake Pads / O rings,VIN #2045,,Fer,13250
13251,2026-05-16 00:00:00.000000000,Mechanic Shop,Fernando,Leif Johnson Ford,PM Filters,VIN #0619,,Fer,13251
13252,2026-05-18 00:00:00.000000000,Mechanic Shop,Abel Hernandez,Bobcat,Clamps for Bobcat ,VIN #8815,,Fer,13252
13253,2026-05-18 00:00:00.000000000,Mechanic Shop,Fernando,Tex Con,Combustible,VIN #3241,,Fer,13253
13254,2026-05-18 00:00:00.000000000,Mechanic Shop,Fernando,Bobcat,3 Teeth kit & 8 teeth and 8 pins (VIN #1549) / 1 battery (VIN #4070),VIN #1549 / VIN #4070,,Fer,13254
13255,2026-05-18 00:00:00.000000000,Mechanic Shop,Ulises Rodriguez,Tex Con,Combustible / 2 Diesel Gun,VIN #8269,,Fer,13255
13256,2026-05-18 00:00:00.000000000,Mechanic Shop,Fernando,Oreilly's,5 Switch / PM Filters for truck (Jose Juarez),VIN #4448,,Fer,13256
13257,2026-05-18 00:00:00.000000000,Mechanic Shop,Fernando,Oreilly's,PM Filters,VIN #5401,,Fer,13257
13258,2026-05-18 00:00:00.000000000,Mechanic Shop,Fernando,Oreilly's,PM Filters,VIN #3241,,Fer,13258
13259,2026-05-19 00:00:00.000000000,Mechanic Shop,Ulises Rodriguez,Capitol Bearing,1 Hose for Bobcat (Barredora),,,Fer,13259
13259-A,2026-05-19 00:00:00.000000000,Mechanic Shop,Andy,Tex Con,Combustible for all Shop,,,Fer,13259-A
13260,2026-05-19 00:00:00.000000000,Mechanic Shop,Andy,ACE Contractors,2 Cans of Gasoline / 3 Sprayer 5 gallons,,,Fer,13260
13261,2026-05-19 00:00:00.000000000,Mechanic Shop,Fernando,Bobcat,3 Lead Valve / 3 Gasket (STOCK) / 1 Starter (VIN #3012),VIN #3012,,Fer,13261
13261-A,2026-05-20 00:00:00.000000000,Mechanic Shop,Fernando,Oreilly's,12 Windshield washer / 3 Trailer lights / 1 pack of drain bolts,Stock,,Fer,13261-A
13262,2026-05-20 00:00:00.000000000,Mechanic Shop,Andy,Tex Con,Combustible,,,Fer,13262
13263,2026-05-20 00:00:00.000000000,Mechanic Shop,Fernando,Bobcat,Release Valve / Bios Spool / Ring / Spring Valve / Manifold Geith,VIN #1314,,Fer,13263
13264,2026-05-20 00:00:00.000000000,Mechanic Shop,Fernando,Bobcat,1 Cylinder / 1 Seal Kit / 2 Fitting / 2 Seals,VIN #4070,,Fer,13264
13265,2026-05-20 00:00:00.000000000,Mechanic Shop,Abel Hernandez,Tex Con,Combustible,VIN #8919,,Fer,13265
13266,2026-05-20 00:00:00.000000000,Mechanic Shop,Fernando,Leif Johnson Ford,Fuel Pump Asy,VIN #8626,,Fer,13266
13267,2026-05-21 00:00:00.000000000,Mechanic Shop,Andy,Tex Con,Combustible,VIN #3241,,Fer,13267
13268,2026-05-21 00:00:00.000000000,Mechanic Shop,Fernando,Leif Johnson Ford,2 Calipers / 2 Brackets and O rings,VIN #2414,,Fer,13268
13269,2026-05-21 00:00:00.000000000,Mechanic Shop,Fernando,Leif Johnson Ford,1 Lamp Asy,VIN #4363,,Fer,13269
13270,2026-05-22 00:00:00.000000000,Mechanic Shop,Abel Hernandez,Oreilly's,2 rear rotors / rear brake pads / 2 Fuel Pump,VIN #2414,,Fer,13270
13271,2026-05-22 00:00:00.000000000,Mechanic Shop,Andy,Leif Johnson Ford,4 wheel caps / 2 rear rotors / rear brake pads,VIN #2414,,Fer,13271
13272,2026-05-22 00:00:00.000000000,Mechanic Shop ,Ulises Rodriguez,Tex Con,Combustible,VIN #8269,,Fer,13272
13273,2026-05-25 00:00:00.000000000,Mechanic Shop,Fernando,Oreilly's,PM Filters,VIN #4522,,Fer,13273
13274,2026-05-25 00:00:00.000000000,Mechanic Shop,Fernando,Oreilly's,PM Filters,VIN #0799,,Fer,13274
13275,2026-05-25 00:00:00.000000000,Mechanic Shop,Fernando,Oreilly's,PM Filters,VIN #0015,,Fer,13275
13276,2026-05-25 00:00:00.000000000,Mechanic Shop,Andy,Oreilly's,2 Fuel Fitlers,VIN #4043,,Fer,13276
13277,2026-05-25 00:00:00.000000000,Mechanic Shop,Fernando,Oreilly's,10 PLate Lens / 75 ft wire red and black (75 ft),,,Fer,13277
13278,2026-05-26 00:00:00.000000000,Mechanic Shop,Abel Hernandez,Bobcat,2 Tubelines,,,Fer,13278
13279,2026-05-26 00:00:00.000000000,Mechanic Shop,Fernando,Bobcat,Parking Plate / Solenoide / Blocks / Bolts / Gasket / ,VIN #8827,,Fer,13279
13280,2026-05-26 00:00:00.000000000,Mechanic Shop,Andy,Tex Con,Combustible,VIN #5401,,Fer,13280
13281,2026-05-26 00:00:00.000000000,Mechanic Shop,Fernando,Leif Johnson Ford,1 Brake Pad kit / 2 Calipers / Washer (front side),VIN #4340,,Fer,13281
13282,2026-05-26 00:00:00.000000000,Mechanic Shop,Ulises Rodriguez,Tex Con,Combustible,VIN #8269,,Fer,13282
13283,2026-05-26 00:00:00.000000000,Mechanic Shop,Abel Hernandez,Oreilly's,2 Battery for Generator / 1 Fuse Holder / Red Silicone,,,Fer,13283
13284,2026-05-26 00:00:00.000000000,Mechanic Shop,Abel Hernandez,Tex Con,Combustible,VIN #8919,,Fer,13284
13285,2026-05-27 00:00:00.000000000,Mechanic Shop,Fernando,Oreilly's,4 Plate lights / 1 Pack of 100 Towels for wash truck,,,Fer,13285
13286,2026-05-27 00:00:00.000000000,Mechanic Shop,Fernando,Tex Con,Combustible,VIN #3149,,Fer,13286
13287,2026-05-27 00:00:00.000000000,Mechanic Shop,Fernando,Leif Johnson Ford,10 Light plate / 10 bulb / 4 tailling lights,,,Fer,13287
13288,2026-05-27 00:00:00.000000000,Mechanic Shop,Fernando,ACE Contracting,10 Bundles of rebar #5,,,Fer,13288
13289-A,2026-05-27 00:00:00.000000000,Mechanic Shop,Fernando,Leif Johnson Ford,Cabin Supports (8 insulator and bolts),VIN #4340,,Fer,13289-A
13289,2026-05-28 00:00:00.000000000,Mechanic Shop,Fernando,Bobcat,1 Handle / 6 Relay / 1 Wire,VIN #5310,,Fer,13289
13290,2026-05-28 00:00:00.000000000,Mechanic Shop,Fernando,Oreilly's,PM Filters,VIN #4256,,Fer,13290
13291,2026-05-28 00:00:00.000000000,Mechanic Shop,Fernando,Oreilly's,PM Filters,VIN #1275,,Fer,13291
13292,2026-05-28 00:00:00.000000000,Mechanic Shop,Fernando,Oreilly's,PM Filters,VIN #2230,,Fer,13292
13293,2026-05-28 00:00:00.000000000,Mechanic Shop,Fernando,Leif Johnson Ford,1 AC Condenser / O rings,VIN #8987,,Fer,13293
13294,2026-05-28 00:00:00.000000000,Mechanic Shop,Fernando,Oreilly's,100 Ft of cable C-14-2E (red and  black),,,Fer,13294
13295,2026-05-28 00:00:00.000000000,Mechanic Shop,Ulises Rodriguez,Capitol Bearing,1 Hose for Mini Excavator,VIN #2249,,Fer,13295
13296,2026-05-29 00:00:00.000000000,Mechanic Shop,Ulises Rodriguez,Tex Con,Combustible,VIN #8269,,Fer,13296
13297,2026-05-29 00:00:00.000000000,Mechanic Shop,Andy,Tex Con,Combustible,VIN #5401,,Fer,13297
13298,2026-05-29 00:00:00.000000000,Mechanic Shop,Fernando,Leif Johnson Ford,1 AC compressor and O rings,VIN #8626,,Fer,13298
13299,2026-05-29 00:00:00.000000000,Mechanic Shop,Fernando,Leif Johnson Ford,PM Filters,VIN #2076,,Fer,13299
13300,2026-05-29 00:00:00.000000000,Mechanic Shop,Abel Hernandez,Tex Con,Combustible,VIN #8919,,Fer,13300
13301,2026-05-29 00:00:00.000000000,Mechanic Shop,Fernando,Tex Con,Combustible,VIN #3241,,Fer,13301
13302,2026-06-01 00:00:00.000000000,Mechanic Shop,Fernando,Oreilly's,1 Battery for Back Hoe,VIN #0633,,Fer,13302
13303,2026-06-01 00:00:00.000000000,Mechanic Shop,Fernando,Oreilly's,1 A/C Tank R-134 a,,,Fer,13303
13304,2026-06-01 00:00:00.000000000,Mechanic Shop,Fernando,Leif Johnson Ford,4 Hd Rotor / 2 Brake pad kit / 1 expansion valve / 4 injectors seals,#8626,,Fer,13304
13305,2026-06-01 00:00:00.000000000,Mechanic Shop,Fernando,Capitol Bearing,"6 Ft of Wate hose 1-1/2"" - 1 swivel connector 3/4 to 1-1/2",VIN #1638,,Fer,13305
13306,2026-06-02 00:00:00.000000000,Mechanic Shop,Andy,Tex Con,Combustible for Shop,,,Fer,13306
13307,2026-06-02 00:00:00.000000000,Mechanic Shop,Fernando,Oreilly's,2 Batteries for truck,VIN #2414,,Fer,13307
13308,2026-06-02 00:00:00.000000000,Mechanic Shop,Abel Hernandez,Oreilly's,Fuses,,,Fer,13308
13309,2026-06-02 00:00:00.000000000,Mechanic Shop,Fernando,Bobcat,2 Nox Sensor / 2 Nox Sensor,VIN #9040 / VIN #7504,,Fer,13309
13310,2026-06-02 00:00:00.000000000,Mechanic Shop,Fernando,Bobcat,PM filters,VIN #0521,,Fer,13310
13311,2026-06-03 00:00:00.000000000,Mechanic Shop,Andy,ACE Contractors,2 Plastill Roll Box (For the yard),,,Fer,13311
13312,2026-06-03 00:00:00.000000000,Mechanic Shop,Ulises Rodriguez,Tex Con,Combustible,VIN #8269,,Fer,13312
13313,2026-06-03 00:00:00.000000000,Mechanic Shop,Fernando,Leif Johnson Ford,6 Fuel injector seals / 1 gasket vavle cover / Oil fill cap and seals,VIN #8171,,Fer,13313
13314,2026-06-03 00:00:00.000000000,Mechanic Shop,Andy,Oreilly's,20 Key Chain,,,Fer,13314
13315,2026-06-03 00:00:00.000000000,Mechanic Shop,Fernando,Leif Johnson Ford,1 Water Pump / 1 Belt / 1 Gasket,VIN #3365,,Fer,13315
13316,2026-06-03 00:00:00.000000000,Mechanic Shop,Fernando,Tex Con,Combustible / 6 Gallons of Red Antifreez (VIN #3365),VIN #3241,,Fer,13316
13317,2026-06-03 00:00:00.000000000,Mechanic Shop,Fernando,ACE Contractors,1 Quickie Saw - -  Francisco's Crew,,,Fer,13317
13318,2026-06-03 00:00:00.000000000,Mechanic Shop,Fernando,Oreilly's,PM Filters,#3956,,Fer,13318
13319,2026-06-03 00:00:00.000000000,Mechanic Shop,Abel Hernandez,Bobcat,1 Sensor for Mini Excavator (Richard) / 1 Harness Jumper for Skid Steer (Diego),VIN #8827,,Fer,13319
13320,2026-06-03 00:00:00.000000000,Mechanic Shop,Abel Hernandez,Tex Con,Combustible,VIN #8919,,Fer,13320
13321,2026-06-03 00:00:00.000000000,Mechanic Shop,Fernando,Leif Johnson Ford,1 Fuel Pump,VIN #4256,,Fer,13321
13322,2026-06-04 00:00:00.000000000,Mechanic Shop,Andy,Matheson,Refill Bar 6011 / ,,,Fer,13322
13323,2026-06-04 00:00:00.000000000,Mechanic Shop,Abel Hernandez,Bobcat,1 Electric Pump,VIN #0115,,Fer,13323
13324,2026-06-04 00:00:00.000000000,Mechanic Shop,Fernando,Leif Johnson Ford,2 Hub Wheel (front side),VIN #3241,,Fer,13324
13325,2026-06-04 00:00:00.000000000,Mechanic Shop,Fernando,A-Line,2 Air Filters for Agricole Tractor,VIN #5401,,Fer,13325
13326,2026-06-04 00:00:00.000000000,Mechanic Shop,Fernando,Bobcat,"2 Tubelines / 1 Tensioner Pulley / 1 ""T"" lock",VIN #2084,,Fer,13326
13327,2026-06-05 00:00:00.000000000,Mechanic Shop,Fernando,Bobcat,1 Manifold / Bushing Wear / Bushing Pivot,VIN #1314,,Fer,13327
13328,2026-06-05 00:00:00.000000000,Mechanic Shop,Fernando,Bobcat,3 Coupler ,VIN #3530,,Fer,13328
13329,2026-06-05 00:00:00.000000000,Mechanic Shop,Fernando,Bobcat,2 Tubelines / 1 Kit Tensioner / 1 Draw latch / 1 Latch / Nut,VIN #2084,,Fer,13329
13330,2026-06-05 00:00:00.000000000,Mechanic Shop,Fernando,Bobcat,Bushing / Pins / Lock,VIN #1314,,Fer,13330
13331,2026-06-05 00:00:00.000000000,Mechanic Shop,Fernando,Leif Johnson Ford,1 Alternator,VIN #2775,,Fer,13331
13332,2026-06-05 00:00:00.000000000,Mechanic Shop,Abel Hernandez,Capitol Bearing,38 fittings and 50 Ft of hydraulic hose,Stock,,Fer,13332
13333,2026-06-05 00:00:00.000000000,Mechanic Shop,Fernando,Leif Johnson Ford,1 Tailing Light,VIN #5454,,Fer,13333
13334,2026-06-06 00:00:00.000000000,Mechanic Shop,Fernando,Leif Johnson Ford,2 Taiiling Lights for Ford F-250 (right side) / 1 Decal for truck VIN #0619,Stock,,Fer,13334
13335,2026-06-06 00:00:00.000000000,Mechanic Shop,Fernando,Oreilly's,9 Red Antifreez,Stock,,Fer,13335
13336,2026-06-08 00:00:00.000000000,Mechanic Shop,Fernando,Bobcat,Regeneration Service for Skid Steer,VIN #9040,,Fer,13336
13337,2026-06-08 00:00:00.000000000,Mechanic Shop,Fernando,Leif Johnson Ford,PM Filters,VIN #1790,,Fer,13337
13338,2026-06-08 00:00:00.000000000,Mechanic Shop,Fernando,ACE Constractors,22 Bundles Rebar #4,,,Fer,13338
13339,2026-06-08 00:00:00.000000000,Mechanic Shop,Fernando,Oreilly's,1 Battery,VIN #2570,,Fer,13339
13340,2026-06-08 00:00:00.000000000,Mechanic Shop,Andy,Tex Con,Combustible,VIN #5401,,Fer,13340
13341,2026-06-08 00:00:00.000000000,Mechanic Shop,Ulises Rodriguez,Tex Con,Combustible,VIN #8269,,Fer,13341
13342,2026-06-08 00:00:00.000000000,Mechanic Shop,Fernando,Bobcat,Shaft Axle / 2 Cone Bearing / 2 Cup / Seal Oil / Bolt and Nuts,VIN #3495,,Fer,13342
13343,2026-06-08 00:00:00.000000000,Mechanic Shop,Fernando,Bobcat,1 Seal (Main Hydraulic Pump),VIN #7504,,Fer,13343
13344,2026-06-09 00:00:00.000000000,Mechanic Shop,Abel Hernandez,Tex Con,Combustible,VIN #8919,,Fer,13344
13345,2026-06-09 00:00:00.000000000,Mechanic Shop,Fernando,Oreilly's,12 Brake Cleaner / 2 Gasket Shellac,Stock,,Fer,13345
13346,2026-06-09 00:00:00.000000000,Mechanic Shop,Fernando,Bobcat,4 hydraulic hoses preformed,VIN #3495 / VIN #2084,,Fer,13346
13347,2026-06-09 00:00:00.000000000,Mechanic Shop,Fernando,Oreilly's,2 Batteries for Dump Truck (Lupe),VIN #6121,,Fer,13347
13348,2026-06-09 00:00:00.000000000,Mechanic Shop,Abel Hernandez,Bobcat,Breaker Control For Skid Steer / Wheel Asy Tensioner / Washer and nut,VIN #8827,,Fer,13348
13349,2026-06-09 00:00:00.000000000,Mechanic Shop,Fernando,Tex Con,Combustible,VIN #3149,,Fer,13349
13350,2026-06-10 00:00:00.000000000,Mechanic Shop,Fernando,Oreilly's,PM Filters,VIN #3149,,Fer,13350
13351,2026-06-10 00:00:00.000000000,Mechanic Shop,Fernando,Oreilly's,4 Batteries for Dump Truck,VIN #2801,,Fer,13351
13352,2026-06-10 00:00:00.000000000,Mechanic Shop,Fernando,Oreilly's,4 Sunshades,,,Fer,13352
13353,2026-06-10 00:00:00.000000000,Mechanic Shop,Fernando,Leif Johnson Ford,1 EGR Hose,VIN #8919,,Fer,13353
13354,2026-06-10 00:00:00.000000000,Mechanic Shop,Fernando,Leif Johnson Ford,1 Fuel Pump,VIN #8171,,Fer,13354
13355,2026-06-10 00:00:00.000000000,Mechanic Shop,Andy,ACE Contractors,1 Quickie Saw (Martin Juarez),,,Fer,13355
13356,2026-06-10 00:00:00.000000000,Mechanic Shop,Fernando,Oreilly's,2 Fuse Holders for Strobe Lights,,,Fer,13356
13357,2026-06-11 00:00:00.000000000,Mechanic Shop,Andy,Tex Con,Gasoline for Shop,,,Fer,13357
13358,2026-06-11 00:00:00.000000000,Mechanic Shop,Andy,Bobcat,Hose - Pipe / Hydraulic pump parts / Plastic Cover for Frame,VIN #2084,,Fer,13358
13359,2026-06-11 00:00:00.000000000,Mechanic Shop,Andy,Bobcat,2 Drive motor hoses / Brake parts,VIN #1549,,Fer,13359
13360,2026-06-11 00:00:00.000000000,Mechanic Shop,Fernando,A-Line,4 Porta fuses / 2 caps for Red Fuel Tank / Security Stip,,,Fer,13360
13361,2026-06-12 00:00:00.000000000,Mechanic Shop,Fernando,Oreilly's,2 Batteries for Dump Truck (replaced for batteries with ending bolt),VIN #2801,,Fer,13361
13361-A,2026-06-11 00:00:00.000000000,Mechanic Shop,Fernando,Bobcat,"4 Diesel Cap / 5  Ft of hose 3/16"" / Cover fuse / Bobtach bolt, washer and nut",Stock,,Fer,13361-A
13362,2026-06-12 00:00:00.000000000,Mechanic Shop,Fernando,Tex Con,Combustible,VIN #3149,,Fer,13362
13363,2026-06-15 00:00:00.000000000,Mechanic Shop,Andy,Anderson Machinery Co,PM Filters for Roller,VIN #1226,,Fer,13363
13364,2026-06-15 00:00:00.000000000,Mechanic Shop,Fernando,Oreilly's,20 Spark plug for Generators,,,Fer,13364
13364-A,2026-06-15 00:00:00.000000000,Mechanic Shop,Fernando,Bobcat,1 Fuse holder / 1 Fuse / 4 Clamps,VIN #2084,,Fer,13364-A
13365,2026-06-15 00:00:00.000000000,Mechanic Shop,Fernando,Oreilly's,1 Pulley Rental / 6 Oil 10w30,,,Fer,13365
13365-A,2026-06-12 00:00:00.000000000,Mechanic Shop,Fernando,Bobcat,1 Drive Belt,VIN #2570,,Fer,13365-A
13366,2026-06-15 00:00:00.000000000,Mechanic Shop,Andy,Bobcat,2 Return Hoses / 2 Spool /O rings / Springs / ,VIN #7504,,Fer,13366
13366-A,2026-06-12 00:00:00.000000000,Mechanic Shop,Fernando,Leif Johnson Ford,A/C Compressor / O rings,VIN #3365,,Fer,13366-A
13367,2026-06-18 00:00:00.000000000,Mechanic Shop,Fernando,Oreilly's,PM Filters ,VIN #2811,,Fer,13367
13368,2026-06-16 00:00:00.000000000,Mechanic Shop,Abel Hernandez,Tex Con,Combustible,VIN #8919,,Fer,13368
13369,2026-06-16 00:00:00.000000000,Mechanic Shop,Abel Hernandez,Capitol Bearing,1 Hose for Breaker (David),VIN #3012,,Fer,13369
13370,2026-06-16 00:00:00.000000000,Mechanic Shop,Fernando,Bobcat,2 Kit seal for Cylinder (Back cylinder) - 1 for stock,VIN #3629,,Fer,13370
13371,2026-06-17 00:00:00.000000000,Mechanic Shop,Fernando,Oreilly's,10 Yellow bulb lights / 4 white bulb lights,Stock,,Fer,13371
13372,2026-06-17 00:00:00.000000000,Mechanic Shop,Fernando,Leif Johnson Ford,1 Switch of Clutch,VIN #8171,,Fer,13372
13373,2026-06-17 00:00:00.000000000,Mechanic Shop,Fernando,Matheson,4 Micas for Welder / 1 Load Pliers,,,Fer,13373
13374,2026-06-17 00:00:00.000000000,Mechanic Shop,Fernando,Tex Con,Combustible,VIN #3149,,Fer,13374
13375,2026-06-17 00:00:00.000000000,Mechanic Shop,Abel Hernandez,Bobcat,Solenoide Shut Off,VIN #0115,,Fer,13375
13376,2026-06-17 00:00:00.000000000,Mechanic Shop,Fernando,Bobcat,7 Stud Kit (8 bolts and nuts per kit) / Tires bolts,Stock,,Fer,13376
13377,2026-06-18 00:00:00.000000000,Mechanic Shop,Fernando,Leif Johnson Ford,1 DEF Cap,VIN #8919,,Fer,13377
13378,2026-06-18 00:00:00.000000000,Mechanic Shop,Fernando,Oreilly's,PM Filters ,VIN #4363,,Fer,13378
13379,2026-06-18 00:00:00.000000000,Mechanic Shop,Abel Hernandez,Tex Con,Combustible,VIN #8919,,Fer,13379
13380,2026-06-19 00:00:00.000000000,Mechanic Shop,Andy,Tex Con,Combustible,VIN #5401,,Fer,13380
13381,2026-06-19 00:00:00.000000000,Mechanic Shop,Abel Hernandez,Capitol Bearing,Hose for Breaker and Fitting Coupler for Daniels Crew,VIN #8548,,Fer,13381
13382,2026-06-19 00:00:00.000000000,Mechanic Shop,Fernando,Capitol Bearing,100 Ft of hose #10 / Hose Cover / 10 fittings of 90 degrees #10,Stock,,Fer,13382
13383,2026-06-19 00:00:00.000000000,Mechanic Shop,Andy,Anderson Machinery Co,Diesel tank parts for Roller,VIN #1226,,Fer,13383
13384,2026-06-19 00:00:00.000000000,Mechanic Shop,Fernando,Oreilly's,5 seat covers for trucks (VIN #7192 / VIN #2775 / VIN #2175),VIN #0039 / #2775 / #2175,,Fer,13384
13385,2026-06-19 00:00:00.000000000,Mechanic Shop,Fernando,Arnold Oil Company,55 Gallons of Oil 15w40,,,Fer,13385
13386,2026-06-19 00:00:00.000000000,Mechanic Shop,Fernando,Oreilly's,PM Filters,VIN #7145,,Fer,13386
13387,2026-06-19 00:00:00.000000000,Mechanic Shop,Fernando,Bobcat,"5 Hydraulic Hoses / Brake plate, blocks, springs, solenoide / Stars, Shaft and bearings",VIN #1549,,Fer,13387
13388,2026-06-22 00:00:00.000000000,Mechanic Shop,Fernando,Oreilly's,PM Filters,VIN #0039,,Fer,13388
13389,2026-06-22 00:00:00.000000000,Mechanic Shop,Fernando,Oreilly's,3 Trailer Lights,Stock,,Fer,13389
13390,2026-06-22 00:00:00.000000000,Mechanic Shop,Fernando,Tex Con,Combustible,VIN #3149,,Fer,13390
13391,2026-06-22 00:00:00.000000000,Mechanic Shop,Abel Hernandez,Oreilly's,Cordon para usar en Generadores,,,Fer,13391
13392,2026-06-23 00:00:00.000000000,Mechanic Shop,Ulises Rodriguez,Tex Con,Combustible,VIN #8269,,Fer,13392
13393,2026-06-23 00:00:00.000000000,Mechanic Shop,Fernando,Oreilly's,2 Batteries for Truck,VIN #0039,,Fer,13393
13394,2026-06-23 00:00:00.000000000,Mechanic Shop,Fernando,Oreilly's,PM Filters,VIN #5249,,Fer,13394
13395,2026-06-23 00:00:00.000000000,Mechanic Shop,Andy,Tex Con,Combustible for Shop,,,Fer,13395
13396,2026-06-23 00:00:00.000000000,Mechanic Shop,Fernando,Matheson,Refill Oxygen and Acetyleno / 1 Box of Disc Cutt off / 1 End for Plyer Welders,,,Fer,13396
13397,2026-06-24 00:00:00.000000000,Mechanic Shop,Fernando,Oreilly's,2 Batteries for truck (1 Agricola Truck / 1 bobcat VIN #2084 ),VIN #5401 / VIN #2084,,Fer,13397
13398,2026-06-24 00:00:00.000000000,Mechanic Shop,Fernando,ACE Contractors,"76 redwood 1"" x 6"" x 16 ft",,,Fer,13398
13399,2026-06-24 00:00:00.000000000,Mechanic Shop,Fernando,Leif Johnson Ford,Bumper Pad,VIN #9203,,Fer,13399
13400,2026-06-25 00:00:00.000000000,Mechanic Shop,Fernando,Oreilly's,2 Batteries for Dump Truck,VIN #5027,,Fer,13400
13401,2026-06-25 00:00:00.000000000,Mechanic Shop,Andy,Leif Johnson Ford,Differential Seal and Shaft (VIN #7145) / Trailer Lamp  Connector (VIN #9203),VIN #7145 / VIN #9203,,Fer,13401
13402,2026-06-25 00:00:00.000000000,Mechanic Shop,Abel Hernandez,Tex Con,Combustible,VIN #8919,,Fer,13402
13403,2026-06-25 00:00:00.000000000,Mechanic Shop,Fernando,Tex Con,Combustible,VIN #3241,,Fer,13403
13404,2026-06-26 00:00:00.000000000,Mechanic Shop,Fernando,Bobcat,2 Bearing / 2 Cups / 4 Hoses / EGR Valve / 1 Trubo Hose / O rings / Gasket / Seal Oil Rubber,VIN #1549,,Fer,13404
13405,2026-06-26 00:00:00.000000000,Mechanic Shop,Fernando,Bobcat,1 Track and Greaser,VIN #3563,,Fer,13405
13406,2026-06-26 00:00:00.000000000,Mechanic Shop,Fernando,Bobcat,Warranty Service (Codes) / Warranty not apply in the issue,VIN #8815,,Fer,13406
13407,2026-06-26 00:00:00.000000000,Mechanic Shop,Fernando,Oreilly's,PM Filters,VIN #8020,,Fer,13407
13408,2026-06-26 00:00:00.000000000,Mechanic Shop,Fernando,Oreilly's,PM Filters,VIN #1117,,Fer,13408
13409,2026-06-26 00:00:00.000000000,Mechanic Shop,Fernando,Oreilly's,PM Filters,VIN #7192,,Fer,13409
13410,2026-06-26 00:00:00.000000000,Mechanic Shop,Fernando,Oreilly's,PM Filters,VIN #2775,,Fer,13410
13411,2026-06-26 00:00:00.000000000,Mechanic Shop,Fernando,Tex Con,Combustible,VIN #3149,Martin Arellano la dejo sin gasolina,Fer,13411
13412,2026-06-29 00:00:00.000000000,Mechanic Shop,Andy,Oreilly's,3 Air Filter for Pressure Washer,,,Fer,13412
13413,2026-06-29 00:00:00.000000000,Mechanic Shop,Fernando,Oreilly's,12 quater of oil 10W30,,,Fer,13413
13414,2026-06-29 00:00:00.000000000,Mechanic Shop,Ulises Rodriguez,Capitol Bearing,Fuel Hose for red diesel -  Truck - Daniel Truck,VIN #2076,,Fer,13414
13414-A,2026-06-29 00:00:00.000000000,Mechanic Shop,Fernando,Bobcat,2 Valve Cover seal / 4 injector seals / 1 Oil Seal,VIN #7504,,Fer,13414-A
13415,2026-06-29 00:00:00.000000000,Mechanic Shop,Fernando,Bobcat,10 Air Filter for Preventive maintenance,Stock,,Fer,13415
13416,2026-06-29 00:00:00.000000000,Mechanic Shop,Andy,Anderson Machinery Co,2 Scrapper / 6 Nozzle / FNR Kit,VIN #1509,,Fer,13416
13416-A,2026-06-29 00:00:00.000000000,Mechanic Shop,Fernando,Bobcat,1 pump pulley,#7504,,Fer,13416-A
13417,2026-06-30 00:00:00.000000000,Mechanic Shop,Fernando,Oreilly's,1 Battery for Skid Steer 763 / PM Filters for MFO Truck,VIN #4695,,Fer,13417
13418,2026-07-01 00:00:00.000000000,Mechanic Shop,Ulises Rodriguez,ACE Contractors,1 Quickie Saw for Julian's Crew (They broken Quickie Saw),,,Fer,13418
13419,2026-07-01 00:00:00.000000000,Mechanic Shop,Fernando,Oreilly's,PM Filters,VIN #8919,,Fer,13419
13420,2026-07-01 00:00:00.000000000,Mechanic Shop,Fernando,Leif Johnson Ford,1 EGR Hose,VIN #8919,,Fer,13420
13421,2026-07-01 00:00:00.000000000,Mechanic Shop,Fernando,Oreilly's,12 Green Antifreez,Stock,,Fer,13421
13422,2026-07-02 00:00:00.000000000,Mechanic Shop,Fernando,Oreilly's,1 Battery for Skid Steer (Bridge project - Abel has in his truck) - Order no need it,VIN #0939,,Fer,13422
13422-A,2026-07-03 00:00:00.000000000,Mechanic Shop,Fernando,Leif Johnson Ford,1 Moulding,VIN #8626,,Fer,13422-A
13423,2026-07-02 00:00:00.000000000,Mechanic Shop,Fernando,Tex Con,Combustible for Truck,VIN #3149,,Fer,13423
13424,2026-07-02 00:00:00.000000000,Mechanic Shop,Andy,Oreilly's,2 Seat Cover for Trucks,VIN #1117 / VIN #7190,,Fer,13424
13425,2026-07-02 00:00:00.000000000,Mechanic Shop,Fernando,Leif Johnson Ford,4 HD Rotor / 2 Brake pad kit / 2 Calipers / Washers / AC Blower,VIN #7192,,Fer,13425
13426,2026-07-02 00:00:00.000000000,Mechanic Shop,Fernando,Bobcat,"Bushing torsion, Bracket, bolts, clamps, nuts, seals, bearing roller, spacer tube, etc",VIN #1549,,Fer,13426
13427,2026-07-03 00:00:00.000000000,Mechanic Shop,Abel Hernandez,Tex Con,Combustible,VIN #8919,,Fer,13427
13428,2026-07-03 00:00:00.000000000,Mechanic Shop,Andy,Oreilly's,5 Brake Quiet,,,Fer,13428
13429,2026-07-04 00:00:00.000000000,Mechanic Shop,Fernando,Oreilly's,4 Soap / 1 Pack of towels for car wash,,,Fer,13429
13430,2026-07-04 00:00:00.000000000,Mechanic Shop,Fernando,Oreilly's,PM Filters,VIN #8269,,Fer,13430
13431,2026-07-04 00:00:00.000000000,Mechanic Shop,Fernando,Oreilly's,PM Filters,VIN #2045,,Fer,13431
13432,2026-07-04 00:00:00.000000000,Mechanic Shop,Fernando,Oreilly's,PM Filters and 2 Batteries,VIN #3776,,Fer,13432
13433,2026-07-06 00:00:00.000000000,Mechanic Shop,Ulises Rodriguez,Tex Con,Combustible,VIN #8269,,Fer,13433
13434,2026-07-06 00:00:00.000000000,Mechanic Shop,Abel Hernandez,Oreilly's,1 Camaleon for Bridge Project (With Lupe),,,Fer,13434
13435,2026-07-06 00:00:00.000000000,Mechanic Shop,Ruben Cano,ACE Contactors,1 Quickie Saw for Ruben's Crew,,,Fer,13435
13436,2026-07-06 00:00:00.000000000,Mechanic Shop,Fernando,Leif Johnson Ford,1 Rear signal light with sensors,VIN #0015,,Fer,13436
13437,2026-07-06 00:00:00.000000000,Mechanic Shop,Fernando,Bobcat,1 Thermostate and Gasket,VIN #9040,,Fer,13437
13438,2026-07-06 00:00:00.000000000,Mechanic Shop,Andy,Tex Con,Combustible,VIN #5401,,Fer,13438
13439,2026-07-06 00:00:00.000000000,Mechanic Shop,Jose Luis Zamarripa,Oreilly's,1 Pull - Stow (Rental - 1 Arrow Board damage) - Avisai Crew,,,Fer,13439
13440,2026-07-06 00:00:00.000000000,Mechanic Shop,Abel Hernandez,Bobcat,3 Harness Jumper for Skid Steer,,,Fer,13440
13441,2026-07-06 00:00:00.000000000,Mechanic Shop,Fernando,Leif Johnson Ford,1 Seal for Differential / 1 lamp rear asy (passenger side) / 3 Rear lamp for 250 and 350 old models,VIN #7145,,Fer,13441
13442,2026-07-06 00:00:00.000000000,Mechanic Shop,Fernando,Leif Johnson Ford,1 AC Blower Motor,VIN #8919,,Fer,13442
13443,2026-07-07 00:00:00.000000000,Mechanic Shop,Ulises Rodriguez,Oreilly's,Battery for roller,VIN #5225,,Fer,13443
13444,2026-07-07 00:00:00.000000000,Mechanic Shop,Fernando,Tex Con,Combustible,VIN #3241,,Fer,13444
13445,2026-07-07 00:00:00.000000000,Mechanic Shop,Andy,A-Line,"Parts for Tiger II (Pulley,, bolts, nuts, spring, belt cover)",,,Fer,13445
13446,2026-07-08 00:00:00.000000000,Mechanic Shop,Fernando,ACE Contractors,10 Bundles of rebar #5,,,Fer,13446
13447,2026-07-08 00:00:00.000000000,Mechanic Shop,Abraham Gonzalez,ACE Contractors,2 Graigner (1 for shop and 1 for new crew),,,Fer,13447
13448,2026-07-08 00:00:00.000000000,Mechanic Shop,Fernando,Tex Con,Combustible,VIN #7145,,Fer,13448
13449,2026-07-09 00:00:00.000000000,Mechanic Shop,Fernando,Bobcat,2 Thermostate Asy / 2 Valve Coolant / 9 Relays,Stock,,Fer,13449
13450,2026-07-09 00:00:00.000000000,Mechanic Shop,Fernando,Bobcat,"1 Pulley, 1 Belt Tensiones, 2 Relays,",VIN #8815,,Fer,13450
13451,2026-07-10 00:00:00.000000000,Mechanic Shop,Ulises Rodriguez,Tex Con,Combustible,VIN #8269,,Fer,13451
13452-A,2026-07-10 00:00:00.000000000,Mechanic Shop,Fernando,Bobcat,2 Actuator,VIN #7504,,Fer,13452-A
13452,2026-07-13 00:00:00.000000000,Mechanic Shop,Fernando,Leif Johnson Ford,1 Hose Pipe for AC / O rings,VIN #3365,,Fer,13452
13453,2026-07-13 00:00:00.000000000,Mechanic Shop,Abraham Gonzalez,Capitol Bearing,Couples / Connectors / Valve for Water Truck,,,Fer,13453
13454,2026-07-13 00:00:00.000000000,Mechanic Shop,Fernando,Tex Con,Combustrible for Truck VIN #3149 / 23 Gallons of Gasoline for Shop,VIN #3149,,Fer,13454
13455,2026-07-13 00:00:00.000000000,Mechanic Shop,Fernando,Oreilly's,3 Batteries for Dump Truck,VIN #9103,,Fer,13455
13456,2026-07-14 00:00:00.000000000,Mechanic Shop,Fernando,Oreilly's,PM Filters and Oil,VIN #0799,,Fer,13456
13457,2026-07-14 00:00:00.000000000,Mechanic Shop,Fernando,Oreilly's,3 Hands Soap - Fast Orange (Shop Area),,,Fer,13457
13458,2026-07-14 00:00:00.000000000,Mechanic Shop,Fernando,Oreilly's,PM Filters and Oil,VIN #5489,,Fer,13458
13459,2026-07-14 00:00:00.000000000,Mechanic Shop,Fernando,Oreilly's,12 Windshield washer,,,Fer,13459
13460,2026-07-15 00:00:00.000000000,Mechanic Shop,Abel Hernandez,Oreilly's,2 Bulb socket,VIN #8020,,Fer,13460
13461,2026-07-16 00:00:00.000000000,Mechanic Shop,Fernando,Bobcat,1 Battery for Mini and PM Filters,VIN #1567,,Fer,13461
13462,2026-07-16 00:00:00.000000000,Mechanic Shop,Ulises Rodriguez,Tex Con,Combustible,VIN #8269,,Fer,13462
13463,2026-07-16 00:00:00.000000000,Mechanic Shop,Fernando,Oreilly's,PM Filters for truck,VIN #4448,,Fer,13463
13464,2026-07-16 00:00:00.000000000,Mechanic Shop,Ulises Rodriguez,Oreilly's,1 Battery for Generator and cord  (Francisco Aguirre),,,Fer,13464
13465,2026-07-16 00:00:00.000000000,Mechanic Shop,Fernando,ACE Contractors,70 Redwood 1x4x12 and 70 redwood 1x6x12,,,Fer,13465
13466,2026-07-16 00:00:00.000000000,Mechanic Shop,Fernando,Bobcat,"Pump gear, 4 hoses, O ring, Filter ventilted, Fuel Pump",VIN #1852,,Fer,13466
13467,2026-07-17 00:00:00.000000000,Mechanic Shop,Fernando,Oreilly's,2 Batteries for Skid Steer,VIN #8815 / VIN #3724,,Fer,13467
13468,2026-07-17 00:00:00.000000000,Mechanic Shop,Fernando,Oreilly's,8 Wiper Blades,,,Fer,13468
13469,2026-07-20 00:00:00.000000000,Mechanic Shop,Fernando,Bobcat,1 Alternator / PM Filters / 1 Belt,VIN #1388,,Fer,13469
13470,2026-07-20 00:00:00.000000000,Mechanic Shop,Fernando,ACE Contractors,1 Quickie Saw for Ricardo's Crew (Quickie Saw is damaged),,,Fer,13470
13470-A,2026-07-27 00:00:00.000000000,Mechanic Shop,Fernando,Bobcat,2 Cylinder / Pin Pivot / Bolts / Washers / Fittings,VIN #1852,,Fer,13470-A
13471,2026-07-20 00:00:00.000000000,Mechanic Shop,Ulises Rodriguez,Tex Con,Combustible,VIN #8269,,Fer,13471
13472,2026-07-20 00:00:00.000000000,Mechanic Shop,Fernando,Leif Johnson Ford,"1 Fuel Pump, 1 Fuel Riel Sensor, 1 Map Sensor, ",VIN #4256,,Fer,13472
13473,2026-07-20 00:00:00.000000000,Mechanic Shop,Fernando,Tex Con,Combustible,VIN #3149,,Fer,13473
13474,2026-07-20 00:00:00.000000000,Mechanic Shop,Fernando,Tex Con,1 Battery for Roller VIN #2679 / 6 bulb lights H13 for truck,VIN #2679,,Fer,13474
13475,2026-07-22 00:00:00.000000000,Mechanic Shop,Abel Hernandez,Capitol Bearing ,100 ft of cordura sleeve / 5 male pipe rigid hose fittings (for Breaker),Stock,,Fer,13475
13476,2026-07-22 00:00:00.000000000,Mechanic Shop,Abel Hernandez,Tex Con,Combustible,VIN #8919,,Fer,13476
13477,2026-07-21 00:00:00.000000000,Mechanic Shop,Fernando,Southern Tire Mart,6 New Tires for Service Truck,VIN #8269,,Fer,13477
13478,2026-07-21 00:00:00.000000000,Mechanic Shop,Fernando,Arnold Oil Company,2 Drums of 55 Gallons and 1 Pallet of DEF,,,Fer,13478
13479-A,2026-07-21 00:00:00.000000000,Mechanic Shop,Fernando,Capitol Bearing ,Parts for connect the water meter to Trailer,VIN #0404,,Fer,13479-A
13479,2026-07-22 00:00:00.000000000,Mechanic Shop,Fernando,Leif Johnson Ford,1 Ball Joint for truck,VIN #8020,,Fer,13479
13479-B,2026-07-22 00:00:00.000000000,Mechanic Shop,Fernando,Leif Johnson Ford,1 Belt and 1 Tensioner,VIN #3365,,Fer,13479-B
13480,2026-07-22 00:00:00.000000000,Mechanic Shop,Fernando,Oreilly's,50 O ring connectors / 200 butt connector 16-14 / 1 AC Adaptor and seal kit (VIN #3365),Shop,,Fer,13480
13481,2026-07-22 00:00:00.000000000,Mechanic Shop,Ulises Rodriguez,Capitol Bearing ,1 Hydraulic Hose for Dump Truck,VIN #8670,,Fer,13481
13482,2026-07-23 00:00:00.000000000,Mechanic Shop,Fernando,Tex Con,Combustible TRUCK VIN #3149 / 4 Cans for Shop,VIN #3149,,Fer,13482
13483,2026-07-23 00:00:00.000000000,Mechanic Shop,Fernando,A- Line,1 Connector for trailer,Home-made,,Fer,13483
13484,2026-07-23 00:00:00.000000000,Mechanic Shop,Fernando,Bobcat,1 Water pump / Belt / Gasket / Thermostate,VIN #3530,,Fer,13484
13485,2026-07-23 00:00:00.000000000,Mechanic Shop,Fernando,Bobcat,1 Glass Door and Seal Door and 4 tires (Skid Steer - Dealer loaner) - Francisco's Crew broken the door glass,,,Fer,13485
13486,2026-07-24 00:00:00.000000000,Mechanic Shop,Ulises Rodriguez,Tex Con,Combustible,VIN #8269,,Fer,13486
13487,2026-07-24 00:00:00.000000000,Mechanic Shop,Fernando,Oreilly's,1 Ball joint,VIN #8020,,Fer,13487
13488,2026-07-24 00:00:00.000000000,Mechanic Shop,Fernando,Leif Johnson Ford,Rear light (right side),VIN #5517,,Fer,13488
13489,2026-07-24 00:00:00.000000000,Mechanic Shop,Fernando,Leif Johnson Ford,PM Filters for truck,VIN #9203,,Fer,13489
13490,2026-07-24 00:00:00.000000000,Mechanic Shop,Fernando,Leif Johnson Ford,PM filters for truck,VIN #4448,,Fer,13490
13491,2026-07-24 00:00:00.000000000,Mechanic Shop,Fernando,Bobcat,2 Battery holder / 2 Bolts / 10 handle clamping / 2 left and 2 right front lights,Stock,,Fer,13491
13492,2026-07-25 00:00:00.000000000,Mechanic Shop,Fernando,Oreilly's,2 Fuel Filter WF10737,,,Fer,13492
13493,2026-07-27 00:00:00.000000000,Mechanic Shop,Fernando,Oreilly's,2 Batteries for Dump Truck,VIN #2679,,Fer,13493
13494,2026-07-27 00:00:00.000000000,Mechanic Shop,Fernando,Oreilly's,"1 Ratcher 3/4"" drive",Shop,,Fer,13494
13495,2026-07-27 00:00:00.000000000,Mechanic Shop,Fernando,Oreilly's,1 Battery for Transit 350,VIN #5773,,Fer,13495
13496,2026-07-28 00:00:00.000000000,Mechanic Shop,Fernando,Tex Con,Combustible / 1 Drum of Grease for the shop,VIN #3149,,Fer,13496
13497,2026-07-28 00:00:00.000000000,Mechanic Shop,Fernando,A- Line,2 Bulb lights for dump truck,VIN #5026,,Fer,13497
13498,2026-07-28 00:00:00.000000000,Mechanic Shop,Fernando,Oreilly's,1 Drum of Oil AW32 (Hydraulic),,,Fer,13498
13499,2026-07-28 00:00:00.000000000,Mechanic Shop,Fernando,Bobcat,24 Differents PM Filters for Skid Steer (Stock),Stock,,Fer,13499
13500,2026-07-29 00:00:00.000000000,Mechanic Shop,Ulises Rodriguez,Tex Con,Combustible,VIN #8269,,Fer,13500
13501,2026-07-29 00:00:00.000000000,Mechanic Shop,Fernando,Leif Johnson Ford,1 A/C control module,VIN #4448,,Fer,13501
13502,2026-07-29 00:00:00.000000000,Mechanic Shop,Fernando,Leif Johnson Ford,1 Passenger Mirror,VIN #7145,,Fer,13502
13503,2026-07-29 00:00:00.000000000,Mechanic Shop,Fernando,Bobcat,2 Hydraulic hoses and 2 O rings,VIN #3898,,Fer,13503
13504,2026-07-30 00:00:00.000000000,Mechanic Shop,Fernando,Tex Con,Combustible (12 gallons for truck and 25 gallons for shop),VIN #3149,,Fer,13504
13505,2026-07-30 00:00:00.000000000,Mechanic Shop,Fernando,ACE Contractors,23 Bundles of Rebar #3 and 22 Bundles of Rebar #4,,,Fer,13505
13506,2026-07-30 00:00:00.000000000,Mechanic Shop,Fernando,Southern Tire Mart,Alignment / 2 Front Tires for Dump Truck,VIN #5737,,Fer,13506
13507,2026-07-31 00:00:00.000000000,Mechanic Shop,Fernando,Oreilly's,PM Filters,VIN #5188,,Fer,13507
13508,2026-07-31 00:00:00.000000000,Mechanic Shop,Fernando,Oreilly's,PM Filters,VIN #4522,,Fer,13508
13509,2026-08-03 00:00:00.000000000,Mechanic Shop,Fernando,ACE Contractors,1 Quickie Saw (David's Crew) / 1 Drill Kit for Ulises Rodriguez,,,Fer,13509
13510,2026-08-03 00:00:00.000000000,Mechanic Shop,Ulises Rodriguez,Tex Con,Combustible,VIN #8269,,Fer,13510
13511,2026-08-03 00:00:00.000000000,Mechanic Shop,Fernando,Arnold Oil Company,1 Drum of 50:1 Fuel Mix,,,Fer,13511
13512,2026-08-04 00:00:00.000000000,Mechanic Shop,Fernando,Bobcat,1 Hydraulic Tubeline / 1 Sensor,VIN #7504 / VIN #2570,,Fer,13512
13513,2026-08-04 00:00:00.000000000,Mechanic Shop,Fernando,Tex Con,Combustible ,VIN #3241,,Fer,13513
13514,2026-08-04 00:00:00.000000000,Mechanic Shop,Fernando,Matheson,"10 lb of fill bar 6011 and 7018 / 1 disc cut 4.5"" / 5 disc ",,,Fer,13514
13515,2026-08-04 00:00:00.000000000,Mechanic Shop,Fernando,Leif Johnson Ford,PM Filters,VIN #0619,,Fer,13515
13516,2026-08-04 00:00:00.000000000,Mechanic Shop,Fernando,Leif Johnson Ford,PM Filters,VIN #5563,,Fer,13516
13517,2026-08-04 00:00:00.000000000,Mechanic Shop,Fernando,Leif Johnson Ford,PM Filters,VIN #7969,,Fer,13517
13518,2026-08-05 00:00:00.000000000,Mechanic Shop,Fernando,Oreilly's,20 Mini bulbs / 1 Belt (Water Truck) / 2 Spark Plugs (Quickie Saws),VIN #1638,,Fer,13518
13519,2026-08-05 00:00:00.000000000,Mechanic Shop,Fernando,Bobcat,2 Wheel Seal / 6 Relays,VIN #4762 (STOCK),,Fer,13519
13520,2026-08-05 00:00:00.000000000,Mechanic Shop,Fernando,Capitol Bearing,"1 Water Hose 2"" / Couplers / Nipples",VIN #200869,,Fer,13520
13521,2026-08-06 00:00:00.000000000,Mechanic Shop,Fernando,Bobcat,7 Clamps for pipe hose / 5  clamps for small pipe hose / 10 Clamps and bolts,Stock,,Fer,13521
13522,2026-08-06 00:00:00.000000000,Mechanic Shop,Ulises Rodriguez,Tex Con,Combustible ,VIN #8269,,Fer,13522
13523,2026-08-06 00:00:00.000000000,Mechanic Shop,Fernando,Oreilly's,3 Trailer lights kit (signal lights),Stock,,Fer,13523
13524,2026-08-06 00:00:00.000000000,Mechanic Shop,Fernando,Oreilly's,10 Spark Plug for Quickie Saw / 5 Gallons of 5W30 Oil,Stock,,Fer,13524
13525,2026-08-06 00:00:00.000000000,Mechanic Shop,Fernando,Oreilly's,PM Filters and 1 Gallon of Oil,VIN  #2811,,Fer,13525
13526,2026-08-08 00:00:00.000000000,Mechanic Shop,Fernando,Oreilly's,12 Windshield Washer / 14 Wiper Blade,,,Fer,13526
13526-A,2026-08-10 00:00:00.000000000,Mechanic Shop,Fernando,Leif Johnson Ford,Fuel Sender / 10 Pin trim,VIN #8020,,Fer,13526-A
13527,2026-08-10 00:00:00.000000000,Mechanic Shop,Fernando,Bobcat,1 Cylinder/ 1 Shaft / Pins / Bushing / Bolts / Washer / Kit seal,VIN #3898,,Fer,13527
13528,2026-08-10 00:00:00.000000000,Mechanic Shop,Fernando,Bobcat,4 Bearings / 4 Cups / 2 Wheel seal kit,VIN #3495,,Fer,13528
13529,2026-08-11 00:00:00.000000000,Mechanic Shop,Fernando,ACE Contractors,1 Quickie Saw for Lupe's crew (His quickie saw the module are damaged),,,Fer,13529
13530,2026-08-11 00:00:00.000000000,Mechanic Shop,Fernando,Tex Con,Combustible (16 Gallons Truck) / Workshop 26 Gallons gasoline,,,Fer,13530
13531,2026-08-11 00:00:00.000000000,Mechanic Shop,Fernando,Oreilly's,3 Fuse Holders,,,Fer,13531
13532,2026-08-11 00:00:00.000000000,Mechanic Shop,Ulises Rodriguez,Tex Con,Combustible,VIN #8269,,Fer,13532
13533,2026-08-11 00:00:00.000000000,Mechanic Shop,Fernando,Tex Con,3 Bucket of 85 W140 Oil / 3 Daily Driving Book / 1 Greaser Gun,,,Fer,13533
13534,2026-08-12 00:00:00.000000000,Mechanic Shop,Fernando,Bobcat,Stock - - -- 20 Tooth / 20 bolts / 20 pins flex / 2 Kit tooth / Skid Steer #3898 (Bobtach kit pins and bolts),VIN #3898,,Fer,13534
13535,2026-08-13 00:00:00.000000000,Mechanic Shop,Fernando,Leif Johnson Ford,PM Filters,VN #2086,,Fer,13535
13536,2026-08-13 00:00:00.000000000,Mechanic Shop,Fernando,Leif Johnson Ford,PM Filters,VIN #4363,,Fer,13536
13537,2026-08-13 00:00:00.000000000,Mechanic Shop,Fernando,Oreilly's,PM Filters,VIN #7145,,Fer,13537
13538,2026-08-13 00:00:00.000000000,Mechanic Shop,Fernando,Oreilly's,PM Filters,VIN #4340,,Fer,13538
13539,2026-08-13 00:00:00.000000000,Mechanic Shop,Fernando,Oreilly's,PM Filters,VIN #0415,,Fer,13539
13540,2026-08-13 00:00:00.000000000,Mechanic Shop,Fernando,Bobcat,1 Actuator and road service,VIN #7504,,Fer,13540
13541,2026-08-13 00:00:00.000000000,Mechanic Shop,Fernando,Capitol Bearing,"2 Coplers / 1 Reducer conector and couple 3"" to 2""",,,Fer,13541
13542,2026-08-14 00:00:00.000000000,Mechanic Shop,Fernando,Tex Con,Combustible,VIN #3241,,Fer,13542
13543,2026-08-14 00:00:00.000000000,Mechanic Shop,Fernando,ACE Contractors,1 Quickie Saw for Francisco Bocanegra (S/n # 20260703613),,,Fer,13543
13544,2026-08-14 00:00:00.000000000,Mechanic Shop,Fernando,Oreilly's,1 Fuel Filter for Dump Truck ,VIN #0415,,Fer,13544
13545,2026-08-15 00:00:00.000000000,Mechanic Shop,Fernando,Oreilly's,PM Filters,VIN #5517,,Fer,13545
13546,2026-08-15 00:00:00.000000000,Mechanic Shop,Fernando,Leif Johnson Ford,Water Hose,STOCK,,Fer,13546
13547,2026-08-15 00:00:00.000000000,Mechanic Shop,Fernando,Leif Johnson Ford,Water Hose,VIN #4340,,Fer,13547
13548,2026-08-17 00:00:00.000000000,Mechanic Shop,Ulises Rodriguez,Tex Con,Combustible,VIN #8269,,Fer,13548
13549,2026-08-17 00:00:00.000000000,Mechanic Shop,Fernando,Oreilly's,6 Orange antifreez,VIN #4340,,Fer,13549
13550,2026-08-17 00:00:00.000000000,Mechanic Shop,Fernando,Leif Johnson Ford,PM Filters,VIN #2076,,Fer,13550
13551,2026-08-17 00:00:00.000000000,Mechanic Shop,Fernando,Leif Johnson Ford,PM Filters,VIN #0742,,Fer,13551
13552,2026-08-17 00:00:00.000000000,Mechanic Shop,Fernando,ACE Contractors,108 Redwood,,,Fer,13552
13553,2026-08-18 00:00:00.000000000,Mechanic Shop,Fernando,Leif Johnson Ford,1 Diesel Fuel Injector Pulley (Tools Kit),Shop,,Fer,13553
13554,2026-08-18 00:00:00.000000000,Mechanic Shop,Fernando,Leif Johnson Ford,8 Injectors and kit / Gasket Cover Valve / 1 Fuel Pump / 2 Strut / Gasket kit,VIN #4256,,Fer,13554
13555,2026-08-18 00:00:00.000000000,Mechanic Shop,Fernando,Tex Con,Combustible 16 gallons truck / 4 Cans 20 gallons (Shop),VIN #3241,,Fer,13555
13556,2026-08-18 00:00:00.000000000,Mechanic Shop,Fernando,Bobcat,Electrical Failure to the Computer,VIN #2570,,Fer,13556
13557,2026-08-18 00:00:00.000000000,Mechanic Shop,Fernando,Leif Johnson Ford,1 Bumper for Truck,VIN #7192,,Fer,13557
13558,2026-08-19 00:00:00.000000000,Mechanic Shop,Ulises Rodriguez,Tex Con,Combustible,VIN #8269,,Fer,13558
13559,2026-08-19 00:00:00.000000000,Mechanic Shop,Fernando,ACE Contractors,1 Quickie Saw for Diego's Crew ,,,Fer,13559
13560,2026-08-19 00:00:00.000000000,Mechanic Shop,Fernando,Oreilly's,1 Battery for truck,VIN #4363,,Fer,13560
13561,2026-08-19 00:00:00.000000000,Mechanic Shop,Fernando,Bobcat,1 Tubeline for skid steer / 5 Couplers / 13 Filters / 2 Radiator hoses ,Stock,,Fer,13561
13562,2026-08-20 00:00:00.000000000,Mechanic Shop,Fernando,Tex Con,Combustible,VIN #3241,,Fer,13562
13563,2026-08-20 00:00:00.000000000,Mechanic Shop,Fernando,Oreilly's,1 Small battery for Generator Yamaha 7200 ,,,Fer,13563
13564,2026-08-21 00:00:00.000000000,Mechanic Shop,Fernando,Leif Johnson Ford,Selection Level Cable Asy (Transmission) Speed Changes,VIN #0039,,Fer,13564
13565,2026-08-21 00:00:00.000000000,Mechanic Shop,Abraham Gonzalez,Capitol Bearing,Water hoses and connectors for Water Trailer (Small trailer - 325 gallons),VIN #200868,,Fer,13565
13566,2026-08-21 00:00:00.000000000,Mechanic Shop,Fernando,Oreilly's,PM Filters,VIN #2414,,Fer,13566
13567,2026-08-21 00:00:00.000000000,Mechanic Shop,Fernando,Oreilly's,PM Filters,VIN #0039,,Fer,13567
13568,2026-08-21 00:00:00.000000000,Mechanic Shop,Fernando,Oreilly's,PM Filters,VIN #5249,,Fer,13568
13569,2026-08-21 00:00:00.000000000,Mechanic Shop,Fernando,Arnold Oil Company,55 Gallons of oil - 15 w40 ,,,Fer,13569
13570,2026-08-21 00:00:00.000000000,Mechanic Shop,Fernando,Oreilly's,12 Antifreez / 4 Absorbent bags / Handle with cord for generator / 2 Bulbs / 1 bag of Tie of different color,,,Fer,13570
13571,2026-08-24 00:00:00.000000000,Mechanic Shop,Ulises Rodriguez,Tex Con,Combustible,VIN #8269,,Fer,13571
13572,2026-08-24 00:00:00.000000000,Mechanic Shop,Fernando,Leif Johnson Ford,2 Fuel Filter / 1 Vacuum Gasket (VIN #4256),,,Fer,13572
13573,2026-08-25 00:00:00.000000000,Mechanic Shop,Fernando,ACE Contractors,22 Bundles of rebar #4 / 10 bundles of rebar #5,,,Fer,13573
13574,2026-08-25 00:00:00.000000000,Mechanic Shop,Fernando,Leif Johnson Ford,Fuel pump and O ring,VIN #3776,,Fer,13574
13575,2026-08-26 00:00:00.000000000,Mechanic Shop,Ulises Rodriguez,Leos,Combustible,VIN #8269,,Fer,13575
13576,2026-08-26 00:00:00.000000000,Mechanic Shop,Ulises Rodriguez,Bobcat,6 Tooth for Orange Drill,,,Fer,13576
13577,2026-08-26 00:00:00.000000000,Mechanic Shop,Fernando,Bobcat,"2 Hoses / 2 Elbow / 1 Guide Bar 18"" /  25.4 C.C. Curved (Wirilla)",VIN #3563,,Fer,13577
13578,2026-08-26 00:00:00.000000000,Mechanic Shop,Fernando,Oreilly's,1 AC Kit for truck VIN #8269 / 12 Orange Antifreez,,,Fer,13578
13578-A,2026-08-27 00:00:00.000000000,Mechanic Shop,Ulises Rodriguez,Tex Con,Combustible,VIN #8919,,Fer,13578-A
13579,2026-08-27 00:00:00.000000000,Mechanic Shop,Abraham Gonzalez,Capitol Bearing,Coupler and connectors for the water truck,VIN #1638,,Fer,13579
13580,2026-08-27 00:00:00.000000000,Mechanic Shop,Fernando,Tex Con,Combustible,VIN #3241,,Fer,13580
13581,2026-08-27 00:00:00.000000000,Mechanic Shop,Fernando,Oreilly's,2 Small battery for Generator Yamaha 7200 ,,,Fer,13581
13582,2026-08-28 00:00:00.000000000,Mechanic Shop,Fernando,Leif Johnson Ford,2 KIt PM Filters,VIN #5454,,Fer,13582
13583,2026-08-28 00:00:00.000000000,Mechanic Shop,Fernando,Oreilly's,PM Filters,VIN #3956,,Fer,13583
13584,2026-08-28 00:00:00.000000000,Mechanic Shop,Fernando,Oreilly's,PM Filters,VIN #0799,,Fer,13584
13585,2026-08-28 00:00:00.000000000,Mechanic Shop,Fernando,Oreilly's,3 Oil Filters - Stock,,,Fer,13585
13586,2026-08-28 00:00:00.000000000,Mechanic Shop,Fernando,Matheson,"1 Oxigen and 1 Acetylene Refill tank / 20 Lb fill 7018 and20 lb fill 6011 / 1 box with 50 Cutter disc 4.5""",,,Fer,13586
13587,2026-08-28 00:00:00.000000000,Mechanic Shop,Fernando,Leif Johnson Ford,1 A/C Vacuum,VIN #8171,,Fer,13587
13588,2026-08-31 00:00:00.000000000,Mechanic Shop,Ulises Rodriguez,Tex Con,Combustible,VIN #8269,,Fer,13588
13589,2026-08-31 00:00:00.000000000,Mechanic Shop,Fernando,Leif Johnson Ford,1 A/C Line,VIN #1275,,Fer,13589
13590,2026-08-31 00:00:00.000000000,Mechanic Shop,Fernando,Tex Con,6 Gallons truck VIN #3241 / 26.66 gallons 6 cans of gasoline for Shop,,,Fer,13590
13591,2026-08-31 00:00:00.000000000,Mechanic Shop,Fernando,Bobcat,1 Cylinder / 1 Shaft / 1 Piston / Bolt / Nuts / Pin  Pivot / Washer,VIN #3898,,Fer,13591
13592,2026-08-31 00:00:00.000000000,Mechanic Shop,Fernando,Bobcat,1 Hydraulic Tubeline,VIN #8827,,Fer,13592
13593,2026-08-31 00:00:00.000000000,Mechanic Shop,Fernando,Bobcat,Skid Steer with Codes (Water in fuel / Fuel Temp / Air Temperature) / Losing power,VIN #7504,,Fer,13593
13593-A,2026-09-01 00:00:00.000000000,Mechanic Shop,Fernando,Oreilly's,PM Filters and Oil for truck / 1 Blower Motor for A/C  MFO,VIN #4695,,Fer,13593-A
13594,2026-09-01 00:00:00.000000000,Mechanic Shop,Fernando,Leif Johnson Ford,HD rotor and brake pads front side,VIN #1790,,Fer,13594
13595,2026-09-01 00:00:00.000000000,Mechanic Shop,Fernando,Leif Johnson Ford,Intake tube,VIN #1275,,Fer,13595
13596,2026-09-02 00:00:00.000000000,Mechanic Shop,Ulises Rodriguez,Tex Con,Combustible,VIN #8269,,Fer,13596
13596-A,2026-09-01 00:00:00.000000000,Mechanic Shop,Fernando,Bobcat,1 Greaser fitting kit,,,Fer,13596-A
13597,2026-09-02 00:00:00.000000000,Mechanic Shop,Fernando,Leif Johnson Ford,Engine Gasket / Oil Pan Gasket / Intake gasket / Kit gasket,VIN #7192,,Fer,13597
13597-A,2026-09-01 00:00:00.000000000,Mechanic Shop,Fernando,Capitol Bearing,3 Breaker hose for George Hammer Model,,,Fer,13597-A
13598,2026-09-02 00:00:00.000000000,Mechanic Shop,Fernando,Oreilly's,3 Oil Filter of stock for Ford F-150,,,Fer,13598
13599,2026-09-02 00:00:00.000000000,Mechanic Shop,Fernando,Tex Con,Combustible,VIN #3142,,Fer,13599
13600,2026-09-02 00:00:00.000000000,Mechanic Shop,Fernando,ACE Contractors,Materials for Crew Trailer (sr. Pablo),,,Fer,13600
13601,2026-09-03 00:00:00.000000000,Mechanic Shop,Fernando,ACE Contractors,200 Red wood 1 X 6 X 12,,,Fer,13601
13602,2026-09-03 00:00:00.000000000,Mechanic Shop,Fernando,Oreilly's,1 Battery for Tiger II / 2 handle for quickie saw / 10 Spark Plugs,,,Fer,13602
13603,2026-09-03 00:00:00.000000000,Mechanic Shop,Fernando,Bobcat,3 O ring / 1 Plug / 3 Fitting greaser,,,Fer,13603
13604,2026-09-04 00:00:00.000000000,Mechanic Shop,Fernando,Leif Johnson Ford,Pins for Driver Door,VIN #8987,,Fer,13604
13605,2026-09-04 00:00:00.000000000,Mechanic Shop,Fernando,Bobcat,1 Starter / 6 Coupler for 250,,,Fer,13605
13606,2026-09-04 00:00:00.000000000,Mechanic Shop,Fernando,Bobcat,1 Gear Pump (Breaker) / ,,,Fer,13606
13607,2026-09-05 00:00:00.000000000,Mechanic Shop,Fernando,Oreilly's,12 Windshield fluid / 1 Gray Silicone / 2 Small red silicone,,,Fer,13607
13608,2026-09-05 00:00:00.000000000,Mechanic Shop,Fernando,Leif Johnson Ford,1 Front Bumper / 1 Moulding Bumper / 2 Grille / Pad / Panel / Brakes,VIN #5454,,Fer,13608
13609,2026-09-05 00:00:00.000000000,Mechanic Shop,Fernando,Leif Johnson Ford,1 Rear Bumper / Tailgate asy / 3 Sensor / Bumper cover,VIN #6706,Truck crushed for Jose A. Zamarripa,Fer,13609
13610,2026-09-08 00:00:00.000000000,Mechanic Shop,Fernando,Oreilly's,20 Yellow Mini Bulb,,,Fer,13610
13611,2026-09-08 00:00:00.000000000,Mechanic Shop,Fernando,Leif Johnson Ford,1 Rear Bumper and cover,VIN #8020,,Fer,13611
13612,2026-09-08 00:00:00.000000000,Mechanic Shop,Fernando,Oreilly's,1 AC Belt,VIN #1638,,Fer,13612
13613,2026-09-08 00:00:00.000000000,Mechanic Shop,Fernando,ACE Contractors,1 Outdoor Extension Cord  100 Ft (SHop),,,Fer,13613
13614,2026-09-09 00:00:00.000000000,Mechanic Shop,Ulises Rodriguez,Tex Con,Combustible,VIN #8269,,Fer,13614
13615,2026-09-09 00:00:00.000000000,Mechanic Shop,Fernando,Leif Johnson Ford,Intake gasket / Intaketube / 1 Sensor / 1 Crankcase filter,VIN #7192,,Fer,13615
13616,2026-09-09 00:00:00.000000000,Mechanic Shop,Fernando,Leif Johnson Ford,2 Hook bracket / 1 right bracket /  1 Lamp Plate Asy and 2 parking sensor for truck VIN #6706),VIN #5454,VIN # 6706 Truck crushed for Jose A. Zamarripa,Fer,13616
13617,2026-09-09 00:00:00.000000000,Mechanic Shop,Fernando,Leif Johnson Ford,1 rear signal and stop light (passenger side),VIN #5517,,Fer,13617
13618,2026-09-09 00:00:00.000000000,Mechanic Shop,Fernando,Bobcat,1 Holding Arm / Pin and bushing / Pins and bushing for sylinder bobtach,VIN #2570,,Fer,13618
13619,2026-09-09 00:00:00.000000000,Mechanic Shop,Fernando,Tex Con,Combustible,VIN #3241,,Fer,13619
13620,2026-09-10 00:00:00.000000000,Mechanic Shop,Fernando,Oreilly's,1 Kit seat cover / 1 fuel line 5/16,VIN #7969,,Fer,13620
13621,,,,,,,,Fer,13621
13622,,,,,,,,Fer,13622
13623,,,,,,,,Fer,13623
13624,,,,,,,,Fer,13624
13625,,,,,,,,Fer,13625
13626,,,,,,,,Fer,13626
13627,,,,,,,,Fer,13627
6006,2023-03-10 00:00:00.000000000,All ADA's,Allan Torra,Longhorn Materials,#4 Rebar,,,Joey,6006
6100,2023-03-21 00:00:00.000000000,ADA 23A,Ignacio Fuentes,ACT Pipe Supply,"3/4"" Angle Stops, Ball Valves, Male Adapters, Reducers, Pipe, Inserts, Washers",,,Joey,6100
6101,2023-03-21 00:00:00.000000000,Justin Lane Demolition,Abraham Gonzalez,Texcon,Diesel,,,Joey,6101
6102,2023-03-22 00:00:00.000000000,Justin Lane Demolition,Abraham Gonzalez,Texcon,Diesel,,,Joey,6102
6103,2023-03-22 00:00:00.000000000,Justin Lane Demolition,Abraham Gonzalez,Texcon,Diesel,,,Joey,6103
6104,2023-03-22 00:00:00.000000000,Justin Lane Demolition,Jeronimo Benavides,ACE Contractor Supply,Metal Cut Off Blade,,,Joey,6104
6105,2023-03-23 00:00:00.000000000,Brush Square,Jeronimo Benavides,ACE Contractor Supply,"Metal Cut Off Blade, Clear Marking Paint",,,Joey,6105
6106,2023-03-23 00:00:00.000000000,Justin Lane Demolition,Naim Santamara,Texcon,Diesel,,,Joey,6106
6107,2023-03-23 00:00:00.000000000,Justin Lane Demolition,Jeronimo Benavides,Texcon,Grease,,,Joey,6107
6108,,,,,,,,Joey,6108
6109,,,,,,,,Joey,6109
6110,,,,,,,,Joey,6110
6111,,,,,,,,Joey,6111
6112,2023-05-18 00:00:00.000000000,Duncan Park Neighborhood,Jeronimo Benavides,Master Halco,Temp. Fence Panels,,,Joey,6112
6113,2023-05-30 00:00:00.000000000,ADA 28,Ignacio Fuentes,ACT Pipe Supply,"Angle Stops, Ball Valves, Comp. Male Adapters, Comp. Coupling, Reducers, Single Water Meter Base, Comp. Female Coupler, Poly Pipe",,,Joey,6113
6114,2023-06-02 00:00:00.000000000,ADA 28,Allan Torra,Longhorn Materials,#3 & #4 Rebar,,,Joey,6114
6115,2023-06-06 00:00:00.000000000,Pharr Tennis Center,Lupe Juarez,CMC,Tie Wire,,,Joey,6115
6116,2023-06-14 00:00:00.000000000,ADA 28/ADA 23A,Allan Torra,Longhorn Materials,Portland Cement,,,Joey,6116
6117,2023-06-19 00:00:00.000000000,Pharr Tennis Center,Lupe Juarez,ACE Contractor Supply,"200 2X4X16, 100 2' Metal Pins, 100' 1/2"" Sleeves",,,Joey,6117
6118,,Pharr Tennis Center,Lupe Juarez,CMC,2 Bags of Non Shrink Grout,,,Joey,6118
6119,2023-06-22 00:00:00.000000000,Pharr Tennis Center,Lupe Juarez,ACE Contractor Supply,"2 Socket Sets, 4 Safety Vest, 1 Crescent Wrench, Master Combo Lock",,,Joey,6119
6120,,,,,,,,Joey,6120
6121,2023-07-03 00:00:00.000000000,ADA 28,Ignacio Fuentes,ACT Pipe Supply,"1-1/2"" 90, 1-1/4"" 90, 2"" 1/4"" Insert, 2 1/2"" Insert, 1 Water Meter Box Single",,,Joey,6121
6122,2023-07-13 00:00:00.000000000,ADA 23A & 28,Allan Torra,Longhorn Materials,#3 Rebar,,,Joey,6122
6123,2023-07-19 00:00:00.000000000,,Claudia Tamayo ,U-Line,Electrolytes ,,,Joey,6123
6124,2023-07-21 00:00:00.000000000,Duncan Park Neighborhood,Jeronimo Benavides,ACE Contractor Supply,Smooth Dowel Rods,,,Joey,6124
6125,2023-07-24 00:00:00.000000000,ADA 23A & 28,Allan Torra,Longhorn Materials,Smooth dowells,,,Joey,6125
6126,2023-08-01 00:00:00.000000000,Pharr Tennis Center,Lupe Juarez,CMC,"Magnesium Floats, Fresno Trowel, Chapin Sprayer, 5 Gallon Curing Compound, Smooth Dowels",,,Joey,6126
6127,2023-08-03 00:00:00.000000000,ADA 23A & 28,Allan Torra,Longhorn Materials,"Utility bricks, redwood 1x4s and 1x6s, curb boots for IDIQ assignments ",,,Joey,6127
6128,2023-08-10 00:00:00.000000000,ADA 28,Ignacio Fuentes,ACT Pipe Supply,"Compression Couplings, Inserts, Ball Valves, Compression Male Adapters, Poly Pipe, Angle Stops, Reducers",,,Joey,6128
6129,2023-08-11 00:00:00.000000000,ADA 23A & ADA 28,Allan Torra,Longhorm Materials,"Curing compund, form release and rebar #4",,,Joey,6129
6130,2023-08-15 00:00:00.000000000,ADA 23A & ADA 28,Allan Torra,White Cap,Two plate compactors,,,Joey,6130
6131,2023-08-16 00:00:00.000000000,ADA 23A & ADA 28,Allan Torra,Longhorn Materials,Portland cement,,,Joey,6131
6132,2023-08-18 00:00:00.000000000,Pharr Tennis Center,Lupe Juarez,White Cap,Zika Flex,,,Joey,6132
6133,2023-08-18 00:00:00.000000000,ADA 23A & ADA 28,Allan Torra,Pavestone,14 Pallets of pavers,,,Joey,6133
6134,2023-08-23 00:00:00.000000000,ADA 28,Ignacio Fuentes,ACT Pipe Supply,"Single Water Meter Box, Double Water Meter Box",,,Joey,6134
6135,2023-08-24 00:00:00.000000000,ADA 28,Juan Daniel Ortega,ACT Pipe Supply,Single Water Meter Box - Qty. 2,,,Joey,6135
6136,2023-08-28 00:00:00.000000000,ADA 23A & ADA 28,Allan Torra,Longhorn Materials,#3 rebar load,,,Joey,6136
6137,2023-09-07 00:00:00.000000000,ADA 28,Ignacio Fuentes,ACT Pipe Supply,Single Water Meter Box,,,Joey,6137
6138,2023-09-18 00:00:00.000000000,ADA 28/ADA 23A,Allan Torra,Longhron Materials,Portland Cement and dowells,,,Joey,6138
6139,2023-09-25 00:00:00.000000000,ADA 23A,Ignacio Fuentes,ACT Pipe Supply,"Single Water Meter Box, Water Meter Washers",,,Joey,6139
6140,2023-09-25 00:00:00.000000000,Shop,Jose De La Cerda,Torres ,Change Tire ,,,Joey,6140
6141,2023-09-26 00:00:00.000000000,ADA 28,Martin Gonzalez,ACE Contractor Supply,"Wood, Trash Bags, Tape",,,Joey,6141
6142,2023-09-26 00:00:00.000000000,ADA 28,Ignacio Fuentes,ACT Pipe Supply,"3/4"" Inserts, 1"" Inserts",,,Joey,6142
6143,2023-09-27 00:00:00.000000000,Lake Creek Trail,Lupe Juarez,,,,,Joey,6143
6144,2023-10-09 00:00:00.000000000,ADA 28,Ignacio Fuentes,ACT Pipe Supply,"10 Angle Stops, 10 Ball Valves, 10 Compression Male Adapters, 10 1-3/4 Reducers, 100 Ft. Poly Pipe",,,Joey,6144
6144,,,,,,,,Joey,6144
6142,2023-10-09 00:00:00.000000000,Lake Creek Trail,Lupe Juarez,CMC,,,,Joey,6142
6143,2023-10-09 00:00:00.000000000,ADA #28,Allan Torra,Longhorn Materials,#4 Rebar (Trailer Load),,,Joey,6143
6144,2023-10-09 00:00:00.000000000,Lake Creek Trail,Lupe Juarez,CMC,"Orange Barricade, T-Post 6' w/ Spade, Fuel Pre-Mix 1 Gal, Yellow Caution Tape, Flagging Orange Paint",,,Joey,6144
6145,2023-10-17 00:00:00.000000000,ADA 28,Ignacio Fuentes,ACT Pipe Supply,Water Meter Box,,,Joey,6145
6146,2023-10-23 00:00:00.000000000,Lake Creek Trail,Lupe Juarez,CMC,"T-Posts, Orange Safety Fence",,,Joey,6146
6147,2023-10-23 00:00:00.000000000,ADA 28,Ignacio Fuentes,ACT Pipe Supply,Water Meter Box,,,Joey,6147
6148,2023-11-03 00:00:00.000000000,ADA 28,Ignacio Fuentes,ACT Pipe Supply,Water Meter Box,,,Joey,6148
6149,2023-11-06 00:00:00.000000000,Duncan Park,Jeronimo Benavides,ACE Contractor Supply,Sponge,,,Joey,6149
6150,2023-11-06 00:00:00.000000000,ADA 28,Ignacio Fuentes,ACT Pipe Supply,Water Meter Box,,,Joey,6150
6151,2023-11-07 00:00:00.000000000,ADA 28  ,Allan Torra,Longhorn Materials,"Redwood, citurs and curing compund",,,Joey,6151
6152,2023-11-08 00:00:00.000000000,ADA 28,Ignacio Fuentes,ACT Pipe Supply,Water Meter Boxes,,,Joey,6152
6153,2023-11-15 00:00:00.000000000,ADA 28,Ignacio Fuentes,ACT Pipe Supply,"Water Meter Box, 3/4"" Poly Pipe",,,Joey,6153
6154,2023-11-16 00:00:00.000000000,ADA 28,Ignacio Fuentes,ACT Pipe Supply,"Water Meter Box, 3/4"" Poly Pipe",,,Joey,6154
6155,2023-11-17 00:00:00.000000000,ADA 30,Allan Torra,Longhorn Materials,"Blastin sand, quick crete, portland cement (1 pallet of each)",,,Joey,6155
6156,2023-11-22 00:00:00.000000000,Duncan Park Neighborhood,Jeronimo Benavides,ACE Contractor Supply,Spatula,,,Joey,6156
6157,2023-11-30 00:00:00.000000000,ADA 28,Ignacio Fuentes,ACT Pipe Supply,Water Meter Box,,,Joey,6157
6158,2023-12-15 00:00:00.000000000,ADA 28,Ignacio Fuentes,ACT Pipe Supply,Water Meter Box,,,Joey,6158
6159,2023-12-20 00:00:00.000000000,ADA 28/ADA 30,Allan Torra,Longhorn Materials,"Dowels, Portland Cement, Utility Bricks, Redwood",,,Joey,6159
6160,2023-12-22 00:00:00.000000000,ADA 28,Ignacio Fuentes,ACT Pipe Supply,,,,Joey,6160
5500*,2023-12-11 00:00:00.000000000,ATD Teri Rd. & Pleasant Valley,Jeronimo Benavides,ACE Contractor Supply,"Chains, Locks",,,Joey,5500*
6161,2024-01-09 00:00:00.000000000,Duncan Park Neighborhood,Jeronimo Benavides,ACE Contractor Supply,"T-Post Driver, Wire, Straight Edge",,,Joey,6161
6162,2024-01-09 00:00:00.000000000,CPO Bicycle & Pedestrian,Eduardo Valenzuela,GeoSolutions,Mulch Sock,,,Joey,6162
6163,,,,,,,,Joey,6163
6164,2024-01-11 00:00:00.000000000,CPO Bicycle & Pedestrian,Eduardo Valenzuela,ACE Contractor Supply,"Sledge Hammer, Contractor's Bags, Shovel, Wrench, J-Hooks",,,Joey,6164
6165,2024-02-08 00:00:00.000000000,ADA 28/ADA 30,Jeronimo Benavides,CMC Materials,Dowels and stamp release agent,,,Joey,6165
6166,2024-02-21 00:00:00.000000000,ADA 28/ADA 30,Jeronimo Benavides,Longhorn Materials,Rebar,,,Joey,6166
6167,2024-02-22 00:00:00.000000000,ADA 28/ADA 30,Jeronimo Benavides,Longhorn Materials,"Curing Compound, Release Form Agent",,,Joey,6167
6168,2024-02-28 00:00:00.000000000,CPO Bicycle & Pedestrian,Jeronimo Benavides,ACE Contractor Supply,,,,Joey,6168
6169,2024-02-28 00:00:00.000000000,ADA 28,Eduardo Valenzuela,Leo's Service Station,Fuel,,,Joey,6169
6170,2024-03-05 00:00:00.000000000,ADA 28,Gerardo Sanchez,Leo's Service Station,Fuel (Austin Constructors),,,Joey,6170
6171,2024-03-06 00:00:00.000000000,ATD Teri Rd. & Pleasant Valley,Karla Hernandez,Leo's Service Station,Fuel,,,Joey,6171
6172,2024-03-06 00:00:00.000000000,Shop,Abel Hernandez,Leo's Service Station,Fuel,,,Joey,6172
6173,2024-03-07 00:00:00.000000000,CPO Bicycle & Pedestrian,Eduardo Valenzuela,Leo's Service Station,Fuel,,,Joey,6173
6174,,,,,,,,Joey,6174
6175,2024-03-06 00:00:00.000000000,CPO Bicycle & Pedestrian,Ignacio Fuentes,ACT Pipe Supply,Water Meter Box,,,Joey,6175
6176,,Capital Metro,Mario Munoz,Leo's Service Station,Fuel,,,Joey,6176
6177,2024-04-01 00:00:00.000000000,CPO Bicycle & Pedestrian,Eduardo Valenzuela,Leo's Service Station,Fuel,,,Joey,6177
6178,2024-04-04 00:00:00.000000000,ATD Teri Rd. & Pleasant Valley,Jeronimo Benavides,Leo's Service Station,Fuel,,,Joey,6178
6179,2024-04-09 00:00:00.000000000,ADA 28,Rudy Muniz,Texcon,Fuel,,,Joey,6179
6180,2024-03-26 00:00:00.000000000,Office,Joey Verástegui,Leo's Service Station,Fuel (Karla's Truck),,,Joey,6180
6181,2024-04-15 00:00:00.000000000,CPO Bicycle & Pedestrian,Karla Hernandez,Leo's Service Station,Fuel,,,Joey,6181
6182,2024-04-22 00:00:00.000000000,ADA 28 & ADA 30,Jeronimo Benavides,Longhorn Materials,"Expansion Joints, Dowels",,,Joey,6182
6183,2024-04-23 00:00:00.000000000,ADA 28 & ADA 30,Jeronimo Benavides,CMC Materials,#4 and #3 Rebar,,,Joey,6183
6184,2024-04-29 00:00:00.000000000,CPO Bicycle & Pedestrian,Karla Hernandez,Leo's Service Station,Fuel,,,Joey,6184
6185,2024-04-30 00:00:00.000000000,CPO Bicycle & Pedestrian,Eduardo Valenzuela,Leo's Service Station,Fuel,,,Joey,6185
6186,2024-05-01 00:00:00.000000000,ADA 28 & ADA 30,Jeronimo Benavides,CMC Materials,"Dowels #4 18"" smooth",,,Joey,6186
6187,2024-05-09 00:00:00.000000000,CMTA - Seed Project ,Jeronimo Benavides,CMC Materials,Dowels/Rebar/Chairs/Epoxy Paint,,,Joey,6187
6188,2024-05-09 00:00:00.000000000,ATD Teri Rd. & Pleasant Valley,Jeronimo Benavides,Leo's Service Station,Fuel (Jero's Truck),,,Joey,6188
6189,2024-05-14 00:00:00.000000000,CPO Bicycle & Pedestrian,Eduardo Valenzuela,Leo's Service Station,Fuel,,,Joey,6189
6190,,,,,,,,Joey,6190
6191,2024-05-13 00:00:00.000000000,ATD Teri Rd. & Pleasant Valley,Karla Hernandez,Leo's Service Station,Fuel,,,Joey,6191
6192,2024-05-23 00:00:00.000000000,CPO Bicycle & Pedestrian,Eduardo Valenzuela,Leo's Service Station,Fuel (Austin Constructors),,,Joey,6192
6193,2024-05-30 00:00:00.000000000,CPO Bicycle & Pedestrian,Ignacio Fuentes,ACT Pipe Supply,,,,Joey,6193
6194,2024-06-04 00:00:00.000000000,Forest Bluff,Javier Muniz,ACE Contractor Supply,"Brushes, Towels, Caulking Gun, Diamond Blades",,,Joey,6194
6195,2024-06-04 00:00:00.000000000,ADA/CPO - W. 5th St.,Karla Hernandez,Leo's Service Station,Fuel,,,Joey,6195
6196,2024-06-06 00:00:00.000000000,Shop,Abraham Gonzalez,Matheson Tri Gas,"Welding, Oxygen Regulators, Acetylene",,,Joey,6196
6197,2024-06-06 00:00:00.000000000,Forest Bluff,Javier Muniz,Texcon,Diesel,,,Joey,6197
6198,2024-06-06 00:00:00.000000000,ATD Teri Rd. & Pleasant Valley/CPO Bicycle & Pedestrian IDIQ,Ignacio Fuentes,ACT Pipe Supply,Water Meter Box,,,Joey,6198
6199,2024-06-05 00:00:00.000000000,Shop,Abraham Gonzalez,Texcon,Fuel,,,Joey,6199
6200,2024-06-06 00:00:00.000000000,Shop,Abraham Gonzalez,Capitol Bearing,Hydraulic Hose,,,Joey,6200
6200,2024-06-05 00:00:00.000000000,Shop,Ulises Rodriguez,Texcon,Fuel,,,Joey,6200
6201,2024-06-05 00:00:00.000000000,Shop,Ulises Rodriguez,O'Reilly,Parts,,,Joey,6201
6202,2024-06-05 00:00:00.000000000,ADA 28,Ignacio Fuentes,ACT Pipe Supply,,,,Joey,6202
6203,2024-06-07 00:00:00.000000000,Shop,Abraham Gonzalez,O'Reilly,Filters,,,Joey,6203
6204,2024-06-10 00:00:00.000000000,Forest Bluff,Javier Muniz,Texcon,Diesel,,,Joey,6204
6205,2024-06-10 00:00:00.000000000,Shop,Abel Hernandez,Texcon,Diesel,,,Joey,6205
6206,2024-06-10 00:00:00.000000000,Shop,Abel Hernandez,O'Reilly,"Trailer Connections, Carrier Bearing for Julian's Truck",,,Joey,6206
6207,2024-06-10 00:00:00.000000000,Shop,Abel Hernandez,Leif Johnson Ford,Turbo for Francisco's Truck 2011 F-350,,,Joey,6207
6208,2024-06-10 00:00:00.000000000,Shop,Abel Hernandez,Capitol Bearing,Hydraulic Hose for Carlos Diaz's Hammer,,,Joey,6208
6209,2024-06-11 00:00:00.000000000,Shop,Ulises Rodriguez,Texcon,Diesel,,,Joey,6209
6210,2024-06-12 00:00:00.000000000,Shop,Abel Hernandez,O'Reilly,Battery,,,Joey,6210
6211,2024-06-12 00:00:00.000000000,Shop,Abel Hernandez,Leif Johnson Ford,"Mirrow, swithc and wire for truck spare 10 ",,,Joey,6211
6212,2024-06-13 00:00:00.000000000,Shop,Abel Hernandez,O'Reilly,"Brakes, Rotors",,,Joey,6212
6213,2024-06-13 00:00:00.000000000,Shop,Ulises Rodriguez,Texcon,Diesel,,,Joey,6213
6214,2024-06-11 00:00:00.000000000,Shop,Abel Hernandez,O'Reilly,"Belts for Bomag Compactor, Oil Spill ""Kitty Litter""",,,Joey,6214
6215,2024-06-13 00:00:00.000000000,ADA's 28 and 30,Jeronimo Benavides,Longhorn Materials,Rebars/Dowels/Expansion joint/Citrus/Curing compound,,,Joey,6215
6215*,2024-06-13 00:00:00.000000000,Shop,Abel Hernandez,Bobcat,"2 Spool Locks (AC 650), Right Hand Controller for Cab, Rubber Grommets for Accelerator (Muniz 750)",,,Joey,6215*
6217,2024-06-14 00:00:00.000000000,Shop,Ulises Rodriguez,O'Reilly,,,,Joey,6217
6218,2024-06-14 00:00:00.000000000,Shop,Abraham Gonzalez,Matheson Tri Gas,,,,Joey,6218
6219,2024-06-14 00:00:00.000000000,ADA 28,Ignacio Fuentes,ACT Pipe & Supply,"1"" Copper Shut Off Tool",,,Joey,6219
6220,2024-06-14 00:00:00.000000000,Shop,Abel Hernandez,O'Reilly,"Anti Freeze Orange, Fuel Filter, Air Filter, Oil Filter",,,Joey,6220
6221,2024-06-17 00:00:00.000000000,Shop,Abel Hernandez,Texcon,Fuel for Welding Machine,,,Joey,6221
6222,2024-06-17 00:00:00.000000000,Shop,Abraham Gonzalez,Texcon,Fuel,,,Joey,6222
6223,2024-06-17 00:00:00.000000000,CPO Bicycle & Pedestrian IDIQ,Eduardo Valenzuela,Leo's Service Station,Fuel,,,Joey,6223
6224,2024-06-17 00:00:00.000000000,Shop,Abel Hernandez,O'Reilly,"Yellow Antifreeze, Drain Pan, Motor Oil for Bobcat 750",,,Joey,6224
6225,2024-06-18 00:00:00.000000000,ATD Barton Springs,Jeronimo Benavides,ACE Contractor Supply,"Broom, Wire Brush, Rubbing Brick, Concrete Dissolver",,,Joey,6225
6226,2024-06-18 00:00:00.000000000,Shop,Abel Hernandez,O'Reilly,Connection for Brake Away Switch,,,Joey,6226
6227,2024-06-18 00:00:00.000000000,Shop,Abel Hernandez,O'Reilly,"Rotors, Brake Pads, Calipers, Brake Away Switch",,,Joey,6227
6228,2024-06-18 00:00:00.000000000,CPO Bicycle & Pedestrian IDIQ,Karla Hernandez,Leo's Service Station,Fuel,,,Joey,6228
6229,2024-06-19 00:00:00.000000000,,,,,,,Joey,6229
6230,2024-06-25 00:00:00.000000000,CPO Bicycle & Pedestrian IDIQ,Eduardo Valenzuela,Leo's Service Station,Fuel,,,Joey,6230
6231,2024-06-25 00:00:00.000000000,ADA 28,Rudy Muniz,Leo's Service Station,Fuel,,,Joey,6231
6232,2024-07-01 00:00:00.000000000,ADA 28,Ignacio Fuentes,ACT Pipe & Supply,"Ball Valve, Male Compressor Adapters, Inserts, Brass Tee, Compression Coupling, Compression Male Adapters, Compression 90, Double Water Meterbox",,,Joey,6232
6233,2024-07-02 00:00:00.000000000,CPO Bicycle & Pedestrian IDIQ,Eduardo Valenzuela,Leo's Service Station,Fuel,,,Joey,6233
6234,2024-07-12 00:00:00.000000000,ADA 28,Ignacio Fuentes,ACT Pipe & Supply,Double Water Meter Box,,,Joey,6234
6235,2024-07-12 00:00:00.000000000,CPO Bicycle & Pedestrian IDIQ,Eduardo Valenzuela,Leo's Service Station,Fuel,,,Joey,6235
6236,2024-07-23 00:00:00.000000000,Shop,Leydier Lopez,Texcon,Fuel,,,Joey,6236
6237,2024-07-25 00:00:00.000000000,ATD Teri Rd. & Pleasant Valley,Martin Gonzalez,ACT Pipe & Supply,"Angle Stops, 3/4 Ball Valve, Compression Male Adapter, Poly Pipe, Compression Couplings",,,Joey,6237
6238,2024-07-29 00:00:00.000000000,Cap. Metro IDIQ,Karla Hernandez,Leo's Service Station,Fuel,,,Joey,6238
6239,2024-07-29 00:00:00.000000000,CPO Bicycle & Pedestrian IDIQ,Eduardo Valenzuela,Leo's Service Station,Fuel,,,Joey,6239
6240,2024-07-09 00:00:00.000000000,CPO Bicycle & Pedestrian IDIQ,Karla Hernandez,Leo's Service Station,Fuel,,,Joey,6240
6241,2024-07-23 00:00:00.000000000,ADA 28,Roberto Reyna,Leo's Service Station,Fuel ,,,Joey,6241
6242,2024-08-07 00:00:00.000000000,---,Roberto Reyna,Leo's Service Station,Fuel,,,Joey,6242
6243,2024-08-13 00:00:00.000000000,,Karla Hernandez,,,,,Joey,6243
6244,2024-08-14 00:00:00.000000000,Caros Dias - ,Carlos Diaz,Texcon,,,,Joey,6244
6245,2024-08-15 00:00:00.000000000,Cap Metro,Jeronimo Benavides,CMC,REBAR CHAIRS AND SLAB BOLSTERS,,,Joey,6245
6246,,,,,,,,Joey,6246
6247,2024-08-22 00:00:00.000000000,Franklin Park,Roberto Reyna,Leo's Service Station,Fuel,,,Joey,6247
6248,2024-08-23 00:00:00.000000000,Cap. Metro IDIQ,Karla Hernandez,Leo's Service Station,Fuel,,,Joey,6248
6249,2024-09-03 00:00:00.000000000,Franklin Park,Roberto Reyna,Leo's Service Station,Fuel,,,Joey,6249
6250,2024-09-04 00:00:00.000000000,Cap. Metro IDIQ,Karla Hernandez,Leo's Service Station,Fuel,,,Joey,6250
6251,2024-09-09 00:00:00.000000000,Franklin Park,Roberto Reyna,Leo's Service Station,Fuel,,,Joey,6251
6252,,,,,,,,Joey,6252
6253,,,,,,,,Joey,6253
6254,2024-10-02 00:00:00.000000000,CMTA IDIQ,Karla Hernandez,Leo's Service Station,Fuel ,,,Joey,6254
6255,2024-10-04 00:00:00.000000000,Shop,Jose De La Cerda,Capitol Bearing,,,,Joey,6255
6256,2024-10-29 00:00:00.000000000,,Ruben Cano,Sickler Botanic Garden,"Chainlink Fence, Stakes, 2X4's",,,Joey,6256
6257,2024-10-31 00:00:00.000000000,CMTA IDIQ,Ignacio Fuentes,ACT Pipe & Supply,"Water Meter Box, 1"" Compression Couplings",,,Joey,6257
6258,2024-11-05 00:00:00.000000000,CMTA IDIQ,Karla Hernandez,Texcon,Fuel ,,,Joey,6258
6259,2024-11-06 00:00:00.000000000,CMTA IDIQ,Ruben Cano,ACE Contractor Supply,"Chains, Straight Bends",,,Joey,6259
6260,2024-11-07 00:00:00.000000000,CMTA IDIQ,Ruben Cano,ACE Contractor Supply,Plywood,,,Joey,6260
6261,2024-11-11 00:00:00.000000000,CMTA IDIQ,Ruben Cano,Texcon,Diesel,,,Joey,6261
6262,2024-11-19 00:00:00.000000000,ADA 32,Ruben Cano,ACE Contractor Supply,BANDAS Y CHACOS,,,Joey,6262
6263,2024-11-21 00:00:00.000000000,ADA 32,Ruben Cano,Texcon,Diesel,,,Joey,6263
6264,2024-12-09 00:00:00.000000000,ADA 32,Ruben Cano,Texcon,Diesel,,,Joey,6264
6265,2024-12-09 00:00:00.000000000,ADA 32,Ignacio Fuentes,ACT Pipe & Supply,"100' 3/4"" Poly Pipe, 100' 1"" Poly Pipe, 10 1"" 90's Compresion Couplings, 10 1"" Female Compression Angle Stops, 1"" Inserts",,,Joey,6265
6266,2024-12-11 00:00:00.000000000,ADA 32,Ruben Cano,CMC,Rebar,,,Joey,6266
6270,2024-12-17 00:00:00.000000000,ADA 32,Ruben Cano,ACE Contractor Supply,"Non-Woven Fabric, Gorilla Glue",,,Joey,6270
6271,2024-12-19 00:00:00.000000000,ADA 32,Ruben Cano,ACE Contractor Supply,"Filter Fabric, Epoxy",,,Joey,6271
6272,2024-12-19 00:00:00.000000000,ADA 32,Ruben Cano,Texcon,Diesel,,,Joey,6272
6786,2025-01-06 00:00:00.000000000,CMTA IDIQ,Karla Hernandez,Leo's Service Station,Fuel ,,,Joey,6786
6787,2025-01-08 00:00:00.000000000,CMTA IDIQ,Abraham Gonzalez,ACE Contractor Supply,"Rebar #4, 2X6X16, 2X4X8, 3X3-1/4",,,Joey,6787
6788,2025-01-08 00:00:00.000000000,ADA 32,Ignacio Fuentes,ACT Pipe & Supply,,,,Joey,6788
6789,2025-01-09 00:00:00.000000000,ADA 32,Ruben Cano,Texcon,Diesel,,,Joey,6789
6791,2024-12-19 00:00:00.000000000,ADA 32,Ruben Cano,United Rentals,Forklift,,,Joey,6791
6792,2024-11-14 00:00:00.000000000,ADA 32,Ruben Cano,United Rentals,Forklift,,,Joey,6792
6793,2024-11-25 00:00:00.000000000,ADA 32,Ruben Cano,United Rentals,Forklift,,,Joey,6793
6794,2025-01-16 00:00:00.000000000,CTECC,Antonio Gutierrez,Texcon,Gas,,,Joey,6794
6795,2025-01-16 00:00:00.000000000,CTECC,Antonio Gutierrez,ACE Contractor Supply,24X12 Sonotube,,,Joey,6795
6976,2025-01-20 00:00:00.000000000,ADA 32,Ruben Cano,Texcon,Diesel,,,Joey,6976
6977,2025-01-27 00:00:00.000000000,ADA 32,Ruben Cano,ACE Contractor Supply,"Nails, Broom, Etc.",,,Joey,6977
6978,2025-01-31 00:00:00.000000000,(ADA 31) Austin Constructors,Ignacio Fuentes,ACT Pipe & Supply,Single Water Meter Box,,,Joey,6978
6979,2025-02-03 00:00:00.000000000,ADA 32,Ruben Cano,Texcon,Diesel,,,Joey,6979
6980,2025-02-07 00:00:00.000000000,ADA 32,Ruben Cano,ACE Contractor Supply,"2X4's, Wall Ties",,,Joey,6980
6981,2025-02-11 00:00:00.000000000,ADA 29 (Austin Constructors),Ignacio Fuentes,ACT Pipe & Supply,Single Water Meter Box,,,Joey,6981
6982,2025-02-12 00:00:00.000000000,ADA 32,Ruben Cano,Leo's Service Station,Fuel,,,Joey,6982
6983,2025-02-13 00:00:00.000000000,ADA 32,Ignacio Fuentes,ACT Pipe & Supply,"1"" Angle Stops, 1"" Compression Couplings",,,Joey,6983
6984,2025-02-18 00:00:00.000000000,CMTA IDIQ,Karla Hernandez,Leo's Service Station,Fuel ,,,Joey,6984
6985,2025-02-20 00:00:00.000000000,ADA 32,Ruben Cano,Texcon,Diesel,,,Joey,6985
6986,2025-02-20 00:00:00.000000000,ADA 32,Ignacio Fuentes,ACT Pipe & Supply,"Male Adapters, Gate Valve, Single Water Meter Box",,,Joey,6986
6987,2025-02-20 00:00:00.000000000,CMTA IDIQ,Alejandro Esquivel,Leo's Service Station,Fuel,,,Joey,6987
6988,2024-02-24 00:00:00.000000000,ADA 32,Ruben Cano,ACE Contractor Supply,Tie Wire,,,Joey,6988
6989,2025-03-04 00:00:00.000000000,ADA 32,Ruben Cano,Leo's Service Station,Fuel ,,,Joey,6989
6990,2025-03-06 00:00:00.000000000,ADA 32,Ruben Cano,ACE Contractor Supply,Nails,,,Joey,6990
6991,2025-03-11 00:00:00.000000000,ADA 32,Ruben Cano,Texcon,Diesel,,,Joey,6991
6992,2025-03-11 00:00:00.000000000,Water Truck,Jose De La Cerda,Capitol Bearing,Hoses,,,Joey,6992
6993,2025-03-11 00:00:00.000000000,ADA 33,Jose De La Cerda,Whittlesey,Dump,,,Joey,6993
6994,2025-03-18 00:00:00.000000000,CMTA IDIQ,Alejandro Esquivel,Leo's Service Station,Fuel ,,,Joey,6994
6995,2025-03-20 00:00:00.000000000,ADA 32,Ruben Cano,Texcon,Diesel,,,Joey,6995
6996,2025-03-28 00:00:00.000000000,ADA 32,Ruben Cano,ACE Contractor Supply,"2X6, Trash Bags, Metal Stakes, Hammer Drill, Orange Fence",,,Joey,6996
6997,2025-03-31 00:00:00.000000000,ADA 32,Ignacio Fuentes,ACT Pipe & Supply,Water Meter Box,,,Joey,6997
6998,2025-04-02 00:00:00.000000000,ADA 32,Ruben Cano,Texcon,Diesel,,,Joey,6998
6999,2025-04-02 00:00:00.000000000,ADA 32,Ruben Cano,ACE Contractor Supply,Brooms,,,Joey,6999
7000,,,,,,,,Joey,7000
7001,,,,,,,,Joey,7001
7002,,,,,,,,Joey,7002
7003,,,,,,,,Joey,7003
7004,,,,,,,,Joey,7004
7005,,,,,,,,Joey,7005
7006,,,,,,,,Joey,7006
7007,,,,,,,,Joey,7007
7008,,,,,,,,Joey,7008
7009,,,,,,,,Joey,7009
7010,2025-04-22 00:00:00.000000000,ADA 32,Ruben Cano,Texcon,Fuel ,,,Joey,7010
7011,2025-04-22 00:00:00.000000000,ADA 33,Ignacio Fuentes,ACT Pipe & Supply,Water Meter Box,,,Joey,7011
7012,2025-04-23 00:00:00.000000000,ADA 32,Ruben Cano,ACE Contractor Supply,Sand Bags,,,Joey,7012
7013,2025-04-23 00:00:00.000000000,CMTA IDIQ,Alejandro Esquivel,Leo's Service Station,Fuel ,,,Joey,7013
7014,2025-04-24 00:00:00.000000000,ADA 32,Ruben Cano,ACE Contractor Supply,,,,Joey,7014
7015,2025-04-30 00:00:00.000000000,8th St.,Alejandro Esquivel,Leo's Service Station,Fuel ,,,Joey,7015
7016,2025-05-01 00:00:00.000000000,ADA 32,Ruben Cano,Texcon,Diesel,,,Joey,7016
7017,2025-05-08 00:00:00.000000000,CMTA IDIQ,Karla Hernandez,Leo's Service Station,Fuel ,,,Joey,7017
7018,2025-05-08 00:00:00.000000000,ADA 32,Ruben Cano,Leo's Service Station,Fuel ,,,Joey,7018
7019,2025-05-12 00:00:00.000000000,ADA 32,Ruben Cano,ACE Contractor Supply,Concrete Bags,,,Joey,7019
7020,,,,,,,,Joey,7020
7021,2025-05-14 00:00:00.000000000,ADA 32,Ruben Cano,Texcon,Diesel,,,Joey,7021
7022,2025-05-16 00:00:00.000000000,ADA 33,Simon Martinez,Leo's Service Station,Fuel ,,,Joey,7022
7023,2025-05-27 00:00:00.000000000,ADA 33,Simon Martinez,Leo's Service Station,Fuel ,,,Joey,7023
7024,2025-06-04 00:00:00.000000000,ADA 32,Ruben Cano,Leo's Service Station,Fuel ,,,Joey,7024
7025,2025-06-09 00:00:00.000000000,ADA 32,Simon Martinez,Leo's Service Station,Fuel ,,,Joey,7025
7026,2025-06-10 00:00:00.000000000,ADA 32,Simon Martinez,ACE Contractor Supply,Orange Fence,,,Joey,7026
7027,2025-06-17 00:00:00.000000000,CMTA IDIQ,Karla Hernandez,Leo's Service Station,Fuel ,,,Joey,7027
7028,2025-06-17 00:00:00.000000000,ADA 33,Simon Martinez,Leo's Service Station,Fuel ,,,Joey,7028
7029,2025-07-01 00:00:00.000000000,ADA 33,Simon Martinez,Leo's Service Station,Fuel ,,,Joey,7029
7030,2025-07-11 00:00:00.000000000,ADA 33,Simon Martinez,Leo's Service Station,Fuel ,,,Joey,7030
7031,2025-07-11 00:00:00.000000000,CMTA IDIQ,Karla Hernandez,Leo's Service Station,Fuel ,,,Joey,7031
7032,2025-07-16 00:00:00.000000000,MFO,Marcela Castaneda,Leo's Service Station,Fuel ,,,Joey,7032
7033,2025-07-18 00:00:00.000000000,ADA 32,Ivan Muniz,Leo's Service Station,Fuel ,,,Joey,7033
7034,2025-07-22 00:00:00.000000000,ADA 32,Ivan Muniz,Leo's Service Station,Fuel ,,,Joey,7034
7035,2025-07-24 00:00:00.000000000,CPO Bicycle & Pedestrian IDIQ,Alejandro Esquivel,ACE Contractor Supply,"Nylon, Wheelbarrow",,,Joey,7035
7036,2025-07-30 00:00:00.000000000,Water Truck,Jose De La Cerda,Capitol Bearing,2 Water Hoses,,,Joey,7036
7037,2025-08-02 00:00:00.000000000,CMTA IDIQ,Alejandro Esquivel,Leo's Service Station,Fuel ,,,Joey,7037
7038,2025-08-04 00:00:00.000000000,ADA 33,Simon Martinez,Leo's Service Station,Fuel ,,,Joey,7038
7039,2025-08-05 00:00:00.000000000,ADA 32,Ignacio Fuentes,ACT Pipe & Supply,"Angle Stops, Ball Valves, Compression Couplings, Compression Male Adapters, Reducers",,,Joey,7039
7040,2025-08-06 00:00:00.000000000,ADA 33,Alejandro Esquivel,Leo's Service Station,Fuel ,,,Joey,7040
7041,2025-08-06 00:00:00.000000000,CMTA IDIQ,Luis Perez,Leo's Service Station,Fuel ,,,Joey,7041
7042,2025-08-07 00:00:00.000000000,ADA 33,Ignacio Fuentes,ACT Pipe & Supply,Water Meter Box,,,Joey,7042
7043,2025-08-11 00:00:00.000000000,CPO Bicycle & Pedestrian IDIQ,Alejandro Esquivel,CMC,Rebar #6,,,Joey,7043
7044,2025-08-11 00:00:00.000000000,CPO Bicycle & Pedestrian IDIQ,Alejandro Esquivel,Texcon,Diesel,,,Joey,7044
7045,2025-08-12 00:00:00.000000000,ADA 33,Simon Martinez,ACE Contractor Supply,New Crew Supplies,,,Joey,7045
7046,2025-08-12 00:00:00.000000000,ADA 33,Simon Martinez,Leo's Service Station,Fuel ,,,Joey,7046
7047,2025-08-15 00:00:00.000000000,ADA 33,Alejandro Esquivel,Texcon,Fuel ,,,Joey,7047
7048,2025-08-15 00:00:00.000000000,ADA 33,Alejandro Esquivel,CMC,,,,Joey,7048
7049,2025-08-18 00:00:00.000000000,CPO Bicycle & Pedestrian IDIQ,Isidro Garcia,Leo's Service Station,Fuel ,,,Joey,7049
7050,2025-08-18 00:00:00.000000000,CPO Bicycle & Pedestrian IDIQ,Alejandro Esquivel,Lone Star Paving,Asphalt,,,Joey,7050
7051,2025-08-18 00:00:00.000000000,ADA 33,Juan Daniel Ortega,Texcon,Fuel ,,,Joey,7051
7052,2025-08-19 00:00:00.000000000,ADA 33,Alejandro Esquivel,ACE Contractor Supply,Wood,,,Joey,7052
7053,2025-08-21 00:00:00.000000000,ADA 32,Alejandro Esquivel,CMC,Rebar,,,Joey,7053
7054,2025-08-21 00:00:00.000000000,ADA 33,Alejandro Esquivel,ACE Contractor Supply,Drill,,,Joey,7054
7055,,,,,,,,Joey,7055
7056,2025-08-22 00:00:00.000000000,CMTA IDIQ,Hector Manzanares,Leo's Service Station,Fuel ,,,Joey,7056
7057,2025-08-22 00:00:00.000000000,CPO Bicycle & Pedestrian IDIQ,Isidro Garcia,Leo's Service Station,Diesel,,,Joey,7057
7058,2025-08-25 00:00:00.000000000,ADA 32,Alejandro Esquivel,CMC,Rebar,,,Joey,7058
7059,2025-08-25 00:00:00.000000000,ADA 33,Alejandro Esquivel,ACE Contractor Supply,2X4,,,Joey,7059
7060,2025-08-26 00:00:00.000000000,CMTA IDIQ,Alexander Cancino,ACE Contractor Supply,"Chain, Pad Lock",,,Joey,7060
7061,2025-08-26 00:00:00.000000000,CMTA IDIQ,Alexander Cancino,ACE Contractor Supply,"Chain, Pad Lock",,,Joey,7061
7062,2025-08-27 00:00:00.000000000,CMTA IDIQ,Alexander Cancino,ACE Contractor Supply,Stock,,,Joey,7062
7062,2025-08-27 00:00:00.000000000,ADA 33,Simon Martinez,White Cap,Detectable Warning Tiles,,,Joey,7062
7063,2025-08-29 00:00:00.000000000,ADA 32,Alejandro Esquivel,Leo's Service Station,Fuel ,,,Joey,7063
7064,2025-08-28 00:00:00.000000000,ADA 33,Alejandro Esquivel,Texcon,Diesel ,,,Joey,7064
7065,2025-08-28 00:00:00.000000000,ADA 33,Alejandro Esquivel,Texcon,Diesel,,,Joey,7065
7066,2025-08-29 00:00:00.000000000,ADA 33,Simon Martinez,Leo's Service Station,Fuel ,,,Joey,7066
7067,2025-08-29 00:00:00.000000000,ADA 32,Alejandro Esquivel,Leo's Service Station,Fuel ,,,Joey,7067
7070,2025-09-03 00:00:00.000000000,ADA 32,Juan Perez,ACE Contractor Supply,Ties,,,Joey,7070
7071,2025-09-04 00:00:00.000000000,ADA 33,Alejandro Esquivel,Texcon,Diesel,,,Joey,7071
7072,2025-09-04 00:00:00.000000000,ADA 33,Alejandro Esquivel,ACE Contractor Supply,"Tools, Wood",,,Joey,7072
7073,2025-09-08 00:00:00.000000000,ADA 32,Alejandro Esquivel,ACE Contractor Supply,Ardex,,,Joey,7073
7074,2025-09-08 00:00:00.000000000,ADA 33,Alejandro Esquivel,Texcon,Diesel,,,Joey,7074
7075,2025-09-08 00:00:00.000000000,ADA 32,Alejandro Esquivel,Texcon,Diesel,,,Joey,7075
7076,2025-09-08 00:00:00.000000000,ADA 33,Alejandro Esquivel,White Cap,"Tools, Level, Map",,,Joey,7076
7077,2025-09-08 00:00:00.000000000,ADA 32,Abraham Gonzalez,Ferguson Waterworks,Mulch Socks,,,Joey,7077
7078,2025-09-11 00:00:00.000000000,ADA 32,Alejandro Esquivel,Texcon,Diesel,,,Joey,7078
7079,2025-09-11 00:00:00.000000000,ADA 33,Alejandro Esquivel,Texcon,Diesel,,,Joey,7079
7080,2025-09-11 00:00:00.000000000,ADA 32,Alejandro Esquivel,ACE Contractor Supply,"Black Poly, Plastic Dowel Tubes, Orange Safety Fence, Anchor Adhesive, Concrete Patch, 2-Cycle Oil, Dish Detergent, Combo Padlock, Empty Green Poly Bag",,,Joey,7080
7081,2025-09-12 00:00:00.000000000,ADA 32,Simon Martinez,ACE Contractor Supply,"Submersible Pump, Silt Fence, T-Post, Adapter",,,Joey,7081
7082,2025-09-15 00:00:00.000000000,ADA 33,Hector Manzanares,Leo's Service Station,Fuel ,,,Joey,7082
7083,2025-09-15 00:00:00.000000000,ADA 33,Alejandro Esquivel,Texcon,Diesel,,,Joey,7083
7084,2025-09-15 00:00:00.000000000,ADA 32,Alejandro Esquivel,ACE Contractor Supply,"Screed High Strength, Steel Form Stakes, Safety Fence, Tie Wire, Nails, Trowels, Mason Line, Contractor Bags, Sledge Hammer, Diamond Blade, Poly Bag",,,Joey,7084
7085,2025-09-15 00:00:00.000000000,ADA 33,Alejandro Esquivel,Leo's Service Station,Fuel ,,,Joey,7085
7086,2025-09-15 00:00:00.000000000,ADA 33,Alejandro Esquivel,Leo's Service Station,Diesel ,,,Joey,7086
7087,2025-09-16 00:00:00.000000000,ADA33,Alejandro Esquivel,Texcon,Diesel ,,,Joey,7087
7088,2025-09-15 00:00:00.000000000,ADA 33,Alejandro Esquivel,Texcon,Diesel ,,,Joey,7088
7089,2025-09-15 00:00:00.000000000,ADA 33,Alejandro Esquivel,ACE Contractor Supply,5 Gallon White Paint Pail Lid,,,Joey,7089
7090,2025-09-16 00:00:00.000000000,ADA 33,Alejandro Esquivel,ACE Contractor Supply,Wood,,,Joey,7090
7091,2025-09-16 00:00:00.000000000,ADA 33,Alejandro Esquivel,ACE Contractor Supply,"Rebar Caps, Contractor Bags, Towels, Utility Knife Blades, Blue Steel Round Finishing Trowel, Blue Steel Edger, Ratchet Chain Binder, Tow Chain, Steel Form Stakes",,,Joey,7091
7092,2025-09-17 00:00:00.000000000,ADA 33,Alejandro Esquivel,ACE Contractor Supply,Tools for Antonio ,,,Joey,7092
7093,2025-09-17 00:00:00.000000000,ADA 33,Alejandro Esquivel,Texcon,Diesel,,,Joey,7093
7094,2025-09-17 00:00:00.000000000,ADA 32,Ignacio Fuentes,ACT Pipe & Supply,"Ball Valves, Compression Couplings, Male Adapters, Angle Stops",,,Joey,7094
7095,2025-09-17 00:00:00.000000000,ADA 33,Alejandro Esquivel,Texcon,Diesel,,,Joey,7095
7096,2025-09-18 00:00:00.000000000,ADA 33,Alejandro Esquivel,Leo's Service Station,Gas,,,Joey,7096
7097,2025-09-18 00:00:00.000000000,ADA 33,Alejandro Esquivel,Texcon,Diesel,,,Joey,7097
7098,2025-09-18 00:00:00.000000000,ADA 33,Alejandro Esquivel,Texcon,Diesel for Neil's Thompson project,,,Joey,7098
7099,2025-09-19 00:00:00.000000000,ADA 33,Alejandro Esquivel,ACE Contractor Supply,Neil's Thompson project,,,Joey,7099
7100,2025-09-20 00:00:00.000000000,ADA 33,Alejandro Esquivel,Texcon,Fuel ,,,Joey,7100
7101,2025-09-20 00:00:00.000000000,ADA 33,Alejandro Esquivel,Leo's Service Station,Fuel ,,,Joey,7101
7102,2025-09-20 00:00:00.000000000,ADA 33,Alejandro Esquivel,Texcon,Diesel ,,,Joey,7102
7103,2025-09-22 00:00:00.000000000,ADA 33,Alejandro Esquivel,Leo's Service Station,Fuel ,,,Joey,7103
7104,2025-09-22 00:00:00.000000000,CPO Bicycle & Pedestrian IDIQ,Eduardo Valenzuela,Leo's Service Station,Fuel ,,,Joey,7104
7105,2025-09-22 00:00:00.000000000,ADA 33,Simon Martinez,Leo's Service Station,Fuel ,,,Joey,7105
7107,2025-09-23 00:00:00.000000000,ADA 33,Alejandro Esquivel,ACE Contractor Supply,"Caulk Gun, Blue Steel Edger, Poly Bags, Rolling Cooler, Red Safety Gas Can, Rebar Cutter, Dawn Soap, Tow Chain, Water, Sikaflex",,,Joey,7107
7108,2025-09-23 00:00:00.000000000,ADA 33,Alejandro Esquivel,Texcon,Diesel,,,Joey,7108
7108,2025-09-24 00:00:00.000000000,ADA 33,Alejandro Esquivel,ACE Contractor Supply,"Post Hole Digger, Bolt Cutter, 2-Cycle, San Angelo Bar, Utility Knife, Fat Max Tape Rule, Black Poly, White Paint Markers",,,Joey,7108
7109,2025-09-23 00:00:00.000000000,ADA 33,Alejandro Esquivel,Texcon,Diesel,,,Joey,7109
7110,2025-09-23 00:00:00.000000000,CPO Bicycle & Pedestrian IDIQ,Alejandro Esquivel,ACE Contractor Supply,"Blue Diamond Cutting Blade, Extension Pole, Sonotube, Strawberry Banana Zero Powder",,,Joey,7110
7111,2025-09-23 00:00:00.000000000,ADA 33,Alejandro Esquivel,Texcon,Diesel ,,,Joey,7111
7112,2025-09-23 00:00:00.000000000,ADA 33,Alejandro Esquivel,Texcon,Diesel,,,Joey,7112
7115,2025-09-25 00:00:00.000000000,ADA 33,Alejandro Esquivel,Texcon,Diesel,,,Joey,7115
7116,2025-09-25 00:00:00.000000000,ADA 33,Alejandro Esquivel,Texcon,Diesel,,,Joey,7116
7117,2025-09-25 00:00:00.000000000,ADA 32,Simon Martinez,Ferguson Waterworks,Mulch Socks,,,Joey,7117
7119,2025-09-25 00:00:00.000000000,ADA33,Alejandro Esquivel,Leo's Service Station,Fuel ,,,Joey,7119
7120,2025-09-25 00:00:00.000000000,ADA 33,Alejandro Esquivel,Texcon,Diesel,,,Joey,7120
7121,2025-09-26 00:00:00.000000000,ADA 33,Alejandro Esquivel,Texcon,Diesel ,,,Joey,7121
7122,2025-09-26 00:00:00.000000000,ADA 33,Alejandro Esquivel,ACE Contractor Supply,"Curing Compound, 2X6X16, 2X4X16",,,Joey,7122
7124,2025-09-26 00:00:00.000000000,ADA 33,Alejandro Esquivel,Leo's Service Station,Fuel ,,,Joey,7124
7125,2025-09-29 00:00:00.000000000,ADA 33,Alejandro Esquivel,Ferguson Waterworks,3X300 FT Non Woven Fabric,,,Joey,7125
7126,2025-09-29 00:00:00.000000000,ADA 33,Alejandro Esquivel,Leo's Service Station,Fuel ,,,Joey,7126
7127,2025-09-29 00:00:00.000000000,ADA 33,Simon Martinez,Leo's Service Station,Fuel ,,,Joey,7127
7128,2025-09-29 00:00:00.000000000,ADA 33,Alejandro Esquivel,Texcon,Diesel,,,Joey,7128
7129,2025-09-30 00:00:00.000000000,ADA 33,Alejandro Esquivel,Texcon,Diesel,,,Joey,7129
7130,2025-09-30 00:00:00.000000000,ADA 33,Alejandro Esquivel,ACE Contractor Supply,"Plyform, Lumber, Black Poly, Safety Glasses, Kneepads",,,Joey,7130
7131,2025-09-30 00:00:00.000000000,ADA 33,Alejandro Esquivel,Texcon,Diesel,,,Joey,7131
7032,2025-09-30 00:00:00.000000000,ADA 33,Alejandro Esquivel,Texcon,Diesel,,,Joey,7032
7033,2025-10-01 00:00:00.000000000,ADA 33,Hector Manzanares,Leo's Service Station,Fuel ,,,Joey,7033
7034,2025-10-01 00:00:00.000000000,ADA 33,Alejandro Esquivel,Texcon,Diesel,,,Joey,7034
7035,2025-10-01 00:00:00.000000000,ADA 33,Alejandro Esquivel,ACE Contractor Supply,"Lumber, Small Angle Grinder, Extension Cord, Water",,,Joey,7035
7036,2025-10-02 00:00:00.000000000,ADA 33,Alejandro Esquivel,ACE Contractor Supply,"Curlex, SOD Staples",,,Joey,7036
7037,2025-10-02 00:00:00.000000000,CPO Bicycle & Pedestrian IDIQ,Alejandro Esquivel,ACE Contractor Supply,"2X6X16 #2 SPF, Shop Towel, Satin Square Corner Door Hinge, Poly Broom, Plastic Garage Broom",,,Joey,7037
7038,2025-10-03 00:00:00.000000000,ADA 33,Alejandro Esquivel,Texcon,Diesel ,,,Joey,7038
7039,2025-10-02 00:00:00.000000000,ADA 33,Alejandro Esquivel,ACE Contractor Supply,"Contractor Bags, Grease Gun, Lithium Grease, Tyrolit Basic, Orange Paint, Clear Paint, Gloves, Deck Brush, 3D EG Fine Nail, Paulownia Chamfer",,,Joey,7039
7040,2025-10-02 00:00:00.000000000,ADA 33,Alejandro Esquivel,Leo's Service Station,Fuel ,,,Joey,7040
7041,2025-10-02 00:00:00.000000000,ADA 33,Alejandro Esquivel,ACE Contractor Supply,"Fine Nail, Orange Paint, White Paint, Gas Can, Garage Broom, Rebar Caps, Contractor Bags, Red Chalk, Rebar Bender, Monster Pry Bar, Utility Knife, Combo Padlock",,,Joey,7041
7142,2025-10-02 00:00:00.000000000,ADA 33,Alejandro Esquivel,ACE Contractor Supply,"Smooth Dowel Rods, Black Poly, 2 Cycle Blower",,,Joey,7142
7143,2025-10-03 00:00:00.000000000,ADA 32,Simon Martinez,Leo's Service Station,Fuel ,,,Joey,7143
7144,2025-10-06 00:00:00.000000000,ADA 32,Alejandro Esquivel,Texcon,Diesel,,,Joey,7144
7146,2025-10-09 00:00:00.000000000,ADA 33,Alejandro Esquivel,ACE Contractor Supply,"Garage Broom, Cup Wire Brush, Water, Water Brush, Diamond Blades",,,Joey,7146
7147,2025-10-06 00:00:00.000000000,ADA 33,Hector Manzanares,White Cap,"Chamfer, Vibrator",,,Joey,7147
7148,2025-10-07 00:00:00.000000000,ADA 33,Alejandro Esquivel,Texcon,Diesel,,,Joey,7148
7149,2025-10-07 00:00:00.000000000,ADA 33,Alejandro Esquivel,Texcon,Diesel ,,,Joey,7149
7150,2025-10-07 00:00:00.000000000,ADA 32,Ignacio Fuentes,ACT Pipe & Supply,"Water Meter Box, 3/4"" Poly Pipe",,,Joey,7150
7151,2025-10-09 00:00:00.000000000,ADA 33,Hector Manzanares,CMC,"2 box of Joint sealants, nails, tie, wire, paint & stick",,,Joey,7151
7152,2025-10-09 00:00:00.000000000,ADA 33,Hector Manzanares,Texcon,Diesel ,,,Joey,7152
7153,2025-10-09 00:00:00.000000000,ADA 33,Hector Manzanares,ACE Contractor Supply,"Curlex, SOD Staples",,,Joey,7153
7154,2025-10-09 00:00:00.000000000,ADA 32,Eduardo Valenzuela,Leo's Service Station,Fuel ,,,Joey,7154
7155,2025-10-10 00:00:00.000000000,ADA 33,Hector Manzanares ,Leo's Service Station,Fuel ,,,Joey,7155
7156,2025-10-13 00:00:00.000000000,ADA 32,Alejandro Esquivel,Texcon,Diesel ,,,Joey,7156
7157,2025-10-13 00:00:00.000000000,ADA 32,Alejandro Esquivel,ACE Contractor Supply,Wood,,,Joey,7157
7158,2025-10-13 00:00:00.000000000,ADA 33,Alejandro Esquivel,White Cap,Metal Sheet for Rebar Cutter,,,Joey,7158
7159,2025-10-13 00:00:00.000000000,ADA 33,Alejandro Esquivel,Texcon,Diesel ,,,Joey,7159
7160,2025-10-09 00:00:00.000000000,ADA 32,Hector Manzanares,Leo's Service Station,Fuel ,,,Joey,7160
7161,2025-10-13 00:00:00.000000000,ADA 33,Alejandro Esquivel,Texcon,Diesel ,,,Joey,7161
7162,2025-10-15 00:00:00.000000000,ADA 32,Ignacio Fuentes,ACT Pipe & Supply,Single Water Meter Box,,,Joey,7162
7263,2025-10-13 00:00:00.000000000,ADA 33,Simon Martinez,Leo's Service Station,Fuel ,,,Joey,7263
7164,2025-10-14 00:00:00.000000000,ADA 32,Alejandro Esquivel,Texcon,Diesel ,,,Joey,7164
7165,2025-10-14 00:00:00.000000000,ADA 33,Alejandro Esquivel,Leo's Service Station,Fuel ,,,Joey,7165
7165,2025-10-14 00:00:00.000000000,ADA 33,Ignacio Fuentes,ACT Pipe & Supply,"1"" 90, 3/4"" Angle Stop",,,Joey,7165
7166,2025-10-14 00:00:00.000000000,ADA 33,Alejandro Esquivel,Leo's Service Station,Diesel,,,Joey,7166
7167,2025-10-16 00:00:00.000000000,ADA 32,Alejandro Esquivel,Texcon,Diesel ,,,Joey,7167
7168,2025-10-16 00:00:00.000000000,ADA 33,Alejandro Esquivel,Leo's Service Station,Fuel ,,,Joey,7168
7169,2025-10-17 00:00:00.000000000,ADA 33,Alejandro Esquivel,ACE Contractor Supply,"Flex Post, Aspahlt Screws, Rubber Speed Bump",,,Joey,7169
7170,2025-10-20 00:00:00.000000000,CMTA IDIQ,Alejandro Esquivel,Texcon,Diesel ,,,Joey,7170
7171,2025-10-17 00:00:00.000000000,ADA 33,Alejandro Esquivel,Leo's Service Station,Fuel ,,,Joey,7171
7172,2025-10-17 00:00:00.000000000,CMTA IDIQ,Alejandro Esquivel,CMC,Ardex,,,Joey,7172
7173,2025-10-21 00:00:00.000000000,ADA 33,Alejandro Esquivel,Texcon,Diesel ,,,Joey,7173
7174,2025-10-22 00:00:00.000000000,ADA 33,Alejandro Esquivel,Texcon,Diesel ,,,Joey,7174
7175,2025-10-22 00:00:00.000000000,ADA 33,Alejandro Esquivel,Texcon,Diesel ,,,Joey,7175
7176,2025-10-22 00:00:00.000000000,ADA 33,Alejandro Esquivel,Leo's Service Station,Fuel ,,,Joey,7176
7177,2025-10-22 00:00:00.000000000,CMTA IDIQ,Alejandro Esquivel,ACE Contractor Supply,Concrete Drill Bits,,,Joey,7177
7178,2025-10-23 00:00:00.000000000,ADA 33,Alejandro Esquivel,CMC,Sealant,,,Joey,7178
7179,2025-10-23 00:00:00.000000000,ADA 33,Alejandro Esquivel,ACE Contractor Supply,"Plywood, 2x4",,,Joey,7179
7180,2025-10-23 00:00:00.000000000,Office,Marcela Castaneda,Leo's Service Station,Fuel ,,,Joey,7180
7181,2025-10-24 00:00:00.000000000,ADA 32,Simon Martinez,Leo's Service Station,Fuel ,,,Joey,7181
7182,2025-10-24 00:00:00.000000000,CMTA IDIQ,Alejandro Esquivel,CMC,"Ardex, Sealant",,,Joey,7182
7183,2025-10-25 00:00:00.000000000,ADA 32,Alejandro Esquivel,Leo's Service Station,Fuel ,,,Joey,7183
7184,2025-10-27 00:00:00.000000000,ADA 33,Alejandro Esquivel,Texcon,Diesel ,,,Joey,7184
7185,2025-10-27 00:00:00.000000000,ADA 32,Alejandro Esquivel,Texcon,Diesel ,,,Joey,7185
7186,2025-10-27 00:00:00.000000000,ADA 32,Alejandro Esquivel,ACE Contractor Supply,"Ardex, Drill Bit, Trash Bags, Broom",,,Joey,7186
7187,2025-10-27 00:00:00.000000000,ADA 32,Alejandro Esquivel,Texcon,Diesel ,,,Joey,7187
7188,2025-10-27 00:00:00.000000000,ADA 32,Alejandro Esquivel,Texcon,Diesel ,,,Joey,7188
7189,2025-10-27 00:00:00.000000000,ADA 33,Carlos Diaz,White Cap,Saw for Wood,,,Joey,7189
7190,2025-10-27 00:00:00.000000000,ADA 32,Ivan Muniz,Texcon,Diesel ,,,Joey,7190
7191,2025-10-27 00:00:00.000000000,ADA 32,Alejandro Esquivel,Texcon,Diesel ,,,Joey,7191
7192,2025-10-28 00:00:00.000000000,CMTA IDIQ,Alejandro Esquivel,ACE Contractor Supply,4X4X8,,,Joey,7192
7193,2025-10-31 00:00:00.000000000,ADA 33,Alejandro Esquivel,Elliot Electric Supply,Electric Conduits for PHB,,,Joey,7193
7194,2025-10-29 00:00:00.000000000,ADA 32,Alejandro Esquivel,ACE Contractor Supply,Wood,,,Joey,7194
7195,2025-10-29 00:00:00.000000000,ADA 33,Alejandro Esquivel,Leo's Service Station,Fuel ,,,Joey,7195
7196,2025-10-31 00:00:00.000000000,ADA 32,Simon Martinez,Leo's Service Station,Fuel ,,,Joey,7196
7197,2025-10-30 00:00:00.000000000,CMTA IDIQ,Alejandro Esquivel,CMC,"Ardex, Sealant",,,Joey,7197
7198,2025-10-30 00:00:00.000000000,CMTA IDIQ,Alejandro Esquivel,ACE Contractor Supply,"Circular saw, blower,drill bits, ",,,Joey,7198
7199,2025-10-31 00:00:00.000000000,ADA 33,Alejandro Esquivel,ACE Contractor Supply,Ardex,,,Joey,7199
7200,2025-10-31 00:00:00.000000000,CMTA IDIQ,Alejandro Esquivel,O'Reilly,Jacks for Shelter Modification,,,Joey,7200
7201,2025-10-31 00:00:00.000000000,ADA 32,Alejandro Esquivel,Texcon,Diesel ,,,Joey,7201
7202,2025-10-31 00:00:00.000000000,CMTA IDIQ,Alejandro Esquivel,White Cap,Ardex,,,Joey,7202
7203,2025-10-31 00:00:00.000000000,CMTA IDIQ,Alejandro Esquivel,Texcon,Diesel ,,,Joey,7203
7204,2025-11-01 00:00:00.000000000,ADA 33,Alejandro Esquivel,Leo's Service Station,Fuel ,,,Joey,7204
7205,2025-11-03 00:00:00.000000000,ADA 32,Alejandro Esquivel,Texcon,Diesel ,,,Joey,7205
7206,2025-11-03 00:00:00.000000000,ADA 32,Alejandro Esquivel,Texcon,Diesel ,,,Joey,7206
7207,2025-11-04 00:00:00.000000000,ADA 32,Alejandro Esquivel,Texcon,Diesel,,,Joey,7207
7208,2025-11-04 00:00:00.000000000,ADA 32,Ivan Muniz,Texcon,Diesel ,,,Joey,7208
7209,2025-11-04 00:00:00.000000000,ADA 33,Alejandro Esquivel,Leo's Service Station,Diesel,,,Joey,7209
7210,2025-11-05 00:00:00.000000000,ADA 33,Alejandro Esquivel,White Cap,Circular saw ,,,Joey,7210
7211,2025-11-05 00:00:00.000000000,CMTA IDIQ,Alejandro Esquivel,ACE Contractor Supply,"Shovel, Digging Shovel, Railroad Pick Handle, Pick Mattock Head, Water",,,Joey,7211
7212,2025-11-05 00:00:00.000000000,CMTA IDIQ,Alejandro Esquivel,Leo's Service Station,Diesel ,,,Joey,7212
7213,2025-11-05 00:00:00.000000000,ADA 33,Alejandro Esquivel,Leo's Service Station,Fuel ,,,Joey,7213
7214,2025-11-06 00:00:00.000000000,CMTA IDIQ,Alejandro Esquivel,Texcon,Diesel ,,,Joey,7214
7215,2025-11-06 00:00:00.000000000,ADA 33,Alejandro Esquivel,Leo's Service Station,Fuel ,,,Joey,7215
7216,2025-11-07 00:00:00.000000000,ADA 32,Simon Martinez,Leo's Service Station,Fuel ,,,Joey,7216
7217,2025-11-07 00:00:00.000000000,ADA 33,Alejandro Esquivel,Texcon,Diesel ,,,Joey,7217
7218,2025-11-07 00:00:00.000000000,ADA 33,Alejandro Esquivel,Texcon,Diesel ,,,Joey,7218
7219,2025-11-07 00:00:00.000000000,ADA 32,Alejandro Esquivel,Leo's Service Station,Fuel ,,,Joey,7219
7220,2025-11-10 00:00:00.000000000,ADA 33,Alejandro Esquivel,Leo's Service Station,Fuel ,,,Joey,7220
7221,2025-11-10 00:00:00.000000000,ADA 32,Alejandro Esquivel,Leo's Service Station,Gas,,,Joey,7221
7222,2025-11-10 00:00:00.000000000,ADA 32,Ignacio Fuentes,ACT Pipe & Supply,Double Water Meter Box,,,Joey,7222
7223,2025-11-11 00:00:00.000000000,ADA 32,Alejandro Esquivel,Texcon,Diesel ,,,Joey,7223
7224,2025-11-11 00:00:00.000000000,ADA 32,Alejandro Esquivel,ACE Contractor Supply,"Tools, Wood",,,Joey,7224
7225,2025-11-11 00:00:00.000000000,CMTA IDIQ,Alejandro Esquivel,ACE Contractor Supply,"Picks, Shovels",,,Joey,7225
7226,2025-11-11 00:00:00.000000000,CMTA IDIQ,Alejandro Esquivel,Texcon,Diesel ,,,Joey,7226
7227,2025-11-11 00:00:00.000000000,ADA 32,Alejandro Esquivel,White Cap,"Utility Bricks, Tape",,,Joey,7227
7228,2025-11-10 00:00:00.000000000,ADA 32,Alejandro Esquivel,White Cap,Wood,,,Joey,7228
7229,2025-11-12 00:00:00.000000000,ADA 33,Ivan Muniz,Texcon,Diesel ,,,Joey,7229
7230,2025-11-12 00:00:00.000000000,CMTA IDIQ,Alejandro Esquivel,ACE Contractor Supply,Wood,,,Joey,7230
7231,2025-11-13 00:00:00.000000000,ADA 32,Alejandro Esquivel,Texcon,Diesel ,,,Joey,7231
7232,2025-11-13 00:00:00.000000000,ADA 32,Alejandro Esquivel,Leo's Service Station,Fuel ,,,Joey,7232
7233,2025-11-13 00:00:00.000000000,CMTA IDIQ,Alejandro Esquivel,Texcon,Diesel ,,,Joey,7233
7234,2025-11-14 00:00:00.000000000,ADA 33,Ivan Muniz,Texcon,Diesel ,,,Joey,7234
7235,2025-11-17 00:00:00.000000000,CMTA IDIQ,Alejandro Esquivel,Texcon,Diesel ,,,Joey,7235
7236,2025-11-17 00:00:00.000000000,CMTA IDIQ,Alejandro Esquivel,Texcon,Diesel ,,,Joey,7236
7237,2025-11-17 00:00:00.000000000,CMTA IDIQ,Alejandro Esquivel,CMC,"Sealant, Back Roat",,,Joey,7237
7238,2025-11-18 00:00:00.000000000,ADA 33,Simon Martinez,Leo's Service Station,Fuel ,,,Joey,7238
7239,2025-11-17 00:00:00.000000000,ADA 33,Alejandro Esquivel,Leo's Service Station,Fuel ,,,Joey,7239
7240,2025-11-17 00:00:00.000000000,ADA 33,Hector Manzanares ,Leo's Service Station,Fuel ,,,Joey,7240
7241,2025-11-18 00:00:00.000000000,ADA 32,Alejandro Esquivel,Texcon,Diesel ,,,Joey,7241
7242,2025-11-20 00:00:00.000000000,ADA 33,Ivan Muniz,Leo's Service Station,Fuel ,,,Joey,7242
7243,2025-11-20 00:00:00.000000000,ADA 33,Alejandro Esquivel,Leo's Service Station,Fuel ,,,Joey,7243
7244,2025-11-21 00:00:00.000000000,ADA 33,Alejandro Esquivel,Texcon,Diesel ,,,Joey,7244
7245,2025-11-21 00:00:00.000000000,CMTA IDIQ,Alejandro Esquivel,Texcon,Diesel ,,,Joey,7245
7246,2025-11-24 00:00:00.000000000,ADA 33,Alejandro Esquivel,Texcon,Diesel ,,,Joey,7246
7247,2025-11-24 00:00:00.000000000,CMTA IDIQ,Alejandro Esquivel,Texcon,Diesel ,,,Joey,7247
7248,2025-11-25 00:00:00.000000000,ADA 32,Alejandro Esquivel,Texcon,Diesel ,,,Joey,7248
7249,2025-11-25 00:00:00.000000000,CMTA IDIQ,Alejandro Esquivel,ACE Contractor Supply,"Drill Bit, Cleaner",,,Joey,7249
7250,2025-11-25 00:00:00.000000000,ADA 32,Alejandro Esquivel,Texcon,Diesel ,,,Joey,7250
7251,2025-11-25 00:00:00.000000000,ADA 32,Alejandro Esquivel,ACE Contractor Supply,Wood,,,Joey,7251
7252,2025-11-25 00:00:00.000000000,ADA 33,Alejandro Esquivel,Leo's Service Station,Fuel ,,,Joey,7252
7253,2025-11-26 00:00:00.000000000,ADA 32,Alejandro Esquivel,ACE Contractor Supply,"Plastic, Paint",,,Joey,7253
7254,2025-11-26 00:00:00.000000000,ADA 32,Alejandro Esquivel,Texcon,Diesel,,,Joey,7254
7255,2025-11-26 00:00:00.000000000,ADA 33,Ivan Muniz,Texcon,Diesel ,,,Joey,7255
7256,2025-11-26 00:00:00.000000000,CMTA IDIQ,Alejandro Esquivel,United Rentals,Drill Hammer,,,Joey,7256
7257,2025-12-01 00:00:00.000000000,CMTA IDIQ,Alejandro Esquivel,Texcon,Diesel ,,,Joey,7257
7258,2025-12-01 00:00:00.000000000,ADA 33,Alejandro Esquivel,Texcon,Diesel ,,,Joey,7258
7259,1935-12-01 00:00:00.000000000,ADA 33,Alejandro Esquivel,G4 Spatial Technologies,"Level, Book",,,Joey,7259
7260,2025-12-02 00:00:00.000000000,ADA 33,Alejandro Esquivel,Leo's Service Station,Fuel ,,,Joey,7260
7261,2025-12-02 00:00:00.000000000,ADA 33,Alejandro Esquivel,Leo's Service Station,Fuel ,,,Joey,7261
7262,2025-12-02 00:00:00.000000000,ADA 33,Simon Martinez,Leo's Service Station,Fuel ,,,Joey,7262
7263,2025-12-03 00:00:00.000000000,CMTA IDIQ,Alejandro Esquivel,Texcon,Diesel ,,,Joey,7263
7264,2025-12-03 00:00:00.000000000,ADA 33,Alejandro Esquivel,Texcon,Diesel ,,,Joey,7264
7265,2025-12-04 00:00:00.000000000,CMTA IDIQ,Alejandro Esquivel,Texcon,Diesel ,,,Joey,7265
7266,2025-12-04 00:00:00.000000000,ADA 33,Alejandro Esquivel,White Cap,"Plastic, Trash Bags",,,Joey,7266
7267,2025-12-04 00:00:00.000000000,ADA 33,Ivan Muniz,Texcon,Diesel ,,,Joey,7267
7268,2025-12-04 00:00:00.000000000,ADA 33,Hector Manzanares ,Leo's Service Station,Fuel ,,,Joey,7268
7269,2025-12-04 00:00:00.000000000,CMTA IDIQ,Alejandro Esquivel,Leo's Service Station,Fuel7277 ,,,Joey,7269
7270,2025-12-05 00:00:00.000000000,CMTA IDIQ,Alejandro Esquivel,Texcon,Diesel ,,,Joey,7270
7271,2025-12-05 00:00:00.000000000,CMTA IDIQ,Alejandro Esquivel,CMC,"Ardex, Sealant",,,Joey,7271
7272,2025-12-05 00:00:00.000000000,ADA 32,Alejandro Esquivel,Leo's Service Station,Fuel ,,,Joey,7272
7273,2025-12-08 00:00:00.000000000,CMTA IDIQ,Alejandro Esquivel,ACE Contractor Supply,Drill Bits,,,Joey,7273
7274,2025-12-08 00:00:00.000000000,CMTA IDIQ,Alejandro Esquivel,White Cap,Blower,,,Joey,7274
7275,2025-12-09 00:00:00.000000000,CMTA IDIQ,Alejandro Esquivel,Leo's Service Station,Fuel ,,,Joey,7275
7275,2025-12-08 00:00:00.000000000,CMTA IDIQ,Alejandro Esquivel,Texcon,Diesel ,,,Joey,7275
7276,2025-12-09 00:00:00.000000000,ADA 32,Ivan Muniz,Texcon,Diesel ,,,Joey,7276
7277,2025-12-09 00:00:00.000000000,ADA 32,Alejandro Esquivel,Leo's Service Station,Fuel ,,,Joey,7277
7278,2025-12-10 00:00:00.000000000,CMTA IDIQ,Alejandro Esquivel,Texcon,Diesel ,,,Joey,7278
7279,2025-12-10 00:00:00.000000000,CMTA IDIQ,Alejandro Esquivel,Texcon,Diesel ,,,Joey,7279
7280,2025-12-11 00:00:00.000000000,ADA 32,Alejandro Esquivel,Texcon,Diesel ,,,Joey,7280
7281,2025-12-11 00:00:00.000000000,ADA 32,Alejandro Esquivel,ACE Contractor Supply,Dowels,,,Joey,7281
7282,2025-12-11 00:00:00.000000000,MFO,Marcela Castaneda,Leo's Service Station,Fuel,,,Joey,7282
7283,2025-12-12 00:00:00.000000000,ADA 32,Ivan Muniz,ACE Contractor Supply,"Empty White Poly Fill Bag, Sledge Handle",,,Joey,7283
7284,2025-12-12 00:00:00.000000000,ADA 32,Alejandro Esquivel,Texcon,Diesel ,,,Joey,7284
7285,2025-12-12 00:00:00.000000000,ADA 33,Alejandro Esquivel,Leo's Service Station,Fuel ,,,Joey,7285
7286,2025-12-15 00:00:00.000000000,ADA 33,Alejandro Esquivel,ACE Contractor Supply,Diamond Blades,,,Joey,7286
7287,2025-12-15 00:00:00.000000000,CMTA IDIQ,Alejandro Esquivel,Texcon,Diesel ,,,Joey,7287
7288,2025-12-15 00:00:00.000000000,ADA 33,Alejandro Esquivel,Leo's Service Station,Fuel,,,Joey,7288
7289,2025-12-15 00:00:00.000000000,ADA 33,Alejandro Esquivel,Leo's Service Station,Fuel ,,,Joey,7289
7290,2025-12-16 00:00:00.000000000,ADA 33,Alejandro Esquivel,Texcon,Diesel ,,,Joey,7290
7291,2025-12-16 00:00:00.000000000,CMTA IDIQ,Alejandro Esquivel,ACE Contractor Supply,Wheelbarrow,,,Joey,7291
7292,2025-12-16 00:00:00.000000000,CMTA IDIQ,Alejandro Esquivel,Leo's Service Station,Fuel ,,,Joey,7292
7293,2025-12-17 00:00:00.000000000,ADA 32,Ivan Muniz,Texcon,Diesel ,,,Joey,7293
7294,2025-12-16 00:00:00.000000000,ADA 32,Alejandro Esquivel,White Cap,Cement Bags,,,Joey,7294
7295,2025-12-17 00:00:00.000000000,ADA 33,Alejandro Esquivel,White Cap,Cement Bags,,,Joey,7295
7296,2025-12-17 00:00:00.000000000,ADA 32,Alejandro Esquivel,Leo's Service Station,Fuel,,,Joey,7296
7297,2025-12-17 00:00:00.000000000,CMTA IDIQ,Alejandro Esquivel,Texcon,Diesel ,,,Joey,7297
7298,2025-12-18 00:00:00.000000000,ADA 33,Simon Martinez,Leo's Service Station,Fuel,,,Joey,7298
7299,2025-12-18 00:00:00.000000000,CMTA IDIQ,Alejandro Esquivel,Texcon,Diesel ,,,Joey,7299
7300,2025-12-19 00:00:00.000000000,ADA 32,Alejandro Esquivel,Texcon,Diesel ,,,Joey,7300
7301,2025-12-19 00:00:00.000000000,ADA 33,Alejandro Esquivel,Leo's Service Station,Fuel ,,,Joey,7301
7302,2025-12-19 00:00:00.000000000,ADA 32,Alejandro Esquivel,Texcon,Diesel ,,,Joey,7302
7303,2025-12-19 00:00:00.000000000,CMTA IDIQ,Alejandro Esquivel,Texcon,Diesel ,,,Joey,7303
7304,2025-12-19 00:00:00.000000000,ADA 33,Alejandro Esquivel ,Texcon,Diesel ,,,Joey,7304
7305,2025-12-22 00:00:00.000000000,ADA 33,Alejandro Esquivel,White Cap,"Drill, Hammer, Bits, Lights ",,,Joey,7305
7306,2025-12-23 00:00:00.000000000,ADA 33,Hector Manzanares ,ACE Contractor Supply,"2 Cycle Oil, Red Safety Gas Can",,,Joey,7306
7307,2025-12-23 00:00:00.000000000,ADA 33 ,Hector Manzanares ,Texcon ,Fuel ,,,Joey,7307
7308,2025-12-29 00:00:00.000000000,ADA 33 ,Alejandro Esquivel,Texcon ,Diesel ,,,Joey,7308
7308,2025-12-29 00:00:00.000000000,CMTA IDIQ,Ivan Muniz,ACE Contractor Supply,"White Poly Fill, Tie Wire, Duplex Brite Nail, Driver's Gloves, Sledge Handle",,,Joey,7308
7309,2025-12-29 00:00:00.000000000,ADA 32,Alejandro Esquivel ,Texcon,Diesel ,,,Joey,7309
7310,2025-12-29 00:00:00.000000000,ADA 33,Hector Manzanares ,ACE Contractor Supply,"Concrete Bonder, Texas Lehigh Masonry, Fine Blast Sand, Contractor Bags, Grout, Orange Poly Bags, Tuck Pointer, Margin Trowel",,,Joey,7310
7311,2025-12-30 00:00:00.000000000,ADA 33,Alejandro Esquivel,Texcon,Diesel ,,,Joey,7311
7312,2025-12-30 00:00:00.000000000,ADA 33,Alejandro Esquivel ,ACE Contractor Supply,"Post Hole Digger, Poly Twisted Rope, Small Engine Mixed Fuel 1 Gallon, Clear Inverted Paint",,,Joey,7312
7313,2025-12-30 00:00:00.000000000,ADA 33 ,Alejandro Esquivel ,Texcon,Fuel ,,,Joey,7313
7314,2025-12-31 00:00:00.000000000,CPO Bicycle & Pedestrian IDIQ,Alejandro Esquivel,Texcon ,Diesel ,,,Joey,7314
7315,2025-12-31 00:00:00.000000000,CPO Bicycle & Pedestrian IDIQ,Alejandro Esquivel ,ACE Contractor Supply,Sealant,,,Joey,7315
7316,2025-12-31 00:00:00.000000000,CMTA IDIQ,Alejandro Esquivel ,Austin Masonry Products,Grout,,,Joey,7316
7317,2025-12-31 00:00:00.000000000,CMTA IDIQ,Alejandro Esquivel,Texcon,Diesel ,,,Joey,7317
7318,2025-12-31 00:00:00.000000000,ADA 33 ,Alejandro Esquivel ,Texcon,Diesel ,,,Joey,7318
7319,2025-12-31 00:00:00.000000000,ADA 32,Alejandro Esquivel ,Texcon,Diesel ,,,Joey,7319
7320,2026-01-02 00:00:00.000000000,ADA 32,Alejandro Esquivel,Texcon,Diesel ,,,Joey,7320
7321,2026-01-02 00:00:00.000000000,ADA 33,Alejandro Esquivel,ACE Contractor Supply,"Concrete Mix, Wheelbarrow, Shovel, Razor Edge Sport Gold Mirror Len Anti-Scratch Rubber Temples",,,Joey,7321
7322,2025-01-02 00:00:00.000000000,ADA 32,Alejandro Esquivel,Texcon ,Diesel ,,,Joey,7322
7323,2026-01-03 00:00:00.000000000,ADA 33 ,Hector Manzanares ,Leo's Service Station,Fuel ,,,Joey,7323
7324,2026-01-05 00:00:00.000000000,ADA 32,Alejandro Esquivel,Texcon ,Diesel ,,,Joey,7324
7325,2026-01-05 00:00:00.000000000,ADA 33,Alejandro Esquivel,Texcon,Diesel ,,,Joey,7325
7326,2026-01-05 00:00:00.000000000,ADA 33,Alejandro Esquivel,ACE Contractor Supply,Wood,,,Joey,7326
7327,2026-01-05 00:00:00.000000000,ADA 32,Alejandro Esquivel,ACE Contractor Supply,"Grease, Towels, Diablo Blade, Master Combo Padlock, Drill Bit Hammer, Orange Paint, Tie Wire, All Purpose Cement, Concrete Placer, Tyrolit Basic",,,Joey,7327
7328,2026-01-05 00:00:00.000000000,ADA 33,Alejandro Esquivel,Elliott Electric,"Elbows, PVC Pipe, PVC Glue",,,Joey,7328
7329,2026-01-05 00:00:00.000000000,Mokan Trail,Ruben Cano,ACE Contractor Supply,"Plywood, 2X4, Orange Safety Fence, Trash Bags",,,Joey,7329
7330,2026-01-06 00:00:00.000000000,ADA 33 ,Alejandro Esquivel,Texcon ,Diesel ,,,Joey,7330
7331,2026-01-06 00:00:00.000000000,ADA 33 ,Alejandro Esquivel ,Texcon ,Diesel ,,,Joey,7331
7332,2026-01-06 00:00:00.000000000,ADA 33 ,Simon Martinez,Leo's Service Station,Fuel ,,,Joey,7332
7333,2026-01-06 00:00:00.000000000,ADA 32,Alejandro Esquivel ,White Cap,"Sandbags, Concrete Mix",,,Joey,7333
7334,2026-01-07 00:00:00.000000000,ADA 33,Alejandro Esquivel,White Cap,Tools,,,Joey,7334
7335,2026-01-07 00:00:00.000000000,ADA 32,Alejandro Esquivel ,Texcon ,Diesel ,,,Joey,7335
7336,2026-01-07 00:00:00.000000000,ADA 32,Alejandro Esquivel,White Cap,"Goose, Concrete Tools",,,Joey,7336
7337,2026-01-08 00:00:00.000000000,ADA 32,Alejandro Esquivel,Texcon,Diesel ,,,Joey,7337
7338,2026-01-08 00:00:00.000000000,ADA 32,Alejandro Esquivel,White Cap,"Smart Level, Quick Saw",,,Joey,7338
7339,2026-01-08 00:00:00.000000000,ADA 33,Alejandro Esquivel,Leo's Service Station,Fuel ,,,Joey,7339
7340,2026-01-08 00:00:00.000000000,CMTA IDIQ,Alejandro Esquivel,Leo's Service Station,Fuel ,,,Joey,7340
7341,2026-01-09 00:00:00.000000000,ADA 32,Alejandro Esquivel,Elliott Electric,"2"" PVC Pipe",,,Joey,7341
7342,2026-01-09 00:00:00.000000000,ADA 33 ,Simon Martinez,Leo's Service Station,Fuel ,,,Joey,7342
7343,2026-01-09 00:00:00.000000000,Mokan Trail,Ruben Cano,Leo's Service Station,Diesel ,,,Joey,7343
7344,2026-01-12 00:00:00.000000000,ADA 32,Francisco Aguirre,Elliott Electric,"4"" Rigid Coupling, Bearing Assisted Open Pocket Knife",,,Joey,7344
7345,2026-01-15 00:00:00.000000000,ADA 33,Hector Manzanares ,Leo's Service Station,Fuel ,,,Joey,7345
7346,2026-01-15 00:00:00.000000000,MFO,Marcela Castaneda,Leo's Service Station,Fuel ,,,Joey,7346
7347,2026-01-15 00:00:00.000000000,ADA 32,Ignacio Fuentes,ACT Pipe & Supply,"3/4"" Compression Male Adapters, 3/4"" X 3/4"" Compression Couplings, Angle Stops, 3/4"" T Ball Valves, 3/4"" Inserts, Female Adapters",,,Joey,7347
7348,2026-01-15 00:00:00.000000000,Local Mobility Projects Construction III,Mario Munoz,EARTC,Material and Labor,,,Joey,7348
7349,2026-01-15 00:00:00.000000000,CPO Burnet Corridor,Eduardo Valenzuela,EARTC,Material and Labor,,,Joey,7349
7350,2026-01-16 00:00:00.000000000,ADA 33 ,Simon Martinez,ACE Contractor Supply,"Metal Stakes, Nails, Rebar Caps",,,Joey,7350
7351,2026-01-19 00:00:00.000000000,ADA 32,Alejandro Esquivel ,Texcon ,Diesel ,,,Joey,7351
7352,2026-01-19 00:00:00.000000000,ADA 32,Alejandro Esquivel,ACE Contractor Supply,Wood,,,Joey,7352
7354,2026-01-19 00:00:00.000000000,ADA 33 ,Alejandro Esquivel ,Leo's Service Station,Fuel ,,,Joey,7354
7355,2026-01-20 00:00:00.000000000,ADA 32,Alejandro Esquivel ,White Cap,Wood,,,Joey,7355
7356,2026-01-20 00:00:00.000000000,ADA 33,Alejandro Esquivel,ACE Contractor Supply,Electric Tape,,,Joey,7356
7357,2026-01-20 00:00:00.000000000,ADA 33 ,Alejandro Esquivel ,CMC,"Tools, Wood",,,Joey,7357
7358,2026-01-20 00:00:00.000000000,ADA 32,Simon Martinez,Leo's Service Station,Fuel ,,,Joey,7358
7359,2026-01-20 00:00:00.000000000,CMTA IDIQ,Alejandro Esquivel ,Texcon,Diesel ,,,Joey,7359
7360,2026-01-20 00:00:00.000000000,CMTA IDIQ,Alejandro Esquivel ,ACE Contractor Supply,"Safety Fence, Paint",,,Joey,7360
7361,2026-01-20 00:00:00.000000000,ADA 33,Alejandro Esquivel ,Texcon,Diesel ,,,Joey,7361
7362,2026-01-20 00:00:00.000000000,ADA 33,Alejandro Esquivel,ACE Contractor Supply,"Tools, Wood",,,Joey,7362
7363,2026-01-20 00:00:00.000000000,ADA 33,Alejandro Esquivel,Leo's Service Station,Fuel ,,,Joey,7363
7364,2026-01-21 00:00:00.000000000,ADA 32,Alejandro Esquivel,ACE Contractor Supply,Inlet Protection ,,,Joey,7364
7364,2026-01-21 00:00:00.000000000,CPO Burnet Corridor,Eduardo Valenzuela,EARTC,"Signals, Work Material",,,Joey,7364
7365,2026-01-21 00:00:00.000000000,ADA 33 ,Ignacio Fuentes,ACT Pipe & Supply,"3/4"" Angle Stops, Compression Lines",,,Joey,7365
7366,2026-01-21 00:00:00.000000000,ADA 33 ,Alejandro Esquivel,Texcon ,Diesel ,,,Joey,7366
7367,2026-01-22 00:00:00.000000000,ADA 32,Alejandro Esquivel ,Texcon ,Diesel ,,,Joey,7367
7368,2026-01-22 00:00:00.000000000,ADA 33,Alejandro Esquivel ,Texcon,Diesel ,,,Joey,7368
7369,2026-01-22 00:00:00.000000000,ADA 33,Alejandro Esquivel,Texcon,Diesel ,,,Joey,7369
7370,2026-01-23 00:00:00.000000000,ADA 32,Alejandro Esquivel,Texcon ,Diesel ,,,Joey,7370
7371,2026-01-23 00:00:00.000000000,ADA 32,Alejandro Esquivel ,ACE Contractor Supply,Tools,,,Joey,7371
7372,2026-01-23 00:00:00.000000000,Mokan Trail,Mario Munoz,ACE Contractor Supply,"Wood, Nails, Pick Handle",,,Joey,7372
7373,2026-01-23 00:00:00.000000000,Mokan Trail,Mario Munoz,Texcon,Diesel ,,,Joey,7373
7374,2026-01-23 00:00:00.000000000,ADA 33,Alejandro Esquivel ,Elliott Electric,"4"" Galvanized Pipe Cap",,,Joey,7374
7375,2026-01-23 00:00:00.000000000,ADA 33 ,Alejandro Esquivel ,Leo's Service Station,Fuel ,,,Joey,7375
7376,2026-01-23 00:00:00.000000000,ADA 33,Alejandro Esquivel ,Texcon,Diesel ,,,Joey,7376
7377,2026-01-23 00:00:00.000000000,ADA 33,Alejandro Esquivel ,Texcon ,Diesel ,,,Joey,7377
7378,2026-01-26 00:00:00.000000000,ADA 33,Alejandro Esquivel,Elliott Electric,"4"" Conduit, 4"" Coupling ",,,Joey,7378
7379,2026-01-26 00:00:00.000000000,ADA 33,Alejandro Esquivel ,Leo's Service Station,Fuel ,,,Joey,7379
7380,2026-01-26 00:00:00.000000000,ADA 32,Alejandro Esquivel,Leo's Service Station,Fuel ,,,Joey,7380
7381,2026-01-27 00:00:00.000000000,CMTA IDIQ,Alejandro Esquivel ,Texcon ,Diesel ,,,Joey,7381
7382,2026-01-27 00:00:00.000000000,CMTA IDIQ,Alejandro Esquivel ,Texcon ,Diesel ,,,Joey,7382
7383,2026-01-27 00:00:00.000000000,ADA 32,Alejandro Esquivel,RSS Steel,"Ring of 3/8""",,,Joey,7383
7384,2026-01-28 00:00:00.000000000,CMTA IDIQ,Ivan Muniz,Texcon ,Diesel ,,,Joey,7384
7385,2026-01-28 00:00:00.000000000,CMTA IDIQ,Alejandro Esquivel ,ACE Contractor Supply,"Plywood, 2X4, Orange Safety Fence, Trash Bags",,,Joey,7385
7386,2026-01-28 00:00:00.000000000,ADA 33,Carlos Diaz,Texcon ,Diesel ,,,Joey,7386
7387,2026-01-29 00:00:00.000000000,ADA 33,Alejandro Esquivel ,ACE Contractor Supply,"Safety Fence, Plywood",,,Joey,7387
7388,2026-01-29 00:00:00.000000000,ADA 33,Alejandro Esquivel,Texcon,Fuel ,,,Joey,7388
7389,2026-01-29 00:00:00.000000000,ADA 33,Alejandro Esquivel,Texcon ,Diesel ,,,Joey,7389
7390,2026-01-30 00:00:00.000000000,ADA 33,Alejandro Esquivel,Texcon,Diesel ,,,Joey,7390
7391,2026-01-30 00:00:00.000000000,ADA 33,Alejandro Esquivel,Leo's Service Station,Fuel ,,,Joey,7391
7392,2026-01-30 00:00:00.000000000,ADA 33,Alejandro Esquivel,White Cap,"Drill, Hammer, Bits, Lights ",,,Joey,7392
7393,2026-01-30 00:00:00.000000000,ADA 32,Alejandro Esquivel,Texcon,Diesel ,,,Joey,7393
7394,2026-01-31 00:00:00.000000000,ADA 33,Alejandro Esquivel ,Leo's Service Station,Fuel ,,,Joey,7394
7395,2026-01-31 00:00:00.000000000,ADA 33,Alejandro Esquivel,Texcon ,Diesel ,,,Joey,7395
7396,2026-01-31 00:00:00.000000000,ADA 32,Alejandro Esquivel,Texcon,Diesel ,,,Joey,7396
7397,2026-02-02 00:00:00.000000000,ADA 33,Alejandro Esquivel,Texcon,Diesel ,,,Joey,7397
7398,2026-02-03 00:00:00.000000000,CMTA IDIQ,Alejandro Esquivel ,Texcon,Diesel ,,,Joey,7398
7399,2026-02-03 00:00:00.000000000,CMTA IDIQ,Alejandro Esquivel ,ACE Contractor Supply,Chain,,,Joey,7399
7400,2026-02-04 00:00:00.000000000,ADA 33,Alejandro Esquivel,Texcon,Diesel ,,,Joey,7400
7401,2026-02-04 00:00:00.000000000,ADA 33,Alejandro Esquivel ,ACE Contractor Supply,Plywood,,,Joey,7401
7402,2026-02-05 00:00:00.000000000,ADA 33,Alejandro Esquivel ,Texcon,Diesel ,,,Joey,7402
7403,2026-02-05 00:00:00.000000000,ADA 33,Alejandro Esquivel ,Leo's Service Station,Fuel ,,,Joey,7403
7404,2026-02-05 00:00:00.000000000,ADA 33,Alejandro Esquivel ,Elliott Electric,"Conduit 4""",,,Joey,7404
7405,2026-02-05 00:00:00.000000000,ADA 32,Alejandro Esquivel ,CMC,Oil for Stamp,,,Joey,7405
7406,2026-02-06 00:00:00.000000000,ADA 33,Alejandro Esquivel,White Cap,Grinder,,,Joey,7406
7407,2026-02-06 00:00:00.000000000,ADA 33,Alejandro Esquivel,Texcon ,Diesel ,,,Joey,7407
7408,2026-02-06 00:00:00.000000000,Local Mobility Projects III,Tito Cueto,Leo's Service Station,Fuel ,,,Joey,7408
7409,2026-02-06 00:00:00.000000000,ADA 33,Ruben Cano,Texcon ,Diesel ,,,Joey,7409
7410,2026-02-06 00:00:00.000000000,ADA 33,Alejandro Esquivel,Texcon ,Diesel ,,,Joey,7410
7411,2026-02-06 00:00:00.000000000,ADA 33,Alejandro Esquivel ,Leo's Service Station,Fuel ,,,Joey,7411
7412,2026-02-06 00:00:00.000000000,ADA 32,Ivan Muniz,ACE Contractor Supply,Fence Taps,,,Joey,7412
7413,2026-02-06 00:00:00.000000000,ADA 32,Ivan Muniz,Texcon ,Diesel ,,,Joey,7413
7414,2026-02-06 00:00:00.000000000,ADA 33,Alejandro Esquivel ,Texcon ,Diesel ,,,Joey,7414
7415,2026-02-07 00:00:00.000000000,Local Mobility Projects III,Martin Gonzalez ,Texcon,Diesel ,,,Joey,7415
7416,2026-02-09 00:00:00.000000000,ADA 32,Alejandro Esquivel,Texcon,Diesel ,,,Joey,7416
7417,2026-02-09 00:00:00.000000000,ADA 33,Alejandro Esquivel ,Texcon,Diesel ,,,Joey,7417
7418,2026-02-09 00:00:00.000000000,ADA 33 ,Simon Martinez,Leo's Service Station,Fuel ,,,Joey,7418
7419,2026-02-10 00:00:00.000000000,ADA 32,Martin Gonzalez ,RTC,Stop Signs,,,Joey,7419
7420,2026-02-10 00:00:00.000000000,ADA 33 ,Alejandro Esquivel ,Texcon ,Diesel ,,,Joey,7420
7421,2026-02-10 00:00:00.000000000,ADA 32,Alejandro Esquivel,Texcon,Diesel ,,,Joey,7421
7422,2026-02-10 00:00:00.000000000,ADA 33,Alejandro Esquivel,Leo's Service Station,Fuel ,,,Joey,7422
7423,2026-02-10 00:00:00.000000000,ADA 33 ,Alejandro Esquivel,Elliott Electric,Copper Wire,,,Joey,7423
7424,2026-02-11 00:00:00.000000000,ADA 32,Alejandro Esquivel,Texcon,Diesel,,,Joey,7424
7425,2026-02-11 00:00:00.000000000,Local Mobility Projects III,Jose A. Zamarripa,United Rentals,Concrete Mixer,,,Joey,7425
7426,2026-02-10 00:00:00.000000000,,,,,,,Joey,7426
7426,2026-02-10 00:00:00.000000000,,,,,,,Joey,7426
7427,2026-02-11 00:00:00.000000000,ADA 33,Jose Julian Gonzalez,White Cap,"Radius Blue Steel Edger, Float Bracket, Shovel, Magnesium Float",,,Joey,7427
7428,2026-02-12 00:00:00.000000000,ADA 33,Pedro Limon,Texcon,Diesel ,,,Joey,7428
7429,2026-02-12 00:00:00.000000000,ADA 33,Pedro Limon,ACE Contractor Supply,"Tie Wire, Black Electrical Tape, Empty Orange Poly Bag, Pick Up Pal Magnetic",,,Joey,7429
7430,2026-02-12 00:00:00.000000000,ADA 32,Ivan Muniz,ACE Contractor Supply,Safety Fence,,,Joey,7430
7431,2026-02-12 00:00:00.000000000,ADA 32,Ivan Muniz,Texcon ,Diesel ,,,Joey,7431
7432,2026-02-12 00:00:00.000000000,ADA 32,Uriel Soto,Texcon ,Diesel ,,,Joey,7432
7433,2026-02-12 00:00:00.000000000,ADA 33,Abraham Gonzalez,Texcon ,Diesel ,,,Joey,7433
7434,2026-02-13 00:00:00.000000000,Local Mobility Projects III,Martin Gonzalez ,Leo's Service Station,Fuel ,,,Joey,7434
7435,2026-02-13 00:00:00.000000000,Local Mobility Projects III,Mario Munoz,ACE Contractor Supply,Ardex,,,Joey,7435
7436,2026-02-13 00:00:00.000000000,ADA 33,Karen Quintanar,ACT Pipe & Supply,Tap for Water Meter,,,Joey,7436
7437,2026-02-13 00:00:00.000000000,ADA 33,Martin Gonzalez ,Geosolutions,Sock,,,Joey,7437
7438,2026-02-13 00:00:00.000000000,ADA 33,Carlos Diaz,Texcon ,Diesel ,,,Joey,7438
7439,2026-02-16 00:00:00.000000000,Local Mobility Projects III,Jose A. Zamarripa,Texcon,Diesel ,,,Joey,7439
7440,2026-02-16 00:00:00.000000000,ADA 32,Alejandro Esquivel,Leo's Service Station,Fuel ,,,Joey,7440
7441,2026-02-16 00:00:00.000000000,CMTA IDIQ,Antonio Gonzales,Texcon,Diesel ,,,Joey,7441
7442,2026-02-16 00:00:00.000000000,ADA 33,Abraham Gonzalez,Texcon ,Diesel ,,,Joey,7442
7443,2026-02-16 00:00:00.000000000,Mokan Trail,Ruben Cano,ACE Contractor Supply,"2X4, Nails, Safety Fence, Drill Bits",,,Joey,7443
7444,2026-02-16 00:00:00.000000000,Local Mobility Projects III,Martin Gonzalez ,ACE Contractor Supply,"Drill, hoses",,,Joey,7444
7445,2026-02-16 00:00:00.000000000,ADA 33,Jose Julian Gonzalez,Texcon ,Diesel ,,,Joey,7445
7446,2026-02-17 00:00:00.000000000,ADA 33,Pedro Limon,Elliott Electric,Pipes,,,Joey,7446
7447,2026-02-17 00:00:00.000000000,CMTA IDIQ,Antonio Gonzales,ACE Contractor Supply,"8'-16' Extension pole, dunlop white pvc plain, XL turbo high speed, Gallon Concrete Bonder",,,Joey,7447
7448,2026-02-17 00:00:00.000000000,Local Mobility Projects III,Martin Gonzalez ,CMC,"1"" SDS-plus Rotary Hammer Bosch, 1-7/8"" SDS-mx Rotary Hammer, Rebar demon",,,Joey,7448
7449,2026-02-17 00:00:00.000000000,CMTA IDIQ,Antonio Gonzales,CMC,"Chalk Red 8 oz., 36"" Finish Brush Horsehair, 1 1/2'x3-1/2""x16"" Screeed alum",,,Joey,7449
7450,2026-02-17 00:00:00.000000000,ADA 33,Abraham Gonzalez,Texcon ,Diesel,,,Joey,7450
7451,2026-02-17 00:00:00.000000000,ADA 33,Alejandro Esquivel,Texcon,Diesel ,,,Joey,7451
7452,2026-02-17 00:00:00.000000000,ADA 33,Alejandro Esquivel,ACE Contractor Supply,Concrete Blades,,,Joey,7452
7453,2026-02-17 00:00:00.000000000,ADA 32,Ignacio Fuentes,ACT Pipe & Supply,Compression Male Adapters,,,Joey,7453
7454,2026-02-17 00:00:00.000000000,ADA 33 ,Simon Martinez,Leo's Service Station,Fuel ,,,Joey,7454
7455,2026-02-18 00:00:00.000000000,ADA 32,Sergio Nino,ACE Contractor Supply,"2""x6"", 2""x4"" , orange inverted paint, carpenter pencil, 42 gal husky contractor bag",,,Joey,7455
7456,2026-02-18 00:00:00.000000000,Local Mobility Projects III,Jose A. Zamarripa,ACE Contractor Supply,"Stainless Steel, Bronze Groover, Wizeer Bar, Twisted Eye ",,,Joey,7456
7457,2026-02-18 00:00:00.000000000,ADA 33 ,Pedro Limon,Texcon ,Diesel ,,,Joey,7457
7458,2026-02-18 00:00:00.000000000,ADA 33 ,Juan Perez ,Leo's Service Station,Diesel,,,Joey,7458
7459,2026-02-18 00:00:00.000000000,ADA 33 ,Hervey Quintero,RSS Steel,Pavers,,,Joey,7459
7460,2026-02-19 00:00:00.000000000,Mokan Trail,Ruben Cano,ACE Contractor Supply,Tie Wire,,,Joey,7460
7461,2026-02-19 00:00:00.000000000,Mokan Trail,Ruben Cano,Texcon,Diesel,,,Joey,7461
7462,2026-02-20 00:00:00.000000000,ADA 33,Abraham Gonzalez,Texcon,Diesel,,,Joey,7462
7463,2026-02-20 00:00:00.000000000,Local Mobility Projects III,Jose A. Zamarripa,ACE Contractor Supply,Wood,,,Joey,7463
7464,2026-02-20 00:00:00.000000000,ADA 32,Gerardo Sanchez,CMC,"Sponges, 2""x180' Duct Tape Silver, 7"" Pointing Trowel, 3.5 Gallon Chapin Sprayer, 3/4"" CCX/CDX Plywood",,,Joey,7464
7465,2026-02-20 00:00:00.000000000,ADA 32,Martin Gonzalez ,Leo's Service Station,Fuel,,,Joey,7465
7466,2026-02-20 00:00:00.000000000,ADA 32,Alejandro Esquivel ,Leo's Service Station,Fuel,,,Joey,7466
7467,2026-02-21 00:00:00.000000000,Local Mobility Projects III,Jose A. Zamarripa,Leo's Service Station,Fuel,,,Joey,7467
7468,2026-02-23 00:00:00.000000000,ADA 33,Antonio Gonzales,Texcon,Diesel,,,Joey,7468
7469,2026-02-23 00:00:00.000000000,ADA 33,Antonio Gonzales,ACE Contractor Supply,Concrete Mixer,,,Joey,7469
7470,2026-02-23 00:00:00.000000000,Mokan Trail,Ruben Cano,ACE Contractor Supply,"Gas Can, 2"" Water Pump",,,Joey,7470
7471,2026-02-23 00:00:00.000000000,Mokan Trail,Ruben Cano,Leo's Service Station,Fuel,,,Joey,7471
7472,2026-02-23 00:00:00.000000000,Local Mobility Projects III,Jose A. Zamarripa,White Cap,Chipping Hammer,,,Joey,7472
7473,2026-02-23 00:00:00.000000000,ADA 33,Abraham Gonzalez,Texcon,Diesel,,,Joey,7473
7474,2026-02-24 00:00:00.000000000,ADA 33,Carlos Diaz,Texcon ,Diesel,,,Joey,7474
7475,2026-02-24 00:00:00.000000000,Local Mobility Projects III,Martin Gonzalez,Texcon,Diesel,,,Joey,7475
7476,2026-02-24 00:00:00.000000000,Local Mobility Projects III,Martin Gonzalez,ACE Contractor Supply,Plastic,,,Joey,7476
7477,2026-02-24 00:00:00.000000000,ADA 33,Juan Perez,Texcon,Diesel,,,Joey,7477
7478,2026-02-24 00:00:00.000000000,ADA 33,Juan Perez,ACE Contractor Supply,Smart Level,,,Joey,7478
7479,2026-02-24 00:00:00.000000000,ADA 33,Ulises Lara,Texcon,Diesel,,,Joey,7479
7480,2026-02-24 00:00:00.000000000,ADA 33,Antonio Gutierrez,CMC,"Ardex, Caulking",,,Joey,7480
7481,2026-02-24 00:00:00.000000000,ADA 33,Pedro Limon,Texcon,Diesel,,,Joey,7481
7482,2026-02-25 00:00:00.000000000,Local Mobility Projects III,Jose A. Zamarripa,ACE Contractor Supply,"2X4, 2X6",,,Joey,7482
7483,2026-02-25 00:00:00.000000000,ADA 33,Uriel Soto,Texcon,Diesel,,,Joey,7483
7484,2026-02-26 00:00:00.000000000,ADA 33,Carlos Diaz,Texcon,Diesel,,,Joey,7484
7485,2026-02-26 00:00:00.000000000,ADA 33 ,Carlos Diaz,ACE Contractor Supply,"Cups, Tie Wire, Tape, THS Flu Masonry, Mason Reel, Padlock, Orange Line, Chalk, Bags, Black Poly, Markers",,,Joey,7485
7486,2026-02-26 00:00:00.000000000,ADA 33,Martin Gonzalez,Leo's Service Station,Fuel,,,Joey,7486
7487,2026-02-26 00:00:00.000000000,ADA 33,Martin Gonzalez,CMC,Smart Level,,,Joey,7487
7488,2026-02-27 00:00:00.000000000,ADA 33,Antonio Gutierrez,ACE Contractor Supply,"Empty orange poly bag, 34"" rebar bender, 1/2"" Drive impact set , 1/2"" Squarex 1/4"", M18 FUEL 1/4"" HEX Impact Driver",,,Joey,7488
7489,2026-02-27 00:00:00.000000000,ADA 33,Antonio Gutierrez,Txcon,Diesel,,,Joey,7489
7490,2026-02-27 00:00:00.000000000,ADA 32,Alejandro Esquivel ,Leo's Service Station,,,,Joey,7490
7491,,,,Home Depot,,,,Joey,7491
7492,2026-03-02 00:00:00.000000000,ADA 33,Alvaro Aguirre,Texcon,Fuel,,,Joey,7492
7493,2026-03-02 00:00:00.000000000,ADA 33,Ruben Cano,White Cap,Materials,,,Joey,7493
7494,2026-03-02 00:00:00.000000000,ADA 33,Jose De La Cerda,Texcon,  ,,,Joey,7494
7495,2026-03-02 00:00:00.000000000,ADA 33,Alejandro Esquivel,Texcon,Fuel,,,Joey,7495
7496,2026-03-02 00:00:00.000000000,ADA 33,Lupe Juarez,Leo's Service Station,Fuel,,,Joey,7496
7497,2026-03-02 00:00:00.000000000,ADA 32,Diego Vazquez,Texcon,Fuel,,,Joey,7497
7498,2026-03-02 00:00:00.000000000,ADA 33,Pedro Limon,Texcon,Fuel,,,Joey,7498
7499,2026-03-02 00:00:00.000000000,ADA 32,Avisai Jimenez,Texcon,Fuel,,,Joey,7499
7500,2026-03-02 00:00:00.000000000,ADA 32,Juan Daniel Ortega,Texcon,Fuel,,,Joey,7500
7501,2026-03-03 00:00:00.000000000,CLMC1107,Mario Munoz,ACE Contractor Supply,Materials,,,Joey,7501
7502,2026-03-03 00:00:00.000000000,ADA 32,Enrique Alvarado,Texcon,Fuel,,,Joey,7502
7503,2026-03-03 00:00:00.000000000,ADA 32,Enrique Alvarado,Leo's Service Station,  ,,,Joey,7503
7504,2026-03-03 00:00:00.000000000,ADA 32,Enrique Alvarado,ACE Contractor Supply,Materials,,,Joey,7504
7505,2026-03-03 00:00:00.000000000,ADA 33,Simon Martinez,ACT Pipe Supply,Materials,,,Joey,7505
7506,2026-03-03 00:00:00.000000000,Local Mobility Projects III,Abraham Gonzalez,CMC,Materials - Pallet,,,Joey,7506
7507,2026-03-03 00:00:00.000000000,CLMC1093,Alexander Rosales,Leo's Service Station,Fuel,,,Joey,7507
7508,2026-03-03 00:00:00.000000000,ADA 32,Simon Martinez,Leo's Service Station,Fuel,,,Joey,7508
7509,2026-03-04 00:00:00.000000000,ADA 33,Martin Gonzalez,Leo's Service Station,Fuel,,,Joey,7509
7510,2026-03-04 00:00:00.000000000,ADA 33,Hervey Quintero,ACE Contractor Supply,Materials,,,Joey,7510
7511,2026-03-04 00:00:00.000000000,ADA 33,Pedro Limon,Texcon,Fuel,,,Joey,7511
7512,2026-03-04 00:00:00.000000000,CLMC1093,Mario Munoz,Austin Masonry Products,Materials,,,Joey,7512
7513,2026-03-04 00:00:00.000000000,ADA 33,Omar Hernandez,Texcon,Fuel,,,Joey,7513
7514,2026-03-04 00:00:00.000000000,ADA 32,Jose Luis Zamarripa,Leo's Service Station,Fuel,,,Joey,7514
7515,2026-03-04 00:00:00.000000000,ADA 33,Gerardo Sanchez,Leo's Service Station,nbnt3741,,,Joey,7515
7516,2026-03-04 00:00:00.000000000,ADA 33,Alexander Rosales,ACE Contractor Supply,Materials,,,Joey,7516
7517,2026-03-04 00:00:00.000000000,ADA 33,Alexander Rosales,ACE Contractor Supply,Materials,,,Joey,7517
7518,2026-03-04 00:00:00.000000000,ADA 33,Lupe Juarez,,Materials,,,Joey,7518
7519,2026-03-04 00:00:00.000000000,ADA 32,Jesus G. Rodriguez,Texcon,Fuel,,,Joey,7519
7520,2026-03-04 00:00:00.000000000,ADA 33,Lupe Juarez,Austin Grass,Pallets,,,Joey,7520
7521,2026-03-04 00:00:00.000000000,ADA 32,Diego Vazquez,ACE Contractor Supply,Materials,,,Joey,7521
7522,2026-03-04 00:00:00.000000000,ADA 32,Diego Vazquez,Texcon,Fuel,,,Joey,7522
7523,2026-03-04 00:00:00.000000000,ADA 33,Alvaro Aguirre,Texcon,Fuel,,,Joey,7523
7524,2026-03-04 00:00:00.000000000,ADA 33,Abraham Gonzalez,Texcon,Fuel,,,Joey,7524
7525,2026-03-04 00:00:00.000000000,ADA 32,Uriel Soto,Texcon,Fuel,,,Joey,7525
7526,2026-03-05 00:00:00.000000000,ADA 33,Juan Perez,Texcon,Fuel,,,Joey,7526
7527,2026-03-05 00:00:00.000000000,ADA 33,Francis Echevestre,Texcon,Fuel,,,Joey,7527
7528,2026-03-05 00:00:00.000000000,ADA 33,Simon Martinez,Roadsafe,Materials,,,Joey,7528
7529,2026-03-05 00:00:00.000000000,CLMC1107,Ruben Cano,Texcon,Fuel,,,Joey,7529
7530,2026-03-05 00:00:00.000000000,CLMC1107,Ruben Cano,ACE Contractor Supply,Materials,,,Joey,7530
7531,2026-03-05 00:00:00.000000000,ADA 32,Jose A. Zamarripa,Texcon,Fuel,,,Joey,7531
7532,2026-03-05 00:00:00.000000000,ADA 32,David Molina,Texcon,Fuel,,,Joey,7532
7533,2026-03-05 00:00:00.000000000,ADA 32,Jose Luis Zamarripa,Centerline Supply,Materials - Flex Poles,,,Joey,7533
7534,2026-03-06 00:00:00.000000000,ADA 33,Jose Julian Gonzalez,Texcon,Fuel,,,Joey,7534
7535,2026-03-06 00:00:00.000000000,ADA 32,Jesus G. Rodriguez,Texcon,Fuel,,,Joey,7535
7536,2026-03-06 00:00:00.000000000,CMTA IDIQ,Abraham Gonzalez,Texcon,Fuel,,,Joey,7536
7537,2026-03-06 00:00:00.000000000,CMTA IDIQ,Abraham Gonzalez,CMC,Materials,,,Joey,7537
7538,2026-03-06 00:00:00.000000000,ADA 33,Alexander Rosales,Leos,Fuel,,,Joey,7538
7539,2026-03-06 00:00:00.000000000,CLMC1093,Martin Gonzalez,Texcon,Fuel,,,Joey,7539
7540,2026-03-06 00:00:00.000000000,CLMC1107,Ruben Cano,ACE Contractor Supply,Materials,,,Joey,7540
7541,2026-03-06 00:00:00.000000000,ADA 32,Juan Daniel Ortega,ACE Contractor Supply,Materials,,,Joey,7541
7542,2026-03-06 00:00:00.000000000,CLMC1093,Martin Gonzalez,ACE Contractor Supply,Materials,,,Joey,7542
7543,2026-03-06 00:00:00.000000000,ADA 33,Alejandro Esquivel,Leo's Service Station,Fuel,,,Joey,7543
7544,2026-03-06 00:00:00.000000000,ADA 33,Isidro Sanchez,O'Reilly,Materials,,,Joey,7544
7545,2026-03-09 00:00:00.000000000,ADA 33,David Molina,ACE Contractor Supply,Materials,,,Joey,7545
7546,2026-03-09 00:00:00.000000000,ADA 33,Jesus G. Rodriguez,ACE Contractor Supply,Materials,,,Joey,7546
7547,2026-03-09 00:00:00.000000000,ADA 33,Jesus G. Rodriguez,Texcon,Fuel,,,Joey,7547
7548,2026-03-09 00:00:00.000000000,ADA 33,Victor Sanchez,Texcon,Fuel,,,Joey,7548
7549,2026-03-09 00:00:00.000000000,ADA 33,Gerardo Sanchez,CMC,Materials,,,Joey,7549
7550,2026-03-09 00:00:00.000000000,ADA 33,Simon Martinez,ACE Contractor Supply,Materials,,,Joey,7550
7551,2026-03-09 00:00:00.000000000,CLMC1093,Jose De La Cerda,Texcon,Fuel,,,Joey,7551
7552,2026-03-09 00:00:00.000000000,ADA 33,Tito Cueto,Leo's Service Station,Fuel ,,,Joey,7552
7553,2026-03-10 00:00:00.000000000,ADA 32,Enrique Alvarado,Leo's Service Station,Fuel,,,Joey,7553
7554,2026-03-10 00:00:00.000000000,ADA 33,Carlos Diaz,Texcon,Fuel,,,Joey,7554
7555,2026-03-10 00:00:00.000000000,ADA 33,Isidro Garcia,Texcon,Fuel,,,Joey,7555
7556,2026-03-10 00:00:00.000000000,ADA 33,Jesus G. Rodriguez,ACE Contractor Supply ,Materials,,,Joey,7556
7557,2026-03-10 00:00:00.000000000,CLMC1093,Ulises Lara,Texcon,Fuel,,,Joey,7557
7558,2026-03-10 00:00:00.000000000,ADA 33,Omar Hernandez,Texcon,Fuel,,,Joey,7558
7559,2026-03-10 00:00:00.000000000,ADA 33,David Molina,ACE Contractor Supply ,Materials,,,Joey,7559
7560,2026-03-10 00:00:00.000000000,ADA 33,Avisai Jimenez,Leo's Service Station,Fuel,,,Joey,7560
7561,2026-03-10 00:00:00.000000000,ADA 33,Gerardo Sanchez,ACE Contractor Supply ,Materials,,,Joey,7561
7562,2026-03-10 00:00:00.000000000,CMTA IDIQ,Pedro Limon,ACE Contractor Supply,Materials ,,,Joey,7562
7563,2026-03-10 00:00:00.000000000,CMTA IDIQ,Pedro Limon,Texcon,Fuel,,,Joey,7563
7564,2026-03-10 00:00:00.000000000,ADA 33,Martin Gonzalez,Leo's Service Station,  ,,,Joey,7564
7565,2026-03-10 00:00:00.000000000,CLMC1107,Jose De La Cerda,Texcon,Fuel,,,Joey,7565
7566,2026-03-10 00:00:00.000000000,ADA 33,Simon Martinez,Techline,Materials,,,Joey,7566
7567,2026-03-10 00:00:00.000000000,ADA 33,Simon Martinez,Techline,Materials,,,Joey,7567
7568,2026-03-10 00:00:00.000000000,ADA 32,David Molina,Geo Solutions,Materials,,,Joey,7568
7569,2026-03-10 00:00:00.000000000,ADA 33,Jose Antonio Licea,Texcon,Fuel,,,Joey,7569
7570,2026-03-10 00:00:00.000000000,ADA 33,Juan Perez,Leo's Service Station,Fuel,,,Joey,7570
7571,2026-03-10 00:00:00.000000000,ADA 32,Francisco Aguirre,Texcon,Fuel,,,Joey,7571
7572,2026-03-10 00:00:00.000000000,ADA 33,Alvaro Aguirre,Texcon,Fuel,,,Joey,7572
7573,2026-03-10 00:00:00.000000000,ADA 33,Simon Martinez,RTC,Materials,,,Joey,7573
7574,2026-03-11 00:00:00.000000000,ADA 32,Enrique Alvarado,Texcon,Fuel,,,Joey,7574
7575,2026-03-11 00:00:00.000000000,ADA 33,Lupe Juarez,Leo's Service Station,Fuel,,,Joey,7575
7576,2026-03-11 00:00:00.000000000,ADA 32,Simon Martinez,Centerline,Materials,,,Joey,7576
7577,2026-03-11 00:00:00.000000000,ADA 32,Juan Daniel Ortega,Texcon,Fuel,,,Joey,7577
7578,2026-03-11 00:00:00.000000000,ADA 33,Alexander Rosales,RSS Steel,Materials,,,Joey,7578
7579,2026-03-11 00:00:00.000000000,ADA 33,Jose Luis Zamarripa,Pena's Traffic Services,Materials,,,Joey,7579
7580,2026-03-11 00:00:00.000000000,ADA 32,Isidro Sanchez,ACE Contractor Supply,Materials,,,Joey,7580
7581,2026-03-11 00:00:00.000000000,ADA 32,Isidro Sanchez,Texcon,Fuel,,,Joey,7581
7582,2026-03-11 00:00:00.000000000,ADA 33,Uriel Soto ,Texcon,Fuel,,,Joey,7582
7583,2026-03-11 00:00:00.000000000,ADA 33,Alejandro Esquivel ,Leo's Service Station,Fuel ,,,Joey,7583
7584,2026-03-11 00:00:00.000000000,CLMC1093,Uriel Lara,Texcon,Fuel,,,Joey,7584
7585,2026-03-12 00:00:00.000000000,ADA 33,Jesus G. Rodriguez,Texcon,Fuel,,,Joey,7585
7586,2026-03-12 00:00:00.000000000,ADA 32,Juan Daniel Ortega,ACE Contractor Supply,Materials,,,Joey,7586
7587,2026-03-12 00:00:00.000000000,CLMC1107,Ruben Cano,ACE Contractor Supply,Materials,,,Joey,7587
7588,2026-03-12 00:00:00.000000000,ADA 32,Abraham Gonzalez,Texcon,Fuel,,,Joey,7588
7589,2026-03-12 00:00:00.000000000,ADA 33,Gerardo Sanchez,Texcon,Fuel,,,Joey,7589
7590,2026-03-12 00:00:00.000000000,ADA 33,Francis Echevestre,Texcon,Fuel,,,Joey,7590
7591,2026-03-12 00:00:00.000000000,ADA 32,Enrique Alvarado,Leo's Service Station,Fuel,,,Joey,7591
7592,2026-03-12 00:00:00.000000000,ADA 33,Alvaro Aguirre,Texcon,Fuel,,,Joey,7592
7592,2026-03-12 00:00:00.000000000,ADA 33,Jose A. Zamarripa,Leo's Service Station,   ,,,Joey,7592
7593,2026-03-13 00:00:00.000000000,ADA 32,David Molina,Texcon,Fuel,,,Joey,7593
7594,2026-03-13 00:00:00.000000000,ADA 32,David Molina,ACE Contractor Supply,Materials,,,Joey,7594
7595,2026-03-13 00:00:00.000000000,ADA 32,Juan Daniel Ortega,ACE Contractor Supply,Materials,,,Joey,7595
7596,2026-03-13 00:00:00.000000000,ADA 33,Hervey Quintero,CMC,Materials,,,Joey,7596
7597,2026-03-13 00:00:00.000000000,ADA 33,Juan Daniel Ortega,Leo's Service Station,Fuel,,,Joey,7597
7598,2026-03-13 00:00:00.000000000,ADA 33,Isidro Garcia,Leo's Service Station,Fuel,,,Joey,7598
7599,2026-03-13 00:00:00.000000000,ADA 33,Simon Martinez,Leo's Service Station,Fuel,,,Joey,7599
7600,2026-03-13 00:00:00.000000000,ADA 32,Francisco Aguirre,Texcon,Fuel,,,Joey,7600
7601,2026-03-13 00:00:00.000000000,ADA 32,Jose Antonio Licea,Texcon,Fuel,,,Joey,7601
7602,2026-03-16 00:00:00.000000000,,,,,,,Joey,7602
7603,2026-03-16 00:00:00.000000000,CMTA IDIQ,Martin Gonzalez,Leo's Service Station,Fuel,,,Joey,7603
7604,2026-03-16 00:00:00.000000000,ADA 33,Isidro Garcia,ACE Contractor Supply,Materials,,,Joey,7604
7605,2026-03-16 00:00:00.000000000,ADA 33,Martin Gonzalez,Elliott Electric,Materials,,,Joey,7605
7606,2026-03-16 00:00:00.000000000,ADA 32,Diego Vazquez,Texcon,Fuel,,,Joey,7606
7607,2026-03-16 00:00:00.000000000,CLMC 1107,Ruben Cano,ACE Contractor Supply,Materials,,,Joey,7607
7608,2026-03-16 00:00:00.000000000,CMTA IDIQ,Pedro Limon,ACE Contractor Supply,Materials,,,Joey,7608
7608,2026-03-16 00:00:00.000000000,ADA 33,Ulises Lara,Texcon,Fuel,,,Joey,7608
7609,2026-03-16 00:00:00.000000000,ADA 33,Lupe Juarez,Austin Grass,3 Pallets - Grass,,,Joey,7609
7610,2026-03-16 00:00:00.000000000,ADA 32,Enrique Chapa,Leo's Service Station,Fuel,,,Joey,7610
7611,2026-03-16 00:00:00.000000000,ADA 32,Simon Martinez,Roadsafe,Traffic Control,,,Joey,7611
7612,2026-03-16 00:00:00.000000000,ADA 33,Alexander Rosales,RSS,Materials,,,Joey,7612
7613,2026-03-16 00:00:00.000000000,CPO Burnet Corridor,Isidro Garcia,Leo's Service Station,Fuel,,,Joey,7613
7614,2026-03-16 00:00:00.000000000,ADA 33,Jose Julian Gonzalez,Texcon,Fuel,,,Joey,7614
7615,2026-03-16 00:00:00.000000000,ADA 33,Juan Perez,ACE Contractor Supply,Materials,,,Joey,7615
7616,2026-03-16 00:00:00.000000000,ADA 33,Simon Martinez,CMC,Materials,,,Joey,7616
7617,2026-03-16 00:00:00.000000000,CMTA IDIQ,Pedro Limon,Elliott Electric,Materials,,,Joey,7617
7618,2026-03-16 00:00:00.000000000,ADA 32,Ulises Lara,ACE Contractor Supply,Materials,,,Joey,7618
7619,2026-03-17 00:00:00.000000000,ADA 33,Abraham Gonzalez,Texcon,Fuel,,,Joey,7619
7620,2026-03-17 00:00:00.000000000,ADA 32,Alejandro Esquivel,Leo's Service Station,Fuel,,,Joey,7620
7621,2026-03-17 00:00:00.000000000,ADA 32,Ulises Lara,Texcon,Fuel,,,Joey,7621
7622,2026-03-17 00:00:00.000000000,ADA 33,Lupe Juarez,Austin Grass,3 Pallets - Grass,,,Joey,7622
7623,2026-03-17 00:00:00.000000000,ADA 33,Lupe Juarez,Texas Crushed Stone Company,1 load of gravel,,,Joey,7623
7624,2026-03-17 00:00:00.000000000,ADA 33,Abraham Gonzalez,Texcon,Diesel - Red,,,Joey,7624
7625,2026-03-17 00:00:00.000000000,CPO Burnet Corridor,Jose Julian Gonzalez,ACE Contractor Supply,Materials,,,Joey,7625
7626,2026-03-17 00:00:00.000000000,ADA 33,Jose De La Cerda,Texcon,Fuel,,,Joey,7626
7627,2026-03-17 00:00:00.000000000,ADA 33,Victor Sanchez,Texcon,Fuel,,,Joey,7627
7628,2026-03-17 00:00:00.000000000,ADA 33,Omar Hernandez,Texcon,Fuel,,,Joey,7628
7629,2026-03-17 00:00:00.000000000,ADA 32,Avisai Jimenez,Texcon,Fuel,,,Joey,7629
7630,2026-03-17 00:00:00.000000000,ADA 32,Avisai Jimenez,ACE Contractor Supply,Materials,,,Joey,7630
7631,2026-03-18 00:00:00.000000000,ADA 33,Jesus G. Rodriguez,Texcon,Fuel,,,Joey,7631
7632,2026-03-18 00:00:00.000000000,ADA 33,Alvaro Aguirre,Texcon,Fuel,,,Joey,7632
7633,2026-03-18 00:00:00.000000000,ADA 32,Jose Antonio Licea,Texcon,Fuel,,,Joey,7633
7634,2026-03-18 00:00:00.000000000,CMTA IDIQ,Pedro Limon,Texcon,Fuel,,,Joey,7634
7635,2026-03-18 00:00:00.000000000,ADA 33,Alexander Rosales,ACE Contractor Supply,Materials,,,Joey,7635
7636,2026-03-18 00:00:00.000000000,ADA 33,Lupe Juarez,Texcon,Diesel,,,Joey,7636
7637,2026-03-18 00:00:00.000000000,Mokan Trail,Ruben Cano,Leo's Service Station,Fuel,,,Joey,7637
7638,2026-03-18 00:00:00.000000000,Mokan Trail,Ruben Cano,Leo's Service Station,Diesel,,,Joey,7638
7639,2026-03-18 00:00:00.000000000,ADA 32,Jose A. Zamarripa,Texcon,Fuel,,,Joey,7639
7640,2026-03-18 00:00:00.000000000,ADA 33,Lupe Juarez,Austin Grass,2.5 Pallets of Sod,,,Joey,7640
7641,2026-03-18 00:00:00.000000000,ADA 33,Alexander Rosales,RSS Steel,Materials,,,Joey,7641
7642,2026-03-18 00:00:00.000000000,ADA 32,Francisco Aguirre,Texcon,Fuel,,,Joey,7642
7643,2026-03-18 00:00:00.000000000,CPO Burnet Corridor,Isidro Garcia,ACE Contractor Supply,Materials - Wood,,,Joey,7643
7644,2026-03-19 00:00:00.000000000,CPO Burnet Corridor,isidro Garcia,Texcon,Fuel,,,Joey,7644
7645,2026-03-19 00:00:00.000000000,ADA 32,David Molina,ACE Contractor Supply,Materials,,,Joey,7645
7646,2026-03-19 00:00:00.000000000,Mokan Trail,Ruben Cano,ACE Contractor Supply,Materials,,,Joey,7646
7647,2026-03-19 00:00:00.000000000,ADA 33,Martin Gonzalez,Leo's Service Station,Fuel,,,Joey,7647
7648,2026-03-19 00:00:00.000000000,ADA 32,Simon Martinez,Centerline,Materials - Signs,,,Joey,7648
7649,2026-03-19 00:00:00.000000000,ADA 32,David Molina,ACE Contractor Supply,Materials,,,Joey,7649
7650,2026-03-19 00:00:00.000000000,ADA 33,Lupe Juarez,Elliott Electric,Materials - PHB,,,Joey,7650
7651,2026-03-19 00:00:00.000000000,ADA 32,Juan Daniel Ortega,Texcon,Fuel ,,,Joey,7651
7652,2026-03-19 00:00:00.000000000,ADA 33,Martin Gonzalez,ACE Contractor Supply,Materials,,,Joey,7652
7653,2026-03-19 00:00:00.000000000,ADA 32,Luis Perez,Centerline,Materials- 7 signs,,,Joey,7653
7654,2026-03-19 00:00:00.000000000,Office,Rudy Muniz,Austin Masonry Products ,NP1 Sealer,,,Joey,7654
7655,2026-03-19 00:00:00.000000000,ADA 32,Jose A. Zamarripa,ACE Contractor Supply,Fuel ,,,Joey,7655
7656,2026-03-19 00:00:00.000000000,ADA 32,Enrique Alvarado,Texcon,Fuel ,,,Joey,7656
7657,2026-03-19 00:00:00.000000000,ADA 32,Enrique Alvarado,Leo's Service Station,Fuel ,,,Joey,7657
7658,2026-03-20 00:00:00.000000000,ADA 32,Ulises Lara,Texcon,Fuel,,,Joey,7658
7659,2026-03-20 00:00:00.000000000,CMTA IDIQ,Pedro Limon,Texcon,Fuel,,,Joey,7659
7660,2026-03-20 00:00:00.000000000,CLMC1093,Hervey Quintero,ACE Contractor Supply,Materials,,,Joey,7660
7661,2026-03-20 00:00:00.000000000,ADA 33,Omar Hernandez,RTC,Signs ,,,Joey,7661
7662,2026-03-20 00:00:00.000000000,ADA 32,Jose Antonio Licea,Texcon,Fuel,,,Joey,7662
7663,2026-03-20 00:00:00.000000000,ADA 32,David Molina,Texcon,Fuel,,,Joey,7663
7664,2026-03-20 00:00:00.000000000,ADA 33,Carlos Diaz,Texcon,Fuel,,,Joey,7664
7665,2026-03-23 00:00:00.000000000,ADA 32,David Molina,ACE Contractor Supply,Materials,,,Joey,7665
7666,2026-03-23 00:00:00.000000000,ADA 33,Alvaro Aguirre,Texcon,Fuel,,,Joey,7666
7667,2026-03-23 00:00:00.000000000,ADA 33,Alvaro Aguirre,White Cap,Materials - Nails,,,Joey,7667
7668,2026-03-23 00:00:00.000000000,ADA 33,Alejandro Esquivel,Leo's Service Station,Fuel,,,Joey,7668
7669,2026-03-23 00:00:00.000000000,ADA 32,Francisco Aguirre,Texcon,Fuel,,,Joey,7669
7670,2026-03-23 00:00:00.000000000,Mokan Trail,Ruben Cano,ACE Contractor Supply,Materials,,,Joey,7670
7671,2026-03-23 00:00:00.000000000,ADA 33,Gerardo Sanchez,Texcon,Fuel,,,Joey,7671
7672,2026-03-23 00:00:00.000000000,ADA 32,Alexander Rosales,ACE Contractor Supply,Materials,,,Joey,7672
7673,2026-03-23 00:00:00.000000000,ADA 32,Jose Luis Zamarripa,Leo's Service Station,Fuel,,,Joey,7673
7674,2026-03-23 00:00:00.000000000,CMTA IDIQ,Ulises Lara,Texcon,Fuel,,,Joey,7674
7675,2026-03-23 00:00:00.000000000,ADA 33,Isidro Sanchez,Leo's Service Station,Fuel,,,Joey,7675
7676,2026-03-23 00:00:00.000000000,ADA 32,Simon Martinez,Centerline,Materials - Signs,,,Joey,7676
7677,2026-03-23 00:00:00.000000000,ADA 33,Jose Julian Gonzalez,Texcon,Diesel,,,Joey,7677
7678,2026-03-23 00:00:00.000000000,CLMC1093,Jose A. Zamarripa,ACE Contractor Supply,Materials,,,Joey,7678
7679,2026-03-24 00:00:00.000000000,ADA 32,Diego Vazquez,Texcon,Fuel,,,Joey,7679
7680,2026-03-24 00:00:00.000000000,ADA 33,Andy Hernandez,Texcon,Diesel,,,Joey,7680
7681,2026-03-24 00:00:00.000000000,CPO Burnet Corridor,Isidro Garcia,White Cap,Materials,,,Joey,7681
7682,2026-03-24 00:00:00.000000000,ADA 33,Juan Perez,Texcon,Fuel,,,Joey,7682
7683,2026-03-24 00:00:00.000000000,CLMC1093,David Molina,ACE Contractor Supply,Materials,,,Joey,7683
7684,2026-03-24 00:00:00.000000000,CPO Burnet Corridor,Jose Antonio Licea,Texcon,Diesel,,,Joey,7684
7685,2026-03-24 00:00:00.000000000,CLMC1093,Martin Gonzalez,Leo's Service Station,Fuel,,,Joey,7685
7686,2026-03-24 00:00:00.000000000,CLMC1093,Ivan Muniz,ACE Contractor Supply,Materials,,,Joey,7686
7687,2026-03-25 00:00:00.000000000,CMTA IDIQ,Ulises Lara,Texcon,Fuel,,,Joey,7687
7688,2026-03-25 00:00:00.000000000,CPO Burnet Corridor,Isidro Garcia,ACE Contractor Supply,Materials,,,Joey,7688
7689,2026-03-25 00:00:00.000000000,ADA 33,Rogelio Lopez,Texcon,Fuel,,,Joey,7689
7690,2026-03-25 00:00:00.000000000,ADA 33,Lupe Juarez,Texcon,Fuel,,,Joey,7690
7691,2026-03-25 00:00:00.000000000,ADA 33,Lupe Juarez,CMC,Materials,,,Joey,7691
7692,2026-03-25 00:00:00.000000000,CLMC1107,Ruben Cano,Leo's Service Station,Fuel,,,Joey,7692
7693,2026-03-25 00:00:00.000000000,CLMC1093,David Molina,Leo's Service Station,Fuel,,,Joey,7693
7694,2026-03-25 00:00:00.000000000,,Andy Hernandez,Texcon,Fuel,,,Joey,7694
7695,2026-03-25 00:00:00.000000000,ADA 33,Isidro Sanchez,Leo's Service Station,Materials,,,Joey,7695
7696,2026-03-25 00:00:00.000000000,ADA 33,Simon Martinez,Leo's Service Station,Fuel,,,Joey,7696
7697,2026-03-25 00:00:00.000000000,ADA 33,Jose De La Cerda,Texcon,Fuel,,,Joey,7697
7698,2026-03-25 00:00:00.000000000,CLMC1093,Jose Luis Zamarripa,Centerline,Materials,,,Joey,7698
7699,2026-03-26 00:00:00.000000000,ADA 32,Pedro Limon,Texcon,Fuel,,,Joey,7699
7700,2026-03-26 00:00:00.000000000,ADA 32,Pedro Limon,ACE Contractor Supply,Materials,,,Joey,7700
7701,2026-03-26 00:00:00.000000000,ADA 32,Enrique Alvarado,Leo's Service Station,Fuel,,,Joey,7701
7702,2026-03-26 00:00:00.000000000,ADA 33,Juan Perez,ACE Contractor Supply,Materials,,,Joey,7702
7703,2026-03-26 00:00:00.000000000,ADA 33,Victor Sanchez,Texcon,Fuel,,,Joey,7703
7704,2026-03-26 00:00:00.000000000,ADA 33,Omar Hernandez,Texcon,Fuel,,,Joey,7704
7705,2026-03-26 00:00:00.000000000,ADA 33,Gerardo Sanchez,ACE Contractor Supply,Materials,,,Joey,7705
7706,2026-03-26 00:00:00.000000000,ADA 33,Carlos Diaz,Texcon,Fuel,,,Joey,7706
7707,2026-03-26 00:00:00.000000000,ADA 32,Juan Daniel Ortega,Texcon,Fuel,,,Joey,7707
7708,2026-03-27 00:00:00.000000000,CLMC1093,Ulises Lara,Texcon,Fuel,,,Joey,7708
7709,2026-03-27 00:00:00.000000000,ADA 33,Alvaro Aguirre,Texcon,Fuel,,,Joey,7709
7710,2026-03-27 00:00:00.000000000,CLMC1093,Jose A. Zamarripa,Texcon,Fuel,,,Joey,7710
7711,2026-03-27 00:00:00.000000000,ADA 33,Jose Antonio Licea,Texcon,Fuel,,,Joey,7711
7712,2026-03-27 00:00:00.000000000,ADA 33,Andy Hernandez,Texcon,Fuel,,,Joey,7712
7713,2026-03-27 00:00:00.000000000,ADA 33,Sergio Nino,RSS,Materials,,,Joey,7713
7714,2026-03-27 00:00:00.000000000,ADA 33,Lupe Juarez,Texas Crushed Stone Company,Materials,,,Joey,7714
7715,2026-03-27 00:00:00.000000000,ADA 32,Alexander Rosales,RSS Steel Supply,Materials,,,Joey,7715
7716,2026-03-27 00:00:00.000000000,ADA 33,Jose Luis Zamarripa,ACT Pipe Supply,Materials,,,Joey,7716
7717,2026-03-27 00:00:00.000000000,ADA 32,Diego Vazquez,RSS Steel Supply,Materials,,,Joey,7717
7718,2026-03-27 00:00:00.000000000,ADA 32,Pedro Limon,Elliott Electric,Materials,,,Joey,7718
7719,2026-03-27 00:00:00.000000000,ADA 33,Alejandro Esquivel,Leo's Service Station,Fuel,,,Joey,7719
7720,2026-03-27 00:00:00.000000000,ADA 32,Juan Daniel Ortega,ACE Contractor Supply,Materials,,,Joey,7720
7721,2026-03-30 00:00:00.000000000,CLMC1093,Martin Gonzalez,Leo's Service Station,Fuel,,,Joey,7721
7722,2026-03-30 00:00:00.000000000,ADA 33,Abraham Gonzalez,Texcon,Fuel,,,Joey,7722
7723,2026-03-30 00:00:00.000000000,CLMC1093,David Molina,Texcon,Fuel,,,Joey,7723
7724,2026-03-30 00:00:00.000000000,CLMC1093,David Molina,ACE Contractor Supply,Materials,,,Joey,7724
7725,2026-03-30 00:00:00.000000000,ADA 32,Simon Martinez,Roadsafe,Signs,,,Joey,7725
7726,2026-03-30 00:00:00.000000000,CLMC1093,David Molina,White Cap,Materials,,,Joey,7726
7727,2026-03-30 00:00:00.000000000,ADA 32,Hervey Quintero,ACE Contractor Supply,Materials,,,Joey,7727
7728,2026-03-30 00:00:00.000000000,ADA 32,Avisai Jimenez,Texcon,Fuel,,,Joey,7728
7729,2026-03-30 00:00:00.000000000,ADA 32,Andy Hernandez,Texcon,Fuel,,,Joey,7729
7730,2026-03-30 00:00:00.000000000,ADA 33,Omar Hernandez,ACE Contractor Supply,Materials,,,Joey,7730
7731,2026-03-30 00:00:00.000000000,ADA 33,Ulises Lara,Texcon,Fuel,,,Joey,7731
7732,2026-03-30 00:00:00.000000000,ADA 32,Enrique Alvarado,Texcon,Fuel,,,Joey,7732
7733,2026-03-30 00:00:00.000000000,ADA 32,Diego Vazquez,Texcon,Fuel,,,Joey,7733
7734,2026-03-30 00:00:00.000000000,ADA 32,Isidro Sanchez,Texcon,Fuel,,,Joey,7734
7735,2026-03-30 00:00:00.000000000,ADA 32,Isidro Sanchez,ACE Contractor Supply,Materials,,,Joey,7735
7736,2026-03-31 00:00:00.000000000,ADA 33,Jesus G. Rodriguez,Texcon,Fuel,,,Joey,7736
7737,2026-03-31 00:00:00.000000000,CPO Burnet Corridor,Isidro Garcia,Texcon,Fuel,,,Joey,7737
7738,2026-03-31 00:00:00.000000000,CMTA IDIQ,Pedro Limon,ACE Contractor Supply,Materials,,,Joey,7738
7739,2026-03-31 00:00:00.000000000,CMTA IDIQ,Pedro Limon,Texcon,Fuel,,,Joey,7739
7740,2026-03-31 00:00:00.000000000,ADA 33,Carlos Diaz,White Cap,Materials,,,Joey,7740
7741,2026-03-31 00:00:00.000000000,ADA 33,Martin Gonzalez,Leo's Service Station,Fuel,,,Joey,7741
7742,2026-03-31 00:00:00.000000000,ADA 33,Simon Martinez,Canterline,Yellow Stripe,,,Joey,7742
7743,2026-03-31 00:00:00.000000000,ADA 32,Enrique Alvarado,Leo's Service Station,Fuel,,,Joey,7743
7744,2026-03-31 00:00:00.000000000,ADA 32,Jose Antonio Licea,Texcon,Fuel,,,Joey,7744
7745,2026-03-31 00:00:00.000000000,ADA 33,Isidro Sanchez,RSS Steel Supply,Materials,,,Joey,7745
7746,2026-03-31 00:00:00.000000000,ADA 33,Enrique Chapa,ACE Contractor Supply,Materials,,,Joey,7746
7747,2026-03-31 00:00:00.000000000,ADA 33,Enrique Chapa,White Cap,Materials - tripod,,,Joey,7747
7748,2026-03-31 00:00:00.000000000,ADA 32,Diego Vazquez,ACE Contractor Supply,Materials,,,Joey,7748
7749,2026-03-31 00:00:00.000000000,ADA 32,Francisco Aguirre,Elliott Electric,Materials,,,Joey,7749
7750,2026-03-31 00:00:00.000000000,ADA 32,Avisai Jimenez,ACE Contractor Supply,Materials,,,Joey,7750
7751,2026-03-31 00:00:00.000000000,ADA 33,Jose De La Cerda,Texcon,Fuel,,,Joey,7751
7752,2026-04-01 00:00:00.000000000,CLMC1093,Jose A. Zamarripa,ACE Contractor Supply,Materials,,,Joey,7752
7753,2026-04-01 00:00:00.000000000,ADA 33,Jose Julian Gonzalez,Texcon,Fuel,,,Joey,7753
7754,2026-04-01 00:00:00.000000000,ADA 32,Francisco Aguirre,Elliott Electric,Materials,,,Joey,7754
7755,2026-04-01 00:00:00.000000000,ADA 32,Ignacio Fuentes,ACT Pipe Supply,Materials,,,Joey,7755
7756,2026-04-01 00:00:00.000000000,ADA 32,Lupe Juarez,Elliott Electric,Materials,,,Joey,7756
7757,2026-04-01 00:00:00.000000000,ADA 33,Simon Martinez,Leo's Service Station,Fuel,,,Joey,7757
7758,2026-04-01 00:00:00.000000000,ADA 33,Alvaro Aguirre,Texcon,Fuel,,,Joey,7758
7759,2026-04-01 00:00:00.000000000,ADA 33,Abraham Gonzalez,Texcon,Fuel,,,Joey,7759
7760,2026-04-01 00:00:00.000000000,ADA 33,Enrique Chapa,Leo's Service Station,Fuel,,,Joey,7760
7761,2026-04-02 00:00:00.000000000,CPO Burnet Corridor,Isidro Garcia,Ferguson Waterworks,Materials,,,Joey,7761
7762,2026-04-02 00:00:00.000000000,ADA 32,Francisco Aguirre,Texcon,Fuel,,,Joey,7762
7763,2026-04-02 00:00:00.000000000,ADA 33,Francis Echevestre,Texcon,Fuel,,,Joey,7763
7764,2026-04-02 00:00:00.000000000,ADA 33,Gerardo Sanchez,Texcon,Fuel,,,Joey,7764
7765,2026-04-02 00:00:00.000000000,ADA 33,Lupe Juarez,ACE Contractor Supply,Materials,,,Joey,7765
7766,2026-04-02 00:00:00.000000000,ADA 33,Lupe Juarez,Texcon,Fuel,,,Joey,7766
7767,2026-04-02 00:00:00.000000000,ADA 32,Diego Vazquez,Texcon,Fuel,,,Joey,7767
7768,2026-04-02 00:00:00.000000000,CLMC1093,Martin Gonzalez,Leo's Service Station,Fuel,,,Joey,7768
7769,2026-04-03 00:00:00.000000000,Mokan Trail,Ruben Cano,ACE Contractor Supply,Materials,,,Joey,7769
7770,2026-04-03 00:00:00.000000000,CLMC1093,Martin Gonzalez,CMC,Materials,,,Joey,7770
7771,2026-04-03 00:00:00.000000000,ADA 32,Simon Martinez,Roadsafe,Signs,,,Joey,7771
7772,,,,,,,,Joey,7772
7773,2026-04-03 00:00:00.000000000,ADA 33,Ignacio Fuentes,ACT Pipe Supply,Materials,,,Joey,7773
7774,2026-04-06 00:00:00.000000000,ADA 32,Francisco Aguirre,ACE Contractor Supply,Materials,,,Joey,7774
7775,2026-04-06 00:00:00.000000000,ADA 32,Enrique Chapa,Leo's Service Station,Fuel,,,Joey,7775
7776,2026-04-06 00:00:00.000000000,ADA 33,Hervey Quintero,ACE Contractor Supply,Materials,,,Joey,7776
7777,2026-04-06 00:00:00.000000000,ADA 33,Omar Hernandez,Texcon,Fuel,,,Joey,7777
7778,2026-04-06 00:00:00.000000000,ADA 33,Abraham Gonzalez,Texcon,Fuel,,,Joey,7778
7779,2026-04-06 00:00:00.000000000,CLMC1093,Martin Gonzalez,Elliott,Materials,,,Joey,7779
7780,2026-04-06 00:00:00.000000000,CLMC1093,Martin Gonzalez,ACT,Materials,,,Joey,7780
7781,2026-04-06 00:00:00.000000000,ADA 32,Ignacio Fuentes,ACT Pipe Supply,Materials,,,Joey,7781
7782,2026-04-06 00:00:00.000000000,ADA 32,Bryan Lopez,White Cap,Materials,,,Joey,7782
7783,2026-04-06 00:00:00.000000000,,,,,,,Joey,7783
7784,2026-04-06 00:00:00.000000000,CLMC1093,Jose Luis Zamarripa,Chevron,Fuel,,,Joey,7784
7785,2026-04-06 00:00:00.000000000,ADA 32,Jose Antonio Licea,Texcon,Fuel,,,Joey,7785
7786,2026-04-06 00:00:00.000000000,ADA 33,Jesus G. Rodriguez,ACE Contractor Supply,Maerials,,,Joey,7786
7787,2026-04-06 00:00:00.000000000,ADA 32,Pedro Limon,White Cap,Materials,,,Joey,7787
7788,2026-04-06 00:00:00.000000000,ADA 32,Juan Daniel Ortega,ACE Contractor Supply,Materials,,,Joey,7788
7789,2026-04-06 00:00:00.000000000,ADA 32,Sergio Nino,ACE Contractor Supply,Materials,,,Joey,7789
7790,2026-04-07 00:00:00.000000000,ADA 32,Pedro Limon,Texcon,Fuel,,,Joey,7790
7791,2026-04-07 00:00:00.000000000,ADA 32,Francisco Aguirre,Texcon,Fuel,,,Joey,7791
7792,2026-04-07 00:00:00.000000000,ADA 32,Abraham Gonzalez,Texcon,Fuel,,,Joey,7792
7793,2026-04-07 00:00:00.000000000,ADA 33,Gerardo Sanchez,CMC,Materials,,,Joey,7793
7794,2026-04-07 00:00:00.000000000,ADA 33,Victor Sanchez,ACE Contractor Supply,Materials,,,Joey,7794
7795,2026-04-07 00:00:00.000000000,ADA 33,Victor Sanchez,Texcon,Fuel,,,Joey,7795
7796,2026-04-07 00:00:00.000000000,ADA 33,Ulises Lara,Texcon,Fuel,,,Joey,7796
7797,2026-04-07 00:00:00.000000000,CLMC1093,David Molina,Texcon,Fuel,,,Joey,7797
7798,2026-04-07 00:00:00.000000000,CLMC1093,David Molina,ACE Contractor Supply,Materials,,,Joey,7798
7799,2026-04-07 00:00:00.000000000,ADA 32,Simon Martinez,Centerline,Signs,,,Joey,7799
7800,2026-04-07 00:00:00.000000000,CPO Burnet Corridor,Isidro Garcia,Texcon,Fuel,,,Joey,7800
7801,2026-04-07 00:00:00.000000000,ADA 33,Juan Perez,Leo's Service Station,Fuel,,,Joey,7801
7802,2026-04-07 00:00:00.000000000,ADA 33,Juan Perez,Texcon,Fuel,,,Joey,7802
7803,2026-04-07 00:00:00.000000000,ADA 32,Eduardo Valenzuela,Leo's Service Station,Fuel,,,Joey,7803
7804,2026-04-07 00:00:00.000000000,ADA 33,Martin Gonzalez,Leo's Service Station,Fuel,,,Joey,7804
7805,2026-04-07 00:00:00.000000000,CLMC1093,Martin Gonzalez,Leo's Service Station,Fuel,,,Joey,7805
7806,2026-04-07 00:00:00.000000000,ADA 32,Pedro Limon,ACE Contractor Supply,Materials,,,Joey,7806
7807,2026-04-07 00:00:00.000000000,ADA 33,Isidro Sanchez,Leo's Service Station,Fuel,,,Joey,7807
7808,2026-04-07 00:00:00.000000000,ADA 33,Ulises Lara,ACE Contractor Supply,Materials,,,Joey,7808
7809,2026-04-07 00:00:00.000000000,ADA 33,Carlos Diaz,Texcon,Fuel,,,Joey,7809
7810,2026-04-07 00:00:00.000000000,ADA 33,Alvaro Aguirre,Texcon,Fuel,,,Joey,7810
7811,2026-04-07 00:00:00.000000000,ADA 33,Abraham Gonzalez,White Cap,Materials,,,Joey,7811
7812,2026-04-08 00:00:00.000000000,ADA 33,Jesus G. Rodriguez,Texcon,Fuel,,,Joey,7812
7813,2026-04-08 00:00:00.000000000,ADA 32,Simon Martinez,Centerline,Signs,,,Joey,7813
7814,2026-04-08 00:00:00.000000000,ADA 32,Francisco Aguirre,White cap,Materials,,,Joey,7814
7815,2026-04-08 00:00:00.000000000,ADA 32,Abraham Gonzalez,Texcon,Fuel,,,Joey,7815
7816,2026-04-08 00:00:00.000000000,ADA 32,Juan Daniel Ortega,Texcon,Fuel,,,Joey,7816
7817,2026-04-08 00:00:00.000000000,ADA 32,Diego Vazquez,Texcon,Fuel,,,Joey,7817
7818,2026-04-08 00:00:00.000000000,ADA 32,Rogelio Lopez,Texcon,Fuel,,,Joey,7818
7819,2026-04-08 00:00:00.000000000,ADA 32,Alejandro Esquivel,Leo's Service Station,Fuel,,,Joey,7819
7820,2026-04-08 00:00:00.000000000,ADA 33,Martin Gonzalez,ACE Contractor Supply,Materials,,,Joey,7820
7821,2026-04-08 00:00:00.000000000,CLMC1093,Martin Gonzalez,ACE Contractor Supply,Materials,,,Joey,7821
7822,2026-04-09 00:00:00.000000000,ADA 32,Enrique Chapa,Leo's Service Station,Fuel,,,Joey,7822
7823,2026-04-09 00:00:00.000000000,CPO Burnet Corridor,Isidro Garcia,Leo's Service Station,Fuel,,,Joey,7823
7824,2026-04-09 00:00:00.000000000,CLMC1107,Ruben Cano,Texcon,Fuel,,,Joey,7824
7825,2026-04-09 00:00:00.000000000,ADA 32,Juan Daniel Ortega,ACE Contractor Supply,Materials,,,Joey,7825
7826,2026-04-09 00:00:00.000000000,ADA 33,Lupe Juarez,Texcon,Fuel,,,Joey,7826
7827,2026-04-09 00:00:00.000000000,ADA 33,Enrique Chapa,White Cap,Materials,,,Joey,7827
7828,2026-04-09 00:00:00.000000000,CMTA IDIQ,Pedro Limon,Ferguson Waterworks,Materials,,,Joey,7828
7829,2026-04-09 00:00:00.000000000,ADA 32,Francisco Aguirre,Texcon,Fuel,,,Joey,7829
7830,2026-04-09 00:00:00.000000000,,,,,,,Joey,7830
7831,2026-04-09 00:00:00.000000000,ADA 33,Juan Perez,ACE Contractor Supply,Materials,,,Joey,7831
7832,2026-04-10 00:00:00.000000000,CLMC1093,Jose A. Zamarripa,Texcon,Fuel,,,Joey,7832
7833,2026-04-10 00:00:00.000000000,ADA 33,Ulises Lara,CMC,Materials,,,Joey,7833
7834,2026-04-10 00:00:00.000000000,ADA 33,Ulises Lara,CMC,Materials,,,Joey,7834
7835,2026-04-10 00:00:00.000000000,ADA 32,Jose Julian Gonzalez,Texcon,Fuel,,,Joey,7835
7836,2026-04-10 00:00:00.000000000,CLMC1093,Martin Gonzalez,Texcon,Fuel,,,Joey,7836
7837,2026-04-10 00:00:00.000000000,CMTA IDIQ,Pedro Limon,Texcon,Fuel,,,Joey,7837
7838,2026-04-10 00:00:00.000000000,ADA 32,Diego Vazquez,Texcon,Fuel,,,Joey,7838
7839,2026-04-10 00:00:00.000000000,CPO Burnet Corridor,Isidro Garcia,Leo's Service Station,Fuel,,,Joey,7839
7840,2026-04-10 00:00:00.000000000,ADA 32,Abraham Gonzalez,Texcon,Fuel,,,Joey,7840
7841,2026-04-10 00:00:00.000000000,ADA 33,Alvaro Aguirre,Texcon,Fuel,,,Joey,7841
7842,2026-04-10 00:00:00.000000000,CLMC1093,Martin Gonzalez,CMC,Materials,,,Joey,7842
7843,2026-04-10 00:00:00.000000000,ADA 32,Avisai Jimenez,Texcon,Fuel,,,Joey,7843
7844,2026-04-10 00:00:00.000000000,ADA 32,Avisai Jimenez,ACE Contractor Supply,Materials,,,Joey,7844
7845,2026-04-10 00:00:00.000000000,Mokan Trail,Jose De La Cerda,Texcon,Fuel,,,Joey,7845
7846,,,,,,,,Joey,7846
7847,,,,,,,,Joey,7847
7848,2026-04-10 00:00:00.000000000,ADA 32,Enrique Alvarado,Texcon,Fuel,,,Joey,7848
7849,2026-04-10 00:00:00.000000000,ADA 32,Enrique Alvarado,Leo's Service Station,Fuel,,,Joey,7849
7850,2026-04-13 00:00:00.000000000,ADA 33,Hervey Quintero,Texcon,Fuel,,,Joey,7850
7851,2026-04-13 00:00:00.000000000,CPO Burnet Corridor,Simon Martinez,Centerline,Materials,,,Joey,7851
7852,2026-04-13 00:00:00.000000000,ADA 32,Francisco Aguirre,White Cap,Materials,,,Joey,7852
7853,2026-04-13 00:00:00.000000000,ADA 33,Tito Cueto,Leo's Service Station,Fuel,,,Joey,7853
7854,2026-04-13 00:00:00.000000000,ADA 32,Enrique Alvarado,ACE Contractor Supply,Materials,,,Joey,7854
7855,2026-04-13 00:00:00.000000000,ADA 32,Enrique Chapa,Elliott Electric,Materials,,,Joey,7855
7856,2026-04-13 00:00:00.000000000,ADA 32,Juan Daniel Ortega,ACE Contractor Supply,Materials,,,Joey,7856
7857,2026-04-13 00:00:00.000000000,ADA 32,Ignacio Fuentes,ACT Pipe Supply,Materials,,,Joey,7857
7858,2026-04-13 00:00:00.000000000,Mokan Trail,Ruben Cano,Leo's Service Station,Fuel,,,Joey,7858
7859,2026-04-13 00:00:00.000000000,CLMC1093,Jose Luis Zamarripa,Leo's Service Station,Fuel,,,Joey,7859
7860,2026-04-13 00:00:00.000000000,ADA 32,Enrique Chapa,ACE Contractor Supply,Materials,,,Joey,7860
7861,2026-04-13 00:00:00.000000000,ADA 33,Eduardo Valenzuela,Leo's Service Station,Fuel,,,Joey,7861
7862,2026-04-13 00:00:00.000000000,ADA 32,Enrique Chapa,Elliott Electric,Materials,,,Joey,7862
7863,2026-04-13 00:00:00.000000000,CPO Burnet Corridor,Isidro Garcia,White Cap,Materials,,,Joey,7863
7864,2026-04-13 00:00:00.000000000,ADA 33,Jesus G. Rodriguez,Leo's Service Station,Fuel,,,Joey,7864
7865,2026-04-13 00:00:00.000000000,ADA 33,Ulises Lara,Texcon,Fuel,,,Joey,7865
7866,2026-04-13 00:00:00.000000000,ADA 32,Abraham Gonzalez,Texcon,Fuel,,,Joey,7866
7867,2026-04-13 00:00:00.000000000,CLMC1093,David Molina,ACE Contractor Supply,Materials,,,Joey,7867
7868,2026-04-13 00:00:00.000000000,Mokan Trail,Lupe Juarez,Texas Crushed Stone,Materials - 48 tons of flex base,,,Joey,7868
7869,2026-04-14 00:00:00.000000000,ADA 33,Enrique Chapa,Leo's Service Station,Fuel,,,Joey,7869
7870,2026-04-14 00:00:00.000000000,ADA 33,Alvaro Aguirre,ACE Contractor Supply,Materials,,,Joey,7870
7870,2026-04-14 00:00:00.000000000,ADA 32,Alvaro Aguirre,Texcon,Fuel,,,Joey,7870
7871,2026-04-14 00:00:00.000000000,ADA 33,Abraham Gonzalez,Texcon,Fuel,,,Joey,7871
7872,2026-04-14 00:00:00.000000000,CPO Burnet Corridor,Francis Echevestre,Texcon,Fuel,,,Joey,7872
7873,2026-04-14 00:00:00.000000000,ADA 32,Luis Perez,Centerline,Signs,,,Joey,7873
7874,2026-04-14 00:00:00.000000000,ADA 33,Martin Gonzalez,ACE Contractor Supply,Materials,,,Joey,7874
7875,2026-04-14 00:00:00.000000000,ADA 33,Alejandro Esquivel,White Cap,Materials,,,Joey,7875
7876,2026-04-14 00:00:00.000000000,ADA 32,Rudy Muniz,ACE Contractor Supply,"Materials - 3 pallets concrete mix, 8"" x 1/2""  anchors",,,Joey,7876
7877,2026-04-14 00:00:00.000000000,ADA 33,Jose Antonio Licea,Texcon,Fuel,,,Joey,7877
7878,2026-04-14 00:00:00.000000000,ADA 32,Alejandro Esquivel,Leo's Service Station,Fuel,,,Joey,7878
7879,2026-04-14 00:00:00.000000000,CMTA IDIQ,Pedro Limon,ACE Contractor Supply,Materials,,,Joey,7879
7880,2026-04-14 00:00:00.000000000,ADA 32,Diego Vazquez,Texcon,Fuel,,,Joey,7880
7881,2026-04-14 00:00:00.000000000,ADA 32,Francisco Aguirre,ACE Contractor Supply,Materials,,,Joey,7881
7882,2026-04-15 00:00:00.000000000,CMTA IDIQ,Pedro Limon,Texcon,Fuel,,,Joey,7882
7883,2026-04-15 00:00:00.000000000,CMTA IDIQ,Pedro Limon,ACE Contractor Supply,Materials,,,Joey,7883
7884,2026-04-15 00:00:00.000000000,ADA 32,Simon Martinez,Leo's Service Station,Fuel,,,Joey,7884
7885,2026-04-15 00:00:00.000000000,ADA 33,Alvaro Aguirre,Texcon,Fuel,,,Joey,7885
7886,2026-04-15 00:00:00.000000000,,Andy Hernandez,Texcon,Fuel,,,Joey,7886
7887,2026-04-15 00:00:00.000000000,ADA 33,Martin Gonzalez,Leo's Service Station,Fuel,,,Joey,7887
7888,2026-04-15 00:00:00.000000000,CPO Burnet Corridor,Isidro Garcia,Texcon,Fuel,,,Joey,7888
7889,2026-04-15 00:00:00.000000000,CPO Burnet Corridor,Isidro Garcia,ACE Contractor Supply,Materials,,,Joey,7889
7890,2026-04-15 00:00:00.000000000,ADA 33,Isidro Sanchez,Texcon,Fuel,,,Joey,7890
7891,2026-04-15 00:00:00.000000000,ADA 33,Isidro Sanchez,ACE Contractor Supply,Materials,,,Joey,7891
7892,2026-04-15 00:00:00.000000000,CLMC1093,Martin Gonzalez,ACT Pipe Supply,Materials,,,Joey,7892
7893,2026-04-15 00:00:00.000000000,ADA 32,Enrique Alvarado,ACE Contractor Supply,Materials,,,Joey,7893
7894,2026-04-15 00:00:00.000000000,ADA 33,Lupe Juarez,United Rentals,Rental,,,Joey,7894
7895,2026-04-15 00:00:00.000000000,ADA 33,Rudy Muniz,White Cap,"140 - 2x4x12 , 3 boxes of nails",,,Joey,7895
7896,2026-04-15 00:00:00.000000000,ADA 32,Juan Daniel Ortega,Texcon,Fuel,,,Joey,7896
7897,2026-04-15 00:00:00.000000000,ADA 32,Francisco Aguirre,Texcon,Fuel,,,Joey,7897
7898,2026-04-16 00:00:00.000000000,CLMC1093,David Molina,Leo's Service Station,Fuel,,,Joey,7898
7899,2026-04-16 00:00:00.000000000,ADA 32,Luis Perez,Centerline,Signs,,,Joey,7899
7900,2026-04-16 00:00:00.000000000,CLMC1093,Martin Gonzalez,ACE Contractor Supply,Materials,,,Joey,7900
7901,2026-04-16 00:00:00.000000000,ADA 33,Abraham Gonzalez,Texcon,Fuel,,,Joey,7901
7902,2026-04-16 00:00:00.000000000,ADA 32,Rogelio Lopez,Texcon,Fuel,,,Joey,7902
7903,2026-04-16 00:00:00.000000000,ADA 32,Enrique Chapa,Elliott Electric,Materials,,,Joey,7903
7904,2026-04-16 00:00:00.000000000,ADA 33,Jose Antonio Licea,Texcon,Fuel,,,Joey,7904
7905,2026-04-16 00:00:00.000000000,ADA 32,Simon Martinez,Centerline,Materials,,,Joey,7905
7906,2026-04-16 00:00:00.000000000,ADA 33,Carlos Diaz,Texcon,Fuel,,,Joey,7906
7907,2026-04-16 00:00:00.000000000,CLMC1093,Jose A. Zamarripa,Texcon,Fuel,,,Joey,7907
7908,2026-04-17 00:00:00.000000000,Mokan Trail,Lupe Juarez,Leo's Service Station,Fuel,,,Joey,7908
7909,2026-04-17 00:00:00.000000000,ADA 33,Enrique Chapa,Leo's Service Station,Fuel,,,Joey,7909
7910,2026-04-17 00:00:00.000000000,ADA 33,Carlos Diaz,White Cap,"Materials (Tape, Brushes)",,,Joey,7910
7911,2026-04-17 00:00:00.000000000,ADA 33,Abraham Gonzalez,Texcon ,Fuel,,,Joey,7911
7912,2026-04-17 00:00:00.000000000,ADA 33,Martin Gonzalez,Leo's Service Station,Fuel,,,Joey,7912
7913,2026-04-17 00:00:00.000000000,ADA 32,Francisco Aguirre,Texcon,Fuel,,,Joey,7913
7914,2026-04-17 00:00:00.000000000,ADA 32,Jose de la Cerda,Texcon,Fuel,,,Joey,7914
7915,,,,,,,,Joey,7915
7916,2026-04-20 00:00:00.000000000,CLMC1093,David Molina ,Leo's Service Station,Fuel,,,Joey,7916
7917,2026-04-20 00:00:00.000000000,ADA 33,Jesus G. Rodriguez,,Fuel,,,Joey,7917
7918,2026-04-20 00:00:00.000000000,ADA 33,Ulises Lara,Texcon,Fuel,,,Joey,7918
7919,2026-04-20 00:00:00.000000000,ADA 33,Victor Sanchez,Texcon,Fuel,,,Joey,7919
7920,2026-04-20 00:00:00.000000000,ADA 33,Gerardo Sanchez,Texcon,Fuel,,,Joey,7920
7921,2026-04-20 00:00:00.000000000,ADA 33,Jose Luis Zamarripa,RSS,Spray ,,,Joey,7921
7922,2026-04-20 00:00:00.000000000,CLMC1093,Mario Munoz,CMC,Detectable Warning Surface ,,,Joey,7922
7923,2026-04-20 00:00:00.000000000,ADA 33,Simon Martinez,Centerline ,"Panel lite , RPM's ",,,Joey,7923
7924,2026-04-20 00:00:00.000000000,ADA 32,Diego Vazquez,Texcon ,Diesel,,,Joey,7924
7925,2026-04-20 00:00:00.000000000,ADA 33,Alejandro Esquivel,Leo's Service Station,Fuel,,,Joey,7925
7925,2026-04-21 00:00:00.000000000,CMTA,Pedro Limon ,Texcon ,Fuel,,,Joey,7925
7926,2026-04-21 00:00:00.000000000,ADA 32,Diego Vazquez,ACE Contractor Supply,Tools ,,,Joey,7926
7927,2026-04-21 00:00:00.000000000,ADA 32,Juan Daniel Ortega ,ACE Contractor Supply,Tools ,,,Joey,7927
7928,,,,,,,,Joey,7928
7929,2026-04-21 00:00:00.000000000,ADA 32,Enrique Chapa,Leo's Service Station,Fuel,,,Joey,7929
7930,2026-04-22 00:00:00.000000000,ADA 32,Jose Julian Gonzalez,Texcon,Fuel,,,Joey,7930
7931,2026-04-22 00:00:00.000000000,ADA 33,Martin Gonzalez,Leo's Service Station,Fuel,,,Joey,7931
7932,2026-04-22 00:00:00.000000000,ADA 33,Lupe Juarez,Central Texas Equipment,Jumping Jack Compactor,,,Joey,7932
7933,2026-04-22 00:00:00.000000000,CLMC1093 ,Martin Gonzalez,ACE Contractor Supply,Materials,,,Joey,7933
7934,2026-04-22 00:00:00.000000000,ADA 32,Pedro Limon,ACE Contractor Supply,Materials,,,Joey,7934
7935,2026-04-22 00:00:00.000000000,ADA 32,Francisco Aguirre,Texcon,Fuel,,,Joey,7935
7936,2026-04-22 00:00:00.000000000,CLMC1093 ,Martin Gonzalez,CMC,Materials,,,Joey,7936
7937,2026-04-22 00:00:00.000000000,ADA 32,Avisai Jimenez ,Texcon,Fuel,,,Joey,7937
7938,2026-04-22 00:00:00.000000000,ADA 33,Isidro Sanchez,Leo's Service Station,Fuel,,,Joey,7938
7939,2026-04-22 00:00:00.000000000,ADA 33,Gerardo Sanchez,ACE Contractor Supply,Materials,,,Joey,7939
7940,2026-04-23 00:00:00.000000000,ADA 32,Pedro Limon,ACE Contractor Supply,Materials,,,Joey,7940
7941,2026-04-23 00:00:00.000000000,ADA 33,Ulises Lara,Texcon,Fuel,,,Joey,7941
7942,2026-04-23 00:00:00.000000000,ADA 33,Jose Antonio Licea,Texcon,Fuel,,,Joey,7942
7943,2026-04-23 00:00:00.000000000,CPO Burnet Corridor,Isidro Garcia,Leo's Service Station,Fuel,,,Joey,7943
7944,2026-04-23 00:00:00.000000000,ADA 32,Diego Vazquez,Texcon,Fuel,,,Joey,7944
7945,2026-04-23 00:00:00.000000000,ADA 32,Juan Daniel Ortega,ACE Contractor Supply,Materials,,,Joey,7945
7946,2026-04-10 00:00:00.000000000,ADA 32,Martin Gonzalez,Leo's Service Station,Fuel,,,Joey,7946
7947,2026-04-10 00:00:00.000000000,ADA 32,Martin Gonzalez,GeoSoltuions,Materials,,,Joey,7947
7948,2026-04-23 00:00:00.000000000,ADA 33,Abraham Gonzalez,Texcon,Fuel,,,Joey,7948
7949,2026-04-24 00:00:00.000000000,ADA 32,David Molina,Texcon,Fuel,,,Joey,7949
7950,2026-04-24 00:00:00.000000000,ADA 32,David Molina,ACE Contractor Supply,Materials,,,Joey,7950
7951,2026-04-24 00:00:00.000000000,ADA 33,Jesus G. Rodriguez,CMC,Materials,,,Joey,7951
7952,2026-04-24 00:00:00.000000000,ADA 33,Ulises Lara,Texcon,Fuel,,,Joey,7952
7953,2026-04-24 00:00:00.000000000,ADA 33,Alvaro Aguirre,Texcon,Fuel,,,Joey,7953
7954,2026-04-24 00:00:00.000000000,ADA 32,Enrique Alvarado,Texcon,Fuel,,,Joey,7954
7955,2026-04-24 00:00:00.000000000,ADA 32,Enrique Alvarado,Leo's Service Station,Fuel,,,Joey,7955
7956,2026-04-24 00:00:00.000000000,CLMC1093,Jose A. Zamarripa,Texcon,Fuel,,,Joey,7956
7957,2026-04-24 00:00:00.000000000,CLMC1093,Jose A. Zamarripa,ACE Contractor Supply,Materials,,,Joey,7957
7958,2026-04-24 00:00:00.000000000,ADA 33,Lupe Juarez,Texcon,Fuel,,,Joey,7958
7959,2026-04-24 00:00:00.000000000,ADA 33,Lupe Juarez,CMC,Materials,,,Joey,7959
7960,2026-04-24 00:00:00.000000000,ADA 32,Juan Daniel Ortega,Texcon,Fuel,,,Joey,7960
7961,2026-04-24 00:00:00.000000000,ADA 32,Enrique Chapa,Leo's Service Station,Fuel,,,Joey,7961
7962,2026-04-24 00:00:00.000000000,ADA 33,Martin Gonzalez,Leo's Service Station,Fuel,,,Joey,7962
7963,2026-04-24 00:00:00.000000000,CMTA IDIQ,Alejandro Esquivel,American Bolt,Materials,,,Joey,7963
7964,2026-04-24 00:00:00.000000000,ADA 33,Lupe Juarez,Texas Crushed Stone,Materials,,,Joey,7964
7964,2026-04-27 00:00:00.000000000,ADA 32,Pedro Limon,ACE Contractor Supply,Materials,,,Joey,7964
7965,2026-04-27 00:00:00.000000000,ADA 32,Pedro Limon,ACE Contractor Supply,Materials,,,Joey,7965
7966,2026-04-27 00:00:00.000000000,ADA 32,Pedro Limon,Texcon ,Fuel ,,,Joey,7966
7967,2026-04-27 00:00:00.000000000,CPO Burnet Corridor,Isidro Garcia,Texcon ,Fuel ,,,Joey,7967
7968,2026-04-27 00:00:00.000000000,CPO Burnet Corridor,Isidro Garcia,ACE Contractor Supply,Materials,,,Joey,7968
7969,2026-04-27 00:00:00.000000000,ADA 32,Diego Vazquez,Texcon ,Fuel ,,,Joey,7969
7970,2026-04-27 00:00:00.000000000,CLMC1093,Jose A. Zamarripa,ACE Contractor Supply,Materials,,,Joey,7970
7971,2026-04-27 00:00:00.000000000,CLMC1093,Jose A. Zamarripa,Texcon ,Fuel ,,,Joey,7971
7972,2026-04-27 00:00:00.000000000,ADA 33,Jose Antonio Licea,Texcon ,Fuel ,,,Joey,7972
7973,2026-04-27 00:00:00.000000000,CMTA IDIQ,Hector Manzanares,Texcon ,Fuel ,,,Joey,7973
7974,2026-04-27 00:00:00.000000000,ADA 32,Martin Gonzalez,Leo's Service Station,Fuel ,,,Joey,7974
7975,2026-04-27 00:00:00.000000000,CLMC1093,Luis Perez,Centerline ,Materials,,,Joey,7975
7976,2026-04-28 00:00:00.000000000,ADA 32,Juan Daniel Ortega,Texcon,Fuel,,,Joey,7976
7977,2026-04-28 00:00:00.000000000,ADA 32,Francisco Aguirre,Texcon,Fuel,,,Joey,7977
7977,2026-04-28 00:00:00.000000000,ADA 33,Ulises Lara,Texcon,Fuel,,,Joey,7977
7978,2026-04-28 00:00:00.000000000,ADA 32,Francisco Aguirre,ACE Contractor Supply,Materials,,,Joey,7978
7979,2026-04-28 00:00:00.000000000,ADA 33,Jesus G. Rodriguez,Leo's Service Station,Fuel,,,Joey,7979
7980,2026-04-28 00:00:00.000000000,ADA 33,Abraham Gonzalez,Texcon,Fuel,,,Joey,7980
7981,2026-04-28 00:00:00.000000000,ADA 33,Alvaro Aguirre,ACE Contractor Supply,Materials,,,Joey,7981
7982,2026-04-28 00:00:00.000000000,ADA 33,Ulises Lara,Texcon,Fuel,,,Joey,7982
7983,2026-04-28 00:00:00.000000000,CLMC1107A,Ruben Cano,Texcon,Fuel,,,Joey,7983
7984,2026-04-28 00:00:00.000000000,ADA 33,Juan Perez,Leo's Service Station,Fuel,,,Joey,7984
7985,2026-04-28 00:00:00.000000000,ADA 33,Lupe Juarez,Texcon,Fuel,,,Joey,7985
7986,2026-04-28 00:00:00.000000000,ADA 33,Martin Gonzalez,RSS Steel Supply,Materials,,,Joey,7986
7987,2026-04-28 00:00:00.000000000,ADA 32,Simon Martinez,Centerline,Materials,,,Joey,7987
7988,2026-04-28 00:00:00.000000000,ADA 33,Jose De La Cerda,Texcon,Fuel,,,Joey,7988
7989,2026-04-28 00:00:00.000000000,ADA 32,Pedro Limon,ACE Contractor Supply,Materials,,,Joey,7989
7990,2026-04-28 00:00:00.000000000,ADA 32,Rogelio Lopez,Texcon,Fuel,,,Joey,7990
7991,2026-04-29 00:00:00.000000000,ADA 33,Simon Martinez,Leo's Service Station,Fuel,,,Joey,7991
7992,2026-04-29 00:00:00.000000000,ADA 32,Diego Vazquez,Texcon,Fuel,,,Joey,7992
7993,2026-04-29 00:00:00.000000000,ADA 33,Abraham Gonzalez,Texcon,Fuel,,,Joey,7993
7994,2026-04-29 00:00:00.000000000,ADA 32,Enrique Chapa,Elliott Electric,Materials,,,Joey,7994
7995,2026-04-29 00:00:00.000000000,ADA 32,Jose Antonio Licea,Texcon,Fuel,,,Joey,7995
7996,2026-04-29 00:00:00.000000000,ADA 32,Juan Daniel Ortega,ACE Contractor Supply,Materials,,,Joey,7996
7997,2026-04-29 00:00:00.000000000,CLMC1093,Mario Munoz,CMC,Materials,,,Joey,7997
7998,2026-04-29 00:00:00.000000000,ADA 33,Simon Martinez,CMC,Materials,,,Joey,7998
7999,2026-04-29 00:00:00.000000000,ADA 32,Pedro Limon,ACE Contractor Supply,Materials,,,Joey,7999
8000,2026-04-29 00:00:00.000000000,ADA 33,Enrique Chapa,Leo's Service Station,Fuel,,,Joey,8000
8001,2026-04-29 00:00:00.000000000,ADA 32,Simon Martinez,Centerline,Materials,,,Joey,8001
8002,2026-04-29 00:00:00.000000000,ADA 32,Diego Vazquez,ACE Contractor Supply,Materials,,,Joey,8002
8003,2026-04-29 00:00:00.000000000,ADA 33,Ulises Lara,ACE Contractor Supply,Materials,,,Joey,8003
8004,2026-04-30 00:00:00.000000000,ADA 33,Ulises Lara,Texcon,Fuel,,,Joey,8004
8005,2026-04-30 00:00:00.000000000,ADA 33,Bryan Lopez,ACE Contractor Supply,Materials,,,Joey,8005
8006,2026-04-30 00:00:00.000000000,ADA 32,Francis Echevestre,Texcon,Fuel,,,Joey,8006
8007,2026-04-30 00:00:00.000000000,ADA 33,Juan Perez,Texcon,Fuel,,,Joey,8007
8008,2026-04-30 00:00:00.000000000,ADA33,Victor Sanchez,Texcon,Fuel,,,Joey,8008
8009,2026-04-30 00:00:00.000000000,ADA 33,Jose Julian Gonzalez,Texcon,Fuel,,,Joey,8009
8010,2026-04-30 00:00:00.000000000,ADA 33,Jesus G. Rodriguez,Texcon,Materials,,,Joey,8010
8011,2026-04-30 00:00:00.000000000,ADA 33,Jesus G. Rodriguez,ACE Contractor Supply,Fuel,,,Joey,8011
8012,2026-04-30 00:00:00.000000000,ADA 33,Gerardo Sanchez,Texcon,Fuel,,,Joey,8012
8013,2026-04-30 00:00:00.000000000,CPO Burnet Corridor,Isidro Garcia,Leo's Service Station,Fuel,,,Joey,8013
8014,2026-04-30 00:00:00.000000000,ADA 32,Eduardo Valenzuela,Leo's Service Station,Fuel,,,Joey,8014
8015,2026-04-30 00:00:00.000000000,ADA 33,Isidro Sanchez,Leo's Service Station,Fuel,,,Joey,8015
8016,2026-04-30 00:00:00.000000000,ADA 32,Hector Manzanares,Texcon,Fuel,,,Joey,8016
8017,2026-05-01 00:00:00.000000000,ADA 32,David Molina,Texcon,Fuel,,,Joey,8017
8018,2026-05-01 00:00:00.000000000,ADA 33,Abraham Gonzalez,Texcon,Fuel,,,Joey,8018
8019,2026-05-01 00:00:00.000000000,ADA 33,Bryan Lopez,ACE Contractor Supply,Materials,,,Joey,8019
8020,2026-05-01 00:00:00.000000000,ADA 33,Bryan Lopez,Texcon,Fuel,,,Joey,8020
8021,2026-05-01 00:00:00.000000000,ADA 33,Lupe Juarez,Geo Solutions,"200 lf of 8"" mulch",,,Joey,8021
8022,2026-05-01 00:00:00.000000000,ADA 32,Lupe Juarez,Texcon,Fuel,,,Joey,8022
8023,2026-05-01 00:00:00.000000000,ADA 32,David Molina,ACE Contractor Supply,Materials,,,Joey,8023
8024,2026-05-01 00:00:00.000000000,ADA 33,Martin Gonzalez,Texcon,Fuel?,,,Joey,8024
8025,2026-05-04 00:00:00.000000000,ADA 33,Gerardo Sanchez,ACE Contractor Supply,Materials,,,Joey,8025
8026,2026-05-04 00:00:00.000000000,ADA 32,Enrique Chapa,Leo's Service Station,Fuel,,,Joey,8026
8027,2026-05-04 00:00:00.000000000,CLMC1093,Ulises Lara,Texcon,Fuel,,,Joey,8027
8028,2026-05-04 00:00:00.000000000,ADA 32,Enrique Chapa,ACE Contractor Supply,Materials,,,Joey,8028
8029,2026-05-04 00:00:00.000000000,CLMC1093,Jose A. Zamarripa,ACE Contractor Supply,Materials,,,Joey,8029
8030,2026-05-04 00:00:00.000000000,CLMC1093,Jose A. Zamarripa,Texcon,Fuel,,,Joey,8030
8031,2026-05-04 00:00:00.000000000,ADA 33,Carlos Diaz,White Cap,Materials,,,Joey,8031
8032,2026-05-04 00:00:00.000000000,ADA 32,Jose De La Cerda,Texcon,Fuel,,,Joey,8032
8033,2026-05-04 00:00:00.000000000,ADA 32,Francisco Aguirre,Texcon,Fuel,,,Joey,8033
8034,2026-05-04 00:00:00.000000000,ADA 32,Avisai Jimenez,Texcon,Fuel,,,Joey,8034
8035,2026-05-04 00:00:00.000000000,ADA 32,Avisai Jimenez,ACE Contractor Supply,Materials,,,Joey,8035
8036,2026-05-05 00:00:00.000000000,CPO Burnet Corridor,Isidro Garcia,ACE Contractor Supply,Materials,,,Joey,8036
8037,2026-05-05 00:00:00.000000000,ADA 32,Diego Vazquez,ACE Contractor Supply,Materials,,,Joey,8037
8038,2026-05-05 00:00:00.000000000,ADA 32,Diego Vazquez,Texcon,Fuel,,,Joey,8038
8039,2026-05-05 00:00:00.000000000,ADA 32,David Molina,White Cap,Materials,,,Joey,8039
8040,2026-05-05 00:00:00.000000000,ADA 32,Enrique Chapa,Elliott,Materials,,,Joey,8040
8040,2026-05-05 00:00:00.000000000,ADA 32,Luis Perez,Centerline,Temporary Striping,,,Joey,8040
8041,2026-05-05 00:00:00.000000000,ADA 33,Enrique Chapa,ACE Contractor Supply,Materials ,,,Joey,8041
8042,2026-05-05 00:00:00.000000000,ADA 33,Abraham Gonzalez,Texcon,Fuel,,,Joey,8042
8043,2026-05-05 00:00:00.000000000,ADA 32,Enrique Alvarado,Leo's Service Station,Fuel,,,Joey,8043
8044,2026-05-05 00:00:00.000000000,ADA 32,Enrique Alvarado,Texcon,Fuel,,,Joey,8044
8045,2026-05-05 00:00:00.000000000,ADA 33,Jose Luis Zamarripa,Elliott Electric,Materials,,,Joey,8045
8046,2026-05-05 00:00:00.000000000,ADA 32,Jose Antonio Licea,Texcon,Fuel,,,Joey,8046
8047,2026-05-05 00:00:00.000000000,,,,,,,Joey,8047
8048,2026-05-05 00:00:00.000000000,CLMC1093,Hervey Quintero,CMC,Materials,,,Joey,8048
8049,2026-05-05 00:00:00.000000000,CLMC1093,Ulises Lara,Texcon,Fuel,,,Joey,8049
8050,2026-05-06 00:00:00.000000000,ADA 32,Pedro Limon,ACE Contractor Supply,Materials,,,Joey,8050
8051,2026-05-06 00:00:00.000000000,ADA 32,Pedro Limon,Texcon,Fuel,,,Joey,8051
8052,2026-05-06 00:00:00.000000000,ADA 33,Alvaro Aguirre,White Cap,Materials,,,Joey,8052
8053,2026-05-06 00:00:00.000000000,ADA 32,Enrique Alvarado,ACE Contractor Supply,Materials,,,Joey,8053
8054,2026-05-06 00:00:00.000000000,ADA 33,Lupe Juarez,Austin Grass,2 pallets of sod,,,Joey,8054
8055,2026-05-06 00:00:00.000000000,CPO Burnet Corridor,Isidro Garcia,RSS Steel Supply,Materials,,,Joey,8055
8056,2026-05-06 00:00:00.000000000,ADA 32,Simon Martinez,ASERO,Materials,,,Joey,8056
8057,2026-05-06 00:00:00.000000000,ADA 33,Lupe Juarez,Texas Crushed Stone,Materials,,,Joey,8057
8058,2026-05-06 00:00:00.000000000,ADA 32,Juan Daniel Ortega,ACE Contractor Supply,Materials,,,Joey,8058
8059,2026-05-06 00:00:00.000000000,,Mario Munoz,Austin Masonry,Materials,,,Joey,8059
8060,2026-05-06 00:00:00.000000000,CLMC1093,Jose A. Zamarripa,ACE Contractor Supply,Materials,,,Joey,8060
8061,2026-05-06 00:00:00.000000000,ADA 33,Bryan Lopez,Texcon,Fuel,,,Joey,8061
8062,2026-05-06 00:00:00.000000000,ADA 32,Francisco Aguirre,ACE Contractor Supply,Materials,,,Joey,8062
8063,2026-05-06 00:00:00.000000000,CPO Burnet Corridor,Isidro Garcia,ACE Contractor Supply,Materials,,,Joey,8063
8064,2026-05-06 00:00:00.000000000,CPO Burnet Corridor,Isidro Garcia,Texcon,Fuel,,,Joey,8064
8065,2026-05-07 00:00:00.000000000,ADA 33,Enrique Chapa,Leo's Service Station,Fuel,,,Joey,8065
8066,2026-05-07 00:00:00.000000000,ADA 33,Fernando Arellano,Texcon,Fuel,,,Joey,8066
8067,2026-05-07 00:00:00.000000000,ADA 33,Abraham Gonzalez,Texcon,Fuel,,,Joey,8067
8068,2026-05-07 00:00:00.000000000,ADA 33,Andy Hernandez,Texcon,Fuel,,,Joey,8068
8069,2026-05-07 00:00:00.000000000,ADA 33,Enrique Chapa,ACE Contractor Supply,Materials,,,Joey,8069
8070,2026-05-07 00:00:00.000000000,CLMC1093,Martin Gonzalez,ACE Contractor Supply,Materials,,,Joey,8070
8071,2026-05-07 00:00:00.000000000,ADA 33,Jose De La Cerda,Texcon,Fuel,,,Joey,8071
8072,2026-05-07 00:00:00.000000000,ADA 32,Enrique Chapa,Elliott Electric,Materials,,,Joey,8072
8073,2026-05-07 00:00:00.000000000,CLMC1093,Ulises Lara,Texcon,Fuel,,,Joey,8073
8074,2026-05-07 00:00:00.000000000,ADA 32,Francisco Aguirre,ACE Contractor Supply,Materials,,,Joey,8074
8075,2026-05-07 00:00:00.000000000,ADA 33,Lupe Juarez,Texcon,Fuel,,,Joey,8075
8076,2026-05-07 00:00:00.000000000,ADA 32,Jose Antonio Licea,Texcon,Fuel,,,Joey,8076
8077,2026-05-07 00:00:00.000000000,ADA 33,Isidro Sanchez,Texcon,Fuel,,,Joey,8077
8078,2026-05-08 00:00:00.000000000,ADA 32,Pedro Limon,ACE Contractor Supply,Materials,,,Joey,8078
8079,2026-05-08 00:00:00.000000000,ADA 32,Pedro Limon,Texcon,Fuel,,,Joey,8079
8080,2026-05-08 00:00:00.000000000,ADA 32,David Molina,Leo's Service Station,Fuel,,,Joey,8080
8081,2026-05-08 00:00:00.000000000,ADA 33,Martin Gonzalez,Leo's Service Station,Fuel,,,Joey,8081
8082,2026-05-08 00:00:00.000000000,ADA 33,Martin Juarez,White Cap,Materials,,,Joey,8082
8083,2026-05-08 00:00:00.000000000,ADA 32,Jose Julian Gonzalez,ACE Contractor Supply,Materials,,,Joey,8083
8084,2026-05-08 00:00:00.000000000,ADA33,Martin Gonzalez,Leo's Service Station,Fuel,,,Joey,8084
8085,2026-05-08 00:00:00.000000000,ADA32,Marcela Castaneda,Leo's Service Station,Fuel,,,Joey,8085
8086,2026-05-08 00:00:00.000000000,ADA 32,Enrique Chapa,Elliott Electric,PVC Conduit,,,Joey,8086
8087,2026-05-08 00:00:00.000000000,ADA 32,Enrique Chapa,RSS Steel,Materials,,,Joey,8087
8088,2026-05-08 00:00:00.000000000,ADA 32,Francisco Aguirre,Texcon,Fuel,,,Joey,8088
8089,2026-05-08 00:00:00.000000000,ADA 32,Juan Daniel Ortega,Texcon,Fuel,,,Joey,8089
8090,2026-05-11 00:00:00.000000000,ADA 33,Martin Juarez,ACE Contractor Supply,Materials,,,Joey,8090
8091,2026-05-11 00:00:00.000000000,ADA 32,Pedro Limon,ACE Contractor Supply,Materials,,,Joey,8091
8092,2026-05-11 00:00:00.000000000,ADA 33,Abraham Gonzalez,Texcon,Fuel,,,Joey,8092
8093,2026-05-11 00:00:00.000000000,CLMC1093,Jose A. Zamarripa,Texcon,Fuel,,,Joey,8093
8094,2026-05-11 00:00:00.000000000,ADA 32,Pedro Limon,ACE Contractor Supply,Materials,,,Joey,8094
8095,2026-05-11 00:00:00.000000000,ADA 32,Francisco Aguirre,ACE Contractor Supply,Materials,,,Joey,8095
8096,2026-05-11 00:00:00.000000000,ADA 32,Francis Echevestre,Texcon,Fuel,,,Joey,8096
8097,2026-05-11 00:00:00.000000000,CLMC1107A,Ruben Cano,Texcon,Fuel,,,Joey,8097
8098,2026-05-11 00:00:00.000000000,CLMC1093,Ulises Lara,Texcon,Fuel,,,Joey,8098
8099,2026-05-11 00:00:00.000000000,ADA 32,Miguel Juarez,Elliott Electric,Materials,,,Joey,8099
9000,2026-05-11 00:00:00.000000000,ADA 33,Enrique Chapa,Leo's Service Station,Fuel,,,Joey,9000
9001,2026-05-11 00:00:00.000000000,CPO Burnet Corridor,Isidro Garcia,Leo's Service Station,Fuel,,,Joey,9001
9002,2026-05-11 00:00:00.000000000,ADA 33,Gerardo Sanchez,ACE Contractor Supply,Materials,,,Joey,9002
9003,2026-05-12 00:00:00.000000000,ADA 33,Jose Julian Gonzalez,Texcon,Fuel,,,Joey,9003
9004,2026-05-12 00:00:00.000000000,,Luis Perez,Centerline Supply,Materials,,,Joey,9004
9005,2026-05-12 00:00:00.000000000,ADA 32,Juan Daniel Ortega,ACE Contractor Supply,Materials,,,Joey,9005
9006,2026-05-12 00:00:00.000000000,ADA 32,Martin Gonzalez,Leo's Service Station,Fuel,,,Joey,9006
9007,2026-05-12 00:00:00.000000000,CPO Burnet Corridor,Jose Luis Zamarripa,RSS Steel,Materials,,,Joey,9007
9008,2026-05-12 00:00:00.000000000,ADA 33,Miguel Juarez,Leo's Service Station,Fuel,,,Joey,9008
9009,2026-05-12 00:00:00.000000000,ADA 33,Jose Luis Zamarripa,ACE Contractor Supply,Materials,,,Joey,9009
9010,2026-05-12 00:00:00.000000000,ADA 33,Jose Luis Zamarripa,ACE Contractor Supply,Materials,,,Joey,9010
9011,2026-05-12 00:00:00.000000000,ADA 33,Carlos Diaz,Texcon,Fuel,,,Joey,9011
9012,2026-05-12 00:00:00.000000000,ADA 32,Simon Martinez,Leo's Service Station,Fuel,,,Joey,9012
9013,2026-05-12 00:00:00.000000000,CLMC1093,Ulises Lara,Texcon,Fuel,,,Joey,9013
9014,2026-05-12 00:00:00.000000000,ADA 33,Abraham Gonzalez,Texcon,Fuel,,,Joey,9014
9015,2026-05-12 00:00:00.000000000,ADA 33,Gerardo Sanchez,Texcon,Fuel,,,Joey,9015
9016,2026-05-13 00:00:00.000000000,ADA 32,David Molina,Texcon,Fuel,,,Joey,9016
9017,2026-05-13 00:00:00.000000000,ADA 33,Martin Juarez,Texcon,Fuel,,,Joey,9017
9018,2026-05-13 00:00:00.000000000,ADA 32,Diego Vazquez,ACE Contractor Supply,Materials,,,Joey,9018
9019,2026-05-13 00:00:00.000000000,ADA 32,Diego Vazquez,Texcon,Fuel,,,Joey,9019
9020,2026-05-13 00:00:00.000000000,ADA 33,Jose Luis Zamarripa,Leo's Service Station,Fuel,,,Joey,9020
9021,2026-05-13 00:00:00.000000000,,Jose Antonio Licea,Texcon,Fuel,,,Joey,9021
9022,2026-05-13 00:00:00.000000000,ADA 33,Marcela Castaneda,Leo's Service Station,Fuel,,,Joey,9022
9023,2026-05-13 00:00:00.000000000,ADA 33,Alvaro Aguirre,White Cap,Materials,,,Joey,9023
9024,2026-05-13 00:00:00.000000000,ADA 33,Jesus G. Rodriguez,ACE Contractor Supply,Materials,,,Joey,9024
9025,2026-05-13 00:00:00.000000000,CMTA IDIQ,Pedro Limon,ACE Contractor Supply,Materials,,,Joey,9025
9026,2026-05-13 00:00:00.000000000,ADA 33,Jesus G. Rodriguez,ACE Contractor Supply,Materials,,,Joey,9026
9027,2026-05-13 00:00:00.000000000,ADA 32,Avisai Jimenez,ACE Contractor Supply,Materials,,,Joey,9027
9028,2026-05-13 00:00:00.000000000,ADA 32,Avisai Jimenez,Texcon,Fuel,,,Joey,9028
9029,2026-05-13 00:00:00.000000000,ADA 32,Juan Daniel Ortega,White Cap,Materials,,,Joey,9029
9030,2026-05-13 00:00:00.000000000,ADA 33,Victor Sanchez,Texcon,Fuel,,,Joey,9030
9031,2026-05-14 00:00:00.000000000,ADA 33,Bryan Lopez,ACE Contractor Supply,Materials,,,Joey,9031
9032,2026-05-14 00:00:00.000000000,CLMC1093,Jose A. Zamarripa,ACE Contractor Supply,Materials,,,Joey,9032
9033,2026-05-14 00:00:00.000000000,CMTA IDIQ,Pedro Limon,ACE Contractor Supply,Materials,,,Joey,9033
9034,2026-05-14 00:00:00.000000000,CMTA IDIQ,Pedro Limon,Texcon,Fuel,,,Joey,9034
9035,2026-05-14 00:00:00.000000000,CMTA IDIQ,Ulises Lara,ACE Contractor Supply,Materials,,,Joey,9035
9036,2026-05-14 00:00:00.000000000,ADA 32,Enrique Alvarado,Texcon,Fuel,,,Joey,9036
9037,2026-05-14 00:00:00.000000000,ADA 32,Enrique Alvarado,Leo's Service Station,Fuel,,,Joey,9037
9038,2026-05-14 00:00:00.000000000,Mokan Trail,Ruben Cano,ACE Contractor Supply,Materials,,,Joey,9038
9039,2026-05-14 00:00:00.000000000,ADA 33,Simon Martinez,ACE Contractor Supply,Materials,,,Joey,9039
9040,2026-05-14 00:00:00.000000000,ADA 33,Juan Perez,Leo's Service Station,Fuel,,,Joey,9040
9041,2026-05-14 00:00:00.000000000,ADA 32,Luis Perez,Centerline,Pavement markers,,,Joey,9041
9042,2026-05-14 00:00:00.000000000,CPO Burnet Corridor,Isidro Garcia,ACE Contractor Supply,Materials,,,Joey,9042
9043,2026-05-14 00:00:00.000000000,ADA 33,Simon Martinez,Road Safe,Materials,,,Joey,9043
9044,2026-05-14 00:00:00.000000000,CLMC1093,Mario Munoz,ACE Contractor Supply,Materials,,,Joey,9044
9045,2026-05-14 00:00:00.000000000,ADA 32,Francisco Aguirre,Texcon,Fuel,,,Joey,9045
9046,2026-05-14 00:00:00.000000000,ADA 33,Abraham Gonzalez,Texcon,Fuel,,,Joey,9046
9047,2026-05-14 00:00:00.000000000,ADA 32,Avisai Jimenez,Texcon,Fuel,,,Joey,9047
9048,2026-05-14 00:00:00.000000000,ADA 32,Juan Daniel Ortega,Texcon,Fuel,,,Joey,9048
9049,2026-05-15 00:00:00.000000000,ADA 32,Pedro Limon,ACE Contractor Supply,Materials,,,Joey,9049
9050,2026-05-15 00:00:00.000000000,CLMC1093,Ulises Lara,Texcon,Fuel,,,Joey,9050
9051,2026-05-15 00:00:00.000000000,ADA 33,Jose De La Cerda,Texcon,Fuel,,,Joey,9051
9052,2026-05-15 00:00:00.000000000,ADA 32,Juan Daniel Ortega,ACE Contractor Supply,Materials,,,Joey,9052
9053,2026-05-15 00:00:00.000000000,ADA 33,Enrique Chapa,Leo's Service Station,Fuel,,,Joey,9053
9054,2026-05-15 00:00:00.000000000,ADA 32,Rogelio Lopez,Texcon,Fuel,,,Joey,9054
9055,2026-05-15 00:00:00.000000000,ADA 33,Martin Gonzalez,Leo's Service Station,Fuel,,,Joey,9055
9056,2026-05-15 00:00:00.000000000,ADA 32,Pedro Limon,Texcon,Fuel,,,Joey,9056
9057,2026-05-15 00:00:00.000000000,ADA 33,Miguel Juarez,Leo's Service Station,Fuel,,,Joey,9057
9058,2026-05-15 00:00:00.000000000,ADA 33,Alvaro Aguirre,Texcon,Fuel,,,Joey,9058
9059,2026-05-15 00:00:00.000000000,ADA 33,Lupe Juarez,Texcon,Fuel,,,Joey,9059
9060,2026-05-16 00:00:00.000000000,ADA 33,Jesus G. Rodriguez,Texcon,Fuel,,,Joey,9060
9061,2026-05-18 00:00:00.000000000,ADA 33,Isidro Sanchez,White Cap,Materials,,,Joey,9061
9062,2026-05-18 00:00:00.000000000,ADA 33,Jose Gerardo Moreno,Leo's Service Station,Fuel,,,Joey,9062
9063,2026-05-18 00:00:00.000000000,CLMC1093,Mario Munoz,ACE Contractor Supply,Materials,,,Joey,9063
9064,2026-05-18 00:00:00.000000000,CMTA IDIQ,Pedro Limon,ACE Contractor Supply,Materials,,,Joey,9064
9065,2026-05-18 00:00:00.000000000,ADA 32,Jose Antonio Licea,Texcon,Fuel,,,Joey,9065
9066,2026-05-18 00:00:00.000000000,CLMC1093,Ivan Muniz,Texcon,Fuel,,,Joey,9066
9067,2026-05-18 00:00:00.000000000,CLMC1093,Jose A. Zamarripa,Texcon,Fuel,,,Joey,9067
9068,2026-05-18 00:00:00.000000000,CLMC1093,Jose A. Zamarripa,ACE Contractor Supply,Materials,,,Joey,9068
9069,2026-05-18 00:00:00.000000000,ADA 33,Abraham Gonzalez,Texcon,Fuel,,,Joey,9069
9070,2026-05-19 00:00:00.000000000,ADA 32,Francisco Aguirre,ACE Contractor Supply,Materials,,,Joey,9070
9071,2026-05-19 00:00:00.000000000,ADA 32,Diego Vazquez,Texcon,Fuel,,,Joey,9071
9072,2026-05-19 00:00:00.000000000,ADA 33,Andy Hernandez,Texcon,Fuel,,,Joey,9072
9073,2026-05-19 00:00:00.000000000,Mokan Trail,Ruben Cano,Leo's Service Station,Fuel,,,Joey,9073
9074,2026-05-19 00:00:00.000000000,ADA 33,Martin Juarez,White Cap,Materials,,,Joey,9074
9075,2026-05-19 00:00:00.000000000,CLMC1093,Ulises Lara,Texcon,Fuel,,,Joey,9075
9076,2026-05-19 00:00:00.000000000,ADA 33,Jose Luis Zamarripa,White Cap,Materials,,,Joey,9076
9077,2026-05-19 00:00:00.000000000,Mokan Trail,Ruben Cano,ACE Contractor Supply,Materials,,,Joey,9077
9078,2026-05-19 00:00:00.000000000,ADA 32,Enrique Chapa,Texcon,Fuel,,,Joey,9078
9079,2026-05-20 00:00:00.000000000,ADA 33,Hector Segura,Texcon,Fuel,,,Joey,9079
9080,2026-05-20 00:00:00.000000000,ADA 33,Abraham Gonzalez,Texcon,Fuel,,,Joey,9080
9081,2026-05-20 00:00:00.000000000,ADA 33,Abraham Gonzalez,ACE Contractor Supply,Materials,,,Joey,9081
9082,2026-05-20 00:00:00.000000000,ADA 33,Jesus G. Rodriguez,ACE Contractor Supply,Materials,,,Joey,9082
9083,2026-05-20 00:00:00.000000000,ADA 32,Simon Martinez,Leo's Service Station,Fuel,,,Joey,9083
9084,2026-05-20 00:00:00.000000000,ADA 33,Juan Perez,Texcon,Fuel,,,Joey,9084
9085,2026-05-20 00:00:00.000000000,ADA 33,Miguel Juarez,Elliott Electric Supply,Materials,,,Joey,9085
9086,2026-05-20 00:00:00.000000000,ADA 33,Jose Antonio Licea,Texcon,Fuel,,,Joey,9086
9087,2026-05-20 00:00:00.000000000,ADA 32,Sergio Nino,ACE Contractor Supply,Materials,,,Joey,9087
9088,2026-05-20 00:00:00.000000000,CPO Burnet Corridor,Isidro Garcia,Leo's Service Station,Fuel,,,Joey,9088
9089,2026-05-20 00:00:00.000000000,ADA 32,Jose De La Cerda,Texcon,Fuel,,,Joey,9089
9090,2026-05-20 00:00:00.000000000,ADA 33,Gerardo Sanchez,ACE Contractor Supply,Materials,,,Joey,9090
9091,2026-05-20 00:00:00.000000000,ADA 32,Francisco Aguirre,Texcon,Fuel,,,Joey,9091
9092,2026-05-20 00:00:00.000000000,ADA 33,Miguel Juarez,Texcon,Fuel,,,Joey,9092
9093,2026-05-20 00:00:00.000000000,,,,,,,Joey,9093
9094,2026-05-21 00:00:00.000000000,ADA 33,Jose Julian Gonzalez,Texcon,Fuel,,,Joey,9094
9095,2026-05-21 00:00:00.000000000,CPO Burnet Corridor,Isidro Garcia,Leo's Service Station,Fuel,,,Joey,9095
9096,2026-05-21 00:00:00.000000000,ADA 33,Francis Echevestre,Texcon,Fuel,,,Joey,9096
9097,2026-05-21 00:00:00.000000000,ADA 32,Juan Daniel Ortega,ACE Contractor Supply,Materials,,,Joey,9097
9098,2026-05-21 00:00:00.000000000,ADA 32,Miguel Juarez,Elliott Electric Supply,Materials,,,Joey,9098
9099,2026-05-21 00:00:00.000000000,ADA 33,Jesus G. Rodriguez,Leo's Service Station,Fuel,,,Joey,9099
10000,,,,,,,,Joey,10000
10001,2026-05-21 00:00:00.000000000,ADA 33,Abraham Gonzalez,Texcon,Fuel,,,Joey,10001
10002,2026-05-22 00:00:00.000000000,ADA 33,Gerardo Sanchez,Texcon,Fuel,,,Joey,10002
10003,2026-05-22 00:00:00.000000000,ADA 33,Gerardo Sanchez,ACE Contractor Supply,Materials,,,Joey,10003
10004,2026-05-22 00:00:00.000000000,,Hector Segura,ACE Contractor Supply,Materials,,,Joey,10004
10005,2026-05-22 00:00:00.000000000,ADA 32,Diego Vazquez,ACE Contractor Supply,Materials,,,Joey,10005
10006,2026-05-22 00:00:00.000000000,ADA 32,Juan Daniel Ortega,Texcon,Fuel,,,Joey,10006
10007,2026-05-22 00:00:00.000000000,CLMC1093,Jose A. Zamarripa,ACE Contractor Supply,Materials,,,Joey,10007
10008,2026-05-22 00:00:00.000000000,CMTA IDIQ,Hector Manzanares,Leo's Service Station,Fuel,,,Joey,10008
10009,2026-05-22 00:00:00.000000000,Mokan Trail,Ruben Cano,ACE Contractor Supply,Materials,,,Joey,10009
10010,2026-05-22 00:00:00.000000000,ADA 32,David Molina,ACE Contractor Supply,Materials,,,Joey,10010
10011,2026-05-22 00:00:00.000000000,ADA 32,David Molina,Texcon,Fuel,,,Joey,10011
10012,2026-05-22 00:00:00.000000000,CLMC1093,Jose A. Zamarripa,ACE Contractor Supply,Materials,,,Joey,10012
10013,2026-05-22 00:00:00.000000000,ADA 32,Enrique Chapa,Leo's Service Station,Fuel,,,Joey,10013
10014,2026-05-22 00:00:00.000000000,ADA 32,Avisai Jimenez,Texcon,Fuel,,,Joey,10014
10015,2026-05-22 00:00:00.000000000,ADA 32,Avisai Jimenez,ACE Contractor Supply,Materials,,,Joey,10015
10016,2026-05-22 00:00:00.000000000,ADA 32,Pedro Limon,Texcon,Fuel,,,Joey,10016
10017,2026-05-22 00:00:00.000000000,ADA 32,Pedro Limon,Ferguson Waterworks,Materials,,,Joey,10017
10018,2026-05-22 00:00:00.000000000,ADA 33,Jose Luis Zamarripa,Texcon,Fuel,,,Joey,10018
10019,2026-05-25 00:00:00.000000000,ADA 32,Diego Vazquez,Texcon,Fuel,,,Joey,10019
10020,2026-05-25 00:00:00.000000000,ADA 32,Jose Antonio Licea,Leo's Service Station,Fuel,,,Joey,10020
10021,2026-05-25 00:00:00.000000000,ADA 32,Juan Perez,Texcon,Fuel,,,Joey,10021
10022,2026-05-25 00:00:00.000000000,ADA 32,Enrique Alvarado,Texcon,Fuel,,,Joey,10022
10023,2026-05-25 00:00:00.000000000,ADA 32,Enrique Alvarado,Leo's Service Station,Fuel,,,Joey,10023
10024,2026-05-25 00:00:00.000000000,ADA 32,Francisco Aguirre,Texcon,Fuel,,,Joey,10024
10025,2026-05-25 00:00:00.000000000,ADA 32,Ulises Lara,Texcon,Fuel,,,Joey,10025
10026,2026-05-25 00:00:00.000000000,ADA 33,Martin Juarez,Texcon,Fuel,,,Joey,10026
10027,2026-05-25 00:00:00.000000000,ADA 32,Miguel Juarez,Texcon,Fuel,,,Joey,10027
10028,2026-05-26 00:00:00.000000000,CPO Burnet Corridor,Isidro Garcia,Texcon,Fuel,,,Joey,10028
10029,2026-05-26 00:00:00.000000000,CPO Burnet Corridor,Isidro Garcia,ACE Contractor Supply,Materials,,,Joey,10029
10030,2026-05-26 00:00:00.000000000,ADA 32,David Molina,Leo's Service Station,Fuel,,,Joey,10030
10031,2026-05-26 00:00:00.000000000,ADA 33,Martin Gonzalez,Texcon,Fuel,,,Joey,10031
10032,2026-05-26 00:00:00.000000000,ADA 32,Juan Perez,Texcon,Fuel,,,Joey,10032
10033,2026-05-26 00:00:00.000000000,ADA 33,Carlos Diaz,Texcon,Fuel,,,Joey,10033
10034,2026-05-26 00:00:00.000000000,ADA 33,Avisai Jimenez,Ferguson Waterworks,Materials,,,Joey,10034
10035,2026-05-26 00:00:00.000000000,ADA 33,Jose Julian Gonzalez,Texcon,Fuel,,,Joey,10035
10036,2026-05-26 00:00:00.000000000,ADA 33,Carlos Diaz,Texcon,Fuel,,,Joey,10036
10037,2026-05-26 00:00:00.000000000,,,,,,,Joey,10037
10038,2026-05-26 00:00:00.000000000,ADA 33,Hector Segura,Texcon,Fuel,,,Joey,10038
10039,2026-05-26 00:00:00.000000000,ADA 32,Martin Gonzalez,Texcon,Fuel,,,Joey,10039
10040,2026-05-26 00:00:00.000000000,ADA 32,Juan Daniel Ortega,ACE Contractor Supply,Materials,,,Joey,10040
10041,2026-05-26 00:00:00.000000000,ADA 33,Jesus G. Rodriguez,Leo's Service Station,Fuel,,,Joey,10041
10042,2026-05-26 00:00:00.000000000,ADA 33,Jesus G. Rodriguez,RSS Steel,Materials,,,Joey,10042
10043,2026-05-26 00:00:00.000000000,ADA 33,Victor Sanchez,Texcon,Fuel,,,Joey,10043
10044,2026-05-27 00:00:00.000000000,ADA 33,Martin Juarez,ACE Contractor Supply,Materials,,,Joey,10044
10045,2026-05-27 00:00:00.000000000,ADA 32,David Molina,ACE Contractor Supply,Materials,,,Joey,10045
10046,2026-05-27 00:00:00.000000000,ADA 33,Jose Gerardo Moreno,Leo's Service Station,Fuel,,,Joey,10046
10047,2026-05-27 00:00:00.000000000,ADA 33,Carlos Diaz,White Cap,Materials,,,Joey,10047
10048,2026-05-27 00:00:00.000000000,ADA 32,Juan Perez,ACE Contractor Supply,Materials,,,Joey,10048
10049,2026-05-27 00:00:00.000000000,ADA 33,Jose Luis Zamarripa,Leo's Service Station,Fuel,,,Joey,10049
10050,2026-05-27 00:00:00.000000000,ADA 32,Jose De La Cerda,Texcon,Fuel,,,Joey,10050
10051,2026-05-27 00:00:00.000000000,ADA 33,Abraham Gonzalez,Texcon,Fuel,,,Joey,10051
10052,2026-05-27 00:00:00.000000000,ADA 32,Jose Antonio Licea,Texcon,Fuel,,,Joey,10052
10053,2026-05-27 00:00:00.000000000,ADA 33,Avisai Jimenez,ACE Contractor Supply,Materials,,,Joey,10053
10054,2026-05-28 00:00:00.000000000,ADA 32,David Molina,Texcon,Fuel,,,Joey,10054
10055,2026-05-28 00:00:00.000000000,ADA 32,David Molina,ACE Contractor Supply,Materials,,,Joey,10055
10056,2026-05-28 00:00:00.000000000,ADA  32,Lupe Juarez,Texcon,Fuel,,,Joey,10056
10057,2026-05-28 00:00:00.000000000,ADA 33,Tito Cueto,Leo's Service Station,Fuel,,,Joey,10057
10058,2026-05-28 00:00:00.000000000,ADA 33,Martin Gonzalez,ACE Contractor Supply,Materials,,,Joey,10058
10059,2026-05-28 00:00:00.000000000,ADA 33,Gerardo Sanchez,ACE Contractor Supply,Materials,,,Joey,10059
10060,2026-05-28 00:00:00.000000000,Mokan Trail,Ruben Cano,ACE Contractor Supply,Materials,,,Joey,10060
10061,2026-05-28 00:00:00.000000000,ADA 32,Enrique Chapa,Leo's Service Station,Fuel,,,Joey,10061
10062,2026-05-28 00:00:00.000000000,ADA 33,Alvaro Aguirre,Texcon,Fuel,,,Joey,10062
10063,2026-05-28 00:00:00.000000000,ADA 33,Hector Segura,Texcon,Fuel,,,Joey,10063
10064,2026-05-28 00:00:00.000000000,ADA 33,Jesus G. Rodriguez,ACE Contractor Supply,Materials,,,Joey,10064
10065,2026-05-29 00:00:00.000000000,ADA 33,Martin Juarez,Texcon,Fuel,,,Joey,10065
10066,2026-05-29 00:00:00.000000000,ADA 33,Alvaro Aguirre,Texcon,Fuel,,,Joey,10066
10067,2026-05-29 00:00:00.000000000,CMTA IDIQ,Pedro Limon,Ferguson Waterworks,Materials,,,Joey,10067
10068,2026-05-29 00:00:00.000000000,ADA 33,Luis Perez,Centerline Supply,Materials,,,Joey,10068
10069,2026-05-29 00:00:00.000000000,ADA 33,Martin Gonzalez,Elliott Electric,Materials,,,Joey,10069
10070,2026-05-29 00:00:00.000000000,ADA 33,Lupe Juarez,CMC,Materials,,,Joey,10070
10071,2026-05-29 00:00:00.000000000,ADA 33,Ignacio Fuentes,ACT Pipe Supply,Materials,,,Joey,10071
10072,2026-05-29 00:00:00.000000000,Mokan Trail,Ruben Cano,ACE Contractor Supply,Materials,,,Joey,10072
10073,2026-05-29 00:00:00.000000000,ADA 32,Eduardo Valenzuela,Leo's Service Station,Fuel,,,Joey,10073
10074,2026-05-29 00:00:00.000000000,ADA 32,David Molina,ACE Contractor Supply,Materials,,,Joey,10074
10075,2026-05-29 00:00:00.000000000,CLMC1093,Jose A. Zamarripa,Leos or Texcon,Fuel,,,Joey,10075
10076,2026-05-29 00:00:00.000000000,ADA 32,Francisco Aguirre,Texcon,Fuel,,,Joey,10076
10077,2026-06-01 00:00:00.000000000,ADA 33,Omar Hernandez,ACE Contractor Supply,Materials,,,Joey,10077
10078,2026-06-01 00:00:00.000000000,CMTA IDIQ,Pedro Limon,Texcon,Fuel,,,Joey,10078
10079,2026-06-01 00:00:00.000000000,Mokan Trail,Ruben Cano,ACE Contractor Supply,Materials,,,Joey,10079
10080,2026-06-01 00:00:00.000000000,ADA 32,Juan Daniel Ortega,Texcon,Fuel,,,Joey,10080
10081,2026-06-01 00:00:00.000000000,ADA 33,Hector Segura,Texcon,Fuel,,,Joey,10081
10082,2026-06-01 00:00:00.000000000,CMTA IDIQ,Pedro Limon,ACE Contractor Supply,Materials,,,Joey,10082
10083,2026-06-01 00:00:00.000000000,ADA 33,Martin Gonzalez,Texcon,Fuel,,,Joey,10083
10084,2026-06-01 00:00:00.000000000,ADA 32,Ignacio Fuentes,ACT Pipe Supply,Materials,,,Joey,10084
10085,2026-06-01 00:00:00.000000000,,,,,,,Joey,10085
10086,2026-06-01 00:00:00.000000000,ADA 33,Lupe Juarez,TX Crushed Stone,48 tons crushed 3/8,,,Joey,10086
10087,2026-06-01 00:00:00.000000000,ADA 33,Jose Julian Gonzalez,ACE Contractor Supply,Materials,,,Joey,10087
10088,2026-06-01 00:00:00.000000000,ADA 33,Avisai jimenez,ACE Contractor Supply,Materials,,,Joey,10088
10089,2026-06-01 00:00:00.000000000,ADA 33,Jose Antonio Licea,Texcon,Fuel,,,Joey,10089
10090,2026-06-01 00:00:00.000000000,,Martin Gonzalez,CMC,Materials,,,Joey,10090
10091,2026-06-01 00:00:00.000000000,ADA 33,Avisai Jimenez,Texcon,Fuel,,,Joey,10091
10092,2026-06-01 00:00:00.000000000,ADA 33,Carlos Diaz,Texcon,fuel,,,Joey,10092
10093,2026-06-02 00:00:00.000000000,CPO Burnet Corridor,Isidro Garcia,Texcon,Fuel,,,Joey,10093
10094,2026-06-02 00:00:00.000000000,ADA 32,Diego Vazquez,ACE Contractor Supply,Materials,,,Joey,10094
10095,2026-06-02 00:00:00.000000000,ADA 32,Diego Vazquez,Leo's Service Station,Fuel,,,Joey,10095
10096,2026-06-02 00:00:00.000000000,ADA 33,Alvaro Aguirre,ACE Contractor Supply,Materials,,,Joey,10096
10097,2026-06-02 00:00:00.000000000,ADA 32,Miguel Juarez,Texcon,Fuel,,,Joey,10097
10098,2026-06-02 00:00:00.000000000,ADA 32,Miguel Juarez,ACE Contractor Supply,Materials,,,Joey,10098
10099,2026-06-02 00:00:00.000000000,ADA 32,Lupe Juarez,ACT Pipe Supply,Materials,,,Joey,10099
10100,2026-06-02 00:00:00.000000000,ADA 33,Gerardo Sanchez,Texcon,Fuel,,,Joey,10100
10101,2026-06-02 00:00:00.000000000,ADA 33,Juan Daniel Ortega,ACE Contractor Supply,Materials,,,Joey,10101
10102,2026-06-02 00:00:00.000000000,ADA 32,Miguel Juarez,RSS Steel,Materials,,,Joey,10102
10103,2026-06-02 00:00:00.000000000,CMTA IDIQ,Hector Manzanares,Texcon,Fuel,,,Joey,10103
10104,2026-06-02 00:00:00.000000000,ADA 32,Enrique Alvarado,ACE Contractor Supply,Materials,,,Joey,10104
10105,2026-06-02 00:00:00.000000000,ADA 33,Jose De La Cerda,Texcon,Fuel,,,Joey,10105
10106,2026-06-03 00:00:00.000000000,CMTA IDIQ,Pedro Limon,ACE Contractor Supply,Materials,,,Joey,10106
10107,2026-06-03 00:00:00.000000000,ADA 32,Enrique Chapa,Leo's Service Station,Fuel,,,Joey,10107
10108,2026-06-03 00:00:00.000000000,ADA 33,Alvaro Aguirre,Texcon,Fuel,,,Joey,10108
10109,2026-06-03 00:00:00.000000000,ADA 32,J. Gerardo Garcia,Leo's Service Station,Fuel,,,Joey,10109
10110,2026-06-03 00:00:00.000000000,ADA 33,Ulises Lara,ACE Contractor Supply,Materials,,,Joey,10110
10111,2026-06-03 00:00:00.000000000,ADA 33,Ignacio Fuentes,ACT Pipe Supply,Materials,,,Joey,10111
10112,2026-06-03 00:00:00.000000000,ADA 33,Martin Gonzalez,ACE Contractor Supply,Materials,,,Joey,10112
10113,2026-06-03 00:00:00.000000000,ADA 32,Lupe Juarez,Leo's Service Station,Fuel,,,Joey,10113
10114,2026-06-03 00:00:00.000000000,CPO Burnet Corridor,Rogelio Lopez,Texcon,Fuel,,,Joey,10114
10115,2026-06-03 00:00:00.000000000,ADA 32,Juan Daniel Ortega,ACE Contractor Supply,Materials,,,Joey,10115
10116,2026-06-03 00:00:00.000000000,ADA 33,Simon Martinez,Centerline,City Poles,,,Joey,10116
10117,2026-06-03 00:00:00.000000000,ADA 33,Ulises Lara,ACE Contractor Supply,Materials,,,Joey,10117
10118,2026-06-03 00:00:00.000000000,ADA 33,Abraham Gonzalez,Texcon,Fuel,,,Joey,10118
10119,2026-06-03 00:00:00.000000000,ADA 33,Avisai Jimenez,ACE Contractor Supply,Materials,,,Joey,10119
10120,2026-06-03 00:00:00.000000000,Mokan Trail,Ruben Cano,Leo's Service Station,Fuel,,,Joey,10120
10121,2026-06-03 00:00:00.000000000,ADA 32,Miguel Juarez,ACT Pipe Supply,Materials,,,Joey,10121
10122,2026-06-03 00:00:00.000000000,CLMC1093,Martin Gonzalez,ACE Contractor Supply,Materials,,,Joey,10122
10123,2026-06-03 00:00:00.000000000,CPO Burnet Corridor,Isidro Garcia,ACE Contractor Supply,Materials,,,Joey,10123
10124,2026-06-03 00:00:00.000000000,ADA 32,Francisco Aguirre,Texcon,Fuel,,,Joey,10124
10125,2026-06-03 00:00:00.000000000,ADA 32,Francisco Aguirre,ACE Contractor Supply,Materials,,,Joey,10125
10126,2026-06-03 00:00:00.000000000,ADA 33,Jesus G. Rodriguez,Leo's Service Station,Fuel,,,Joey,10126
10127,2026-06-04 00:00:00.000000000,ADA 32,Pedro Limon,Texcon,Fuel,,,Joey,10127
10128,2026-06-04 00:00:00.000000000,ADA 32,Diego Vazquez,ACE Contractor Supply,Materials,,,Joey,10128
10129,2026-06-04 00:00:00.000000000,ADA 32,Jose Antonio Licea,Texcon,Fuel,,,Joey,10129
10130,2026-06-04 00:00:00.000000000,ADA 33,Victor Sanchez,Texcon,Fuel,,,Joey,10130
10131,2026-06-04 00:00:00.000000000,ADA 33,Miguel Juarez,ACE Contractor Supply,Materials,,,Joey,10131
10132,2026-06-04 00:00:00.000000000,ADA 32,Francis Echevestre,Texcon,Fuel,,,Joey,10132
10133,2026-06-04 00:00:00.000000000,ADA 33,Luis Perez,Centerline,Materials,,,Joey,10133
10134,2026-06-04 00:00:00.000000000,CLMC1093,Martin Gonzalez,ACE Contractor Supply,Materials,,,Joey,10134
10135,2026-06-05 00:00:00.000000000,ADA 33,Martin Juarez,ACE Contractor Supply,Materials,,,Joey,10135
10136,2026-06-05 00:00:00.000000000,ADA 33,Martin Juarez,Texcon,Fuel,,,Joey,10136
10137,2026-06-05 00:00:00.000000000,ADA 32,Sergio Nino ,Texcon,Fuel,,,Joey,10137
10138,2026-06-05 00:00:00.000000000,ADA 33,Miguel Juarez,Leo's Service Station,Fuel,,,Joey,10138
10139,2026-06-05 00:00:00.000000000,ADA 32,David Molina,Leo's Service Station,Fuel,,,Joey,10139
10140,2026-06-05 00:00:00.000000000,ADA 32,Lupe Juarez,Texcon,Fuel,,,Joey,10140
10140,2026-06-05 00:00:00.000000000,ADA 33,Ulises Lara,Texcon,Fuel,,,Joey,10140
10141,2026-06-05 00:00:00.000000000,CMTA IDIQ,Pedro Limon ,Elliott Ellectric Supply ,Materials,,,Joey,10141
10142,2026-06-05 00:00:00.000000000,CLMC1093,Martin Gonzalez,Texcon,Fuel,,,Joey,10142
10143,2026-06-05 00:00:00.000000000,ADA 33,Rafael Perez,Texcon ,Fuel,,,Joey,10143
10144,2026-06-05 00:00:00.000000000,ADA 32,David Molina,Leo's Service Station,Fuel,,,Joey,10144
10145,2026-06-08 00:00:00.000000000,ADA 32,Hector Segura,Texcon,Fuel,,,Joey,10145
10146,2026-06-08 00:00:00.000000000,ADA 32,Enrique Alvarado,Leo's Service Station,Fuel,,,Joey,10146
10147,2026-06-08 00:00:00.000000000,ADA 32,Enrique Alvarado,Texcon,Fuel,,,Joey,10147
10148,2026-06-08 00:00:00.000000000,ADA 32,Juan Daniel Ortega,Texcon,Fuel,,,Joey,10148
10149,2026-06-08 00:00:00.000000000,ADA 33,Jose Antonio Licea,Texcon,Fuel,,,Joey,10149
10150,2026-06-08 00:00:00.000000000,CLMC1093,Jose A Zamarripa,Texcon,Fuel,,,Joey,10150
10151,2026-06-08 00:00:00.000000000,ADA 33,Abraham Gonzales,Texcon,Fuel,,,Joey,10151
10152,2026-06-08 00:00:00.000000000,ADA 32,Pedro Limon,ACE Contractor Supply,Materials,,,Joey,10152
10153,2026-06-08 00:00:00.000000000,ADA 33,Isidro Sanchez,RSS Steel Supply,Materials,,,Joey,10153
10154,2026-06-08 00:00:00.000000000,ADA 33,Avisai Jimenez,Texcon,Fuel,,,Joey,10154
10155,2026-06-08 00:00:00.000000000,ADA 32,Omar Hernandez,ACE Contractor Supply,Materials,,,Joey,10155
10156,2026-06-08 00:00:00.000000000,ADA 33,Gerardo Sanchez,ACE Contractor Supply,Materials,,,Joey,10156
10157,2026-06-08 00:00:00.000000000,ADA 33,Juan Perez,Texcon,Fuel,,,Joey,10157
10158,2026-06-09 00:00:00.000000000,ADA 32,David Molina,ACE Contractor Supply,Materials,,,Joey,10158
10159,2026-06-09 00:00:00.000000000,CPO Burnet Corridor,Isidro Garcia,Texcon,Fuel,,,Joey,10159
10160,2026-06-09 00:00:00.000000000,ADA 33,Jose Julian Garcia,Texcon,Fuel,,,Joey,10160
10161,2026-06-09 00:00:00.000000000,ADA 32,Jesus G Rodriguez,Texcon,Fuel,,,Joey,10161
10162,2026-06-09 00:00:00.000000000,ADA 33,Jose Luis Zamarripa,Elliott Electric Supply,Materials,,,Joey,10162
10163,2026-06-09 00:00:00.000000000,ADA 32,Diego Vazquez,ACE Contractor Supply,Materials,,,Joey,10163
10164,2026-06-09 00:00:00.000000000,ADA 33,Jose Julian Gonzalez,White Cap,Materials,,,Joey,10164
10165,2026-06-09 00:00:00.000000000,ADA 32,Enrique Chapa,Leo's Service Station,Fuel,,,Joey,10165
10166,2026-06-09 00:00:00.000000000,ADA 32,Jose De La Cerda,Texcon,Fuel,,,Joey,10166
10167,2026-06-09 00:00:00.000000000,CLMC1093,Jose A Zamarripa,ACE Contractor Supply,Materials,,,Joey,10167
10167,2026-06-09 00:00:00.000000000,ADA 33,Francis Echevestre,Texcon,Fuel,,,Joey,10167
10168,2026-06-09 00:00:00.000000000,CMTA IDIQ,Hector Manzanares,Texcon,Fuel,,,Joey,10168
10169,2026-06-09 00:00:00.000000000,CMTA IDIQ,Hector Manzanares,Sherwin Williams,Paint,,,Joey,10169
10170,2026-06-09 00:00:00.000000000,ADA 32,Miguel Juarez,Leo's Service Station,Fuel,,,Joey,10170
10171,2026-06-09 00:00:00.000000000,ADA 33,Jose Luis Zamarripa,Leo's Service Station,Fuel,,,Joey,10171
10172,2026-06-09 00:00:00.000000000,CLMC1093,Mario Munoz,ACT Pipe Supply,Materials,,,Joey,10172
10173,2026-06-09 00:00:00.000000000,ADA 32,Francisco Aguirre,Texcon,Fuel,,,Joey,10173
10174,2026-06-10 00:00:00.000000000,ADA 32,Pedro Limon,ACE Contractor Supply,Materials,,,Joey,10174
10175,2026-06-10 00:00:00.000000000,ADA 32,Pedro Limon,Texcon,Fuel,,,Joey,10175
10176,2026-06-10 00:00:00.000000000,ADA 33,Diego Vazquez,ACE Contractor Supply,Materials,,,Joey,10176
10177,2026-06-10 00:00:00.000000000,ADA 33,Abraham Gonzales,Texcon,Fuel,,,Joey,10177
10178,2026-06-10 00:00:00.000000000,CMTA IDIQ,Hector Manzanares,Sherwin Williams,Paint,,,Joey,10178
10179,2026-06-10 00:00:00.000000000,ADA 33,Isidro Sanchez,Elliott Electric Supply,Materials,,,Joey,10179
10180,2026-06-10 00:00:00.000000000,ADA 33,Ulises Lara,Texcon,Fuel,,,Joey,10180
10181,2026-06-11 00:00:00.000000000,ADA 33,Martin Juarez,Texcon,Fuel,,,Joey,10181
10182,2026-06-11 00:00:00.000000000,ADA 33,Martin Juarez,ACE Contractor Supply,Materials,,,Joey,10182
10183,2026-06-11 00:00:00.000000000,ADA 32,Hector Segura,Texcon,Fuel,,,Joey,10183
10184,2026-06-11 00:00:00.000000000,ADA 32,Juan Daniel Ortega,ACE Contractor Supply,Materials,,,Joey,10184
10185,2026-06-11 00:00:00.000000000,ADA 33,Diego Vazquez,ACE Contractor Supply,Materials,,,Joey,10185
10186,2026-06-11 00:00:00.000000000,Mokan Trail,Ruben Cano,ACE Contractor Supply,Materials,,,Joey,10186
10187,2026-06-11 00:00:00.000000000,ADA 32,Francisco Aguirre,Texcon,Fuel,,,Joey,10187
10188,2026-06-11 00:00:00.000000000,ADA 32,Miguel Juarez,ACE Contractor Supply,Materials,,,Joey,10188
10189,2026-06-11 00:00:00.000000000,CMTA IDIQ,Hector Manzanares,ACE Contractor Supply,Materials,,,Joey,10189
10190,2026-06-11 00:00:00.000000000,ADA 33,Alvaro Aguirre,Texcon,Fuel,,,Joey,10190
10191,2026-06-11 00:00:00.000000000,ADA 33,Gerardo Sanchez,Texcon,Fuel,,,Joey,10191
10192,2026-06-11 00:00:00.000000000,ADA 33,Jose Antonio Licea,Texcon,Fuel,,,Joey,10192
10193,2026-06-11 00:00:00.000000000,ADA 33,Carlos Diaz,Texcon,Fuel,,,Joey,10193
10194,2026-06-11 00:00:00.000000000,ADA 33,Carlos Diaz,White Cap,Fuel,,,Joey,10194
10195,2026-06-11 00:00:00.000000000,ADA 32,Juan Daniel Ortega,Texcon,Fuel,,,Joey,10195
10196,2026-06-11 00:00:00.000000000,ADA 33,Martin Gonzalez,Leo's Service Station,Fuel,,,Joey,10196
10197,2026-06-11 00:00:00.000000000,ADA 33,Lupe Juarez,ACT Pipe Supply,Materials,,,Joey,10197
10198,2026-06-11 00:00:00.000000000,ADA 33,Lupe Juarez,Texcon,Fuel,,,Joey,10198
10199,2026-06-12 00:00:00.000000000,CPO Burnet Corridor,Isidro Garcia,Texcon,Fuel,,,Joey,10199
10200,2026-06-12 00:00:00.000000000,ADA 33,Diego Vazquez,ACE Contractor Supply,Materials,,,Joey,10200
10201,2026-06-12 00:00:00.000000000,ADA 32,Miguel Juarez,Leo's Service Station,Fuel,,,Joey,10201
10202,2026-06-12 00:00:00.000000000,ADA 32,Sergio Nino,Texcon,Fuel,,,Joey,10202
10203,2026-06-12 00:00:00.000000000,ADA 33,Avisai Jimenez,Leo's Service Station,Fuel,,,Joey,10203
10204,2026-06-12 00:00:00.000000000,ADA 33,Ulises Lara,ACE Contractor Supply,Materials,,,Joey,10204
10205,2026-06-12 00:00:00.000000000,ADA 33,Lupe Juarez,TX Crushed Stone,24 tons - base,,,Joey,10205
10206,2026-06-12 00:00:00.000000000,ADA 33,Ulises Lara,Texcon,Fuel,,,Joey,10206
10207,2026-06-12 00:00:00.000000000,ADA 32,Juan Daniel Ortega,Geosolutions,Materials,,,Joey,10207
10208,2026-06-12 00:00:00.000000000,ADA 33,Jesus G Rodriguez,Leo's Service Station,Fuel,,,Joey,10208
10209,2026-06-12 00:00:00.000000000,ADA 33,Abraham Gonzales,Texcon,Fuel,,,Joey,10209
10210,2026-06-15 00:00:00.000000000,ADA 32,Juan Perez,Texcon,Fuel,,,Joey,10210
10211,2026-06-15 00:00:00.000000000,ADA 33,Jose Antonio Licea,Texcon,Fuel,,,Joey,10211
10212,2026-06-16 00:00:00.000000000,ADA 32,Hector Segura,Texcon,Fuel,,,Joey,10212
10213,2026-06-16 00:00:00.000000000,ADA 33,Victor Sanchez,ACE Contractor Supply,Materials,,,Joey,10213
10214,2026-06-16 00:00:00.000000000,CMTA IDIQ,Pedro Limon,ACE Contractor Supply,Materials,,,Joey,10214
10215,2026-06-16 00:00:00.000000000,CMTA IDIQ,Pedro Limon,Texcon,Fuel,,,Joey,10215
10216,2026-06-16 00:00:00.000000000,ADA 32,Enrique Alvarado,Leo's Service Station,Fuel,,,Joey,10216
10217,2026-06-16 00:00:00.000000000,ADA 32,David Molina,Texcon,Fuel,,,Joey,10217
10218,2026-06-16 00:00:00.000000000,CLMC1093,José A. Zamarripa,ACE Contractor Supply,Materials,,,Joey,10218
10219,2026-06-16 00:00:00.000000000,Mokan Trail,Ruben Cano,ACE Contractor Supply,Materials,,,Joey,10219
10220,2026-06-16 00:00:00.000000000,ADA 33,Avisai Jimenez,Texcon,Fuel,,,Joey,10220
10221,2026-06-16 00:00:00.000000000,ADA 33,Avisai Jimenez,ACE Contractor Supply,Materials,,,Joey,10221
10222,2026-06-16 00:00:00.000000000,ADA 33,Lupe Juarez,CMC,Materials,,,Joey,10222
10223,2026-06-16 00:00:00.000000000,ADA 32,Jose Luis Zamarripa,Elliott Electric Supply,Materials,,,Joey,10223
10224,2026-06-16 00:00:00.000000000,ADA 33,Isidro Sanchez,,,,,Joey,10224
10225,2026-06-17 00:00:00.000000000,ADA 32,Enrique Chapa,Leo's Service Station,Fuel,,,Joey,10225
10226,2026-06-17 00:00:00.000000000,Mokan Trail,Ruben Cano,Texcon,Fuel,,,Joey,10226
10227,2026-06-17 00:00:00.000000000,ADA 32,Francisco Aguirre,ACE Contractor Supply,Materials - Wood,,,Joey,10227
10228,2026-06-17 00:00:00.000000000,ADA 33,Victor Sanchez,Texcon,Fuel,,,Joey,10228
10229,2026-06-17 00:00:00.000000000,ADA 32,Miguel Juarez,Leo's Service Station,Fuel,,,Joey,10229
10230,2026-06-17 00:00:00.000000000,ADA 33,Victor Sanchez,ACE Contractor Supply,Materials - blower,,,Joey,10230
10231,2026-06-17 00:00:00.000000000,CLMC1093,"Ignacio ""Nacho"" Fuentes",ACT Pipe Supply,"2 x 1 1/2"" Cuplings",,,Joey,10231
10232,2026-06-17 00:00:00.000000000,ADA 33,Jesus G Rodriguez,White Cap,         ,,,Joey,10232
10233,2026-06-17 00:00:00.000000000,CMTA IDIQ,Pedfo Limon,ACE Contractor Supply,Materials,,,Joey,10233
10234,2026-06-17 00:00:00.000000000,ADA 33,Jose Julian Gonzalez,RSS,Materials,,,Joey,10234
10235,2026-06-17 00:00:00.000000000,MFO,Marcela Castaneda,ACE Contractor Supply,Materials,,,Joey,10235
10236,2026-06-17 00:00:00.000000000,ADA 33,Francis Echevestre,Texcon,Fuel,,,Joey,10236
10237,2026-06-17 00:00:00.000000000,CPO Burnet Corridor,Jose Antonio Licea,Texcon,Fuel,,,Joey,10237
10238,2026-06-17 00:00:00.000000000,,,,,,,Joey,10238
10239,2026-06-17 00:00:00.000000000,CLMC1093,Jose A. Zamarripa,ACE Contractor Supply,Materials - Cement,,,Joey,10239
10240,2026-06-17 00:00:00.000000000,CLMC1093,Jose A. Zamarripa,Texcon,Fuel,,,Joey,10240
10241,2026-06-17 00:00:00.000000000,ADA 33,Rafael Perez,Texcon,Fuel,,,Joey,10241
10242,2026-06-17 00:00:00.000000000,ADA 33,Jesus G Rodriguez,Leo's Service Station,Fuel,,,Joey,10242
10243,2026-06-18 00:00:00.000000000,ADA 33,Ulises Lara,Elliott Electric Supply,Materials,,,Joey,10243
10244,2026-06-18 00:00:00.000000000,ADA 32,Juan Perez,Elliott Electric Supply,Materials,,,Joey,10244
10245,2026-06-18 00:00:00.000000000,ADA 32,Juan Perez,ACE Contractor Supply,Materials,,,Joey,10245
10246,2026-06-18 00:00:00.000000000,ADA 32,Juan Perez,Elliott Electric Supply,Materials,,,Joey,10246
10247,2026-06-18 00:00:00.000000000,ADA 33,Eduardo Valenzuela,Leo's Service Station,Fuel,,,Joey,10247
10248,2026-06-18 00:00:00.000000000,ADA 32,Abraham Gonzales,Texcon,Fuel,,,Joey,10248
10249,2026-06-18 00:00:00.000000000,ADA 32,Francisco Aguirre,Texcon,Fuel,,,Joey,10249
10250,2026-06-18 00:00:00.000000000,ADA 33,Lupe Juarez,TX Crushed Stone,24 tons of 3/8 gravel,,,Joey,10250
10251,2026-06-18 00:00:00.000000000,ADA 32,Juan Daniel Ortega,Texcon,Fuel,,,Joey,10251
10252,2026-06-18 00:00:00.000000000,ADA 33,Jose Luis Zamarripa,Leo's Service Station,Fuel,,,Joey,10252
10253,2026-06-18 00:00:00.000000000,ADA 32,Enrique Alvarado,Texcon,Fuel,,,Joey,10253
10254,2026-06-18 00:00:00.000000000,ADA 33,Jesus G Rodriguez,Texcon,Fuel,,,Joey,10254
10255,2026-06-18 00:00:00.000000000,ADA 33,Ulises Lara,Texcon,Fuel,,,Joey,10255
10256,2026-06-19 00:00:00.000000000,ADA 32,Hector Segura,Texcon,Fuel,,,Joey,10256
10257,2026-06-19 00:00:00.000000000,ADA 33,Abraham Gonzales,Texcon,Fuel,,,Joey,10257
10257,2026-06-19 00:00:00.000000000,ADA 33,Andy Hernandez,Texcon,Fuel,,,Joey,10257
10258,2026-06-19 00:00:00.000000000,ADA 33,Ulises Lara,Elliott Electric Supply,Materials,,,Joey,10258
10259,2026-06-19 00:00:00.000000000,ADA 32,Juan Perez,ACE Contractor Supply,Materials,,,Joey,10259
10260,2026-06-19 00:00:00.000000000,ADA 32,Francisco Aguirre,Elliott Electric Supply,Materials,,,Joey,10260
10261,2026-06-19 00:00:00.000000000,ADA 33,Jose Luis Zamarripa,Elliott Electric Supply,Materials,,,Joey,10261
10262,2026-06-19 00:00:00.000000000,ADA 32,Martin Gonzalez,ACE Contractor Supply,Materials,,,Joey,10262
10263,2026-06-19 00:00:00.000000000,ADA 32,Martin Gonzalez,Texcon,Fuel,,,Joey,10263
10264,2026-06-19 00:00:00.000000000,ADA 33,Gerardo Sanchez,ACE Contractor Supply,Materials,,,Joey,10264
10265,2026-06-19 00:00:00.000000000,ADA 33,Gerardo Sanchez,Texcon,Fuel,,,Joey,10265
10266,2026-06-19 00:00:00.000000000,ADA 33,Rafael Perez,Texcon,Fuel,,,Joey,10266
10267,2026-06-22 00:00:00.000000000,ADA 32,Hector Segura,Texcon,Fuel,,,Joey,10267
10268,2026-06-22 00:00:00.000000000,ADA 32,Abraham Gonzales,Texcon,Fuel,,,Joey,10268
10269,2026-06-22 00:00:00.000000000,CMTA IDIQ,Pedro Limon,Texcon,Fuel,,,Joey,10269
10270,2026-06-22 00:00:00.000000000,CPO Burnet Corridor,Isidro Garcia,Texcon,Fuel,,,Joey,10270
10271,2026-06-22 00:00:00.000000000,ADA 33,Jose A Zamarripa,ACE Contractor Supply,Materials,,,Joey,10271
10271,2026-06-22 00:00:00.000000000,ADA 33,Ulises Lara,ACE Contractor Supply,Materials,,,Joey,10271
10272,2026-06-22 00:00:00.000000000,ADA 33,Ulises Lara,Texcon,Fuel,,,Joey,10272
10273,2026-06-22 00:00:00.000000000,CPO Burnet Corridor,Francis Echevestre,Texcon,Fuel,,,Joey,10273
10274,2026-06-22 00:00:00.000000000,CMTA IDIQ,Hector Manzanares,Leo's Service Station,Fuel,,,Joey,10274
10275,2026-06-22 00:00:00.000000000,ADA 32,Jose Luis Zamarripa,Leo's Service Station,Fuel,,,Joey,10275
10276,2026-06-22 00:00:00.000000000,ADA 33,Ulises Lara,ACE Contractor Supply,Materials,,,Joey,10276
10277,2026-06-19 00:00:00.000000000,ADA 32,Lupe Juarez,Texcon,Fuel,,,Joey,10277
10278,2026-06-23 00:00:00.000000000,ADA 33,Martin Juarez,Texcon,Fuel,,,Joey,10278
10279,2026-06-23 00:00:00.000000000,ADA 33,Rafael Perez,Texcon,Fuel,,,Joey,10279
10280,2026-06-23 00:00:00.000000000,ADA 33,Martin Juarez,ACE Contractor Supply,Materials,,,Joey,10280
10281,2026-06-23 00:00:00.000000000,ADA 32,Ignacio Nacho Fuentes,ACT Pipe Supply,Materials,,,Joey,10281
10282,2026-06-23 00:00:00.000000000,ADA 32,David Molina,Leo's Service Station,Fuel,,,Joey,10282
10283,2026-06-23 00:00:00.000000000,ADA 33,Jesus G Rodriguez,RSS Steel,Materials,,,Joey,10283
10284,2026-06-23 00:00:00.000000000,ADA 32,Simon Martinez,Road Safe,Traffic Control,,,Joey,10284
10285,2026-06-23 00:00:00.000000000,ADA 32,Simon Martinez,Road Safe,Traffic Control,,,Joey,10285
10286,2026-06-23 00:00:00.000000000,ADA 32,Jose De La Cerda,Texcon,Fuel,,,Joey,10286
10287,2026-06-23 00:00:00.000000000,ADA 33,Avisai Jimenez,Leo's Service Station,Fuel,,,Joey,10287
10288,2026-06-23 00:00:00.000000000,ADA 32,Sergio Nino,Texcon,Fuel,,,Joey,10288
10289,2026-06-23 00:00:00.000000000,ADA 33,Carlos Diaz,Texcon,Fuel,,,Joey,10289
10290,2026-06-23 00:00:00.000000000,ADA 33,Simon Martinez,Road Safe,Traffic Control,,,Joey,10290
10291,2026-06-23 00:00:00.000000000,ADA 33,Jesus G Rodriguez,Leo's Service Station,Fuel,,,Joey,10291
10292,2026-06-23 00:00:00.000000000,ADA 32,Simon Martinez,Lite & Barricade,Traffic Control,,,Joey,10292
10293,2026-06-23 00:00:00.000000000,ADA 32,Miguel Juarez,Texcon,Fuel,,,Joey,10293
10294,2026-06-23 00:00:00.000000000,ADA 32,Juan Perez,Texcon,Fuel,,,Joey,10294
10295,2026-06-23 00:00:00.000000000,ADA 32,Francisco Aguirre,Texcon,Fuel,,,Joey,10295
10296,2026-06-23 00:00:00.000000000,ADA 33,Ulises Lara,Texcon,Fuel,,,Joey,10296
10297,2026-06-23 00:00:00.000000000,ADA 33,Jesus G Rodriguez,ACE Contractor Supply,Materials,,,Joey,10297
10298,2026-06-23 00:00:00.000000000,ADA 33,Gerardo Sanchez,ACE Contractor Supply,Materials,,,Joey,10298
10299,2026-06-24 00:00:00.000000000,ADA 32,Juan Perez,ACE Contractor Supply,Materials,,,Joey,10299
10300,2026-06-24 00:00:00.000000000,ADA 33,Enrique Chapa,Leo's Service Station,Fuel,,,Joey,10300
10301,2026-06-24 00:00:00.000000000,ADA 32,Martin Gonzalez,Leo's Service Station,Fuel,,,Joey,10301
10302,2026-06-24 00:00:00.000000000,ADA 32,Simon Martinez,Centerline Supply,Traffic Control,,,Joey,10302
10303,2026-06-24 00:00:00.000000000,ADA 32,Hector Segura,Texcon,Fuel,,,Joey,10303
10304,2026-06-24 00:00:00.000000000,ADA 33,Jesus G Rodriguez,RSS Steel Supply,Materials,,,Joey,10304
10305,2026-06-24 00:00:00.000000000,CLMC 1093,José A. Zamarripa,Texcon,Fuel,,,Joey,10305
10306,2026-06-24 00:00:00.000000000,ADA 33,Simon Martinez,Grizzco Supply,Materials,,,Joey,10306
10307,2026-06-24 00:00:00.000000000,ADA 32,Abraham Gonzales,Texcon,Fuel,,,Joey,10307
10308,2026-06-24 00:00:00.000000000,ADA 32,Enrique Alvarado,Leo's Service Station,Fuel,,,Joey,10308
10309,2026-06-25 00:00:00.000000000,CMTA IDIQ,Pedro Limon,Texcon,Fuel,,,Joey,10309
10310,2026-06-25 00:00:00.000000000,ADA 32,Pedro Limon,ACE Contractor Supply,Materials,,,Joey,10310
10311,2026-06-25 00:00:00.000000000,ADA 33,Jose Luis Zamarripa,Leo's Service Station,Fuel,,,Joey,10311
10312,2026-06-25 00:00:00.000000000,ADA 33,Avisai Jimenez,White Cap,Materials,,,Joey,10312
10313,2026-06-25 00:00:00.000000000,ADA 33,Alvaro Aguirre,White Cap,Materials,,,Joey,10313
10314,2026-06-25 00:00:00.000000000,ADA 33,Lupe Juarez,Texcon,Fuel,,,Joey,10314
10315,2026-06-25 00:00:00.000000000,ADA 33,Diego Vazquez,ACE Contractor Supply,Materials,,,Joey,10315
10316,2026-06-25 00:00:00.000000000,ADA 33,Lupe Juarez,CMC,Materials,,,Joey,10316
10317,2026-06-25 00:00:00.000000000,ADA 32,Simon Martinez,Centerline,Traffic Control,,,Joey,10317
10318,2026-06-25 00:00:00.000000000,ADA 33,Jose Julian Gonzalez,Texcon,Fuel,,,Joey,10318
10319,2026-06-25 00:00:00.000000000,ADA 33,Ulises Lara,Elliott Electric Supply,Materials,,,Joey,10319
10320,2026-06-26 00:00:00.000000000,ADA 33,Hector Segura,Texcon,Fuel,,,Joey,10320
10321,2026-06-26 00:00:00.000000000,Mokan Trail,Ruben Cano,ACE Contractor Supply,Materials,,,Joey,10321
10322,2026-06-26 00:00:00.000000000,ADA 33,Rafael Perez,Texcon,Fuel,,,Joey,10322
10323,2026-06-26 00:00:00.000000000,ADA 32,Jose De La Cerda,Texcon,Fuel,,,Joey,10323
10324,2026-06-26 00:00:00.000000000,CPO Burnet Corridor,Isidro Garcia,Leo's Service Station,Fuel,,,Joey,10324
10325,2026-06-26 00:00:00.000000000,ADA 33,Lupe Juarez,ACE Contractor Supply,Materials,,,Joey,10325
10326,2026-06-26 00:00:00.000000000,CPO Burnet Corridor,Isidro Garcia,Leo's Service Station,Fuel,,,Joey,10326
10327,2026-06-26 00:00:00.000000000,ADA 32,Abraham Gonzales,Texcon,Fuel,,,Joey,10327
10328,2026-06-26 00:00:00.000000000,ADA 33,Jesus G Rodriguez,Leo's Service Station,Fuel,,,Joey,10328
10329,2026-06-26 00:00:00.000000000,ADA 33,Ulises Lara,Texcon,Fuel,,,Joey,10329
10330,2026-06-26 00:00:00.000000000,ADA 32,David Molina,Texcon,Fuel,,,Joey,10330
10331,2026-06-29 00:00:00.000000000,ADA 32,Juan Daniel,ACE Contractor Supply,Materials,,,Joey,10331
10332,2026-06-29 00:00:00.000000000,ADA 32,Pedro Limon,Texcon,Fuel,,,Joey,10332
10333,2026-06-29 00:00:00.000000000,ADA 32,Pedro Limon,ACE Contractor Supply,Materials,,,Joey,10333
10334,2026-06-29 00:00:00.000000000,ADA 33,Miguel Juarez,Texcon,Fuel,,,Joey,10334
10335,2026-06-29 00:00:00.000000000,ADA 33,Diego Vazquez,Texcon,Fuel,,,Joey,10335
10336,2026-06-29 00:00:00.000000000,ADA 32,Simon Martinez,RTC,Traffic Control,,,Joey,10336
10337,2026-06-29 00:00:00.000000000,ADA 32,Segio Nino,Texcon,Fuel,,,Joey,10337
10338,2026-06-29 00:00:00.000000000,ADA 32,Juan Perez,Texcon,Fuel,,,Joey,10338
10339,2026-06-29 00:00:00.000000000,ADA 33,Rafael Perez,Texcon,Fuel,,,Joey,10339
10340,2026-06-29 00:00:00.000000000,ADA 33,Victor Sanchez,ACE Contractor Supply,Materials,,,Joey,10340
10341,2026-06-29 00:00:00.000000000,ADA 33,Victor Sanchez,Texcon,Fuel,,,Joey,10341
10342,2026-06-29 00:00:00.000000000,ADA 32,Sergio Nino,Texcon,Fuel,,,Joey,10342
10343,2026-06-29 00:00:00.000000000,ADA 33,Lupe Juarez,Core & Main,Storm Drain,,,Joey,10343
10344,2026-06-29 00:00:00.000000000,ADA 32,Martin Gonzalez,ACE Contractor Supply,Materials,,,Joey,10344
10344,2026-06-29 00:00:00.000000000,ADA 32,Martin Gonzalez,Texcon,Fuel,,,Joey,10344
10346,2026-06-29 00:00:00.000000000,CPO Burnet Corridor,Isidro Garcia,ACE Contractor Supply,Materials,,,Joey,10346
10347,2026-06-29 00:00:00.000000000,ADA 32,Juan Daniel Ortega,ACE Contractor Supply,Materials,,,Joey,10347
10348,2026-06-30 00:00:00.000000000,ADA 32,Juan Daniel Ortega,Texcon,Fuel,,,Joey,10348
10349,2026-06-30 00:00:00.000000000,ADA 32,David Molina,ACE Contractor Supply,Materials,,,Joey,10349
10350,2026-06-30 00:00:00.000000000,CLMC 1093,Mario Munoz,Leo's Service Station,Fuel,,,Joey,10350
10351,2026-06-30 00:00:00.000000000,CLMC 1093,Jose A. Zamarripa,Texcon,Fuel,,,Joey,10351
10352,2026-06-30 00:00:00.000000000,ADA 33,Enrique Chapa,Leo's Service Station,Fuel,,,Joey,10352
10353,2026-06-30 00:00:00.000000000,ADA 33,Ulises Lara,ACE Contractor Supply,Materials,,,Joey,10353
10354,2026-06-30 00:00:00.000000000,ADA 32,Juan Perez,ACE Contractor Supply,Materials,,,Joey,10354
10355,2026-06-30 00:00:00.000000000,ADA 33,Gerardo Sanchez,Texcon,Fuel,,,Joey,10355
10356,2026-06-30 00:00:00.000000000,,Hector Segura,Texcon,Fuel,,,Joey,10356
10357,2026-06-30 00:00:00.000000000,CLMC 1093,Ruben Cano,Leo's Service Station,Gas,,,Joey,10357
10358,2026-06-30 00:00:00.000000000,ADA 32,Enrique Alvarado,Texcon,Fuel,,,Joey,10358
10359,2026-06-30 00:00:00.000000000,ADA 32,Francisco Aguirre,Texcon,Fuel,,,Joey,10359
10360,2026-06-30 00:00:00.000000000,ADA 32,Juan Daniel Ortega,ACE Contractor Supply,Materials,,,Joey,10360
10361,2026-06-30 00:00:00.000000000,ADA 32,Francisco Aguirre,ACE Contractor Supply,Materials,,,Joey,10361
10362,2026-06-30 00:00:00.000000000,ADA 33,Avisai Jimenez,Texcon,Fuel,,,Joey,10362
10363,2026-06-30 00:00:00.000000000,ADA 33,Martin Gonzalez,ACE Contractor Supply,Materials,,,Joey,10363
10364,2026-07-01 00:00:00.000000000,ADA 33,Avisai Jimenez,ACE Contractor Supply,Materials,,,Joey,10364
10365,2026-07-01 00:00:00.000000000,ADA 33,Diego Vazquez,ACE Contractor Supply,Materials,,,Joey,10365
10366,2026-07-01 00:00:00.000000000,ADA 32,Jose De La Cerda,Texcon,Fuel,,,Joey,10366
10367,2026-07-01 00:00:00.000000000,ADA 33,Martin Gonzalez,ACE Contractor Supply,Materials,,,Joey,10367
10368,2026-07-01 00:00:00.000000000,ADA 32,Abraham Gonzales,Texcon,Fuel,,,Joey,10368
10369,2026-07-01 00:00:00.000000000,ADA 32,Enrique Alvarado,ACE Contractor Supply,Materials,,,Joey,10369
10370,2026-07-01 00:00:00.000000000,ADA 33,Carlos Diaz,Texcon,Fuel,,,Joey,10370
10371,2026-07-01 00:00:00.000000000,ADA 32,Francis Echevestre,Texcon,Fuel,,,Joey,10371
10372,2026-07-01 00:00:00.000000000,ADA 33,Jesus G Rodriguez,Texcon,Fuel,,,Joey,10372
10373,2026-07-01 00:00:00.000000000,Mokan Trail,Ruben Cano,Texcon,Fuel,,,Joey,10373
10374,2026-07-01 00:00:00.000000000,Mokan Trail,Ruben Cano,ACE Contractor Supply,Materials,,,Joey,10374
10375,2026-07-01 00:00:00.000000000,ADA 32,Miguel Juarez,Elliott Electric Supply,Materials,,,Joey,10375
10376,2026-07-01 00:00:00.000000000,ADA 33,Ulises Lara,Texcon,Fuel,,,Joey,10376
10377,2026-07-02 00:00:00.000000000,CPO Burnet Corridor,Rafael Perez,Texcon,Fuel,,,Joey,10377
10378,2026-07-02 00:00:00.000000000,ADA 33,Hector Segura,Texcon,Fuel,,,Joey,10378
10379,2026-07-02 00:00:00.000000000,ADA 33,Hector Segura,ACE Contractor Supply,Materials,,,Joey,10379
10380,2026-07-02 00:00:00.000000000,Mokan Trail,Abraham Gonzales,ACE Contractor Supply,Materials,,,Joey,10380
10381,2026-07-02 00:00:00.000000000,ADA 33,Victor Sanchez,ACE Contractor Supply,Materials,,,Joey,10381
10382,2026-07-02 00:00:00.000000000,ADA 32,Juan Daniel Ortega,ACE Contractor Supply,Materials,,,Joey,10382
10383,2026-07-02 00:00:00.000000000,ADA 33,Jesus G Rodriguez,RSS Steel Supply,MAterials,,,Joey,10383
10384,2026-07-02 00:00:00.000000000,ADA 32,Martin Gonzalez,Texcon,Fuel,,,Joey,10384
10385,2026-07-02 00:00:00.000000000,ADA 33,Miguel Juarez,Texcon,Fuel,,,Joey,10385
10386,2026-07-02 00:00:00.000000000,ADA 32,Martin Gonzalez,Leo's Service Station,Fuel,,,Joey,10386
10387,2026-07-02 00:00:00.000000000,ADA 33,Sergio Nino,Texcon,Fuel,,,Joey,10387
10388,2026-07-02 00:00:00.000000000,ADA 32,Rogelio Lopez,Texcon,Fuel,,,Joey,10388
10389,2026-07-02 00:00:00.000000000,ADA 32,Miguel Juarez,Elliott Electric Supply,Materials,,,Joey,10389
10390,2026-07-02 00:00:00.000000000,ADA 32,Simon Martinez,Centerline Supply,Traffic Control,,,Joey,10390
10391,2026-07-03 00:00:00.000000000,ADA 33,Jose Antonio Licea,Leo's Service Station,Fuel,,,Joey,10391
10392,2026-07-03 00:00:00.000000000,ADA 32,Sergio Nino,Texcon,Fuel,,,Joey,10392
10393,2026-07-03 00:00:00.000000000,ADA 32,Enrique Alvarado,Texcon,Fuel,,,Joey,10393
10394,2026-07-03 00:00:00.000000000,ADA 32,Sergio Nino,ACE Contractor Supply,Materials,,,Joey,10394
10395,2026-07-03 00:00:00.000000000,Mokan Trail,Lupe Juarez,Leo's Service Station,Fuel,,,Joey,10395
10396,2026-07-06 00:00:00.000000000,ADA 33,Hector Segura,Texcon,Fuel,,,Joey,10396
10397,2026-07-06 00:00:00.000000000,ADA 33,Pedro Limon,ACE Contractor Supply,Materials,,,Joey,10397
10398,2026-07-06 00:00:00.000000000,ADA 33,Ulises Lara,Elliott Electric Supply,Materials,,,Joey,10398
10399,2026-07-06 00:00:00.000000000,ADA 32,Juan Daniel Ortega,Texcon,Fuel,,,Joey,10399
10400,2026-07-06 00:00:00.000000000,ADA 32,David Molina,Leo's Service Station,Fuel,,,Joey,10400
10401,2026-07-06 00:00:00.000000000,ADA 33,Simon Martinez,Roadsafe,Traffic Control,,,Joey,10401
10402,2026-07-06 00:00:00.000000000,ADA 33,Simon Martinez,RTC,Traffic Control,,,Joey,10402
10403,2026-07-06 00:00:00.000000000,ADA 32,Sergio Nino,ACE Contractor Supply,Materials,,,Joey,10403
10404,2026-07-06 00:00:00.000000000,ADA 33,Abraham Gonzalez,Texcon,Fuel,,,Joey,10404
10405,2026-07-06 00:00:00.000000000,ADA 33,Martin Gonzalez,Leo's Service Station,Fuel,,,Joey,10405
10406,2026-07-07 00:00:00.000000000,ADA 33,Rafael Perez,White Cap,Materials,,,Joey,10406
10407,2026-07-07 00:00:00.000000000,ADA 33,Ulises Lara,ACE Contractor Supply,Materials,,,Joey,10407
10408,2026-07-07 00:00:00.000000000,ADA 33,Ulises Lara,Texcon,Fuel,,,Joey,10408
10409,2026-07-07 00:00:00.000000000,CPO Burnet Corridor,Isidro Garcia,Leo's Service Station,Fuel,,,Joey,10409
10410,2026-07-07 00:00:00.000000000,ADA 32,Enrique Chapa,Leo's Service Station,Fuel,,,Joey,10410
10411,2026-07-07 00:00:00.000000000,ADA 33,Carlos Diaz,White Cap,Materials,,,Joey,10411
10412,2026-07-07 00:00:00.000000000,ADA 33,Jesus G Rodriguez,Texcon,Fuel,,,Joey,10412
10413,2026-07-07 00:00:00.000000000,ADA 32,Abraham Gonzalez,Texcon,Fuel,,,Joey,10413
10414,2026-07-07 00:00:00.000000000,Mokan Trail,Abraham Gonzalez,ACE Contractor Supply,Materials,,,Joey,10414
10415,2026-07-07 00:00:00.000000000,Mokan Trail,Ruben Cano,ACE Contractor Supply,Materials,,,Joey,10415
10416,2026-07-07 00:00:00.000000000,ADA 33,Jose Julian Gonzalez,Texcon,Fuel,,,Joey,10416
10417,2026-07-07 00:00:00.000000000,ADA 33,Victor Sanchez,Texcon,Fuel,,,Joey,10417
10418,2026-07-07 00:00:00.000000000,ADA 33,Martin Gonzales,CMC,Materials,,,Joey,10418
10419,2026-07-07 00:00:00.000000000,Mokan Trail,Jose A. Zamarripa,ACE Contractor Supply,Materials,,,Joey,10419
10420,2026-07-07 00:00:00.000000000,ADA 32,Miguel Juarez,Texas Materials,Concrete,,,Joey,10420
10421,2026-07-07 00:00:00.000000000,ADA 32,Miguel Juarez,Texcon,Fuel,,,Joey,10421
10422,2026-07-07 00:00:00.000000000,ADA 33,Miguel Juarez,Texas Materials,Concrete,,,Joey,10422
10423,2026-07-07 00:00:00.000000000,ADA 32,Juan Daniel Ortega,ACE Contractor Supply,Materials,,,Joey,10423
10424,2026-07-08 00:00:00.000000000,ADA 33,Hector Segura,Texcon,Fuel,,,Joey,10424
10425,2026-07-08 00:00:00.000000000,ADA 33,Hector Segura,ACE Contractor Supply,Materials,,,Joey,10425
10426,2026-07-08 00:00:00.000000000,ADA 32,Juan Perez,Texcon,Fuel,,,Joey,10426
10427,2026-07-08 00:00:00.000000000,ADA 32,Juan Perez,ACE Contractor Supply,Materials,,,Joey,10427
10428,2026-07-08 00:00:00.000000000,ADA 33,Rafael Perez,ACE Contractor Supply,Materials,,,Joey,10428
10429,2026-07-08 00:00:00.000000000,Mokan Trail,Ruben Cano,Leo's Service Station,Fuel,,,Joey,10429
10430,2026-07-08 00:00:00.000000000,ADA 32,Eduardo Valenzuela,Leo's Service Station,Fuel,,,Joey,10430
10431,2026-07-08 00:00:00.000000000,ADA 33,Jesus G Rodriguez,Texcon,Fuel,,,Joey,10431
10432,2026-07-08 00:00:00.000000000,ADA 33,Hector Segura,White Cap,Materials,,,Joey,10432
10433,2026-07-08 00:00:00.000000000,ADA 32,Jose Antonio Licea,Texcon,Fuel,,,Joey,10433
10434,2026-07-08 00:00:00.000000000,ADA 32,Jose Luis Zamarripa,Elliott Electric Supply,Materials,,,Joey,10434
10435,2026-07-08 00:00:00.000000000,ADA 33,Jose Julian Gonzales,RSS Supply,Materials,,,Joey,10435
10436,2026-07-08 00:00:00.000000000,ADA 33,Hector Segura,CMC,Materials,,,Joey,10436
10437,2026-07-08 00:00:00.000000000,ADA 32,David Molina,White Cap,Materials,,,Joey,10437
10438,2026-07-08 00:00:00.000000000,ADA 33,Francis Echevestre,Texcon,Fuel,,,Joey,10438
10439,2026-07-08 00:00:00.000000000,ADA 32,Jose De La Cerda,Texcon,Fuel,,,Joey,10439
10440,2026-07-08 00:00:00.000000000,Mokan Trail,Lupe Juarez,ACE Contractor Supply,Materials,,,Joey,10440
10441,2026-07-08 00:00:00.000000000,ADA 32,Francisco Aguirre,Texcon,Fuel,,,Joey,10441
10442,2026-07-08 00:00:00.000000000,ADA 33,Martin Gonzalez,Texcon,Fuel,,,Joey,10442
10443,2026-07-08 00:00:00.000000000,ADA 33,Diego Vazquez,Texcon,Fuel,,,Joey,10443
10444,2026-07-08 00:00:00.000000000,ADA 33,Diego Vazquez,ACE Contractor Supply,Materials,,,Joey,10444
10445,2026-07-09 00:00:00.000000000,CPO Burnet Corridor,Isidro Garcia,ACE Contractor Supply,Materials,,,Joey,10445
10446,2026-07-09 00:00:00.000000000,ADA 33,Isidro Sanchez ,Leo's Service Station,Fuel,,,Joey,10446
10447,2026-07-09 00:00:00.000000000,ADA 33,Isidro Sanchez,RSS Supply,Materials,,,Joey,10447
10448,2026-07-09 00:00:00.000000000,ADA 32,Miguel Juarez,White Cap,Materials,,,Joey,10448
10449,2026-07-09 00:00:00.000000000,ADA 33,Rafael Perez,Texcon,Fuel,,,Joey,10449
10450,2026-07-09 00:00:00.000000000,ADA 33,Gerardo Sanchez,Texcon,Fuel,,,Joey,10450
10451,2026-07-09 00:00:00.000000000,ADA 32,Simon Martinez,RTC,Traffic Control,,,Joey,10451
10452,2026-07-09 00:00:00.000000000,ADA 32,Enrique Alvarado,Texcon,Fuel,,,Joey,10452
10453,2026-07-09 00:00:00.000000000,ADA 32,Jose Luis Zamarripa,RSS Supply,Materials,,,Joey,10453
10454,2026-07-09 00:00:00.000000000,CPO Burnet Corridor,Isidro Garcia,Texcon,Fuel,,,Joey,10454
10455,2026-07-09 00:00:00.000000000,ADA 33,Miguel Juarez,ACE Contractor Supply,Materials,,,Joey,10455
10456,2026-07-09 00:00:00.000000000,ADA 33,Ulises Lara,RSS Supply,Materials,,,Joey,10456
10457,2026-07-10 00:00:00.000000000,ADA 32,David Molina,ACE Contractor Supply,Materials,,,Joey,10457
10458,2026-07-10 00:00:00.000000000,ADA 33,Ulises Lara,RSS Supply,Materials,,,Joey,10458
10459,2026-07-10 00:00:00.000000000,ADA 33,Hector Segura,White Cap,Materials,,,Joey,10459
10460,2026-07-10 00:00:00.000000000,ADA 32,Juan Daniel Ortega,ACE Contractor Supply,Materials,,,Joey,10460
10461,2026-07-10 00:00:00.000000000,ADA 32,Simon Martinez,RTC,Traffic Control,,,Joey,10461
10462,2026-07-10 00:00:00.000000000,ADA 32,Abraham Gonzalez,Texcon,Fuel,,,Joey,10462
10463,2026-07-10 00:00:00.000000000,,,,,,,Joey,10463
10464,2026-07-10 00:00:00.000000000,ADA 33,Lupe Juarez,Elliott Electric,Materials,,,Joey,10464
10465,2026-07-10 00:00:00.000000000,ADA 33,Rafael Perez,Texcon,Fuel,,,Joey,10465
10466,2026-07-10 00:00:00.000000000,ADA 33,Francis Echevestre,Texcon,Fuel,,,Joey,10466
10467,2026-07-10 00:00:00.000000000,ADA 32,Miguel Juarez,Leo's Service Station,Fuel,,,Joey,10467
10468,2026-07-10 00:00:00.000000000,Mokan Trail,Jose A. Zamarripa,Texcon,Fuel,,,Joey,10468
10469,2026-07-13 00:00:00.000000000,ADA 32,Pedro Limon,Texcon,Fuel,,,Joey,10469
10470,2026-07-13 00:00:00.000000000,ADA 33,Hector Segura,Texcon,Fuel,,,Joey,10470
10471,2026-07-13 00:00:00.000000000,ADA 33,Rafael Perez,ACE Contractor Supply,Materials,,,Joey,10471
10472,2026-07-13 00:00:00.000000000,ADA 32,Miguel Juarez,GEO Solutions,Materials,,,Joey,10472
10473,2026-07-13 00:00:00.000000000,ADA 33,Hector Manzanares,Leo's Service Station,Fuel,,,Joey,10473
10474,2026-07-13 00:00:00.000000000,ADA 32,Ulises Lara,RSS Supply,Materials,,,Joey,10474
10475,2026-07-13 00:00:00.000000000,ADA 32,Simon Martinez,Centerline,Traffic Control,,,Joey,10475
10476,2026-07-13 00:00:00.000000000,CPO Burnet Corridor,Jesus G Rodriguez,Texcon,Fuel,,,Joey,10476
10477,2026-07-13 00:00:00.000000000,ADA 32 ,Jose Luis Zamarripa,Leo's Service Station,Fuel,,,Joey,10477
10478,2026-07-13 00:00:00.000000000,ADA 33,Isidro Sanchez,White Cap,Materials,,,Joey,10478
10479,2026-07-13 00:00:00.000000000,CPO Burnet Corridor,Isidro Ricardo Garcia,Texcon,Fuel,,,Joey,10479
10480,2026-07-13 00:00:00.000000000,ADA 32,Martin Gonzalez,Leo's Service Station,Fuel,,,Joey,10480
10481,2026-07-13 00:00:00.000000000,CPO Burnet Corridor,Isidro Ricardo Garcia,RSS Supply,Materials,,,Joey,10481
10482,2026-07-13 00:00:00.000000000,ADA 33,Enrique Chapa,Texcon,Fuel,,,Joey,10482
10483,2026-07-13 00:00:00.000000000,,,,,,,Joey,10483
10484,2026-07-13 00:00:00.000000000,Mokan Trail,Lupe Juarez,Leo's Service Station,Fuel,,,Joey,10484
10485,2026-07-13 00:00:00.000000000,ADA 32,Juan Daniel Ortega,Texcon,Fuel,,,Joey,10485
10486,2026-07-13 00:00:00.000000000,ADA 32,Ulises Lara,Texcon,Fuel,,,Joey,10486
10487,2026-07-14 00:00:00.000000000,Mokan Trail,Lupe Juarez,CMC,Materials,,,Joey,10487
10488,2026-07-14 00:00:00.000000000,ADA 33,Francisco Bocanegra,ACE Contractor Supply,Materials,,,Joey,10488
10489,2026-07-14 00:00:00.000000000,CLMC 1093,Victor Sanchez,ACE Contractor Supply,Materials,,,Joey,10489
10490,2026-07-14 00:00:00.000000000,ADA 32,Simon Martinez,Roadsafe,Traffic Control,,,Joey,10490
10491,2026-07-14 00:00:00.000000000,CMTA IDIQ,Abraham Gonzalez,O'Reilly,Materials,,,Joey,10491
10492,2026-07-14 00:00:00.000000000,CMTA IDIQ,Abraham Gonzalez,Texcon,Fuel,,,Joey,10492
10493,2026-07-15 00:00:00.000000000,ADA 32,Pedro Limon,ACE Contractor Supply,Materials,,,Joey,10493
10494,2026-07-15 00:00:00.000000000,ADA 32,Miguel Juarez,Leo's Service Station,Fuel,,,Joey,10494
10495,2026-07-15 00:00:00.000000000,ADA 32,Sergio Nino,Texcon,Fuel,,,Joey,10495
10496,2026-07-15 00:00:00.000000000,CPO Burnet Corridor,Jesus G Rodriguez,Leo's Service Station,Fuel,,,Joey,10496
10497,2026-07-15 00:00:00.000000000,ADA 32,Simon Martinez,Roadsafe,Traffic Control,,,Joey,10497
10498,2026-07-15 00:00:00.000000000,ADA 32,Simon Martinez,Roadsafe,Traffic Control,,,Joey,10498
10499,2026-07-15 00:00:00.000000000,ADA 32,Abraham Gonzalez,Texcon,Fuel,,,Joey,10499
10500,2026-07-16 00:00:00.000000000,CLMC 1093,Hector Segura,Texcon,Fuel,,,Joey,10500
10501,2026-07-16 00:00:00.000000000,ADA 33,Rafael Perez,Texcon,Fuel,,,Joey,10501
10502,2026-07-16 00:00:00.000000000,ADA 32,Jose Antonio Licea,Texcon,Fuel,,,Joey,10502
10503,2026-07-16 00:00:00.000000000,CLMC 1093,Victor Sanchez,Texcon,Fuel,,,Joey,10503
10504,2026-07-16 00:00:00.000000000,ADA 32,Francisco Aguirre,Texcon,Fuel,,,Joey,10504
10505,2026-07-16 00:00:00.000000000,CLMC1093,Jose A Zamarripa,ACE Contractor Supply,Materials,,,Joey,10505
10506,2026-07-16 00:00:00.000000000,ADA 33,Miguel Juarez,Leo's Service Station,Fuel,,,Joey,10506
10507,2026-07-16 00:00:00.000000000,CMTA IDIQ,Abraham Gonzalez,O'Reilly,Materials,,,Joey,10507
10508,2026-07-16 00:00:00.000000000,ADA 33,Francisco Bocanegra,ACE Contractor Supply,Materials,,,Joey,10508
10509,2026-07-17 00:00:00.000000000,ADA 32,Martin Gonzalez,Leo's Service Station,Fuel,,,Joey,10509
10510,2026-07-17 00:00:00.000000000,CLMC1093,Omar Hernandez,ACE Contractor Supply,Materials,,,Joey,10510
10511,2026-07-17 00:00:00.000000000,ADA 32,Ulises Lara,ACE Contractor Supply,Materials,,,Joey,10511
10512,2026-07-17 00:00:00.000000000,ADA 33,Gerardo Sanchez,Texcon,Fuel,,,Joey,10512
10513,2026-07-17 00:00:00.000000000,Mokan Trail,Ruben Cano,ACE Contractor Supply,Materials,,,Joey,10513
10514,2026-07-17 00:00:00.000000000,ADA 32,Juan Perez,ACE Contractor Supply,Materials,,,Joey,10514
10515,2026-07-17 00:00:00.000000000,ADA 33,Jose De La Cerda,Texcon,Fuel,,,Joey,10515
10516,2026-07-17 00:00:00.000000000,ADA 33,Isiidro Sanchez,White Cap,Materials,,,Joey,10516
10517,2026-07-17 00:00:00.000000000,Mokan Trail,Lupe Juarez,TX Crushed Stone,Flax base,,,Joey,10517
10518,2026-07-18 00:00:00.000000000,ADA 33,Rafael Perez,Texcon,Fuel,,,Joey,10518
10519,2026-07-18 00:00:00.000000000,ADA 32,Jose Antonio Licea,Texcon,Fuel,,,Joey,10519
10520,2026-07-18 00:00:00.000000000,ADA 33,Enrique Chapa,Leo's Service Station,Fuel,,,Joey,10520
10521,2026-07-18 00:00:00.000000000,CPO Burnet Corridor,Isisdro Ricardo Garcia,Leo's Service Station,Fuel,,,Joey,10521
10522,2026-07-18 00:00:00.000000000,ADA 33,Diego Vazquez,Texcon,Fuel,,,Joey,10522
10523,2026-07-18 00:00:00.000000000,ADA 33,Diego Vazquez,ACE Contractor Supply,Materials,,,Joey,10523
10524,2026-07-20 00:00:00.000000000,ADA 32,David Molina,Texcon,Fuel,,,Joey,10524
10525,2026-07-20 00:00:00.000000000,ADA 32,David Molina,ACE Contractor Supply,Materials,,,Joey,10525
10526,2026-07-20 00:00:00.000000000,ADA 33,Isisdro Sanchez,Texcon,Fuel,,,Joey,10526
10527,2026-07-20 00:00:00.000000000,ADA 33,Francisco Bocanegra,ACE Contractor Supply,Materials,,,Joey,10527
10528,2026-07-20 00:00:00.000000000,ADA 33,Isidro Sanchez,ACE Contractor Supply,Materials,,,Joey,10528
10529,2026-07-20 00:00:00.000000000,CMTA IDIQ,Hector Manzanares,Sherwin Williams,Materials,,,Joey,10529
10530,2026-07-20 00:00:00.000000000,CLMC1093,Victor Sanchez,ACE Contractor Supply,Materials,,,Joey,10530
10531,2026-07-20 00:00:00.000000000,ADA 32,Martin Gonzalez,Elliott Electric Supply,Materials,,,Joey,10531
10532,2026-07-20 00:00:00.000000000,Mokan Trail,Lupe Juarez,CMC,Materials,,,Joey,10532
10533,2026-07-20 00:00:00.000000000,Mokan Trail,Lupe Juarez,Texcon,Fuel,,,Joey,10533
10534,2026-07-20 00:00:00.000000000,ADA 33,Tito Cueto,Leo's Service Station,Fuel,,,Joey,10534
10534,2026-07-20 00:00:00.000000000,ADA 32,Miguel Juarez,Elliott Electric Supply,Materials,,,Joey,10534
10535,2026-07-20 00:00:00.000000000,ADA 32,Miguel Juarez,RSS,Materials,,,Joey,10535
10536,2026-07-20 00:00:00.000000000,CAUDI,Jose A. Zamarripa,Texcon,Fuel,,,Joey,10536
10537,2026-07-20 00:00:00.000000000,ADA 33,Martin Gonzalez,Texcon,Fuel,,,Joey,10537
10538,2026-07-20 00:00:00.000000000,ADA 32,Ulises Lara,Texcon,Fuel,,,Joey,10538
10539,2026-07-20 00:00:00.000000000,ADA 32,Enrique Alvarado,Texcon,Fuel,,,Joey,10539
10540,2026-07-21 00:00:00.000000000,CLMC1093,Hector Segura,Texcon,Fuel,,,Joey,10540
10541,2026-07-21 00:00:00.000000000,ADA 32,David Molina,ACE Contractor Supply,Materials,,,Joey,10541
10542,2026-07-21 00:00:00.000000000,CPO Burnet Corridor,Jesus G. Rodriguez,Texcon,Fuel,,,Joey,10542
10543,2026-07-21 00:00:00.000000000,ADA 33,Carlos Diaz,Texcon,Fuel,,,Joey,10543
10544,2026-07-21 00:00:00.000000000,ADA 32,Juan Perez,Texcon,Fuel,,,Joey,10544
10545,2026-07-21 00:00:00.000000000,ADA 32,Ulises Lara,ACE Contractor Supply,Materials,,,Joey,10545
10546,2026-07-21 00:00:00.000000000,ADA 33,Jose Luis Zamarripa,Leo's Service Station,Fuel,,,Joey,10546
10547,2026-07-18 00:00:00.000000000,ADA 32,Enrique Chapa,Leo's Service Station,Fuel,,,Joey,10547
10548,2026-07-21 00:00:00.000000000,CPO Burnet Corridor,Jesus G. Rodriguez,ACE Contractor Supply,Materials,,,Joey,10548
10549,2026-07-21 00:00:00.000000000,ADA 33,Simon Martinez,ACT Pipe Supply,Materials,,,Joey,10549
10550,2026-07-21 00:00:00.000000000,ADA 32,Miguel Juarez,Texcon,Fuel,,,Joey,10550
10551,2026-07-21 00:00:00.000000000,ADA 32,Francisco Aguirre,Texcon,Fuel,,,Joey,10551
10552,2026-07-21 00:00:00.000000000,CMTA IDIQ,Abraham Gonzalez,Texcon,Fuel,,,Joey,10552
10553,2026-07-21 00:00:00.000000000,ADA 32,Miguel Juarez,ACE Contractor Supply,Materials,,,Joey,10553
10554,2026-07-21 00:00:00.000000000,CPO Burnet Corridor,Isidro Garcia,Leo's Service Station,Fuel,,,Joey,10554
10555,2026-07-21 00:00:00.000000000,ADA 32,Francisco Bocanegra,Texcon,Fuel,,,Joey,10555
10556,2026-07-21 00:00:00.000000000,ADA 32,Francisco Bocanegra,ACE Contractor Supply,Materials,,,Joey,10556
10557,2026-07-22 00:00:00.000000000,ADA 33,Rafael Perez,ACE Contractor Supply,Materials,,,Joey,10557
10558,2026-07-22 00:00:00.000000000,ADA 32,Jose Antonio Licea,Texcon,Fuel,,,Joey,10558
10559,2026-07-22 00:00:00.000000000,ADA 33,Jose Luis Zamarripa,Elliott Electric Supply,Materials,,,Joey,10559
10560,2026-07-22 00:00:00.000000000,CLMC1093,Jose A Zamarripa,ACE Contractor Supply,Materials,,,Joey,10560
10561,2026-07-22 00:00:00.000000000,CPO Burnet Corridor,Jesus G. Rodriguez,ACE Contractor Supply,Materials,,,Joey,10561
10562,2026-07-22 00:00:00.000000000,ADA 33,Simon Martinez,Centerline,Traffic Control,,,Joey,10562
10563,2026-07-22 00:00:00.000000000,ADA 33,Alvaro Aguirre,White Cap,Materials,,,Joey,10563
10564,2026-07-22 00:00:00.000000000,ADA 32,Martin Gonzalez,RSS,Materials,,,Joey,10564
10565,,,,,,,,Joey,10565
10566,2026-07-22 00:00:00.000000000,ADA 33,Jose Luis Zamarripa,ACE Contractor Supply,Materials,,,Joey,10566
10567,2026-07-22 00:00:00.000000000,ADA 32,Enrique Alvarado,Texcon,Fuel,,,Joey,10567
10568,2026-07-22 00:00:00.000000000,ADA 32,Juan Daniel Ortega,Texcon,Fuel,,,Joey,10568
10569,2026-07-23 00:00:00.000000000,ADA 32,Ulises Lara,Texcon,Fuel,,,Joey,10569
10570,2026-07-23 00:00:00.000000000,ADA 32,Sergio Nino,Texcon,Fuel,,,Joey,10570
10571,2026-07-23 00:00:00.000000000,CMTA IDIQ,Hector Manzanares,Leo's Service Station,Fuel,,,Joey,10571
10572,2026-07-23 00:00:00.000000000,Mokan Trail,Ruben Cano,Texcon,Fuel,,,Joey,10572
10573,2026-07-23 00:00:00.000000000,CLMC1093,Jose Luis Zamarripa,ACT Pipe Supply,Water Valve,,,Joey,10573
10574,2026-07-23 00:00:00.000000000,ADA 33,Francis Echevestre,Texon,Fuel,,,Joey,10574
10575,2026-07-23 00:00:00.000000000,ADA 33,Isidro Sanchez,ACE Contractor Supply,Materials,,,Joey,10575
10576,2026-07-23 00:00:00.000000000,CPO Burnet Corridor,Isidro Garcia,Elliott Electric Supply,Materials,,,Joey,10576
10577,2026-07-23 00:00:00.000000000,ADA 33,Miguel Juarez,ACE Contractor Supply,Materials,,,Joey,10577
10578,2026-07-23 00:00:00.000000000,ADA 33,Ignacio Fuentes,ACT Pipe Supply,Materials,,,Joey,10578
10579,2026-07-23 00:00:00.000000000,ADA 32,Francisco Aguirre,White Cap,Materials,,,Joey,10579
10580,2026-07-23 00:00:00.000000000,ADA 33,Jode De La Cerda,Texcon,Fuel,,,Joey,10580
10581,2026-07-23 00:00:00.000000000,CMTA IDIQ,Abraham Gonzalez,Texcon,Fuel,,,Joey,10581
10582,2026-07-24 00:00:00.000000000,ADA 33,Rafael Perez,Texcon,Fuel,,,Joey,10582
10583,2026-07-24 00:00:00.000000000,ADA 32,Martin Gonzalez,Leo's Service Station,Fuel,,,Joey,10583
10584,2026-07-24 00:00:00.000000000,ADA 33,Miguel Juarez,Leo's Service Station,Fuel,,,Joey,10584
10585,2026-07-24 00:00:00.000000000,ADA 32,Enrique Chapa,Leo's Service Station,Fuel,,,Joey,10585
10586,2026-07-24 00:00:00.000000000,ADA 33,Jose Julian Gonzalez,Texcon,Fuel,,,Joey,10586
10587,2026-07-24 00:00:00.000000000,CLMC1093,Victor Sanchez,ACE Contractor Supply,Materials,,,Joey,10587
10588,2026-07-24 00:00:00.000000000,ADA 33,Eduardo Valenzuela,Leo's Service Station,Fuel,,,Joey,10588
10589,2026-07-24 00:00:00.000000000,ADA 33,Rogelio Lopez,Texcon,Fuel,,,Joey,10589
10590,2026-07-24 00:00:00.000000000,CLMC1093,Jose A Zamarripa,ACE Contractor Supply,Materials,,,Joey,10590
10591,2026-07-24 00:00:00.000000000,CPO Burnet Corridor,Isidro Garcia,Leo's Service Station,Fuel,,,Joey,10591
10592,2026-07-24 00:00:00.000000000,ADA 33,Miguel Juarez,Centerline Supply,Traffic Control,,,Joey,10592
10593,2026-07-25 00:00:00.000000000,CLMC1093,Hector Segura,Texcon,Fuel,,,Joey,10593
10594,2026-07-25 00:00:00.000000000,CPO Burnet Corridor,Jesus G. Rodriguez,Texcon,Fuel,,,Joey,10594
10595,2026-07-27 00:00:00.000000000,ADA 32,Victor Sanchez,Texcon,Fuel,,,Joey,10595
10596,2026-07-27 00:00:00.000000000,ADA 33,Diego Vazquez,Texcon,Fuel,,,Joey,10596
10597,2026-07-27 00:00:00.000000000,ADA 32,Ulises Lara,ACE Contractor Supply,Materials,,,Joey,10597
10598,2026-07-27 00:00:00.000000000,Mokan Trail,Ruben Cano,ACE Contractor Supply,Materials,,,Joey,10598
10599,2026-07-27 00:00:00.000000000,ADA 33,Diego Vazquez,Texcon,Fuel,,,Joey,10599
10600,2026-07-27 00:00:00.000000000,ADA 32,Abraham Gonzalez,Texcon,Fuel,,,Joey,10600
10601,2026-07-27 00:00:00.000000000,ADA 32,Ulises Lara,Texcon,Fuel,,,Joey,10601
10602,2026-07-28 00:00:00.000000000,ADA 32,Pedro Limon,Texcon,Fuel,,,Joey,10602
10603,2026-07-28 00:00:00.000000000,ADA 33,Rafael Perez,Texcon,Fuel,,,Joey,10603
10604,2026-07-28 00:00:00.000000000,CLMC1093,Hector Segura,ACE Contractor Supply,Materials,,,Joey,10604
10605,2026-07-28 00:00:00.000000000,ADA 33,Isidro Sanchez,Leo's Service Station,Fuel,,,Joey,10605
10606,2026-07-28 00:00:00.000000000,CLMC1107,Ruben Cano,ACE Contractor Supply,Materials,,,Joey,10606
10607,2026-07-28 00:00:00.000000000,ADA 32,Franciscio Aguirre,White Cap,Materials,,,Joey,10607
10608,2026-07-28 00:00:00.000000000,ADA 32,Sergio Nino,Texcon,Fuel,,,Joey,10608
10609,2026-07-28 00:00:00.000000000,CLMC 1093,Jose A. Zamarripa,Texcon,Fuel,,,Joey,10609
10610,2026-07-28 00:00:00.000000000,CLMC 1093,Jose A. Zamarripa,ACE Contractor Supply,Materials,,,Joey,10610
10611,2026-07-28 00:00:00.000000000,ADA 33,Gerardo sanchez,Texcon,Fuel,,,Joey,10611
10612,2026-07-28 00:00:00.000000000,ADA 32,Jose Luis Zamarripa,Leo's Service Station,Fuel,,,Joey,10612
10613,2026-07-28 00:00:00.000000000,ADA 33,Lupe Juarez,Leo's Service Station,Fuel,,,Joey,10613
10614,2026-07-28 00:00:00.000000000,ADA 32,Francisco Aguirre,Texcon,Fuel,,,Joey,10614
10615,2026-07-28 00:00:00.000000000,ADA 32,Simon Martinez,Centerline,Materials,,,Joey,10615
10616,2026-07-28 00:00:00.000000000,ADA 32,Juan Perez,Texcon,Fuel,,,Joey,10616
10617,2026-07-28 00:00:00.000000000,ADA 33,Martin Gonzalez,Texcon,Fuel,,,Joey,10617
10618,2026-07-29 00:00:00.000000000,ADA 32,Ulises Lara,ACE Contractor Supply,Materials,,,Joey,10618
10619,2026-07-29 00:00:00.000000000,ADA 33,Jose Luis Zamarripa,Centerline,Traffic Control,,,Joey,10619
10620,2026-07-29 00:00:00.000000000,CPO Burnet Corridor,Francis Echevestre,Texcon,Fuel,,,Joey,10620
10621,2026-07-29 00:00:00.000000000,ADA 33,Rafael Perez,White Cap,Materials,,,Joey,10621
10622,2026-07-29 00:00:00.000000000,CLMC1093,Omar Hernandez,White Cap,Materials,,,Joey,10622
10623,2026-07-29 00:00:00.000000000,ADA 32,Jose Julian Gonzalez,ACE Contractor Supply,Materials,,,Joey,10623
10624,2026-07-29 00:00:00.000000000,CPO Burnet Corridor,Jesus G Rodriguez,Texcon,Fuel,,,Joey,10624
10625,2026-07-29 00:00:00.000000000,Mokan Trail,Ruben Cano,ACE Contractor Supply,Materials,,,Joey,10625
10626,2026-07-29 00:00:00.000000000,ADA 32,Abraham Gonzalez,Texcon,Fuel,,,Joey,10626
10627,2026-07-29 00:00:00.000000000,CLMC1093,Jose A Zamarripa,ACE Contractor Supply,Materials,,,Joey,10627
10628,2026-07-29 00:00:00.000000000,ADA 33,Isidro Sanchez,Isidro Garcia,Texcon,,,Joey,10628
10629,2026-07-29 00:00:00.000000000,ADA 32,Jose Antonio Licea,Leo's Service Station,Fuel,,,Joey,10629
10630,2026-07-29 00:00:00.000000000,ADA 33,Francisco Bocanegra,Texcon,Fuel,,,Joey,10630
10631,2026-07-29 00:00:00.000000000,ADA 32,Enrique Alvarado,Texcon,Fuel,,,Joey,10631
10632,2026-07-30 00:00:00.000000000,ADA 32,Ulises Lara,ACE Contractor Supply,Materials,,,Joey,10632
10633,2026-07-30 00:00:00.000000000,CPO Burnet Corridor,Isidro Garcia,ACE Contractor Supply,Materials,,,Joey,10633
10634,2026-07-30 00:00:00.000000000,ADA 33,Enrique Chapa,Leo's Service Station,Fuel,,,Joey,10634
10635,2026-07-30 00:00:00.000000000,ADA 33,Lupe Juarez,Texcon,Fuel,,,Joey,10635
10636,2026-07-30 00:00:00.000000000,ADA 32,Eduardo Valenzuela,Leo's Service Station,Fuel,,,Joey,10636
10637,2026-07-30 00:00:00.000000000,ADA 33,Jose De La Cerda,Texcon,Fuel,,,Joey,10637
10638,2026-07-30 00:00:00.000000000,ADA 32,Juan Daniel Ortega,Texcon,Fuel,,,Joey,10638
10639,2026-07-30 00:00:00.000000000,ADA 33,Miguel Juarez,Texcon,Fuel,,,Joey,10639
10640,2026-07-30 00:00:00.000000000,ADA 32,Marcela Castaneda,Leo's Service Station,Fuel,,,Joey,10640
10641,2026-07-30 00:00:00.000000000,CPO Burnet Corridor,Simon Martinez,RTC,Traffic Control,,,Joey,10641
10642,2026-07-31 00:00:00.000000000,ADA 33,Rafael Perez,Texcon,Fuel,,,Joey,10642
10643,2026-07-31 00:00:00.000000000,ADA 32,Jose Luis Zamarripa,Leo's Service Station,Fuel,,,Joey,10643
10644,2026-07-31 00:00:00.000000000,ADA 33,Martin Gonzalez,Leo's Service Station,Fuel,,,Joey,10644
10645,2026-07-31 00:00:00.000000000,Mokan Trail,Ruben Cano,CMC,Materials,,,Joey,10645
10646,2026-07-31 00:00:00.000000000,ADA 33,Simon Martinez,Centerline Supply,Traffic Control,,,Joey,10646
10647,,,,,,,,Joey,10647
10648,2026-07-31 00:00:00.000000000,ADA 33,Jose Gerardo Garcia Moreno,Texcon,Fuel,,,Joey,10648
10649,2026-07-31 00:00:00.000000000,ADA 32,Simon Martinez,Centerline Supply,Traffic Control,,,Joey,10649
10650,2026-07-31 00:00:00.000000000,ADA 32,Francisco Aguirre,Texcon,Fuel,,,Joey,10650
10651,2026-07-31 00:00:00.000000000,CPO Burnet Corridor,Jesus G Rodriguez,Leo's Service Station,Fuel,,,Joey,10651
10652,2026-07-31 00:00:00.000000000,ADA 33,Abraham Gonzalez,Texcon,Fuel,,,Joey,10652
10653,2026-07-31 00:00:00.000000000,CLMC1093,Hector Segura,Texcon,Fuel,,,Joey,10653
10654,2026-08-03 00:00:00.000000000,CPO Burnet Corridor,Jesus G Rodriguez,White Cap,Materials,,,Joey,10654
10655,2026-08-03 00:00:00.000000000,ADA 32,Ignacio Fuentes,ACT Pipe Supply,Materials,,,Joey,10655
10656,2026-08-03 00:00:00.000000000,CLMC1107,Ruben Cano,Leo's Service Station,Fuel,,,Joey,10656
10657,2026-08-03 00:00:00.000000000,ADA 33,Carlos Diaz,Texcon,Fuel,,,Joey,10657
10658,2026-08-03 00:00:00.000000000,ADA 33,Carlos Diaz,White Cap,Materials,,,Joey,10658
10659,2026-08-03 00:00:00.000000000,ADA 32,Fernando Arellano,Texcon,Fuel,,,Joey,10659
10660,2026-08-03 00:00:00.000000000,ADA 32,Enrique Alvarado,Texcon,Fuel,,,Joey,10660
10661,2026-08-03 00:00:00.000000000,CPO Burnet Corridor,Simon Martinez,Centerline Supply,Materials,,,Joey,10661
10662,2026-08-03 00:00:00.000000000,ADA 32,Juan Daniel Ortega,ACE Contractor Supply,Materials,,,Joey,10662
10663,2026-08-03 00:00:00.000000000,ADA 33,Rafael Perez,Texcon,Fuel,,,Joey,10663
10664,2026-08-04 00:00:00.000000000,ADA 33,Diego Vazquez,ACE Contractor Supply,Materials,,,Joey,10664
10665,2026-08-04 00:00:00.000000000,ADA 32,Pedro Limon,ACE Contractor Supply,Materials,,,Joey,10665
10666,2026-08-04 00:00:00.000000000,ADA 33,Isidro Sanchez,RSS,Materials,,,Joey,10666
10667,,,,,,,,Joey,10667
10668,2026-08-04 00:00:00.000000000,ADA 33,Francisco Bocanegra,Elliott Electric Supply,Materials,,,Joey,10668
10669,2026-08-04 00:00:00.000000000,ADA 32,Lupe Juarez,Leo's Service Station,Fuel,,,Joey,10669
10670,2026-08-04 00:00:00.000000000,ADA 33,Rogelio Lopez,Texcon,Fuel,,,Joey,10670
10671,2026-08-04 00:00:00.000000000,ADA 33,Diego Vazquez,Texcon,Fuel,,,Joey,10671
10672,2026-08-04 00:00:00.000000000,ADA 32,Sergio Nino,Texcon,Fuel,,,Joey,10672
10673,2026-08-04 00:00:00.000000000,CLMC1093,Jose A. Zamarripa,Texcon,Fuel,,,Joey,10673
10674,2026-08-04 00:00:00.000000000,CLMC1093,Jose A. Zamarripa,ACE Contractor Supply,Materials,,,Joey,10674
10675,2026-08-04 00:00:00.000000000,ADA 33,Miguel Juarez,Centerline Supply,Traffic Control,,,Joey,10675
10676,2026-08-04 00:00:00.000000000,ADA 32,Jose De La Cerda,Texcon,Fuel,,,Joey,10676
10677,2026-08-04 00:00:00.000000000,ADA 33,Martin Gonzalez,Leo's Service Station,Fuel,,,Joey,10677
10678,2026-08-04 00:00:00.000000000,ADA 33,Isidro Sanchez,Texcon,Fuel,,,Joey,10678
10679,2026-08-04 00:00:00.000000000,ADA 32,Ulises Lara,Texcon,Fuel,,,Joey,10679
10680,2026-08-04 00:00:00.000000000,ADA 33,Alvaro Aguirre,ACE Contractor Supply,Materials,,,Joey,10680
10681,2026-08-05 00:00:00.000000000,ADA 33,Victor Sanchez,Texcon,Fuel,,,Joey,10681
10682,2026-08-05 00:00:00.000000000,Mokan Trail,Ruben Cano,Texcon,Fuel,,,Joey,10682
10683,2026-08-05 00:00:00.000000000,ADA 32,Jose Antonio Licea,Texcon,Fuel,,,Joey,10683
10684,2026-08-05 00:00:00.000000000,ADA 33,Gerardo Sanchez,Texcon,Fuel,,,Joey,10684
10685,2026-08-05 00:00:00.000000000,ADA 33,Carlos Diaz,Texcon,Fuel,,,Joey,10685
10686,2026-08-05 00:00:00.000000000,ADA 33,Victor Sanchez,Geo Solutions,Materials,,,Joey,10686
10687,2026-08-05 00:00:00.000000000,ADA 32,Hector Manzanares,Leo's Service Station,Fuel,,,Joey,10687
10688,2026-08-05 00:00:00.000000000,CMTA IDIQ,Abraham Gonzalez,Texcon,Fuel,,,Joey,10688
10689,2026-08-05 00:00:00.000000000,ADA 33,Enrique Chapa,Leo's Service Station,Fuel,,,Joey,10689
10690,2026-08-06 00:00:00.000000000,CPO Burnet Corridor,Isidro Garcia,Texcon,Fuel,,,Joey,10690
10691,2026-08-06 00:00:00.000000000,CPO Burnet Corridor,Jesus G Rodriguez,White Cap,Materials,,,Joey,10691
10692,2026-08-06 00:00:00.000000000,ADA 33,Alvaro Aguirre,White Cap,Materials,,,Joey,10692
10693,2026-08-06 00:00:00.000000000,ADA 32,Hector Segura,Texcon,Fuel,,,Joey,10693
10694,2026-08-06 00:00:00.000000000,ADA 32,Hector Segura,ACE Contractor Supply,Materials,,,Joey,10694
10695,2026-08-06 00:00:00.000000000,ADA 33,Francisco Bocanegra,Texcon,Fuel,,,Joey,10695
10696,2026-08-06 00:00:00.000000000,ADA 33,Francisco Bocanegra,ACE Contractor Supply,Materials,,,Joey,10696
10697,2026-08-06 00:00:00.000000000,CPO Burnet Corridor,Isidro Garcia,Leo's Service Station,Fuel,,,Joey,10697
10698,2026-08-06 00:00:00.000000000,Mokan Trail,Ruben Cano,ACE Contractor Supply,Materials,,,Joey,10698
10699,2026-08-06 00:00:00.000000000,ADA 32,Juan Perez,ACE Contractor Supply,Materials,,,Joey,10699
10700,2026-08-06 00:00:00.000000000,ADA 33,Miguel Juárez,Leo's Service Station,Fuel,,,Joey,10700
10701,2026-08-06 00:00:00.000000000,ADA 33,Rafael Perez,Texcon,Fuel,,,Joey,10701
10702,2026-08-06 00:00:00.000000000,ADA 32,Francisco Aguirre,Texcon,Fuel,,,Joey,10702
10703,2026-08-06 00:00:00.000000000,ADA 32,Juan Daniel Ortega,Texcon,Fuel,,,Joey,10703
10704,2026-08-06 00:00:00.000000000,ADA 33,José Luis Zamarripa,Leo's Service Station,Fuel,,,Joey,10704
10705,2026-08-06 00:00:00.000000000,ADA 32,Jose Antonio Licea,Texcon,Fuel,,,Joey,10705
10706,2026-08-06 00:00:00.000000000,CPO Burnet Corridor,Jesus G Rodriguez,Texcon,Fuel,,,Joey,10706
10707,2026-08-07 00:00:00.000000000,ADA 32,Pedro Limon,Leo's Service Station,Fuel,,,Joey,10707
10708,2026-08-07 00:00:00.000000000,ADA 33,Miguel Juarez,Leo's Service Station,Fuel,,,Joey,10708
10709,2026-08-07 00:00:00.000000000,ADA 32,Lupe Juarez,Leo's Service Station,Fuel,,,Joey,10709
10710,2026-08-07 00:00:00.000000000,ADA 32,Lupe Juarez,ACE Contractor Supply,Materials,,,Joey,10710
10711,2026-08-07 00:00:00.000000000,ADA 33,Isidro Sanchez,ACE Contractor Supply,Materials,,,Joey,10711
10712,2026-08-08 00:00:00.000000000,ADA 33,Abraham Gonzalez,Texcon,Fuel,,,Joey,10712
10713,2026-08-10 00:00:00.000000000,ADA 33,Rafael Perez,Texcon,Fuel,,,Joey,10713
10714,2026-08-10 00:00:00.000000000,ADA 32,Miguel Juarez,Texcon,Fuel,,,Joey,10714
10715,2026-08-10 00:00:00.000000000,ADA 33,Diego Vazquez,ACE Contractor Supply,Materials,,,Joey,10715
10716,2026-08-10 00:00:00.000000000,CLMC1093,Jose A. Zamarripa,ACE Contractor Supply,Materials,,,Joey,10716
10717,2026-08-10 00:00:00.000000000,Mokan Trail,Ruben Cano,Leo's Service Station,Fuel,,,Joey,10717
10718,2026-08-10 00:00:00.000000000,ADA 33,Simon Martinez,Centerline Supply,Traffic Control,,,Joey,10718
10719,2026-08-10 00:00:00.000000000,ADA 32,Lupe Juarez,Texcon,Fuel,,,Joey,10719
10720,2026-08-10 00:00:00.000000000,Mokan Trail,Ruben Cano,ACE Contractor Supply,Materials,,,Joey,10720
10721,2026-08-10 00:00:00.000000000,ADA 33,Jose Gerardo Garcia Moreno,Texcon,Fuel,,,Joey,10721
10722,2026-08-11 00:00:00.000000000,ADA 32,Jose Antonio Licea,Texcon,Fuel,,,Joey,10722
10723,2026-08-11 00:00:00.000000000,ADA 33,Rafael Perez,White Cap,Materials,,,Joey,10723
10724,2026-08-11 00:00:00.000000000,ADA 33,Isidro Sanchez,Texcon,Fuel,,,Joey,10724
10725,2026-08-11 00:00:00.000000000,ADA 32,Miguel Juarez,Leo's Service Station,Fuel,,,Joey,10725
10726,2026-08-11 00:00:00.000000000,ADA 33,Martin Gonzalez,Texcon,Fuel,,,Joey,10726
10727,2026-08-11 00:00:00.000000000,ADA 32,Jose Julian Gonzalez,Leo's Service Station,Fuel,,,Joey,10727
10728,2026-08-11 00:00:00.000000000,CPO Burnet Corridor,Rogelio Lopez,Texcon,Fuel,,,Joey,10728
10729,2026-08-11 00:00:00.000000000,ADA 33,Francisco Bocanegra,Texcon,Fuel,,,Joey,10729
10730,2026-08-11 00:00:00.000000000,Mokan Trail,Ruben Cano,ACE Contractor Supply,Materials,,,Joey,10730
10731,2026-08-11 00:00:00.000000000,CPO Burnet Corridor,Isidro Garcia,Texcon,Fuel,,,Joey,10731
10732,2026-08-11 00:00:00.000000000,CLMC1093,Hector Segura,Texcon,Fuel,,,Joey,10732
10733,2026-08-12 00:00:00.000000000,CLMC1093,Hector Segura,ACE Contractor Supply,Materials,,,Joey,10733
10734,2026-08-12 00:00:00.000000000,ADA 32,David Molina,ACE Contractor Supply,Materials,,,Joey,10734
10735,2026-08-12 00:00:00.000000000,ADA 33,Miguel Juarez,White Cap,Materials,,,Joey,10735
10736,2026-08-12 00:00:00.000000000,ADA 32,Enrique Chapa,Leo's Service Station,Fuel,,,Joey,10736
10737,2026-08-12 00:00:00.000000000,ADA 32,Juan Perez,Texcon,Fuel,,,Joey,10737
10738,2026-08-12 00:00:00.000000000,ADA 32,Sergio Nino,ACE Contractor Supply,Materials,,,Joey,10738
10739,2026-08-12 00:00:00.000000000,ADA 32,Juan Daniel Ortega,Texcon,Fuel,,,Joey,10739
10740,2026-08-12 00:00:00.000000000,ADA 33,Miguel Juarez,Texcon,Fuel,,,Joey,10740
10741,2026-08-12 00:00:00.000000000,CPO Burnet Corridor,Jesus G Rodriguez,Texcon,Fuel,,,Joey,10741
10742,2026-08-12 00:00:00.000000000,CPO Burnet Corridor,Jesus G Rodriguez,Leo's Service Station,Fuel,,,Joey,10742
10743,2026-08-12 00:00:00.000000000,ADA 33,Abraham Gonzalez,Texcon,Fuel,,,Joey,10743
10744,2026-08-12 00:00:00.000000000,ADA 32,Lupe Juarez,CMC,Materials,,,Joey,10744
10745,2026-08-12 00:00:00.000000000,ADA 32,Juan Perez,ACE Contractor Supply,Materials,,,Joey,10745
10746,2026-08-12 00:00:00.000000000,ADA 33,Jose De La Cerda,Texcon,Fuel,,,Joey,10746
10747,2026-08-12 00:00:00.000000000,ADA 32,Eduardo Valenzuela,Leo's Service Station,Fuel,,,Joey,10747
10748,2026-08-13 00:00:00.000000000,ADA 33,Rafael Perez,Texcon,Fuel,,,Joey,10748
10749,2026-08-13 00:00:00.000000000,CLMC1093,Jose A. Zamarripa,Texcon,Fuel,,,Joey,10749
10750,2026-08-13 00:00:00.000000000,CLMC1093,Jose A. Zamarripa,ACE Contractor Supply,Materials,,,Joey,10750
10751,2026-08-13 00:00:00.000000000,ADA 32,Lupe Juarez,CMC,Materials,,,Joey,10751
10752,2026-08-13 00:00:00.000000000,ADA 33,Miguel Juarez,GEO Components,Materials,,,Joey,10752
10753,2026-08-13 00:00:00.000000000,ADA 32,Jose Antonio Licea,Texcon,Fuel,,,Joey,10753
10754,2026-08-13 00:00:00.000000000,ADA 33,Francis Echevestre,Texcon,Fuel,,,Joey,10754
10755,2026-08-13 00:00:00.000000000,ADA 32,Miguel Juarez,Texcon,Fuel,,,Joey,10755
10756,2026-08-13 00:00:00.000000000,ADA 32,Rafael Perez,Texcon,Fuel,,,Joey,10756
10757,2026-08-13 00:00:00.000000000,CPO Burnet Corridor,Isidro Ricardo Garcia,ACE Contractor Supply,Materials,,,Joey,10757
10758,2026-08-13 00:00:00.000000000,ADA 33,Diego Vazquez,Texcon,Fuel,,,Joey,10758
10759,2026-08-14 00:00:00.000000000,ADA 32,Enrique Alvarado,Texcon,Fuel,,,Joey,10759
10760,2026-08-14 00:00:00.000000000,ADA 33,Abraham Gonzalez,Texcon,Fuel,,,Joey,10760
10761,2026-08-14 00:00:00.000000000,CLMC1093,Jose A. Zamarripa,White Cap,Materials,,,Joey,10761
10762,2026-08-14 00:00:00.000000000,ADA 32,Rogelio Lopez,Texcon,Fuel,,,Joey,10762
10763,2026-08-14 00:00:00.000000000,ADA 32,Pedro Limon,Texcon,Fuel,,,Joey,10763
10764,2026-08-14 00:00:00.000000000,CPO Burnet Corridor,Isidro Ricardo Garcia,Texcon,Fuel,,,Joey,10764
10765,2026-08-14 00:00:00.000000000,ADA 32,Rogelio Lopez,Texcon,Fuel,,,Joey,10765
10766,2026-08-14 00:00:00.000000000,ADA 33,Jose Antonio Licea,Texcon,Fuel,,,Joey,10766
10767,2026-08-14 00:00:00.000000000,CLMC1093,Victor Sanchez,Texcon,Fuel,,,Joey,10767
10768,2026-08-15 00:00:00.000000000,ADA 32,Ulises Lara,Leo's Service Station,Fuel,,,Joey,10768
10769,2026-08-17 00:00:00.000000000,ADA 32,Juan Daniel Ortega,Texcon,Fuel,,,Joey,10769
10770,2026-08-17 00:00:00.000000000,ADA 33,Gerardo Sanchez,ACE Contractor Supply,Materials,,,Joey,10770
10771,2026-08-17 00:00:00.000000000,ADA 32,Enrique Chapa,Leo's Service Station,Fuel,,,Joey,10771
10772,2026-08-17 00:00:00.000000000,ADA 32,Lupe Juarez,ACE Contractor Supply,Materials,,,Joey,10772
10773,2026-08-17 00:00:00.000000000,ADA 33,Jose Antonio,Texcon,Fuel,,,Joey,10773
10774,2026-08-17 00:00:00.000000000,ADA 33,Abraham Gonzales,Texcon,Fuel,,,Joey,10774
10775,2026-08-17 00:00:00.000000000,ADA 32,Pedro Limon,ACE Contractor Supply,Materials,,,Joey,10775
10776,2026-08-17 00:00:00.000000000,CPO Burnet Corridor,Isidro Ricardo Garcia,Texcon,Fuel,,,Joey,10776
10777,2026-08-17 00:00:00.000000000,ADA 32,Simon Martinez,RTC,Traffic Control,,,Joey,10777
10778,2026-08-17 00:00:00.000000000,ADA 33,Miguel Juarez,Texcon,Fuel,,,Joey,10778
10779,2026-08-18 00:00:00.000000000,ADA 32,Sergio Nino,Texcon,Fuel,,,Joey,10779
10780,2026-08-17 00:00:00.000000000,ADA 33,Rafael Perez,Texcon,Fuel,,,Joey,10780
10780,2026-08-18 00:00:00.000000000,ADA 32,Lupe Juarez,CMC,Materials,,,Joey,10780
10781,2026-08-18 00:00:00.000000000,ADA 33,Pedro Limon,Texcon,Fuel,,,Joey,10781
10782,2026-08-18 00:00:00.000000000,ADA 33,Rafael Perez,White Cap,Materials,,,Joey,10782
10783,2026-08-18 00:00:00.000000000,ADA 33,Pedro Limon,ACE Contractor Supply,Materials,,,Joey,10783
10784,2026-08-18 00:00:00.000000000,CPO Burnet Corridor,Francis Echevestre,Texcon,Fuel,,,Joey,10784
10785,2026-08-18 00:00:00.000000000,Mokan Trail,Lupe Juarez,ACE Contractor Supply,Materials,,,Joey,10785
10786,2026-08-18 00:00:00.000000000,CLMC1093,Jose Luis Zamarripa,Leo's Service Station,Fuel,,,Joey,10786
10787,2026-08-18 00:00:00.000000000,CPO Burnet Corridor,Isidro Garcia,Leo's Service Station,Fuel,,,Joey,10787
10788,2026-08-18 00:00:00.000000000,CLMC1093,Mario Muñoz,Leo's Service Station,Fuel,,,Joey,10788
10789,2026-08-18 00:00:00.000000000,ADA 33,Pedro Limon,ACE Contractor Supply,Materials,,,Joey,10789
10790,2026-08-18 00:00:00.000000000,ADA 33,Isidro Sanchez,Leo's Service Station,Fuel,,,Joey,10790
10791,2026-08-18 00:00:00.000000000,ADA 32,Abraham Gonzales,Texcon,Fuel,,,Joey,10791
10792,,,,,,,,Joey,10792
10793,2026-08-18 00:00:00.000000000,ADA 33,Jose De La Cerda,Texcon,Fuel,,,Joey,10793
10794,2026-08-18 00:00:00.000000000,ADA 32,Eduardo Valenzuela,Leo's Service Station,Fuel,,,Joey,10794
10795,2026-08-18 00:00:00.000000000,ADA 33,Miguel Juarez,Leo's Service Station,Fuel,,,Joey,10795
10796,2026-08-18 00:00:00.000000000,CPO Burnet Corridor,Jesus G Rodriguez,Texcon,Fuel,,,Joey,10796
10797,2026-08-18 00:00:00.000000000,ADA 32,Francisco Bocanegra,Texcon,Fuel,,,Joey,10797
10798,2026-08-19 00:00:00.000000000,ADA 32,Ulises Lara,Texcon,Fuel,,,Joey,10798
10799,2026-08-19 00:00:00.000000000,ADA 32,Lupe Juarez,ACE Contractor Supply,Materials,,,Joey,10799
10800,2026-08-19 00:00:00.000000000,ADA 32,Simon Martinez,Centerline Supply,Traffic Control,,,Joey,10800
10801,2026-08-19 00:00:00.000000000,ADA 33,Tito Cueto,Leo's Service Station,Fuel,,,Joey,10801
10802,2026-08-19 00:00:00.000000000,ADA 32,Enrique Chapa,Leo's Service Station,Fuel,,,Joey,10802
10803,2026-08-19 00:00:00.000000000,ADA 33,Simon Martinez,Centerline Supply,Traffic Control,,,Joey,10803
10804,2026-08-19 00:00:00.000000000,ADA 32,Jose Antonio Licea,Texcon,Fuel,,,Joey,10804
10805,2026-08-19 00:00:00.000000000,ADA 32,Simon Martinez,Road Safe,Traffic Control,,,Joey,10805
10806,2026-08-19 00:00:00.000000000,ADA 32,Francisco Aguirre,Texcon,Fuel,,,Joey,10806
10807,2026-08-19 00:00:00.000000000,ADA 33,Martin Gonzalez,Texcon,Fuel,,,Joey,10807
10808,2026-08-19 00:00:00.000000000,ADA 33,Rafael Perez,Texcon,Fuel,,,Joey,10808
10809,2026-08-19 00:00:00.000000000,CLMC1093,Jose A. Zamarripa,ACE Contractor Supply,Materials,,,Joey,10809
10810,2026-08-19 00:00:00.000000000,ADA 33,Diego Vazquez,ACE Contractor Supply,Materials,,,Joey,10810
10811,2026-08-20 00:00:00.000000000,ADA 32,Francisco Aguirre,ACE Contractor Supply,Materials,,,Joey,10811
10812,2026-08-20 00:00:00.000000000,ADA 32,Juan Perez,Texcon,Fuel,,,Joey,10812
10813,2026-08-20 00:00:00.000000000,ADA 33,Gerardo Sanchez,ACE Contractor Supply,Materials,,,Joey,10813
10814,2026-08-20 00:00:00.000000000,ADA 32,Francisco Bocanegra,RSS Steel Supply,Materials,,,Joey,10814
10815,2026-08-20 00:00:00.000000000,ADA 32,Juan Daniel Ortega,ACE Contractor Supply,Materials,,,Joey,10815
10816,2026-08-20 00:00:00.000000000,ADA 33,Abraham Gonzales,Texcon,Fuel,,,Joey,10816
10817,2026-08-20 00:00:00.000000000,ADA 32,Jose Luis Zamarripa,Leo's Service Station,Fuel,,,Joey,10817
10818,2026-08-20 00:00:00.000000000,ADA 32,Jose Luis Zamarripa,CMC,Materials,,,Joey,10818
10819,2026-08-21 00:00:00.000000000,ADA 32,Sergio Nino,Texcon,Fuel,,,Joey,10819
10820,2026-08-21 00:00:00.000000000,ADA 33,Rafael Perez,Texcon,Fuel,,,Joey,10820
10821,2026-08-21 00:00:00.000000000,CPO Burnet Corridor,Isidro Garcia,Leo's Service Station,Fuel,,,Joey,10821
10822,2026-08-21 00:00:00.000000000,CLMC1093,Jose A. Zamarripa,Texcon,Fuel,,,Joey,10822
10823,2026-08-21 00:00:00.000000000,ADA 32,Simon Martinez,Whittlesey Land Supplies,Mulch,,,Joey,10823
10824,2026-08-21 00:00:00.000000000,ADA 32,Ulises Lara,CMC,Materials,,,Joey,10824
10825,2026-08-21 00:00:00.000000000,ADA 33,Enrique Chapa,Leo's Service Station,Fuel,,,Joey,10825
10826,2026-08-22 00:00:00.000000000,ADA 32,Lupe Juarez,CMC,Materials,,,Joey,10826
10827,2026-08-24 00:00:00.000000000,ADA 32,Juan Daniel Ortega,ACE Contractor Supply,Materials,,,Joey,10827
10828,2026-08-24 00:00:00.000000000,ADA 32,Juan Daniel Ortega,Texcon,Fuel,,,Joey,10828
10829,2026-08-24 00:00:00.000000000,ADA 32,Francisco Aguirre,Texcon,Fuel,,,Joey,10829
10830,2026-08-24 00:00:00.000000000,ADA 32,Juan Perez,Texcon,Fuel,,,Joey,10830
10831,2026-08-24 00:00:00.000000000,ADA 33,Jose Antonio Licea,Texcon,Fuel,,,Joey,10831
10832,2026-08-24 00:00:00.000000000,ADA 32,Enrique Alvarado,Texcon,Fuel,,,Joey,10832
10833,2026-08-24 00:00:00.000000000,ADA 32,Enrique Alvarado,ACE Contractor Supply,Materials,,,Joey,10833
10834,2026-08-24 00:00:00.000000000,ADA 33,Miguel Juarez,Texcon,Fuel,,,Joey,10834
10835,2026-08-24 00:00:00.000000000,ADA 32,Francis Echevestre,Texcon,Fuel,,,Joey,10835
10836,2026-08-24 00:00:00.000000000,ADA 33,Pedro Limon,ACE Contractor Supply,Materials,,,Joey,10836
10837,2026-08-24 00:00:00.000000000,ADA 32,Ulises Lara,Texcon,Fuel,,,Joey,10837
10838,2026-08-24 00:00:00.000000000,ADA 32,Abraham Gonzalez,Texcon,Fuel,,,Joey,10838
10839,2026-08-24 00:00:00.000000000,CPO Burnet Corridor,Jesus G. Rodriguez,Texcon,Fuel,,,Joey,10839
10840,2026-08-24 00:00:00.000000000,ADA 33,Victor Sanchez,Texcon,Fuel,,,Joey,10840
10841,2026-08-25 00:00:00.000000000,CPO Burnet Corridor,Isidro Garcia,Texcon,Fuel,,,Joey,10841
10842,2026-08-25 00:00:00.000000000,ADA 33,Rafael Perez,Texcon,Fuel,,,Joey,10842
10843,2026-08-25 00:00:00.000000000,ADA 32,Lupe Juarez,CMC,Materials,,,Joey,10843
10844,2026-08-25 00:00:00.000000000,CLMC1093,Jose A Zamarripa,,,,,Joey,10844
10845,2026-08-25 00:00:00.000000000,ADA 32,Jose Luis Zamarripa,Elliott Electric Supply,Materials,,,Joey,10845
10846,2026-08-25 00:00:00.000000000,ADA 33,Isidro Sanchez,White Cap,Materials,,,Joey,10846
10847,2026-08-25 00:00:00.000000000,ADA 32,Martin Gonzalez,Texcon,Fuel,,,Joey,10847
10848,2026-08-25 00:00:00.000000000,ADA 33,Lupe Juarez,Austin Turf Grass,Sod,,,Joey,10848
10849,2026-08-25 00:00:00.000000000,ADA 32,Juan Perez,Texcon,Fuel,,,Joey,10849
10850,2026-08-25 00:00:00.000000000,ADA 33,Ulises Lara,RSS,Materials,,,Joey,10850
10851,2026-08-26 00:00:00.000000000,CLMC 1093,Hector Segura,Texcon,Fuel,,,Joey,10851
10852,2026-08-26 00:00:00.000000000,ADA 33,Gerardo Sanchez,Texcon,Fuel,,,Joey,10852
10853,2026-08-26 00:00:00.000000000,ADA 32,Ulises Lara,ACE Contractor Supply,Materials,,,Joey,10853
10854,2026-08-26 00:00:00.000000000,ADA 33,Carlos Diaz,Texcon,Fuel,,,Joey,10854
10855,2026-08-26 00:00:00.000000000,ADA 32,Ulises Lara,ACE Contractor Supply,Materials,,,Joey,10855
10856,,,,,,,,Joey,10856
10857,,,,,,,,Joey,10857
10858,2026-08-26 00:00:00.000000000,ADA 33,Diego Vazquez,Texcon,Fuel,,,Joey,10858
10859,2026-08-26 00:00:00.000000000,ADA 33,Gerardo Sanchez,Texcon,Fuel,,,Joey,10859
10860,2026-08-26 00:00:00.000000000,CLMC1093,Mario Munoz,ACE Contractor Supply,Materials,,,Joey,10860
10861,2026-08-26 00:00:00.000000000,ADA 32,Rogelio Lopez,Texcon,Fuel,,,Joey,10861
10862,2026-08-26 00:00:00.000000000,ADA 32,Ulises Lara,RSS,Materials,,,Joey,10862
10863,2026-08-26 00:00:00.000000000,CLMC1107A,Lupe Juarez,Texcon,Fuel,,,Joey,10863
10864,2026-08-26 00:00:00.000000000,ADA 33,Jose Antonio Licea,Texcon,Fuel,,,Joey,10864
10865,2026-08-26 00:00:00.000000000,ADA 32,Martin Gonzalez,G4 Geomatic Resources,Materials,,,Joey,10865
10866,2026-08-26 00:00:00.000000000,ADA 33,Miguel Juarez,G4 Geomatic Resources,Materials,,,Joey,10866
10867,2026-08-26 00:00:00.000000000,ADA 32,Francisco Aguirre,ACE Contractor Supply,Materials,,,Joey,10867
10868,2026-08-26 00:00:00.000000000,ADA 33,Francisco Bocanegra,Texcon,Fuel,,,Joey,10868
10869,2026-08-26 00:00:00.000000000,ADA 32,Jose Luis Zamarripa,Leo's Service Station,Fuel,,,Joey,10869
10870,2026-08-26 00:00:00.000000000,CLMC 1093,Jose A. Zamarripa,Texcon,Fuel,,,Joey,10870
10871,2026-08-26 00:00:00.000000000,ADA 33,Enrique Chapa,Leo's Service Station,Fuel,,,Joey,10871
10872,2026-08-26 00:00:00.000000000,ADA 32,Miguel Juarez,Texcon,Fuel,,,Joey,10872
10873,2026-08-27 00:00:00.000000000,ADA 33,Rafael Perez,Texcon,Fuel,,,Joey,10873
10874,2026-08-27 00:00:00.000000000,ADA 33,Rafael Perez,ACE Contractor Supply,Materials,,,Joey,10874
10875,2026-08-27 00:00:00.000000000,ADA 33,Isidro Sanchez,Texcon,Fuel,,,Joey,10875
10876,2026-08-27 00:00:00.000000000,ADA 33,Isidro Sanchez,ACE Contractor Supply,Materials,,,Joey,10876
10877,2026-08-27 00:00:00.000000000,ADA 32,Abraham Gonzales,Texcon,Fuel,,,Joey,10877
10878,2026-08-27 00:00:00.000000000,ADA 32,Pedro Limon,Texcon,Fuel,,,Joey,10878
10879,2026-08-27 00:00:00.000000000,ADA 33,Rudy Muniz,Leo's Service Station,Fuel,,,Joey,10879
10880,2026-08-27 00:00:00.000000000,ADA 32,Miguel Juarez,Texcon,Fuel,,,Joey,10880
10881,2026-08-27 00:00:00.000000000,ADA 33,Abraham Gonzales,Capitol Bearing Service,Materials,,,Joey,10881
10882,2026-08-27 00:00:00.000000000,ADA 32,Eduardo Valenzuela,Leo's Service Station,Fuel,,,Joey,10882
10883,2026-08-27 00:00:00.000000000,ADA 32,Sergio Nino,Texcon,Fuel,,,Joey,10883
10884,2026-08-27 00:00:00.000000000,ADA 32,Abraham Gonzales,ACE Contractor Supply,Materials,,,Joey,10884
10885,2026-08-27 00:00:00.000000000,ADA 32,Francisco Aguirre,ACE Contractor Supply,Materials,,,Joey,10885
10886,2026-08-27 00:00:00.000000000,CLMC1107A,Lupe Juarez,CMC,Materials,,,Joey,10886
10887,2026-08-27 00:00:00.000000000,ADA 33,Miguel Juarez,Elliott Electric Supply,Materials,,,Joey,10887
10888,2026-08-28 00:00:00.000000000,ADA 33,Diego Vazquez,Texcon,Fuel,,,Joey,10888
10889,2026-08-28 00:00:00.000000000,ADA 32,Pedro Limon,ACE Contractor Supply,Materials,,,Joey,10889
10890,2026-08-28 00:00:00.000000000,ADA 33,Victor Sanchez,ACE Contractor Supply,Materials,,,Joey,10890
10891,2026-08-28 00:00:00.000000000,ADA 32,Jose Julian Gonzalez,Leo's Service Station,Fuel,,,Joey,10891
10892,2026-08-28 00:00:00.000000000,ADA 33,Jose Antonio Licea,Texcon,Fuel,,,Joey,10892
10893,2026-08-28 00:00:00.000000000,ADA 33,Miguel Juarez,CMC,Materials,,,Joey,10893
10894,2026-08-28 00:00:00.000000000,ADA 32,Juan Perez,ACE Contractor Supply,Materials,,,Joey,10894
10895,2026-08-28 00:00:00.000000000,ADA 33,Jose Gerardo Garcia Moreno,Texcon,Fuel,,,Joey,10895
10896,2026-08-28 00:00:00.000000000,ADA 32,Jose De La Cerda,Texcon,Fuel,,,Joey,10896
10897,2026-08-28 00:00:00.000000000,CPO Burnet Corridor,Isidro Garcia,Leo's Service Station,Fuel,,,Joey,10897
10898,2026-08-31 00:00:00.000000000,CLMC 1093,Hector Segura,Texcon,Fuel,,,Joey,10898
10899,2026-08-31 00:00:00.000000000,ADA 33,Rafael Perez,Texcon,Fuel,,,Joey,10899
10900,2026-08-31 00:00:00.000000000,ADA 32,Francisco Aguirre,Texcon,Fuel,,,Joey,10900
10901,2026-08-31 00:00:00.000000000,ADA 32,Sergio Nino,Texcon,Fuel,,,Joey,10901
10902,2026-08-31 00:00:00.000000000,ADA 32,Juan Daniel Ortega,Texcon,Fuel,,,Joey,10902
10903,2026-08-19 00:00:00.000000000,ADA 32,Lupe Juarez,CMC,Materials,,,Joey,10903
10904,2026-08-31 00:00:00.000000000,CMTA,Lupe Juarez,Geo Components,Materials,,,Joey,10904
10905,2026-08-31 00:00:00.000000000,CPO Burnet Corridor,Isidro Garcia,Texcon,Fuel,,,Joey,10905
10906,2026-08-31 00:00:00.000000000,CPO Burnet Corridor,Isidro Garcia,ACE Contractor Supply,Materials,,,Joey,10906
10907,2026-08-31 00:00:00.000000000,CMTA,Lupe Juarez,Geo Components,Materials,,,Joey,10907
10908,2026-08-31 00:00:00.000000000,ADA 33,Diego Vazquez,ACE Contractor Supply,Materials,,,Joey,10908
10909,2026-08-31 00:00:00.000000000,ADA 32,Tito Cueto,Texcon,Fuel,,,Joey,10909
10910,2026-08-31 00:00:00.000000000,ADA 33,Enrique Chapa,Leo's Service Station,Fuel,,,Joey,10910
10911,2026-08-31 00:00:00.000000000,ADA 32,Ulises Lara,Texcon,Fuel,,,Joey,10911
10912,2026-08-31 00:00:00.000000000,CLMC 1093,Jose A. Zamarripa,ACE Contractor Supply,Materials,,,Joey,10912
10913,2026-08-31 00:00:00.000000000,ADA 32,Ulises Lara,CMC,Materials,,,Joey,10913
10914,2026-09-01 00:00:00.000000000,ADA 32,Ulises Lara,White Cap,Materials,,,Joey,10914
10915,2026-09-01 00:00:00.000000000,ADA 33,Abraham Gonzales,Texcon,Fuel,,,Joey,10915
10916,2026-09-01 00:00:00.000000000,CMTA,Hector Manzanares,White Cap,Materials,,,Joey,10916
10917,2026-09-01 00:00:00.000000000,CMTA,Hector Manzanares,Leo's Service Station,Fuel,,,Joey,10917
10918,2026-09-01 00:00:00.000000000,ADA 32,Jose Antonio Licea,Texcon,Fuel,,,Joey,10918
10919,2026-09-01 00:00:00.000000000,CMTA,Hector Manzanares,ACE Contractor Supply,Materials,,,Joey,10919
10920,2026-09-01 00:00:00.000000000,ADA 33,Victor Sanchez,Texcon,Fuel,,,Joey,10920
10921,2026-09-01 00:00:00.000000000,Mokan,Ruben Cano,Leo's Service Station,Fuel,,,Joey,10921
10922,2026-09-01 00:00:00.000000000,ADA 33,Miguel Juarez,Elliott Electric Supply,Materials,,,Joey,10922
10923,2026-09-01 00:00:00.000000000,ADA 32,Rudy Muniz,Leo's Service Station,Fuel,,,Joey,10923
10924,2026-09-01 00:00:00.000000000,ADA 33,Francis Echevestre,Leo's Service Station,Fuel,,,Joey,10924
10925,2026-09-01 00:00:00.000000000,ADA 33,Rafael Perez,Texcon,Fuel,,,Joey,10925
10926,2026-09-01 00:00:00.000000000,ADA 32,Miguel Juarez,Chevron,Fuel,,,Joey,10926
10927,2026-09-01 00:00:00.000000000,CLMC 1093,Jose A. Zamarripa,ACE Contractor Supply,Materials,,,Joey,10927
10928,2026-09-02 00:00:00.000000000,CPO Burnet Corridor,Simon Martínez,Centerline Supply,Traffic Control,,,Joey,10928
10929,2026-09-02 00:00:00.000000000,ADA 33,Simon Martínez,Grizzco Supply,Traffic Control,,,Joey,10929
10930,2026-09-02 00:00:00.000000000,CMTA,Hector Manzanares,CMC,Materials,,,Joey,10930
10931,2026-09-02 00:00:00.000000000,Mokan,Ruben Cano,CMC,Materials,,,Joey,10931
10932,2026-09-02 00:00:00.000000000,CLMC 1093,Omar Alfredo,ACE Contractor Supply,Materials,,,Joey,10932
10933,2026-09-02 00:00:00.000000000,ADA 32,Abraham Gonzales,Texcon,Fuel,,,Joey,10933
10934,2026-09-02 00:00:00.000000000,ADA 32,Rudy Muniz,RSS,Materials,,,Joey,10934
10935,2026-09-02 00:00:00.000000000,ADA 33,Francisco Bocanegra,Texcon,Materials,,,Joey,10935
10936,2026-09-02 00:00:00.000000000,ADA 33,Jose Luis Zamarripa,Centerline Supply,Traffic Control,,,Joey,10936
10937,2026-09-02 00:00:00.000000000,CPO Burnet Corridor,Simon Martínez,Roadsafe,Traffic Control,,,Joey,10937
10938,2026-09-02 00:00:00.000000000,ADA 32,Enrique Alvarado,Texcon,Fuel,,,Joey,10938
10939,2026-09-02 00:00:00.000000000,ADA 32,Hervey Quintero,RSS,Materials,,,Joey,10939
10939,2026-09-02 00:00:00.000000000,CMTA,Hector Manzanares,CMC,Materials,,,Joey,10939
10940,2026-09-02 00:00:00.000000000,ADA 33,Victor Sanchez,ACE Contractor Supply,Materials,,,Joey,10940
10941,2026-09-02 00:00:00.000000000,ADA 33,Isidro Sanchez,ACE Contractor Supply,Materials,,,Joey,10941
10942,2026-09-02 00:00:00.000000000,CLMC 1093,Hector Segura,Texcon,Fuel,,,Joey,10942
10943,2026-09-03 00:00:00.000000000,ADA 32,Pedro Limon,Texcon,Fuel,,,Joey,10943
10944,2026-09-03 00:00:00.000000000,ADA 32,David Molina,ACE Contractor Supply,Materials,,,Joey,10944
10945,2026-09-03 00:00:00.000000000,ADA 32,Juan Perez,ACE Contractor Supply,Materials,,,Joey,10945
10946,2026-09-03 00:00:00.000000000,ADA 33,Martin Gonzalez,Texcon,Fuel,,,Joey,10946
10947,2026-09-03 00:00:00.000000000,CMTA,Hector Manzanares,Whitecap,Materials,,,Joey,10947
10948,2026-09-03 00:00:00.000000000,CPO Burnet Corridor,Lupe Juarez,Geo Solutions,Materials,,,Joey,10948
10949,2026-09-03 00:00:00.000000000,Mokan,Ruben Cano,CMC,Materials,,,Joey,10949
10950,2026-09-03 00:00:00.000000000,Mokan,Lupe Juarez,CMC,Materials,,,Joey,10950
10951,2026-09-03 00:00:00.000000000,ADA 33,Eduardo Valenzuela,Leo's Service Station,Fuel,,,Joey,10951
10952,2026-09-03 00:00:00.000000000,ADA 32,Sergio Nino,Texcon,Fuel,,,Joey,10952
10953,2026-09-03 00:00:00.000000000,CMTA,Lupe Juarez,Texcon,Fuel,,,Joey,10953
10954,2026-09-03 00:00:00.000000000,ADA 33,Isidro Sanchez,Leo's Service Station,Fuel,,,Joey,10954
10955,2026-09-03 00:00:00.000000000,ADA 32,Jose Luis Zamarripa,Leo's Service Station,Fuel,,,Joey,10955
10956,2026-09-03 00:00:00.000000000,ADA 33,Carlos Diaz,White Cap,Materials,,,Joey,10956
10957,2026-09-03 00:00:00.000000000,CLMC1093,Jose A Zamarripa,ACE Contractor Supply,Materials,,,Joey,10957
10958,2026-09-04 00:00:00.000000000,CPO Burnet Corridor,Isidro Garcia,Texcon,Fuel,,,Joey,10958
10959,2026-09-04 00:00:00.000000000,ADA 33,Carlos Diaz,ACE Contractor Supply,Materials,,,Joey,10959
10960,2026-09-04 00:00:00.000000000,ADA 33,Rafael Perez,Texcon,Fuel,,,Joey,10960
10961,2026-09-04 00:00:00.000000000,CLMC 1093,Juan Daniel Ortega,Texcon,Fuel,,,Joey,10961
10962,2026-09-04 00:00:00.000000000,ADA 32,Hervery Quintero,RSS,Materials,,,Joey,10962
10963,2026-09-04 00:00:00.000000000,CMTA,Enrique Chapa,ACE Contractor Supply,Materials,,,Joey,10963
10964,2026-09-04 00:00:00.000000000,ADA 33,Miguel Juarez,Elliott Electric Supply,Materials,,,Joey,10964
10965,2026-09-04 00:00:00.000000000,CMTA,Enrique Chapa,Leo's Service Station,Fuel,,,Joey,10965
10966,2026-09-04 00:00:00.000000000,ADA 32,Ulises Lara,Texcon,Fuel,,,Joey,10966
10967,2026-09-04 00:00:00.000000000,ADA 33,Rogelio Lopez,Texcon,Fuel,,,Joey,10967
10968,2026-09-04 00:00:00.000000000,ADA 33,Martin Gonzalez,ACT Pipe Supply,Materials,,,Joey,10968
10969,2026-09-04 00:00:00.000000000,ADA 32,Abraham Gonzales,Texcon,Fuel,,,Joey,10969
10970,2026-09-04 00:00:00.000000000,ADA 33,Rudy Muniz,CMC Construction Supply,Materials,,,Joey,10970
10971,2026-09-04 00:00:00.000000000,CLMC 1107,Julio Martinez,Leo's Service Station,Fuel,,,Joey,10971
10972,2026-09-04 00:00:00.000000000,CLMC 1107,Julio Martinez,CMC Construction Supply,Materials,,,Joey,10972
10973,2026-09-04 00:00:00.000000000,ADA 33,Miguel Juarez,Texcon,Fuel,,,Joey,10973
10974,2026-09-04 00:00:00.000000000,ADA 32,Sergio Nino,Texcon,Fuel,,,Joey,10974
10975,2026-09-04 00:00:00.000000000,ADA 33,Diego Vazquez,Texcon,Fuel,,,Joey,10975
10976,2026-09-04 00:00:00.000000000,ADA 32,Francisco Aguirre,Texcon,Fuel,,,Joey,10976
10977,2026-09-04 00:00:00.000000000,ADA 32,Miguel Juarez,Texcon,Fuel,,,Joey,10977
10978,2026-09-04 00:00:00.000000000,CLMC1093,Jose A Zamarripa,ACE Contractor Supply,Materials,,,Joey,10978
10979,2026-09-05 00:00:00.000000000,ADA 33,Jose Gerardo Garcia Moreno,Leo's Service Station,Fuel,,,Joey,10979
10980,2026-09-05 00:00:00.000000000,CMTA,Jose Julian Gonzalez,Leo's Service Station,Fuel,,,Joey,10980
10981,2026-09-08 00:00:00.000000000,ADA 33,Gerardo Sanchez,Texcon,Fuel,,,Joey,10981
10982,2026-09-08 00:00:00.000000000,ADA 33,Carlos Diaz,Texcon,Fuel,,,Joey,10982
10983,2026-09-08 00:00:00.000000000,CMTA,Jesus G. Rodriguez,Texcon,Fuel,,,Joey,10983
10984,2026-09-08 00:00:00.000000000,ADA 33,Jose Antonio Licea,Texcon,Fuel,,,Joey,10984
10985,2026-09-08 00:00:00.000000000,CLMC1093,Martin Gonzalez,ACE Contractor Supply,Materials,,,Joey,10985
10986,2026-09-08 00:00:00.000000000,CLMC1093,Martin Gonzalez,CMC,Materials,,,Joey,10986
10987,2026-09-08 00:00:00.000000000,CLMC1093,Pablo Reynaga,Texcon,Fuel,,,Joey,10987
10988,2026-09-08 00:00:00.000000000,ADA 32,Jose De La Cerda,Texcon,Fuel,,,Joey,10988
10989,2026-09-08 00:00:00.000000000,CLMC 1093,Hector Segura,Texcon,Fuel,,,Joey,10989
10990,2026-09-08 00:00:00.000000000,ADA 32,Pedro Limon,Texcon,Fuel,,,Joey,10990
10991,2026-09-08 00:00:00.000000000,CMTA,Hector Manzanares,ACE Contractor Supply,Materials,,,Joey,10991
10992,2026-09-08 00:00:00.000000000,ADA 33,Jose Luis Zamarripa,Leo's Service Station,Fuel,,,Joey,10992
10993,2026-09-08 00:00:00.000000000,ADA 32,Martin Gonzalez,Texcon,Fuel,,,Joey,10993
10994,2026-09-09 00:00:00.000000000,CMTA,Jose Julian Gonzalez,Texcon,Fuel,,,Joey,10994
10995,2026-09-09 00:00:00.000000000,CLMC1093,Pablo Reynaga,ACE Contractor Supply,Materials,,,Joey,10995
10996,2026-09-09 00:00:00.000000000,ADA 33,Abraham Gonzales,Texcon,Fuel,,,Joey,10996
10997,,,,,,,,Joey,10997
10998,,,,,,,,Joey,10998
10999,,,,,,,,Joey,10999
2000,,,,,,,,Joey,2000
2001,,,,,,,,Joey,2001
2002,,,,,,,,Joey,2002
2003,,,,,,,,Joey,2003
2004,,,,,,,,Joey,2004
2005,,,,,,,,Joey,2005
2000,2023-02-15 00:00:00.000000000,CPO Bicycle & Pedestrian IDIQ,Martin Gonzalez,ACE Contractor Supply,Tools,,,Tacho,2000
2001,2023-02-15 00:00:00.000000000,CPO Bicycle & Pedestrian IDIQ,Martin Gonzalez,Texcon,Fuel,HZJ-4414,MG,Tacho,2001
2002,2023-02-16 00:00:00.000000000,ADA 23A,Gerardo Sanchez,RSS Supply,Smart Level,,,Tacho,2002
2003,2023-02-16 00:00:00.000000000,ADA 23A,Carlos Diaz,ACE Contractor Supply,Curlex, ,,Tacho,2003
2004,2023-02-16 00:00:00.000000000,Pharr Tennis Center,Tacho Hernandez,Capitol Bearing,Water Truck Parts, ,,Tacho,2004
2005,2023-02-17 00:00:00.000000000,ADA 23A,Rogelio Bandomo Lopez, Texcon,Fuel,MTX9573,RBL,Tacho,2005
2006,2023-02-17 00:00:00.000000000,ADA 28,Juan Vigoa, Texcon,Fuel,MTX2483,JV,Tacho,2006
2007,2023-02-21 00:00:00.000000000,ADA 25,Juan Daniel Ortega,Leo's Service Station,Fuel,KCJ2416,JDO,Tacho,2007
2008,2023-02-21 00:00:00.000000000,CPO Bicycle & Pedestrian IDIQ,Martin Gonzalez,ACE Contractor Supply,Material, ,,Tacho,2008
2009,2023-02-21 00:00:00.000000000,ADA 23A,Tacho Hernandez,ACE Contractor Supply,No Parking Sign, ,,Tacho,2009
2010,, , , , , , ,Tacho,2010
2011,2023-02-22 00:00:00.000000000, Brush Square,Ruben Cano,Texcon,Fuel,LRJ2949,RC,Tacho,2011
2012,2023-02-22 00:00:00.000000000, ADA 25,Juan Daniel Ortega,Texcon,Fuel,KCJ2416,JDO,Tacho,2012
2013,2023-02-22 00:00:00.000000000,Pharr Tennis Center,Jose De La Cerda,, Fuel,KLM0871,JDC,Tacho,2013
2014,2023-02-23 00:00:00.000000000,ADA 23A,Tacho Hernandez,Dobie Supply,Channelizer,,,Tacho,2014
2015,2023-02-24 00:00:00.000000000,ADA 25,"Omar ""Alfredo"" Hernandez",ACE Contractor Supply,"Tools, Lumber, Nails, Broom, Edger, Blades, Bags, Towels", , ,Tacho,2015
2016,2023-02-28 00:00:00.000000000, ADA 23A,Tacho Hernandez,Rinker Materials, Manhole Covers, , ,Tacho,2016
2017,2023-03-01 00:00:00.000000000, ADA 23A,Juan Vigoa,Texcon,Fuel,MTX2483,JV,Tacho,2017
2018,2023-03-02 00:00:00.000000000,ADA 23A - William Cannon & S. Pleasant Valley,Abraham Gonzalez,Geo Solutions, Mulch Sock Filtrexx, ,,Tacho,2018
2019,2023-03-06 00:00:00.000000000,Service Truck,Abraham Gonzalez,Texcon,Fuel,GXK8804,AG,Tacho,2019
2020,2023-03-06 00:00:00.000000000, ADA 23A - William Cannon & S. Pleasant Valley,Abraham Gonzalez,ACE Contractor Supply,Curlex, , ,Tacho,2020
2021,2023-03-06 00:00:00.000000000, ADA 28,Martin Gonzalez,ACE Contractor Supply,Material, , ,Tacho,2021
2022,2023-03-07 00:00:00.000000000,ADA 23A,Juan Daniel Ortega,Leo's Service Station,Fuel,GXK8804,JDO,Tacho,2022
2023,2023-03-07 00:00:00.000000000, ,Juan Vigoa,Texcon,Fuel,GXK8804,JV,Tacho,2023
2024,2023-03-08 00:00:00.000000000,ADA 23A,Juan Daniel Ortega,ACE Contractor Supply,Material, , ,Tacho,2024
2025,2023-03-08 00:00:00.000000000,Dump Truck,Rogelio Bandomo Lopez,Texcon,Fuel, , ,Tacho,2025
2026,2023-03-09 00:00:00.000000000,ADA 23A,Abraham Gonzalez,ACE Contractor Supply,Material, , ,Tacho,2026
2027,2023-03-09 00:00:00.000000000,ADA 23A,Abraham Gonzalez, Texcon,Fuel, , ,Tacho,2027
2028,2023-03-09 00:00:00.000000000,Brush Square Phase 1,Ruben Cano,Texcon,Fuel, , ,Tacho,2028
2029,2023-03-10 00:00:00.000000000,Justin Lane Demolition,Ruben Cano,Texcon,Fuel, , ,Tacho,2029
2030,2023-03-13 00:00:00.000000000,ADA 23A,Juan Daniel Ortega,Texcon,Fuel, , ,Tacho,2030
2031,2023-03-13 00:00:00.000000000,Dump Truck,Juan Vigoa,Texcon,Fuel, , ,Tacho,2031
2032,2023-03-13 00:00:00.000000000,ADA 23A,Abraham Gonzalez,ACE Contractor Supply,Material, , ,Tacho,2032
2033,2023-03-13 00:00:00.000000000,Truck/Bobcat,Abraham Gonzalez,Texcon,Fuel, , ,Tacho,2033
2034,2023-03-14 00:00:00.000000000,Justin Lane Demolition,Ruben Cano,Texcon,Fuel, , ,Tacho,2034
2035,2023-03-15 00:00:00.000000000,Dump Truck,Rogelio Bandomo Lopez,Texcon,Fuel, , ,Tacho,2035
2036,2023-03-16 00:00:00.000000000,Justin Lane Demolition,Ruben Cano,Texcon,Fuel, , ,Tacho,2036
2037,2023-03-16 00:00:00.000000000,Justin Lane Demolition,Ruben Cano,Texcon,Fuel, , ,Tacho,2037
2038,2023-03-16 00:00:00.000000000,ADA 25,Juan Daniel Ortega,Texcon,Fuel, , ,Tacho,2038
2039,2023-03-17 00:00:00.000000000,ADA 23A,Abraham Gonzalez,ACE Contractor Supply,Material, , ,Tacho,2039
2040,2023-03-20 00:00:00.000000000,Dump Truck,Rogelio Bandomo Lopez,Texcon,Fuel, , ,Tacho,2040
8800,,,,,,,,Tacho,8800
8801,,,,,,,,Tacho,8801
8802,,,,,,,,Tacho,8802
8803,,,,,,,,Tacho,8803
8804,,,,,,,,Tacho,8804
8805,,,,,,,,Tacho,8805
8806,,,,,,,,Tacho,8806
8807,,,,,,,,Tacho,8807
8808,,,,,,,,Tacho,8808
8809,,,,,,,,Tacho,8809
8810,,,,,,,,Tacho,8810
8811,,,,,,,,Tacho,8811
8812,,,,,,,,Tacho,8812
8813,,,,,,,,Tacho,8813
8814,,,,,,,,Tacho,8814
8815,,,,,,,,Tacho,8815
8816,,,,,,,,Tacho,8816
8817,,,,,,,,Tacho,8817
8818,,,,,,,,Tacho,8818
8819,,,,,,,,Tacho,8819
8820,,,,,,,,Tacho,8820
8821,,,,,,,,Tacho,8821
8822,,,,,,,,Tacho,8822
8823,,,,,,,,Tacho,8823
8824,,,,,,,,Tacho,8824
8825,,,,,,,,Tacho,8825
8826,,,,,,,,Tacho,8826
8827,,,,,,,,Tacho,8827
8828,,,,,,,,Tacho,8828
8829,,,,,,,,Tacho,8829
8830,,,,,,,,Tacho,8830
8831,,,,,,,,Tacho,8831
8832,,,,,,,,Tacho,8832
8833,,,,,,,,Tacho,8833
8834,,,,,,,,Tacho,8834
8835,,,,,,,,Tacho,8835
8836,,,,,,,,Tacho,8836
8837,,,,,,,,Tacho,8837
8838,,,,,,,,Tacho,8838
8839,,,,,,,,Tacho,8839
8840,,,,,,,,Tacho,8840
8841,,,,,,,,Tacho,8841
8842,,,,,,,,Tacho,8842
8843,,,,,,,,Tacho,8843
8844,,,,,,,,Tacho,8844
8845,,,,,,,,Tacho,8845
8846,,,,,,,,Tacho,8846
8847,,,,,,,,Tacho,8847
8848,,,,,,,,Tacho,8848
8849,,,,,,,,Tacho,8849
8850,,,,,,,,Tacho,8850
8851,,,,,,,,Tacho,8851
8852,,,,,,,,Tacho,8852
8853,,,,,,,,Tacho,8853
8854,,,,,,,,Tacho,8854
8855,,,,,,,,Tacho,8855
8856,,,,,,,,Tacho,8856
8857,,,,,,,,Tacho,8857
8858,,,,,,,,Tacho,8858
8859,,,,,,,,Tacho,8859
8860,,,,,,,,Tacho,8860
8861,,,,,,,,Tacho,8861
8862,,,,,,,,Tacho,8862
8863,,,,,,,,Tacho,8863
8864,,,,,,,,Tacho,8864
8865,,,,,,,,Tacho,8865
8866,,,,,,,,Tacho,8866
8867,,,,,,,,Tacho,8867
8868,,,,,,,,Tacho,8868
8869,,,,,,,,Tacho,8869
8870,,,,,,,,Tacho,8870
Alex's POs,,,,,,,,Tacho,ALEX'S POS
PO#,,PROJECT(S),CREATOR,VENDOR,DESCRIPTION,Vehicle Plates,Driver,Tacho,PO#
1426,,,,,,,,Tacho,1426
1427,,,,,,,,Tacho,1427
1428,,,,,,,,Tacho,1428
1429,,,,,,,,Tacho,1429
1430,,,,,,,,Tacho,1430
1431,,,,,,,,Tacho,1431
1432,,,,,,,,Tacho,1432
1433,,,,,,,,Tacho,1433
1434,,,,,,,,Tacho,1434
1435,,,,,,,,Tacho,1435
1436,,,,,,,,Tacho,1436
1437,,,,,,,,Tacho,1437
1438,,,,,,,,Tacho,1438
1439,,,,,,,,Tacho,1439
1440,,,,,,,,Tacho,1440
1441,,,,,,,,Tacho,1441
1442,,,,,,,,Tacho,1442
1443,,,,,,,,Tacho,1443
1444,,,,,,,,Tacho,1444
1445,,,,,,,,Tacho,1445
1446,,,,,,,,Tacho,1446
1447,,,,,,,,Tacho,1447
1448,,,,,,,,Tacho,1448
1449,,,,,,,,Tacho,1449
1450,,,,,,,,Tacho,1450
1451,,,,,,,,Tacho,1451
1452,,,,,,,,Tacho,1452
1453,,,,,,,,Tacho,1453
1454,,,,,,,,Tacho,1454
1455,,,,,,,,Tacho,1455
1456,,,,,,,,Tacho,1456
1457,,,,,,,,Tacho,1457
1458,,,,,,,,Tacho,1458
1459,,,,,,,,Tacho,1459
1460,,,,,,,,Tacho,1460
1461,,,,,,,,Tacho,1461
1462,,,,,,,,Tacho,1462
1463,,,,,,,,Tacho,1463
1464,,,,,,,,Tacho,1464
1465,,,,,,,,Tacho,1465
1466,,,,,,,,Tacho,1466
1467,,,,,,,,Tacho,1467
1468,,,,,,,,Tacho,1468
1469,,,,,,,,Tacho,1469
1470,,,,,,,,Tacho,1470
1471,,,,,,,,Tacho,1471
1472,,,,,,,,Tacho,1472
1473,,,,,,,,Tacho,1473
1474,,,,,,,,Tacho,1474
1475,,,,,,,,Tacho,1475
1476,,,,,,,,Tacho,1476
1477,,,,,,,,Tacho,1477
1478,,,,,,,,Tacho,1478
1479,,,,,,,,Tacho,1479
1480,,,,,,,,Tacho,1480
1481,,,,,,,,Tacho,1481
1482,,,,,,,,Tacho,1482
1483,,,,,,,,Tacho,1483
1484,,,,,,,,Tacho,1484
1485,,,,,,,,Tacho,1485
1486,,,,,,,,Tacho,1486
1487,,,,,,,,Tacho,1487
1488,,,,,,,,Tacho,1488
1489,,,,,,,,Tacho,1489
1490,,,,,,,,Tacho,1490
1491,,,,,,,,Tacho,1491
1492,,,,,,,,Tacho,1492
1493,,,,,,,,Tacho,1493
1494,,,,,,,,Tacho,1494
1495,,,,,,,,Tacho,1495
1496,,,,,,,,Tacho,1496
1497,,,,,,,,Tacho,1497
1498,,,,,,,,Tacho,1498
1499,,,,,,,,Tacho,1499
1500,,,,,,,,Tacho,1500
1501,,,,,,,,Tacho,1501
1502,,,,,,,,Tacho,1502
1503,,,,,,,,Tacho,1503
1504,,,,,,,,Tacho,1504
1505,,,,,,,,Tacho,1505
1506,,,,,,,,Tacho,1506
1507,,,,,,,,Tacho,1507
1508,,,,,,,,Tacho,1508
1509,,,,,,,,Tacho,1509
1510,,,,,,,,Tacho,1510
1511,,,,,,,,Tacho,1511
1512,,,,,,,,Tacho,1512
1513,,,,,,,,Tacho,1513
1514,,,,,,,,Tacho,1514
1515,,,,,,,,Tacho,1515
1516,,,,,,,,Tacho,1516
1517,,,,,,,,Tacho,1517
1518,,,,,,,,Tacho,1518
1519,,,,,,,,Tacho,1519
1520,,,,,,,,Tacho,1520
1521,,,,,,,,Tacho,1521
1522,,,,,,,,Tacho,1522
1523,,,,,,,,Tacho,1523
1524,,,,,,,,Tacho,1524
1525,,,,,,,,Tacho,1525
1526,,,,,,,,Tacho,1526
1527,,,,,,,,Tacho,1527
1528,,,,,,,,Tacho,1528
1529,,,,,,,,Tacho,1529
1530,,,,,,,,Tacho,1530
1531,,,,,,,,Tacho,1531
1532,,,,,,,,Tacho,1532
1533,,,,,,,,Tacho,1533
1534,,,,,,,,Tacho,1534
1535,,,,,,,,Tacho,1535
1536,,,,,,,,Tacho,1536
1537,,,,,,,,Tacho,1537
1538,,,,,,,,Tacho,1538
1539,,,,,,,,Tacho,1539
1540,,,,,,,,Tacho,1540
1541,,,,,,,,Tacho,1541
1542,,,,,,,,Tacho,1542
1543,,,,,,,,Tacho,1543
1544,,,,,,,,Tacho,1544
1545,,,,,,,,Tacho,1545
1546,,,,,,,,Tacho,1546
1547,,,,,,,,Tacho,1547
1548,,,,,,,,Tacho,1548
1549,,,,,,,,Tacho,1549
1550,,,,,,,,Tacho,1550
1551,,,,,,,,Tacho,1551
1552,,,,,,,,Tacho,1552
1553,,,,,,,,Tacho,1553
1554,,,,,,,,Tacho,1554
1555,,,,,,,,Tacho,1555
1556,,,,,,,,Tacho,1556
1557,,,,,,,,Tacho,1557
1558,,,,,,,,Tacho,1558
1559,,,,,,,,Tacho,1559
1560,,,,,,,,Tacho,1560
1561,,,,,,,,Tacho,1561
1562,,,,,,,,Tacho,1562
1563,,,,,,,,Tacho,1563
1564,,,,,,,,Tacho,1564
1565,,,,,,,,Tacho,1565
1566,,,,,,,,Tacho,1566
1567,,,,,,,,Tacho,1567
1568,,,,,,,,Tacho,1568
1569,,,,,,,,Tacho,1569
1570,,,,,,,,Tacho,1570
1571,,,,,,,,Tacho,1571
1572,,,,,,,,Tacho,1572
1573,,,,,,,,Tacho,1573
1574,,,,,,,,Tacho,1574
1575,,,,,,,,Tacho,1575
1576,,,,,,,,Tacho,1576
1577,,,,,,,,Tacho,1577
1578,,,,,,,,Tacho,1578
1579,,,,,,,,Tacho,1579
1580,,,,,,,,Tacho,1580
1581,,,,,,,,Tacho,1581
1582,,,,,,,,Tacho,1582
1583,,,,,,,,Tacho,1583
1584,,,,,,,,Tacho,1584
1585,,,,,,,,Tacho,1585
1586,,,,,,,,Tacho,1586
1587,,,,,,,,Tacho,1587
1588,,,,,,,,Tacho,1588
1589,,,,,,,,Tacho,1589
1590,,,,,,,,Tacho,1590
1591,,,,,,,,Tacho,1591
1592,,,,,,,,Tacho,1592
1593,,,,,,,,Tacho,1593
1594,,,,,,,,Tacho,1594
1595,,,,,,,,Tacho,1595
1596,,,,,,,,Tacho,1596
1597,,,,,,,,Tacho,1597
1598,,,,,,,,Tacho,1598
1599,,,,,,,,Tacho,1599
1600,,,,,,,,Tacho,1600
1601,,,,,,,,Tacho,1601
1602,,,,,,,,Tacho,1602
1603,,,,,,,,Tacho,1603
1604,,,,,,,,Tacho,1604
1605,,,,,,,,Tacho,1605
1606,,,,,,,,Tacho,1606
1607,,,,,,,,Tacho,1607
1608,,,,,,,,Tacho,1608
1609,,,,,,,,Tacho,1609
1610,,,,,,,,Tacho,1610
1611,,,,,,,,Tacho,1611
1612,,,,,,,,Tacho,1612
1613,,,,,,,,Tacho,1613
1614,,,,,,,,Tacho,1614
1615,,,,,,,,Tacho,1615
4000,2023-02-17 00:00:00.000000000,ADA 23A - Copperfield,Jose Luis Zamarripa,Texcon,Fuel,JUS6663,JLZ,Jose Luis,4000
4001,2023-02-17 00:00:00.000000000,ADA 23A - Thompkins,Jose Julian Gonzalez,CMC,"Bull Float, Nails, Tie Wire", ,,Jose Luis,4001
4002,2023-02-17 00:00:00.000000000,ADA 23A - Yager,Isidro Sanchez,CMC,"Rebar Caps, Smart Level, Hammer Drill, Skill Saw Blades", ,,Jose Luis,4002
4003,2023-02-21 00:00:00.000000000,CTECC Security Gate,Jose Luis Zamarripa,Leo's Service Station,Fuel,JUS6663,JLZ,Jose Luis,4003
4004,2023-02-21 00:00:00.000000000,ADA 23A - Thompkins,Jose Julian Gonzalez,Leo's Service Station,Fuel,CSS2251,JLZ,Jose Luis,4004
4005,2023-02-22 00:00:00.000000000,Pharr Tennis Center,"Jose ""Lupe"" Juarez",Texcon,Fuel,NXM4819,JLJ,Jose Luis,4005
4006,2023-02-22 00:00:00.000000000,ADA 23A - Copperfield,Nino Morales,RSS Supply,"Pavers, Fine Sand, Masonry, Cement",,,Jose Luis,4006
4007,2023-02-22 00:00:00.000000000,Field Equipment,Jose Luis Zamarripa,G4 Spatial Technologies,Auto Level, , ,Jose Luis,4007
4008,2023-02-23 00:00:00.000000000,ADA 23A - Copperfield,Jose Luis Zamarripa,Texcon,Fuel,JUS6663,JLZ,Jose Luis,4008
4009,2023-02-21 00:00:00.000000000,ADA 23A - Yager,Isidro Sanchez,Leo's Service Station,Fuel,NBN3741,IS,Jose Luis,4009
4010,2023-02-24 00:00:00.000000000,ADA 23A - Copperfield,Nino Morales,RSS Supply,"Redwood, Expansion Joints (Boots)", , ,Jose Luis,4010
4011,2023-02-25 00:00:00.000000000,ADA 23A - Copperfield,Jose Luis Zamarripa,Texcon,Fuel, JUS6663,JLZ,Jose Luis,4011
4012,2023-02-27 00:00:00.000000000,ADA 23A - Yager,Isidro Sanchez,Leo's Service Station,Fuel,NBN3741,IS,Jose Luis,4012
4013,2023-02-27 00:00:00.000000000,ADA 23A - Yager,Isidro Sanchez,CMC,Concrete Tools, , ,Jose Luis,4013
4014,2023-02-28 00:00:00.000000000,ADA 23A - Yager,Isidro Sanchez,Texcon,Fuel,NBN3741,IS,Jose Luis,4014
4015,2023-03-01 00:00:00.000000000,ADA 23A - Copperfield,Nino Morales,Texcon,Fuel, , ,Jose Luis,4015
4016,2023-03-02 00:00:00.000000000,ADA 23A - Thompkins,Jose Julian Gonzalez,RSS Supply,Black Poly, , ,Jose Luis,4016
4017,2023-03-02 00:00:00.000000000,ADA 23A - Yager,Isidro Sanchez,RSS Supply,"Black Poly, Measuring Wheel", , ,Jose Luis,4017
4018,2023-03-03 00:00:00.000000000,CTECC Security Gate,Nino Morales,Ram Tool,"Tie Wire, Utility Bricks", , ,Jose Luis,4018
4019,2023-03-03 00:00:00.000000000,ADA 23A - Copperfield,Jose Luis Zamarripa,Texcon,Fuel, JUS6663,JLZ,Jose Luis,4019
4020,2023-03-03 00:00:00.000000000,ADA 23A - Yager,Isidro Sanchez,ACT Pipe Supply,Paving Ring, , ,Jose Luis,4020
4021,2023-03-06 00:00:00.000000000,ADA 23A - Thompkins,Gerardo Sanchez,RSS Supply,"Straps, Nails", , ,Jose Luis,4021
4022,2023-03-06 00:00:00.000000000,ADA 23A - Thompkins,Gerardo Sanchez,Texcon,Fuel, DDD8990,GS,Jose Luis,4022
4023,, , , , , , ,Jose Luis,4023
4024,2023-03-06 00:00:00.000000000,CTECC Security Gate,Jose Luis Zamarripa,Texcon,Fuel,JUS6663,JLZ,Jose Luis,4024
4025,2023-03-07 00:00:00.000000000,ADA 23A - Yager,Isidro Sanchez,Leo's Service Station,Fuel,NBN3741,IS,Jose Luis,4025
4026,2023-03-08 00:00:00.000000000,ADA 23 - Yager,Isidro Sanchez,ACE Contractor Supply,Curlex, , ,Jose Luis,4026
4027,2023-03-08 00:00:00.000000000,ADA 23,Jose Luis Zamarripa,G4 Spatial Technologies,6 Field Books, , ,Jose Luis,4027
4028,2023-03-09 00:00:00.000000000,ADA 23 - Copperfield,Jose Luis Zamarripa,Texcon,Fuel, ,JLZ,Jose Luis,4028
4029,2023-03-10 00:00:00.000000000,ADA 23 - Thompkins,Gerardo Sanchez,Texcon,Fuel, ,GS,Jose Luis,4029
4030,2023-03-13 00:00:00.000000000,CTECC Security Gate,Alberto Garcia,RSS Supply,Safety Fence, , ,Jose Luis,4030
4031,2023-03-13 00:00:00.000000000,ADA 23 - Copperfield,Jose Nino Morales,Rss Supply,Chamfer, , ,Jose Luis,4031
4032,2023-03-13 00:00:00.000000000,CTECC Security Gate,Jose Luis Zamarripa,Texcon,Fuel, ,JLZ,Jose Luis,4032
4033,2023-03-13 00:00:00.000000000,ADA 23 - Thompkins,Jose Julian Gonzalez,ACT Pipe Supply,Paving Rings, , ,Jose Luis,4033
4034,2023-03-14 00:00:00.000000000,ADA 23 - Yager,Isidro Sanchez,ACE Contractor Supply,"Nails, Epoxy", , ,Jose Luis,4034
4035,2023-03-14 00:00:00.000000000,ADA 23 - Thompkins,Jose Julian Gonzalez,ACE Contractor Supply,"Redwood, Floats, Sand Bags", , ,Jose Luis,4035
4036,2023-03-16 00:00:00.000000000,ADA 23 - Yager,Isidro Sanchez,Leo's Service Station,Fuel, ,IS,Jose Luis,4036
4037,2023-03-17 00:00:00.000000000,CTECC Security Gate,Jose Luis Zamarripa,Texcon,Fuel, ,JLZ,Jose Luis,4037
4038,2023-03-20 00:00:00.000000000,ADA 23 - Yager,Isidro Sanchez,CMC,"Concrete Broom, Trowel", , ,Jose Luis,4038
4039,2023-03-21 00:00:00.000000000,ADA 23 - Yager,Isidro Sanchez,Texcon,Fuel, ,IS,Jose Luis,4039
4040,2023-03-22 00:00:00.000000000,CTECC Security Gate,Jose Nino Morales,CMC,"Expansion Joint, Epoxy, Dowels", , ,Jose Luis,4040
4041,2023-03-23 00:00:00.000000000,ADA 23 - Ken St.,Jose Luis Zamarripa,Texcon,Fuel,,JLZ,Jose Luis,4041
4042,2023-03-23 00:00:00.000000000,ADA 23 - Copperfield,Jose Nino Morales,RSS Supply,Chamfer,,,Jose Luis,4042
4043,2023-03-24 00:00:00.000000000,CPO - N. Lamar,Jose Luis Zamarripa,Leo's Service Station,Fuel,,JLZ,Jose Luis,4043
4044,2023-03-27 00:00:00.000000000,ADA 23 - Copperfield,Jose Nino Morales,CMC,Sheep Patch,,,Jose Luis,4044
4045,2023-03-29 00:00:00.000000000,CTECC Security Gate,Jose Luis Zamarripa,Texcon,Fuel,,JLZ,Jose Luis,4045
4046,2023-03-30 00:00:00.000000000,ADA 23 - Copperfield,Jose Luis Zamarripa,Sunbelt Rentals,Boggy Rental,,,Jose Luis,4046
4047,2023-04-01 00:00:00.000000000,ADA 23 - Yager,Jose Luis Zamarripa,Texcon,Fuel,,JLZ,Jose Luis,4047
4048,,,,,,,,Jose Luis,4048
4049,2023-04-04 00:00:00.000000000,ADA 23 - Yager,Isidro Sanchez,ACE Contractor Supply,Lumber,,,Jose Luis,4049
4050,2023-04-04 00:00:00.000000000,ADA 23 - Thompkins,Jose Julian Gonzalez,RSS Supply,"Chamfer, Curb Boots",,,Jose Luis,4050
4051,2023-04-04 00:00:00.000000000,CTECC Security Gate,Jose Nino Morales,CMC,Sheep Patch,,,Jose Luis,4051
4052,2023-04-05 00:00:00.000000000,ADA 23 - Copperfield,Jose Luis Zamarripa,Texcon,Fuel,,JLZ,Jose Luis,4052
4053,2023-04-11 00:00:00.000000000,ADA 23 - Grover Ave.,Francisco Aguirre,White Cap,Walk Behind Saw,,,Jose Luis,4053
4054,2023-04-12 00:00:00.000000000,ADA 23 - Yager,Jose Luis Zamarripa,Texcon,Fuel,,JLZ,Jose Luis,4054
4055,2023-04-12 00:00:00.000000000,ADA 23 - Grover Ave.,Francisco Aguirre,RSS Supply,"Wire, Nails, Blades, Broom",,,Jose Luis,4055
4056,2023-04-13 00:00:00.000000000,ADA 23 - Yager,Isidro Sanchez,Texcon,Fuel,,IS,Jose Luis,4056
4057,2023-04-14 00:00:00.000000000,ADA 23 - Yager,Isidro Sanchez,ACE Contractor Supply,"Curlex, SOD, Staples",,,Jose Luis,4057
4058,2023-04-14 00:00:00.000000000,CTECC Security Gate,Jose Luis Zamarripa,Texcon,Fuel,,JLZ,Jose Luis,4058
4059,2023-04-17 00:00:00.000000000,ADA 23 - Grover Ave.,Francisco Aguirre,Leo's Service Station,Fuel,,,Jose Luis,4059
4060,2023-04-18 00:00:00.000000000,ADA 23 - Copperfield,Jose Luis Zamarripa,Texcon,Fuel,,JLZ,Jose Luis,4060
4061,2023-04-19 00:00:00.000000000,CTECC Security Gate,Alberto Garcia,ACE Contractor Supply,Filter Fabric,,,Jose Luis,4061
4062,2023-04-20 00:00:00.000000000,ADA 23 - Thompkins,Jose Julian Gonzalez,CMC,"Sheep Patch, Bonder",,,Jose Luis,4062
4063,2023-04-20 00:00:00.000000000,ADA 23 - Grover Ave.,Francisco Aguirre,ACE Contractor Supply,"Tools, Extension Cord",,,Jose Luis,4063
4064,2023-04-21 00:00:00.000000000,Brush Square Phase 1,Dhiraj Saraogi,White Cap,Curing Blankets,,,Jose Luis,4064
4065,2023-04-21 00:00:00.000000000,ADA 27 - Burleson,Jose Luis Zamarripa,Texcon,Fuel,,JLZ,Jose Luis,4065
4066,2023-04-24 00:00:00.000000000,ADA 23 - Copperfield,Jose Luis Zamarripa,United Rentals,Boggy Rental,,,Jose Luis,4066
4067,2023-04-24 00:00:00.000000000,ADA 27 - Burleson,Carlos Diaz,Texcon,Fuel,,CD,Jose Luis,4067
4068,2023-04-25 00:00:00.000000000,ADA 27 - Burleson,Carlos Diaz,ACE Contractor Supply,"Curlex, SOD, Staples",,,Jose Luis,4068
4069,2023-04-25 00:00:00.000000000,ADA 27 - Burleson,Jose Luis Zamarripa,Texcon,Fuel,,JLZ,Jose Luis,4069
4070,2023-04-25 00:00:00.000000000,ADA 23 - Yager,Isidro Sanchez,RSS Supply,6 Mil Poly Roll,,,Jose Luis,4070
4071,2023-04-26 00:00:00.000000000,ADA 23 - Grover Ave.,Francisco Aguirre,CMC,"Safety Fence, Smart Level",,,Jose Luis,4071
4072,2023-04-27 00:00:00.000000000,ADA 27 - Burleson,Carlos Diaz,Wheeler,Type D Asphalt,,,Jose Luis,4072
4073,2023-04-28 00:00:00.000000000,CTECC Security Gate,Dhiraj Saraogi,Mutt Mitt,Dogwasher STS,,,Jose Luis,4073
4074,2023-04-28 00:00:00.000000000,ADA 27 - Burleson,Carlos Diaz,Texcon,Fuel,,CD,Jose Luis,4074
4075,2023-04-28 00:00:00.000000000,ADA 23 - Grover Ave.,Francisco Aguirre,CMC,Grinder,,,Jose Luis,4075
4076,2023-04-28 00:00:00.000000000,ADA 23 - Yager,Jose Luis Zamarripa,Texcon,Fuel,,JLZ,Jose Luis,4076
4077,2023-05-02 00:00:00.000000000,ADA 23 - W. 11th,Gerardo Sanchez,ACT Pipe Supply,Inlet Rings,,,Jose Luis,4077
4078,2023-05-02 00:00:00.000000000,ADA 23 - Thompkins,Jose Julian Gonzalez,Texcon,Fuel,,JJG,Jose Luis,4078
4079,2023-05-03 00:00:00.000000000,ADA 23 - Yager,Isidro Sanchez,ACE Contractor Supply,"Sod Staples, Curlex",,,Jose Luis,4079
4080,2023-05-05 00:00:00.000000000,ADA 23 - Thompkins,Jose Julian Gonzalez,Texcon,Fuel,,JJG,Jose Luis,4080
4081,2023-05-05 00:00:00.000000000,Brush Square Phase 1,Dhiraj Saraogi,CMC,Sonotubes,,,Jose Luis,4081
4082,2023-05-05 00:00:00.000000000,CTECC Security Gate,Jose Luis Zamarripa,Texcon,Fuel,,JLZ,Jose Luis,4082
4083,2023-05-08 00:00:00.000000000,ADA 27 - Burleson,Carlos Diaz,Texcon,Fuel,,JLZ,Jose Luis,4083
4084,,,,,,,,Jose Luis,4084
4085,,,,,,,,Jose Luis,4085
4086,,,,,,,,Jose Luis,4086
4087,,,,,,,,Jose Luis,4087
4088,,,,,,,,Jose Luis,4088
4089,,,,,,,,Jose Luis,4089
4090,,,,,,,,Jose Luis,4090
4091,,,,,,,,Jose Luis,4091
4092,,,,,,,,Jose Luis,4092
4093,,,,,,,,Jose Luis,4093
4094,,,,,,,,Jose Luis,4094
4095,,,,,,,,Jose Luis,4095
4096,,,,,,,,Jose Luis,4096
4097,,,,,,,,Jose Luis,4097
4098,,,,,,,,Jose Luis,4098
4099,,,,,,,,Jose Luis,4099
4100,,,,,,,,Jose Luis,4100
4101,,,,,,,,Jose Luis,4101
4102,,,,,,,,Jose Luis,4102
4103,,,,,,,,Jose Luis,4103
4104,,,,,,,,Jose Luis,4104
4105,,,,,,,,Jose Luis,4105
4106,,,,,,,,Jose Luis,4106
4107,,,,,,,,Jose Luis,4107
4108,,,,,,,,Jose Luis,4108
4109,,,,,,,,Jose Luis,4109
4110,,,,,,,,Jose Luis,4110
4111,,,,,,,,Jose Luis,4111
4112,,,,,,,,Jose Luis,4112
4113,,,,,,,,Jose Luis,4113
4114,,,,,,,,Jose Luis,4114
4115,,,,,,,,Jose Luis,4115
4116,,,,,,,,Jose Luis,4116
4117,,,,,,,,Jose Luis,4117
4118,,,,,,,,Jose Luis,4118
4119,,,,,,,,Jose Luis,4119
4120,,,,,,,,Jose Luis,4120
4121,,,,,,,,Jose Luis,4121
4122,,,,,,,,Jose Luis,4122
4123,,,,,,,,Jose Luis,4123
4124,,,,,,,,Jose Luis,4124
4125,,,,,,,,Jose Luis,4125
4126,,,,,,,,Jose Luis,4126
4127,,,,,,,,Jose Luis,4127
4128,,,,,,,,Jose Luis,4128
4129,,,,,,,,Jose Luis,4129
4130,,,,,,,,Jose Luis,4130
4131,,,,,,,,Jose Luis,4131
4132,,,,,,,,Jose Luis,4132
4133,,,,,,,,Jose Luis,4133
Jose Luis' Pos,,,,,,,,Jose Luis,JOSE LUIS' POS
PO#,,PROJECT(S),CREATOR,VENDOR,DESCRIPTION,Vehicle Plates,Driver,Jose Luis,PO#
4202,,,,,,,,Jose Luis,4202
4203,2023-07-26 00:00:00.000000000,ADA 27 - North Hills,Carlos Diaz,Leo's,Fuel,,,Jose Luis,4203
4204,2023-07-27 00:00:00.000000000,ADA 28 - Bull Creek,Isidro Sanchez,ACE Contractor Supply,,,,Jose Luis,4204
4205,2023-07-27 00:00:00.000000000,ADA 23A - Ken St.,Francisco Aguirre,Texcon,Fuel,,,Jose Luis,4205
4206,2023-07-27 00:00:00.000000000,ADA 27 - Burleson,Jose Luis Zamarripa,Chevron,Fuel,,,Jose Luis,4206
4207,2023-07-31 00:00:00.000000000,ADA 27 - North Hills,Carlos Diaz,Leo's,Fuel,,,Jose Luis,4207
4208,2023-07-31 00:00:00.000000000,ADA 23A - Rutland,Miguel Jimenez,ACE Contractor Supply,Curlex,,,Jose Luis,4208
4209,2023-07-31 00:00:00.000000000,ADA 28 - 45th/Finley,Jose Luis Zamarripa,Texcon,Diesel/DEF,,,Jose Luis,4209
4210,2023-08-02 00:00:00.000000000,ADA 23A - Rutland,Alvaro Aguirre,Leo's,Fuel,,ALVARO aguirre,Jose Luis,4210
4210,2023-08-02 00:00:00.000000000,ADA 23A - Rutland,Rogelio Bandomo Lopez,Texcon,Diesel,,,Jose Luis,4210
4211,2023-08-02 00:00:00.000000000,ADA27,Jose Luis Zamarripa,Texcon,Fuel,,JLZ,Jose Luis,4211
4212,2023-08-04 00:00:00.000000000,ADA 28 KEN st,Jose Luis Zamarripa,Texcon,Fuel,,JLZ,Jose Luis,4212
4213,2023-08-04 00:00:00.000000000,ADA 28 KEN st,Victor Sanchez,CMC,CONCRETE TOOLS,,JLZ,Jose Luis,4213
4214,2023-08-05 00:00:00.000000000,SHOP,Abel Hernandez,Capitol Bearing,HYDRAULIC HOSE FOR DUMP TRUCK,,JLZ,Jose Luis,4214
4215,2023-08-07 00:00:00.000000000,ADA 27 NORTH HILLS,Carlos Diaz,Leo's,FUEL,,JLZ,Jose Luis,4215
4216,2023-08-07 00:00:00.000000000,ADA 28 BULL CREEK,Rogelio Bandomo Lopez,Texcon,FUEL,,JLZ,Jose Luis,4216
4217,2023-08-08 00:00:00.000000000,ADA27 North HILLS,Carlos Diaz,Texcon,FUEL,,JLZ,Jose Luis,4217
4218,2023-08-08 00:00:00.000000000,ADA 27 NORTH HILLS,Carlos Diaz,ACE Contractor Supply,ROLLER HAMMER,,JLZ,Jose Luis,4218
4219,2023-08-08 00:00:00.000000000,ADA 28 BULL CREEK,Jose Luis Zamarripa,Chevron,FUEL,,JLZ,Jose Luis,4219
4220,2023-08-08 00:00:00.000000000,ADA23 RUTLAND,Alvaro Aguirre,Texcon,FUEL,,JLZ,Jose Luis,4220
4221,2023-08-08 00:00:00.000000000,ADA 27 - Burleson,Victor Sanchez,Chevron,FUEL,,JLZ,Jose Luis,4221
4222,2023-08-11 00:00:00.000000000,ADA 23 RUTHLAND,Bryan LOPEZ,tex-con,fuel,,jlz,Jose Luis,4222
4223,2023-08-11 00:00:00.000000000,ADA 23 RUTHLAND DRT,Jose Luis Zamarripa,Leo's,fuel,,JLZ,Jose Luis,4223
4224,2023-08-11 00:00:00.000000000,ADA 23 RUTHLAND DR,Jose Luis Zamarripa,O'REILLY,STEERING WHEEL COVER,,JLZ,Jose Luis,4224
4225,2023-08-11 00:00:00.000000000,ADA 28 DUVAL ST,jose luis zamarripa,capital bearing,"1.5""water hoses(25' and 50')with fittings",,JLZ,Jose Luis,4225
4226,2023-08-14 00:00:00.000000000,ADA 27 - North Hills,JOSE LUIS ZAMARRIPA,TEX-CON,FUEL,,JLZ,Jose Luis,4226
4227,2023-08-15 00:00:00.000000000,ADA 23A - Ken St.,Francisco Aguirre,Leo's,fuel,,jlz,Jose Luis,4227
4228,2023-08-15 00:00:00.000000000,ADA 23 Ruthland Dr,Bryan Lopez,Ace,curlex,,jlz,Jose Luis,4228
4229,2023-08-15 00:00:00.000000000,ADA 27 - North Hills,JENNY,Nacho Irrigation/,PENDING INFO-JENNY,,jlz,Jose Luis,4229
4230,2023-08-16 00:00:00.000000000,ADA 27 North Hills,Carlos  Diaz,Leos's,fuel,,jlz,Jose Luis,4230
4231,2023-08-16 00:00:00.000000000,ADA 28 ken st,francisco aguirre,tex-con,fuel,,jlz,Jose Luis,4231
4232,2023-08-16 00:00:00.000000000,ADA 28 30th st,Rogelio,TEX-CON,FUEL,,JLZ,Jose Luis,4232
4233,2023-08-17 00:00:00.000000000,ADA 27 BURLESON RD,VICTOR SANCHEZ,TEX-CON,FUEL,,JLZ,Jose Luis,4233
4234,2023-08-17 00:00:00.000000000,ADA 28 KEN ST,JLZ,TEX-CON,FUEL ,,JLZ,Jose Luis,4234
4235,2023-08-17 00:00:00.000000000,ADA 28 SPEED WAY,Oamar Alfredo Hernandez,Leo's,fuel,,JLZ,Jose Luis,4235
4236,2023-08-21 00:00:00.000000000,ADA 28 KEN ST,Francisco Aguirre,TEX-CON,FUEL,,JLZ,Jose Luis,4236
4237,2023-08-21 00:00:00.000000000,ADA 28 BULL CREEK,ISIDRO SANCHEZ,TEX-CON,FUEL,,JLZ,Jose Luis,4237
4238,2023-08-21 00:00:00.000000000,ADA 28 BULL CREEK,ISIDRO SANCHEZ,ACE,STREET BROOM,,JLZ,Jose Luis,4238
4239,2023-08-21 00:00:00.000000000,ADA 27 NORTH HILLS,Crlos Diaz,Leo's,FUEL,,jlz,Jose Luis,4239
4240,2023-08-21 00:00:00.000000000,ADA 23 RUTHLAND DR,BRYAN LOPEZ,TEX-CON,FUEL,,JLZ,Jose Luis,4240
4241,2023-08-22 00:00:00.000000000,ADA 28 BULL CREEK,ISIDRO SANCHEZ,ACE,LUMBER,,JLZ,Jose Luis,4241
4242,2023-08-23 00:00:00.000000000,ADA 28 BULL CREEK,ISDRO SANCHEZ,RSS,#5 REBAR ,,JLZ,Jose Luis,4242
4243,2023-08-24 00:00:00.000000000,ADA 28  COMAL ST,FRANCISCO AGUIRRE,DOBIE,TYPE 1 BARRICADES + SIDEWALK CLOSE SIGNAGE,,JLZ,Jose Luis,4243
4244,2023-08-24 00:00:00.000000000,ADA 28 30th st,ROGELIO DRIVER,TEX-CON,FUEL,,JLZ,Jose Luis,4244
4245,2023-08-24 00:00:00.000000000,ADA 28 BULL CREEK,JLZ,TEX-CON,FUEL,,JLZ,Jose Luis,4245
4246,2023-08-24 00:00:00.000000000,ADA 27 North Hills,CARLOS DIAZ,TEX-CON,FUEL,,JLZ,Jose Luis,4246
4247,2023-08-24 00:00:00.000000000,ADA 27 - North Hills,CARLOS DIAZ,ACE,,,JLZ,Jose Luis,4247
4248,2023-08-25 00:00:00.000000000,ADA 23 RUTLAND DR,FRANCISCO AGUIRRE,ACE,COMBINATION PAD LOCKS,,JLZ,Jose Luis,4248
4249,2023-08-25 00:00:00.000000000,ADA 23 RUTLAND DR,FRANCISCO AGUIRRE,TEX-CON,FUEL,,JLZ,Jose Luis,4249
4250,2023-08-28 00:00:00.000000000,ADA 27 NORTH HILLS,JLZ,CHEVRON,FUEL,,JLZ,Jose Luis,4250
4251,2023-08-30 00:00:00.000000000,CAP METRO ,ALVARO AGUIRRE,TEX-CON,FUEL,,JLZ,Jose Luis,4251
4252,2023-08-30 00:00:00.000000000,ADA 27 NORTH HILLS,VICTOR SANCHEZ,CHEVRON,FUEL,,JLZ,Jose Luis,4252
4253,2023-08-30 00:00:00.000000000,ADA 27NORTH HILLS,VICTOR SANCHEZ,ACE,CHANFER (lumber),,JLZ,Jose Luis,4253
4254,2023-08-30 00:00:00.000000000,ADA 28A,ISIDRO SANCHEZ,TORRES TIRE SERVICE,,,JLZ,Jose Luis,4254
4255,2023-08-30 00:00:00.000000000,ADA 27 NORTH HILLS,CARLOS DIAZ,CENTER LANE,2 WAY ARROW SIGNS,,JLZ,Jose Luis,4255
4256,2023-08-31 00:00:00.000000000,ada 28a comal st,jlz,tex-con,fuel,,JLZ,Jose Luis,4256
4257,2023-09-01 00:00:00.000000000,ADA28 HYDE OPARK,ROGELIO,TEX-CON,FUEL,,JLZ,Jose Luis,4257
4258,2023-09-02 00:00:00.000000000,ADA 27 - North Hills,JLZ,CHEVRON,FUEL ,,JLZ,Jose Luis,4258
4259,2023-09-05 00:00:00.000000000,ADA 28A  COMAL ST,BRYAN LOPEZ,ACE Contractor Supply,METAL FORMS STAKES,,JLZ,Jose Luis,4259
4260,2023-09-05 00:00:00.000000000,ADA 23A RUTLAND DR,ALVARO AGUIRRE,ACE CONTRACTORS SUPPLY,CONCRETE SAW,,JLZ,Jose Luis,4260
4261,2023-09-06 00:00:00.000000000,ADA 27 NORTH HILLS,VICTOR SANCHEZ,MARCELOS,6 TONS OF SAND,,JLZ,Jose Luis,4261
4262,2023-09-06 00:00:00.000000000,ADA 27 NORTH HILLS,CARLOS DIAZ,MARCELOS,HAULN OFF DUMP,,JLZ,Jose Luis,4262
4263,2023-09-07 00:00:00.000000000,ADA 23A RUTLAND DR,FRANCISCO AGUIRRE,TEX-CON,FUEL,,JLZ,Jose Luis,4263
4264,2023-09-07 00:00:00.000000000,ADA 28A BULL CREEK,JLZ,TEX-CON,FUEL,,JLZ,Jose Luis,4264
4265,2023-09-07 00:00:00.000000000,ADA 27 - North Hills,VICTOR SANCHEZ,CHEVRON,FUEL,,JLZ,Jose Luis,4265
4266,2023-09-09 00:00:00.000000000,ADA 27 - North Hills,JLZ,TEX-CON,FUEL,,JLZ,Jose Luis,4266
4267,2023-09-11 00:00:00.000000000,ADA 27 - North Hills,CARLOS DIAZ,Leo's,FUEL ,,JLZ,Jose Luis,4267
4268,2023-09-11 00:00:00.000000000,ADA 28A BULL CREEK,ISIDRO SANCHEZ,ACE Contractor Supply,LUMBER,,JLZ,Jose Luis,4268
4269,2023-09-12 00:00:00.000000000,ADA 23A RUTLAND DR,FRANCISCO AGUIRRE,LEO'S,FUEL,,JLZ,Jose Luis,4269
4270,2023-09-14 00:00:00.000000000,ADA 27 - North Hills,CARLOS DIAZ,LEO'S,FUEL,,JLZ,Jose Luis,4270
4271,2023-09-14 00:00:00.000000000,AD 28ACOMAL ST,JLZ,LEO'S,FUEL,,JLZ,Jose Luis,4271
4272,2023-09-14 00:00:00.000000000,ADA 28A BULL CREEK,ISIDRO SANCHEZ,TEX-CON,FUEL,,JLZ,Jose Luis,4272
4273,2023-09-14 00:00:00.000000000,ADA 23A RUTLAND DR,FRANCISCO AGUIRRE,TEX-CON,FUEL ,,JLZ,Jose Luis,4273
4274,2023-09-14 00:00:00.000000000,ADA 23A RUTLAND DR,FRANCISCO AGUIRRE,ACE CONTRACTORS SUPPLY,COMB-PAD LOCKS  STREET BROOM,,JLZ,Jose Luis,4274
4275,2023-09-14 00:00:00.000000000,AD 28ACOMAL ST,BRYAN LOPEZ,TEX-CON,FUEL,,JLZ,Jose Luis,4275
4276,,,,,,,,Jose Luis,4276
4277,,,,,,,,Jose Luis,4277
4278,,,,,,,,Jose Luis,4278
4279,,ADA 27 NORTH HILLS,CARLOS DIAZ,LEO'S,FUEL,,JLZ,Jose Luis,4279
4280,2023-09-19 00:00:00.000000000,ADA 23A RUTLAND DR,FRANCISCO AGUIRRE,LEO'S,FUEL,,JLZ,Jose Luis,4280
4281,2023-09-20 00:00:00.000000000,ADA 27 NORTH HILLS,VICTORT SANCHEZ,ACE CONTRACTORS SUPPLY,SHOVELS,,JLZ,Jose Luis,4281
4282,2023-09-20 00:00:00.000000000,ADA 28A BULL CREEK,ISIDRO SANCHEZ,ACE CONTRACTORS SUPLY,PLYWOOD,,JLZ,Jose Luis,4282
4283,2023-09-20 00:00:00.000000000,ADA 38A COMAL ST,JLZ,CHEVRON,FUEL,,JLZ,Jose Luis,4283
4284,2023-09-20 00:00:00.000000000,ADA 27 NORTH HILLS,CARLOS DIAZ,TEX-CON,FUEL,,JLZ,Jose Luis,4284
4285,2023-09-20 00:00:00.000000000,ADA 27 NORTH HILLS,CARLOS DIAZ,ACE CONTRACTORS SUPPLY,REBAR CAPS - TIE WIRE,,JLZ,Jose Luis,4285
4286,2023-09-21 00:00:00.000000000,ADA 28A COMAL ST,BRYAN LOPEZ,ACE CONTRACTORS SUPPLY,DOWELLS CURB BOOTS,,JLZ,Jose Luis,4286
4287,2023-09-21 00:00:00.000000000,ADA 28A COMAOL ST ,BRYAN LOPEZ,TEX-CON,FUEL,,JLZ,Jose Luis,4287
4288,2023-09-22 00:00:00.000000000,ADA 28A WILLOW SPRINGS,FRANCISCO AGUIRRE,TEX-CON,FUEL,,JLZ,Jose Luis,4288
4289,,ADA 27 NORTH HILLS,JLZ,TEX-CON,FUEL,,JLZ,Jose Luis,4289
4290,2023-09-25 00:00:00.000000000,ADA 27 NORTH HILLS,VICTOR SANCHEZ,TEX-CON,FUEL,,JLZ,Jose Luis,4290
4291,2023-09-25 00:00:00.000000000,ADA 28 BULL CREEK,ROGELIO,TEX-CON,FUEL,,JLZ,Jose Luis,4291
4292,2023-09-26 00:00:00.000000000,ADA 28A HYDE PARK,JLZ,ACE CONTRACTORS SUPPLY,CURB & GUTTER BOOTS,,JLZ,Jose Luis,4292
4293,2023-09-26 00:00:00.000000000,ADA 28A DUVAL ST,JOSE ZAMARRIPA,CMC,ROLLER HAMMER,,JLZ,Jose Luis,4293
4294,2023-09-26 00:00:00.000000000,ADA 28 BULL CREEK,JLZ,TEX-CON,FUEL,,JLZ,Jose Luis,4294
4295,2023-09-27 00:00:00.000000000,ADA 27 NORTH HILLS,ABRAHAM(carlos truc),TEX-CON,FUEL,,JLZ,Jose Luis,4295
4296,2023-09-28 00:00:00.000000000,ADA 27 NORTH HILLS,VICTOR SANCHEZ,CMC,CONCRETE BLADES,,JLZ,Jose Luis,4296
4297,2023-09-30 00:00:00.000000000,ADA 28A COMAL ST ,JLZ,CHEVRON,FUEL,,JLZ,Jose Luis,4297
4298,2023-10-01 00:00:00.000000000,ADA 28A WILLOW SPRINGS,FRANCISCO AGUIRRRE,CHEVRON,FUEL,,JLZ,Jose Luis,4298
4299,2023-10-02 00:00:00.000000000,ADA 28A WILLOW SPRINGS,FRANCISCO AGUIRRE,ACE,SKILL SAW,,JLZ,Jose Luis,4299
4300,2023-10-03 00:00:00.000000000,ADA 27 NORTH HILLS,JLZ,LEO'S,FUEL,,JLZ,Jose Luis,4300
4301,2023-10-04 00:00:00.000000000,ADA 27 NORTH HILLS,ABRAHAM(carlosb truck),TEX-CON,FUEL,,JLZ,Jose Luis,4301
4302,2023-10-06 00:00:00.000000000,ADA 28A BULL CREEK,JLZ,LEO'S,FUEL,,JLZ,Jose Luis,4302
4303,2023-10-09 00:00:00.000000000,ADA 28A WILLOW SPRINGS,FRANCISCO AGUIRRRE,TEX-CON,FUEL,,JLZ,Jose Luis,4303
4304,2023-10-09 00:00:00.000000000,ADA 27 NORTH HILLS,JLZ,CHEVRON,FUEL,,JLZ,Jose Luis,4304
4305,2023-10-09 00:00:00.000000000,ADA 27 NORTH HILLS,VICTORT SANCHEZ,CHEVRON,FUEL,,JLZ,Jose Luis,4305
4306,2023-10-10 00:00:00.000000000,ADA 28A COMAL ST,BRYAN LOPEZ,ACE CONTRACTORS SUPPLY,TIE WIRE-NAILS -STREET BROOM,,JLZ,Jose Luis,4306
4307,,ADA 28A COMAL ST,BRYAN LOPEZ,TEX-CON,FUEL,,JLZ,Jose Luis,4307
4308,2023-10-12 00:00:00.000000000,ADA 28A BULL CREEK,JLZ,TEX-CON,FUEL,,JLZ,Jose Luis,4308
4309,2023-10-12 00:00:00.000000000,ADA 28A BULL CREEK,ABRAHAM,TEX-C0N,FUEL,,JLZ,Jose Luis,4309
4310,2023-10-12 00:00:00.000000000,ADA 28A COMAL ST,BRYAN LOPEZ,ACE CONTRACTORS SUPLY,MEASURE TAPE 100',,JLZ,Jose Luis,4310
4312,2023-10-13 00:00:00.000000000,ADA 28A WEST GATE,FRANCISCO AGUIRRE,CHEVRON,FUEL,,JLZ,Jose Luis,4312
4313,2023-10-16 00:00:00.000000000,ADA 28A BURLESON RD,JLZ ,TEX-C0N,FUEL,,JLZ,Jose Luis,4313
4314,2023-10-16 00:00:00.000000000,ADA 28A BULL CREEK,ISIDRO SANCHEZ,CMC,NAILS-MARKING PAINT,,JLZ,Jose Luis,4314
4315,2023-10-17 00:00:00.000000000,ADA 28A WEST GATE,FRANCISCO AGUIRRE,ACE CONTRACTORS SUPLY,HARD HAT- RUBER BOOTS,,JLZ,Jose Luis,4315
4316,2023-10-17 00:00:00.000000000,DUNCAN PARK,RUBEN CANO,TEX-CON,FUEL,,JLZ,Jose Luis,4316
4317,,ADA 28A WILLOW SPRINGS,FRANCISCO AGUIRRE,ACE CONTRACTORS SUPPLY,CONCRETE BAG - CONC. BOUNDER,,JLZ,Jose Luis,4317
4318,2023-10-18 00:00:00.000000000,ADA 27 NORTH HILLS,VICTOR SANCHEZ,ACE CONTRACTORS SUPLY,DIAMOND BLADE-5 GAL SPRAY CAN,,JLZ,Jose Luis,4318
4319,2023-10-18 00:00:00.000000000,ADA 27 NORTH HILLS,JLZ,TEX-CON,FUEL,,JLZ,Jose Luis,4319
4320,2023-10-18 00:00:00.000000000,ADA 28A BURLESON RD,BRYAN LOPEZ,TEX-C0N,FUEL,,JLZ,Jose Luis,4320
4321,2023-10-18 00:00:00.000000000,ADA 28A WEST GATE,FRANCISCO AGUIRRE,TEX-C0N,FUEL,,JLZ,Jose Luis,4321
4322,2023-10-19 00:00:00.000000000,CPO NOLA,BRYAN LOPEZ,ACE CONTRACTORS SUPLY,RAKES-SHOVELS,,JLZ,Jose Luis,4322
4323,2023-10-20 00:00:00.000000000,ADA 23A WEST AV,ALVARO AGUIRRE,ACE CONTRACTORS SUPLY,SCREED BOARD,,JLZ,Jose Luis,4323
4324,2023-10-20 00:00:00.000000000,ADA 23A WEST AV,ALVARO AGUIRRE,TEX-C0N,FUEL,,JLZ,Jose Luis,4324
4325,2023-10-20 00:00:00.000000000,ADA 27 NORTH HILLS,CARLOS DIAZ,LEO'S,FUEL,,JLZ,Jose Luis,4325
4326,2023-10-20 00:00:00.000000000,ADA 27 NORTH HILLS,CARLOS DIAZ,ACE CONTRACTORS SUPLY,METAL STAKES,,JLZ,Jose Luis,4326
4327,2023-10-21 00:00:00.000000000,ADA 27 NORTH HILLS,JLZ,TEX-C0N,FUEL,,JLZ,Jose Luis,4327
4328,2023-10-23 00:00:00.000000000,ADA 23A WEST AV,ALVARO AGUIRRE,ACE CONTRACTORS SUPLY,FILTER FABRIC,,JLZ,Jose Luis,4328
4329,2023-10-23 00:00:00.000000000,ADA 28A BULL CREEK,ABRAHAM (isidro's truck),TEX-CON,FUEL,,JLZ,Jose Luis,4329
4330,2023-10-24 00:00:00.000000000,ADA 23A WEST AV,JLZ ,CHEVRON,FUEL,,JLZ,Jose Luis,4330
4331,2023-10-24 00:00:00.000000000,ADA 27 NORTH HILLS,CARLOS DIAZ,LEO'S,FUEL,,JLZ,Jose Luis,4331
4332,2023-10-25 00:00:00.000000000,ADA 28 BULL CREEK,ISIDRO SANCHEZ,LEO'S,FUEL,,JLZ,Jose Luis,4332
4333,2023-10-25 00:00:00.000000000,ADA 28A BURLESON RD,BRYAN LOPEZ,ACE CONTRACTORS SUPLY,CURLEX,,JLZ,Jose Luis,4333
4334,2023-10-26 00:00:00.000000000,ADA 28A WESTGATE,FRANCISCO AGUIRRE,TEX-C0N,FUEL,,JLZ,Jose Luis,4334
4335,2023-10-31 00:00:00.000000000,ADA 28A BURLESON RD,ULICES(bryan's truck),TEX-CON,FUEL,,JLZ,Jose Luis,4335
4336,2023-10-31 00:00:00.000000000,ADA 28A BULL CREEK,ABRAHAM (isidro's truck),TEX-C0N,fuel,,jlz,Jose Luis,4336
4337,2023-10-31 00:00:00.000000000,ADA 27 NORTH HILLS,JLZ (tacho's truck),CHEVRON,FUEL,,JLZ,Jose Luis,4337
4338,2023-10-31 00:00:00.000000000,ADA 28 BULL CREEK,ISIDRO SANCHEZ,LEO'S,FUEL,,JLZ,Jose Luis,4338
4339,2023-10-31 00:00:00.000000000,ADA 23A WEST AV,JLZ,TEX-CON,FUEL,,JLZ,Jose Luis,4339
4340,2023-11-01 00:00:00.000000000,ADA 27 NORTH HILLS,CARLOS DIAZ,LEO'S,FUEL,,JLZ,Jose Luis,4340
4341,2023-11-02 00:00:00.000000000,ADA 28A BURLESON RD,BRYAN LOPEZ,ACE CONTRACTORS SUPPLY,LUMBER -TELESCOPE HANDLE,,JLZ,Jose Luis,4341
4342,2023-11-02 00:00:00.000000000,ADA 27 NORTH HILLS,VICTOR SANCHEZ,ACE CONTRACTORS SUPLY,TIE WIRE-STREET BROOM,,JLZ,Jose Luis,4342
4343,2023-11-02 00:00:00.000000000,ADA 28A WESTGATE,JLZ,TEX-C0N,FUEL,,JLZ,Jose Luis,4343
4344,2023-11-06 00:00:00.000000000,ADA 28A  WESTGATE ,FRANCISCO AGUIRRE,ACE CONTRACTORS SUPLY,SILT FENCE -T-POSTS,,JLZ,Jose Luis,4344
4345,2023-11-06 00:00:00.000000000,ADA 28A  WESTGATE ,FRANCISCO AGUIRRE,TEX-CON,FUEL,,JLZ,Jose Luis,4345
4346,2023-11-06 00:00:00.000000000,ADA 28 BULL CREEK,JLZ ,TEX-CON,FUEL,,JLZ,Jose Luis,4346
4347,2023-11-08 00:00:00.000000000,ADA 28A BURLESON RD,JLZ ,TEX-CON,FUEL,,JLZ,Jose Luis,4347
4348,2023-11-08 00:00:00.000000000,ADA 28A  WESTGATE ,FRANCISCO AGUIRRE,ACE CONTRACTORS SUPLY,LUMBER,,JLZ,Jose Luis,4348
4349,2023-11-08 00:00:00.000000000,ADA 27 NORTH HILLS,CARLOS DIAZ,LEO'S,FUEL,,JLZ,Jose Luis,4349
4350,2023-11-17 00:00:00.000000000,ADA 27 NORTH HILLS,CARLOS DIAZ,LEO'S,FUEL,,JLZ,Jose Luis,4350
4351,2023-11-20 00:00:00.000000000,ADA 28A BULL CREEK,ISIDRO SANCHEZ,ACE CONTRACTORS SUPLY,CONCRETE SAW SERVICE KIT,,JLZ,Jose Luis,4351
4352,2023-11-21 00:00:00.000000000,ADA 28A  WESTGATE ,JLZ,TEX-CON,FUEL,,JLZ,Jose Luis,4352
4353,2023-11-21 00:00:00.000000000,ADA 27 NORTH HILLS,ABRAHAM (carlos truck),TEX-CON,FUEL,,JLZ,Jose Luis,4353
4354,2023-11-21 00:00:00.000000000,ADA 28A BULL CREEK,ISIDRO SANCHEZ,ACE CONTRACTORS SUPLY,LUMBER,,JLZ,Jose Luis,4354
4355,2023-11-24 00:00:00.000000000,ADA 30A,JULIAN,LEO'S,FUEL,,JLZ,Jose Luis,4355
4356,2023-11-24 00:00:00.000000000,ADA 28 BULL CREEK,JLZ,CHEVRON,FUEL,,JLZ,Jose Luis,4356
4357,2023-11-27 00:00:00.000000000,ADA 28A  WESTGATE ,FRANCISCO AGUIRRE,ACE CONTRACTORS SUPLY,CHANFER STICKS-NAILS,,JLZ,Jose Luis,4357
4358,2023-11-27 00:00:00.000000000,ADA 28 BULL CREEK,ISIDRO SANCHEZ,ACE CONTRACTORS SUPLY,5 GAL SPRAY CAN,,JLZ,Jose Luis,4358
4359,2023-11-27 00:00:00.000000000,ADA 28 BULL CREEK,ISIDRO SANCHEZ,TEX-CON,FUEL,,JLZ,Jose Luis,4359
4360,2023-11-28 00:00:00.000000000,ADA 27 NORTH HILLS,VICTOR SANCHEZ,ACE CONTRACTORS SUPLY,SAFETY FENCE-LUMBER,,JLZ,Jose Luis,4360
4361,2023-11-28 00:00:00.000000000,ADA 27 MIRA LOMA,JLZ,TEX-CON,FUEL,,JLZ,Jose Luis,4361
4362,2023-11-29 00:00:00.000000000,ADA 27 NORTH HILLS,CARLOS DIAZ,TEX-C0N,FUEL,,JLZ,Jose Luis,4362
4363,2023-11-29 00:00:00.000000000,ADA 28A SALADO ST,DANIEL,ACE CONTRACTORS SUPLY,SKILL SAW,,JLZ,Jose Luis,4363
4364,2023-11-29 00:00:00.000000000,ADA 27 NORTH HILLS,CARLOS DIAZ,ACE CONTRACTORS SUPLY,ANCHORS FOR DWS,,JLZ,Jose Luis,4364
4365,2023-12-01 00:00:00.000000000,ADA 28A  WESTGATE ,FRANCISCO AGUIRRE,TEX-C0N,FUEL,,JLZ,Jose Luis,4365
4366,2023-12-01 00:00:00.000000000,ADA 27 CAMINO LA COSTA,CARLOS DIAZ,ACE CONTRACTORS SUPLY,TOOLS -LUMBER,,JLZ,Jose Luis,4366
4367,2023-12-01 00:00:00.000000000,ADA 27 MIRA LOMA,ALVARO AGUIRRE,WHITE CAP,FACE SHIELD,,JLZ,Jose Luis,4367
4368,2023-12-01 00:00:00.000000000,ADA 28A WESTGATE,FRANCISCO AGUIRRE,TEX-C0N,FUEL,,JLZ,Jose Luis,4368
4369,2023-12-01 00:00:00.000000000,ADA 27 NORTH HILLS,JLZ ,TEX-C0N,FUEL,,JLZ,Jose Luis,4369
4371,2023-12-04 00:00:00.000000000,ADA 28 BULL CREEK,ISIDRO SANCHEZ,RSS,TOOLS (SHOVELS),,JLZ,Jose Luis,4371
4372,2023-12-05 00:00:00.000000000,ADA 27 CAMINO LA COSTA,JLZ,TEX-C0N,FUEL,,JLZ,Jose Luis,4372
4373,2023-12-05 00:00:00.000000000,ADA 27 CAMINO LA COSTA,HABRAHAM,ACE CONTRACTORS SUPLY,SILT FENCE -4' T-POSTS,,JLZ,Jose Luis,4373
4374,2023-12-07 00:00:00.000000000,ADA 27 MIRA LOMA,FRANCISCO BOCA NEGRA,LEO'S,FUEL  (dump truck),,JLZ,Jose Luis,4374
4375,2023-12-07 00:00:00.000000000,ADA 27 NORTH HILLS,JLZ,CHEVRON,FUEL,,JLZ,Jose Luis,4375
4376,2023-12-11 00:00:00.000000000,ADA 27 MIRA LOMA,ALVARO AGUIRRE,TEX-CON,FUEL,,JLZ,Jose Luis,4376
4377,2023-12-11 00:00:00.000000000,ADA 27 NORTH HILLS,VICTOR SANCHEZ,CHEVRON,FUEL,,JLZ,Jose Luis,4377
4378,2023-12-11 00:00:00.000000000,ADA 28 BULL CREEK,JLZ,CHEVRON,FUEL,,JLZ,Jose Luis,4378
4379,2023-12-11 00:00:00.000000000,ADA 27 CAMINO LA COSTA,CARLOS DIAZ,LEO'S,FUEL,,JLZ,Jose Luis,4379
4380,2023-12-11 00:00:00.000000000,ADA 27 CAMINO LA COSTA,CARLOS DIAZ,TEX-CON,FUEL,,JLZ,Jose Luis,4380
4381,2023-12-12 00:00:00.000000000,ADA 28 BULL CREEK,ISIDRO SANCHEZ,RSS,METAL FORM STAKES,,JLZ,Jose Luis,4381
4382,2023-12-12 00:00:00.000000000,ADA 28A WESTGATE,FRANCISCO AGUIRRE,ACE CONTRACTORS SUPLY,LUMBER,,JLZ,Jose Luis,4382
4383,2023-12-12 00:00:00.000000000,ADA 28A WESTGATE,FRANCISCO AGUIRRE,TEX-CON,FUEL,,JLZ,Jose Luis,4383
4384,2023-12-12 00:00:00.000000000,ADA 28 BULL CREEK,ISIDRO SANCHEZ,ACE CONTRACTORS SUPLY,LUMBER,,JLZ,Jose Luis,4384
4385,2023-12-13 00:00:00.000000000,ADA 27 NORTH HILLS,VICTOR SANCHEZ,ACE CONTRACTORS SUPLY,ANCHORS TRASH BAGS,,JLZ,Jose Luis,4385
4386,2023-12-13 00:00:00.000000000,ADA 28 WESTGATE,JLZ,TEX-CON,FUEL,,JLZ,Jose Luis,4386
4387,,ADA 27 MIRA LOMA,JLZ ,TEX-C0N,FUEL,,JLZ,Jose Luis,4387
4388,2023-12-19 00:00:00.000000000,ADA 27 CAMINO LA COSTA,FRANCISCO BOCA NEGRA,LEO'S,FUEL  (dump truck),,JLZ,Jose Luis,4388
4389,2023-12-19 00:00:00.000000000,ADA 28 BULL CREEK,ISIDRO SANCHEZ,ACE CONTRACTORS SUPLY,,,JLZ,Jose Luis,4389
4390,2023-12-20 00:00:00.000000000,ADA 27B MIRA LOMA,ALVARO AGUIRRE,ACE CONTRACTORS SUPLY,CURING COMPOUND,,JLZ,Jose Luis,4390
4391,2023-12-20 00:00:00.000000000,ADA 28 BULL CREEK,ISIDRON SANCHEZ,ACE CONTRACTORS SUPLY,EXTENSION CORD REPLACEMENT,,JLZ,Jose Luis,4391
4392,2023-12-20 00:00:00.000000000,ADA 27 CAMINO LA COSTA,JLZ,TEX-C0N,FUEL,,JLZ,Jose Luis,4392
4393,2023-12-21 00:00:00.000000000,ADA 28 BULL CREEK,ISIDRO SANCHEZ,ACE CONTRACTORS SUPLY,ANCHORS,,JLZ,Jose Luis,4393
4394,2023-12-21 00:00:00.000000000,ADA 27 MIRA LOMA,ALVARO AGUIRRE,TEX-C0N,FUEL,,JLZ,Jose Luis,4394
4395,2023-12-29 00:00:00.000000000,ADA 27 NORTH HILLS,JLZ,TEX-C0N,FUEL,,JLZ,Jose Luis,4395
4396,2024-01-02 00:00:00.000000000,ADA 27 CAMINO LA COSTA,Ruben Cano (carlos truck),LEO'S,FUEL,,JLZ,Jose Luis,4396
4397,2024-01-03 00:00:00.000000000,ADA 27 CAMINO LA COSTA,JLZ,CHEVRON,FUEL,,JLZ,Jose Luis,4397
4398,2024-01-04 00:00:00.000000000,ADA 28 BULL CREEK,GERARDO SANCHEZ,TEX-C0N,FUEL,,JLZ,Jose Luis,4398
4399,2024-01-04 00:00:00.000000000,CAPITOL METRO,JOSE ZAMARRIPA,ACE CONTRACTORS SUPPLY,6 MIL POLY ROLL -SSAND BAGS,,JLZ,Jose Luis,4399
4400,2024-01-06 00:00:00.000000000,CAPITAL METRO,JLZ,TEX-C0N,FUEL,,JLZ,Jose Luis,4400
4401,2024-01-08 00:00:00.000000000,ADA 27 CAMINO LA COSTA,RUBEN CANO(carlos truck),TEX-C0N,FUEL,,JLZ,Jose Luis,4401
4402,2024-01-08 00:00:00.000000000,CAPITAL METRO,JOSE A ZAMARRIPA,ACE CONTRACTORS SUPLY,CURLEX - STAPLES,,JLZ,Jose Luis,4402
4403,2024-01-10 00:00:00.000000000,ADA 28 BULL CREEK,JLZ,TEX-C0N,FUEL,,JLZ,Jose Luis,4403
4404,2024-01-10 00:00:00.000000000,ADA 27 MIRA LOMA,ALVARO AGUIRRE,ACE CONTRACTORS SUPLY,LUMBR (tree protection),,jlz,Jose Luis,4404
4404,2024-01-10 00:00:00.000000000,,,BENQWEST,"DIESEL, INSULATED GLOVES - REPEAT #",,,Jose Luis,4404
4405,2024-01-10 00:00:00.000000000,ADA 27 NORTH HILLS,VICTOR SANCHEZ,CHEVRON,FUEL,,JLZ,Jose Luis,4405
4406,2024-01-10 00:00:00.000000000,ADA 28 BULL CREEK,GERARDO SANCHEZ,CMC,SKILL SAW-TIE WIRE- SMART LEVEL,,JLZ,Jose Luis,4406
4407,2024-01-11 00:00:00.000000000,DAD 27 CAMINO LA COSTA,ABISAI( dunp truck),LEO'S,FUEL (dump truck),,JLZ,Jose Luis,4407
4408,2024-01-12 00:00:00.000000000,ADA 27 NORTH HILLS,JLZ,TEX-C0N,FUEL,,JLZ,Jose Luis,4408
4409,,ADA 28 BULL CREEK,GERARDO SANCHEZ,TEX-C0N,INSULATED GLOVES -PAPER TOWELS,,JLZ,Jose Luis,4409
4410,2024-01-17 00:00:00.000000000,CAPITAL METRO,JOSE ZAMARRIPA,BUYERS BARRICADES,ARROW BOARD RENTAL,,JLZ,Jose Luis,4410
4411,2024-01-17 00:00:00.000000000,ADA 29 JUDGE'S HILL,VICTOR SANCHEZ,ACE CONTRACTORS SUPLY,TREE PROTECTION LUMBER,,JLZ,Jose Luis,4411
4412,2024-01-17 00:00:00.000000000,ADA 29 JUDGE'S HILL,VICTOR SANCHEZ,MARCELOS,BEDDING SAND,,JLZ,Jose Luis,4412
4413,2024-01-17 00:00:00.000000000,ADA 29 JUDGE'S HILL,VICTOR SANCHEZ,CHEVRON,FUEL,,JLZ,Jose Luis,4413
4414,2024-01-17 00:00:00.000000000,ADA 27 MIRA LOMA,ALVARO AGUIRRE,ACE CONTRACTORS SUPLY,LUMBER-SCREED BOARD,,JLZ,Jose Luis,4414
4415,2024-01-19 00:00:00.000000000,ADA 28 6th St,JOSE ZAMARRIPA,ACE CONTRACTORS SUPLY,LUMBER ,,JLZ,Jose Luis,4415
4416,2024-01-20 00:00:00.000000000,ADA 27 CAMINO LA COSTA,JLZ,TEX_CON,FUEL,,JLZ,Jose Luis,4416
4417,2024-01-25 00:00:00.000000000,ADA 28 6th st,JLZ,LEO'S,FUEL,,JLZ,Jose Luis,4417
4418,2024-01-27 00:00:00.000000000,ADA 27 MIRA LOMA,JLZ,LEO'S,FUEL,,JLZ,Jose Luis,4418
4419,2024-01-29 00:00:00.000000000,ADA 29 JUDGES HILL,VICTOR SANCHES,ACE CONTRACTORS SUPPLY,3*300 filter fabric roll,,JLZ,Jose Luis,4419
4420,2024-01-29 00:00:00.000000000,ADA 27 CAMINO LA COSTA,BRYAN LOPEZ,ACE CONTRACTORS SUPLY,TREE PROTECTION LUMBER,,JLZ,Jose Luis,4420
4421,2024-01-30 00:00:00.000000000,ADA 28 BULL CREECK,GERARDO SANCHEZ,TEX_CON,FUEL,,JLZ,Jose Luis,4421
4422,2024-01-30 00:00:00.000000000,ADA 29 JUDGES HILL,VICTOR SANCHEZ,CHEVRON,FUEL,,JLZ,Jose Luis,4422
4423,2024-01-30 00:00:00.000000000,DAD 27 CAMINO LA COSTA,BRYAN LOPEZ,TEX_CON,FUEL,,JLZ,Jose Luis,4423
4424,2024-01-30 00:00:00.000000000,ADA 29  JUDGES HILL,ALVARO AGUIRRE,ACE CONTRACTORS SUPLY,DIAMON BLADES,,JLZ,Jose Luis,4424
4425,2024-01-30 00:00:00.000000000,ADA 29 JUDGES HILL,ALVARO AGUIRRE,TEX_CON,FUEL,,JLZ,Jose Luis,4425
4426,2024-01-30 00:00:00.000000000,ADA 28 BULL CREECK,JLZ,TEX_CON,FUEL,,JLZ,Jose Luis,4426
4427,2024-01-31 00:00:00.000000000,ADA 27 CAMINO LA COSTA,ABISAI,LEO'S,FUEL (dump truck),,JLZ,Jose Luis,4427
4428,2024-02-02 00:00:00.000000000,ADA 29 WEST AVE,JLZ,LEO'S,FUEL,,JLZ,Jose Luis,4428
4429,2024-02-05 00:00:00.000000000,ADA 27 CAMINO LA COSTA,BRYAN LOPEZ,ACE CONTRACTORS SUPPLY,SKILL SAWE BLADSES -TRASH BAGS ETC.,,JLZ,Jose Luis,4429
4430,2024-02-05 00:00:00.000000000,ADA 27 CAMINO LA COSTA,BRYAN LOPEZ,TEX-CON,FUEL,,JLZ,Jose Luis,4430
4431,2024-02-07 00:00:00.000000000,ADA 29  JUDGES HILL,JLZ,LEO'S,FUEL,,JLZ,Jose Luis,4431
4432,2024-02-07 00:00:00.000000000,ADA 28 BULL CREECK,GERARDO SANCHEZ,TEX_CON,FUEL,,JLZ,Jose Luis,4432
4433,2024-02-07 00:00:00.000000000,ADA 28. (All locations),JLZ,ACE CONTRACTORS SUPPLY,"700 pcs CURB &GUTTER BOOTS -1100pcs #4 18"" smooth dowels",,JLZ,Jose Luis,4433
4434,2024-02-07 00:00:00.000000000,ADA 29 JUDGES HILL,ALVARO AGUIRRE,TEX-C0N,FUEL,,JLZ,Jose Luis,4434
4435,2024-02-09 00:00:00.000000000,ADA 28 BULL CREECK,JLZ,TEX_CON,FUEL,,JLZ,Jose Luis,4435
4436,2024-02-09 00:00:00.000000000,ADA 28 BULL CREEK,GERARDO SANCHEZ,ACE CONTRACTORS SUPLY,NAILS -LUMBER,,JLZ,Jose Luis,4436
4437,2024-02-12 00:00:00.000000000,ADA 28 BULL CREECK,GERARDO SANCHEZ,RSS,MASKIN TAPE -PLASTIC,,JLZ,Jose Luis,4437
4438,2024-02-12 00:00:00.000000000,ADA 29  JUDGES HILL,ALVARO AGUIRRE,ACE CONTRACTORS SUPLY,NAILS-ORANGE SAFETY FENCE,,JLZ,Jose Luis,4438
4439,2024-02-12 00:00:00.000000000,ADA 29  JUDGES HILL,ALVARO AGUIRRE,TEX-CON,FUEL,,JLZ,Jose Luis,4439
4440,2024-02-12 00:00:00.000000000,ADA 29  JUDGES HILL,VICTOR SANCHEZ,CHEVRON,FUEL,,JLZ,Jose Luis,4440
4441,2024-02-13 00:00:00.000000000,ADA 29 JUDGES HILL,ALVARO AGUIRRE,CMC,ROLLER-HAMMER,,JLZ,Jose Luis,4441
4442,2024-02-13 00:00:00.000000000,ADA 27 CAMINO LA COSTA,BRYAN LOPEZ,TEX_CON,FUEL,,JLZ,Jose Luis,4442
4443,2024-02-13 00:00:00.000000000,ADA 27 CAMINO LA COSTA,BRYAN,ACE  CONTRACTOR SUPPLY,TOOOLS,,JLZ,Jose Luis,4443
4444,2024-02-13 00:00:00.000000000,ADA 27 CAMINO LA COSTA,ABISAI (dump truck),LEO'S ,FUEL (dump truck),,jlz,Jose Luis,4444
4445,2024-02-13 00:00:00.000000000,ADA 29  JUDGES HILL,JLZ,TEX_CON,FUEL,,JLZ,Jose Luis,4445
4446,2024-02-15 00:00:00.000000000,ADA 28 BULL CREECK,GERARDO SANCHEZ,ACE  CONTRACTOR SUPPLY,INLET PROTECTION,,JLZ,Jose Luis,4446
4447,2024-02-16 00:00:00.000000000,ADA 28 ALL LOCATIONS,JOSE DE LA CERDA,CHEVRON,FUEL,,JLZ,Jose Luis,4447
4448,2024-02-19 00:00:00.000000000,CPO 5th Street,JLZ,TEX-CON,FUEL,,JLZ,Jose Luis,4448
4449,2024-02-19 00:00:00.000000000,CPO 5th Street,JLZ,BUYERS BARRICADES,ARROW BOARD  (rental),,JLZ,Jose Luis,4449
4450,2024-02-20 00:00:00.000000000,CPO 5th Street,JOSE A ZAMSRRIPA,ACE  CONTRACTOR SUPPLY,BULL FLOAT-REBAR CAPS -GLOVES,,JLZ,Jose Luis,4450
4451,2024-02-21 00:00:00.000000000,ADA 29 JUDGES HILL,VICTOR SANCHEZ-,ACE  CONTRACTOR SUPPLY,TELESCOPE HANDLE-CONCRETE TOOLS- ICE CHESTS,,JLZ,Jose Luis,4451
4452,2024-02-21 00:00:00.000000000,ADA 27 CAMINO LA COSTA,JLZ,LEO'S,FUEL,,JLZ,Jose Luis,4452
4453,2024-02-23 00:00:00.000000000,ADA 30  (delivered to 973 yard),JLZ,ACE  CONTRACTOR SUPPLY,2-55GAL  DRUM CURING COMPOUND  2-55GAL DRUM FORM RELEASE ,,JLZ,Jose Luis,4453
4454,2024-02-23 00:00:00.000000000,ADA 29 JUDGES HILL,VICTOR SANCHEZ,LEO'S,FUEL,,JLZ,Jose Luis,4454
4455,2024-02-24 00:00:00.000000000,ADA 27 CAMINO LA COSTA,JLZ,TEX_CON,FUEL,,JLZ,Jose Luis,4455
4456,2024-02-26 00:00:00.000000000,ADA 27 CAMINO LA COSTA,BRYAN LOPEZ,TEX-C0N,FUEL,,JLZ,Jose Luis,4456
4457,2024-02-28 00:00:00.000000000,ADA 28 BULL CREECK,JLZ,LEO'S,FUEL,,JLZ,Jose Luis,4457
4458,2024-02-28 00:00:00.000000000,ADA 27 CAMINO LA COSTA,ABISAI (dump truck),LEO'S,FUEL (dump truck),,JLZ,Jose Luis,4458
4459,2024-02-29 00:00:00.000000000,ADA 29  JUDGES HILL,ALVARO AGUIRRE,LEO'S,FUEL,,JLZ,Jose Luis,4459
4460,2024-02-29 00:00:00.000000000,CPO 5th street,JOSE A ZAMARRIPA,LEO'S,FUEL,,JLZ,Jose Luis,4460
4461,2024-03-01 00:00:00.000000000,ADA 28 BULL CREEK,ABRAHAM (gerardo's truck),TEX-CON,FUEL,,JLZ,Jose Luis,4461
4462,2024-03-04 00:00:00.000000000,ADA 29  JUDGES HILL,JLZ,LEO'S,FUEL,,JLZ,Jose Luis,4462
4463,2024-03-05 00:00:00.000000000,ADA 29 JUDGES HILL,VICTOR SANCHEZ,CHEVRON,FUEL,,JLZ,Jose Luis,4463
4464,2024-03-05 00:00:00.000000000,ADA 29 JUDGES HILL,ALVARO AGUIRRE,ACE CONTRACTOR SUPPLY,LUMBER (tree protection),,JLZ,Jose Luis,4464
4465,2024-03-05 00:00:00.000000000,ADA 29 JUDGES HILL,ALVARO AGUIRRE,TEX-CON,FUEL,,JLZ,Jose Luis,4465
4466,2024-03-05 00:00:00.000000000,ADA 28 BULL CREEK,GERARDO SANCHEZ,TEX-C0N,FUEL,,JLZ,Jose Luis,4466
4467,2024-03-05 00:00:00.000000000,ADA 27 CAMINO LA COSTA,FRANCISCO BOCANEGRA,LEO'S,FUEL (bryan's  truck),,JLZ,Jose Luis,4467
4468,2024-03-06 00:00:00.000000000,ADA 31 ROSEWOOD,JLZ,ACE  CONTRACTOR SUPPLY,SPRAY PAINT -BOLTS,,JLZ,Jose Luis,4468
4469,2024-03-06 00:00:00.000000000,ADA 31 ROSEWOOD,BRYAN LOPEZ,TEX-C0N,FUEL,,JLZ,Jose Luis,4469
4470,2024-03-06 00:00:00.000000000,CPO 5th STREET,JLZ,LEO'S ,FUEL,,JLZ,Jose Luis,4470
4471,2024-03-07 00:00:00.000000000,ADA 27 CAMINO LA COSTA,JLZ,BUYERS BARRICADES,ARROW BOARD RENTAL,,JLZ,Jose Luis,4471
4472,2024-03-07 00:00:00.000000000,ADA 29  JUDGES HILL,ALVARO AGUIRRE,LEO'S ,FUEL,,JLZ,Jose Luis,4472
4473,2024-03-08 00:00:00.000000000,ADA 28 BULL CREECK,OMAR HERNANDEZ,LEO'S,FUEL,,JLZ,Jose Luis,4473
4479,2024-03-08 00:00:00.000000000,ADA 29 judges hill,VICTOR SANCHEZ,ACE  CONTRACTOR SUPPLY,CONCRETE SAW- DIAMOND BLADE,,JLZ,Jose Luis,4479
4480,2020-03-09 00:00:00.000000000,ADA 27 CAMINO LA COSTA,JLZ,TEX-C0N,FUEL,,JLZ,Jose Luis,4480
4481,2024-03-09 00:00:00.000000000,ADA 27 CAMINO LA COSTA,IVAN (dump truck driver),LEO'S,FUEL (dump truck),,JLZ,Jose Luis,4481
4482,2024-03-11 00:00:00.000000000,ADA 29  JUDGES HILL,ALVARO AGUIRRE,LEO'S ,FUEL,,JLZ,Jose Luis,4482
4483,2024-03-11 00:00:00.000000000,ADA 31 MORADO CR.,CARLOS DIAZ,ACE  CONTRACTOR SUPPLY,LUMBER,,JLZ,Jose Luis,4483
4484,2024-03-11 00:00:00.000000000,ADA 31 ROSEWOOD,BRYAN LOPEZ,LEO'S,FUEL -DEF,,JLZ,Jose Luis,4484
4485,2024-03-11 00:00:00.000000000,ADA 31 MORADO CR.,CARLOS DIAZ,TEX-C0N,FUEL,,JLZ,Jose Luis,4485
4486,2021-03-11 00:00:00.000000000,ADA 31 ROSEWOOD,BRYAN LOPEZ,ACE  CONTRACTOR SUPPLY,LUMBER,,JLZ,Jose Luis,4486
4487,2024-03-12 00:00:00.000000000,ADA 28 BULL CREECK,GERARDO SANCHEZ,LEO'S,FUEL,,JLZ,Jose Luis,4487
4488,2024-03-13 00:00:00.000000000,ADA 28 BULL CREEK,GERARDO SANCHEZ,ACE CONTRACTORS SUPPLY,LUMBER,,JLZ,Jose Luis,4488
4489,2024-03-14 00:00:00.000000000,ADA 28 6th STREET,JLZ,ACE CONTRACTOR SUPPLY,BATTERY-DRILL,,JLZ,Jose Luis,4489
4490,2024-03-14 00:00:00.000000000,ADA 29  JUDGES HILL,JLZ,TEX-C0N,FUEL,,JLZ,Jose Luis,4490
4491,2024-03-14 00:00:00.000000000,ADA 30 (all sites),JOSE DE LA CERDA,TEX-CON,FUEL,,JLZ,Jose Luis,4491
4492,2024-03-14 00:00:00.000000000,ADA 31 MORADO CR.,CARLOS DIAZ,LEO'S,FUEL,,JLZ,Jose Luis,4492
4493,2024-03-15 00:00:00.000000000,ADA 31 ROSEWOOD,BRYAN LOPEZ,TEX-CON,FUEL,,JLZ,Jose Luis,4493
4494,2024-03-18 00:00:00.000000000,ADA 29  JUDGES HILL,VICTOR SANCHEZ,CHEVRON,FUEL,,JLZ,Jose Luis,4494
4495,2024-03-19 00:00:00.000000000,ADA 28 BULL CREEK,GERARDO SANCHEZ,LEO'S,FUEL,,JLZ,Jose Luis,4495
4496,2024-03-19 00:00:00.000000000,ADA 28 BULL CREEK,JLZ,LEO'S,FUEL,,JLZ,Jose Luis,4496
4497,2024-03-19 00:00:00.000000000,ADA 29  JUDGES HILL,ALVARO AGUIRRE,ACE  CONTRACTOR SUPPLY,NAILS,,JLZ,Jose Luis,4497
4498,2024-03-19 00:00:00.000000000,ADA 29  JUDGES HILL,ALVARO AGUIRRE,TEX-C0N,FUEL,,JLZ,Jose Luis,4498
4499,2024-03-20 00:00:00.000000000,CPO 5th STREET,ISIDRO SANCHEZ,ACE  CONTRACTOR SUPPLY,LUMBER (tree protection),,JLZ,Jose Luis,4499
4500,2024-03-21 00:00:00.000000000,CPO 5th STREET,ISIDRO SANCHEZ,TEX-CON,FUEL,,JLZ,Jose Luis,4500
4501,2024-03-21 00:00:00.000000000,ADA 28 (all sites),JLZ,ACT PIPE SUPPLY,PAVING RINGS (WATER VALVES-SEWER CLEAN OUT),,JLZ,Jose Luis,4501
4502,2024-03-21 00:00:00.000000000,ADA 31 ROSEWOOD,JLZ,TEX-C0N,FUEL,,JLZ,Jose Luis,4502
4503,2024-03-22 00:00:00.000000000,ADA 29  JUDGES HILL,JLZ,LEO'S,FUEL,,JLZ,Jose Luis,4503
4504,2024-03-22 00:00:00.000000000,ADA 31 GREYSTONE,CARLOS DIAZ,LEO'S,FUEL,,JLZ,Jose Luis,4504
4505,2024-03-25 00:00:00.000000000,ADA 29  JUDGES HILL,VICTOR SANCHEZ,ACE,MASONARY CEMENT,,JLZ,Jose Luis,4505
4506,2024-03-27 00:00:00.000000000,CPO 5th STREET,ISIDRO SANCHEZ,LEO'S,FUEL,,JLZ,Jose Luis,4506
4507,2024-03-27 00:00:00.000000000,CPO 5th STREET,JLZ (nacho plumber),ACT PIPE SUPPLY,ANGLE STOP-T-VALVES ,,JLZ,Jose Luis,4507
4508,2024-03-27 00:00:00.000000000,ADA 31 GREYSTONE,JLZ,LEO'S,FUEL,,JLZ,Jose Luis,4508
4509,2024-03-27 00:00:00.000000000,ADA 29 JUDGES HILL,ALVARO AGUIRRE,LEO'S,FUEL,,JLZ,Jose Luis,4509
4510,2024-03-28 00:00:00.000000000,ADA 31 GREYSTONE,CARLOS DIAZ,LEO'S,FUEL,,JLZ,Jose Luis,4510
4511,2024-03-28 00:00:00.000000000,ADA 31 GREYSTONE,CARLOS DIAZ,ACE CONTRACTORS SUPPLY,CURLEX -TIE WIRE,,JLZ,Jose Luis,4511
4512,2024-03-28 00:00:00.000000000,ADA 31 GREYSTONE,CARLOS DIAZ,TEX-CON,FUEL,,JLZ,Jose Luis,4512
4513,2024-04-01 00:00:00.000000000,ADA 29 JUDGES HILL,VICTOR SANCHEZ,CHEVRON,FUEL,,JLZ,Jose Luis,4513
4514,2024-04-01 00:00:00.000000000,CPO 5th st,JLZ,LEO'S,FUEL,,JLZ,Jose Luis,4514
4515,2024-04-01 00:00:00.000000000,ADA 31 ROSEWOOD,BRYAN LOPEZ,TEX-CON,FUEL,,JLZ,Jose Luis,4515
4516,2024-04-02 00:00:00.000000000,ADA 31 GREYSTONE,CARLOS DIAZ,ACE CONTRACTOR SUPPLY,CURLEX-TIE WIRE-SAFETY FENCE,,JLZ,Jose Luis,4516
4517,2024-04-02 00:00:00.000000000,ADA 29  JUDGES HILL,VICTOR SANCHEZ,ACE  CONTRACTOR SUPPLY,16D NAILS DIAMOND BLADE,,JLZ,Jose Luis,4517
4518,2024-04-03 00:00:00.000000000,ADA 31 ROSEWOOD,JLZ,LEO'S,FUEL,,JLZ,Jose Luis,4518
4519,2024-04-04 00:00:00.000000000,ADA 31 ROSEWOOD,JLZ,ACE  CONTRACTORS SUPPLY,5 (10 GAL WATER JOGS -WATER CUPS -TRASH BAGS),,JLZ,Jose Luis,4519
4520,2024-04-07 00:00:00.000000000,CPO 5th STREET,ISIDRO SANCHEZ,CHEVRON,FUEL,,JLZ,Jose Luis,4520
4521,2024-04-10 00:00:00.000000000,ADA 31 ROSEWOOD,BRYAN LOPEZ,ACE CONTRACTORS SUPPLY,PLASTIC ROLL,,JLZ,Jose Luis,4521
4522,2024-04-09 00:00:00.000000000,ADA 31 GREYSTONE,CARLOS DIAZ,TEX-CON,FUEL,,JLZ,Jose Luis,4522
4523,2024-04-09 00:00:00.000000000,CPO 5th Street,JLZ,TEX-C0N,FUEL-DYE DIESEL-DEF (victors tractor),,jlz,Jose Luis,4523
4524,2024-04-11 00:00:00.000000000,ADA 29 JUDGES HILL,VICTOR SANCHEZ,CHEVRON,FUEL,,JLZ,Jose Luis,4524
4525,2024-04-11 00:00:00.000000000,CPO 5th STREET,ISIDRO SANCHEZ,ACE CONTRACTOR SUPPLY,LUMBER (PLYWOOD),,JLZ,Jose Luis,4525
4526,2024-04-11 00:00:00.000000000,ADA 31 ROSEWOOD,BRYAN LOPEZ,TEX-C0N,FUEL,,JLZ,Jose Luis,4526
4527,2024-04-12 00:00:00.000000000,ADA 29  JUDGES HILL,ALVARO AGUIRRE,ACE  CONTRACTOR SUPPLY,DIAMOND BLADES - CRBON BLADES,,JLZ,Jose Luis,4527
4528,2024-04-12 00:00:00.000000000,ADA 29 JUDGES HILL,ALVARO,TEX-C0N,FUEL,,JLZ,Jose Luis,4528
4529,2024-04-12 00:00:00.000000000,CPO 5th STREET,ISIDRO SANCHEZ,ACE  CONTRACTOR SUPPLY,LUMBER-SCREWS,,JLZ,Jose Luis,4529
4530,2024-04-12 00:00:00.000000000,CPO 5th STREET,ISIDRO SANCHEZ,TEX-C0N,FUEL,,JLZ,Jose Luis,4530
4531,2024-04-12 00:00:00.000000000,ADA 31 GREYSTONE,CARLOS DIAZ,LEO'S,FUEL,,JLZ,Jose Luis,4531
4532,2024-04-13 00:00:00.000000000,ADA 29 JUDGES HILL,JLZ,LEO'S,FUEL,,JLZ,Jose Luis,4532
4533,2024-04-17 00:00:00.000000000,CPO 5th STREET,ISIDRO SANCHEZ,ACE CONTRACTOR SUPPLY,FILTER FABRIC,,JLZ,Jose Luis,4533
4534,2024-04-17 00:00:00.000000000,ADA 29 JUDGES HILLS,ALVARO ,LEO'S,FUEL,,JLZ,Jose Luis,4534
4535,2024-04-18 00:00:00.000000000,ADA 31 GREYSTONE,CARLOS DIASZ,LEO'S,FUEL,,JLZ,Jose Luis,4535
4536,2024-04-18 00:00:00.000000000,CPO 5th STREET,JLZ,LEO'S,FUEL,,JLZ,Jose Luis,4536
4537,2024-04-22 00:00:00.000000000,ADA 29 JUDGES HILLS,VICTOR SANCHEZ,CHEVRON,FUEL,,JLZ,Jose Luis,4537
4538,2024-04-23 00:00:00.000000000,ADA 31 GREYSTONE,CARLOS DIAZ,LEO'S,FUEL,,JLZ,Jose Luis,4538
4539,2024-04-24 00:00:00.000000000,ADA 29  JUDGES HILL,FRANCISCO BOCANEGRA,LEO'S,FUEL,,JLZ,Jose Luis,4539
4540,2024-04-24 00:00:00.000000000,ADA 31 ROSEWOOD,JLZ,LEO'S,FUEL,,JLZ,Jose Luis,4540
4541,2024-04-24 00:00:00.000000000,ADA 29  JUDGES HILL,VICTOR SANCHEZ,ACE  CONTRACTORS SUPPLY,NAILS-DIAMON BLADE-GLOVES,,JLZ,Jose Luis,4541
4542,2024-04-24 00:00:00.000000000,ADA 31 ROSEWOOD,BRYAN LOPEZ,ACE  CONTRACTORS SUPPLY,NAILS -TIE WIRW-CARBON BLADES,,JLZ,Jose Luis,4542
4543,2024-04-24 00:00:00.000000000,ADA 31 GREYSTONE,CARLOS DIAZ,ACE  CONTRACTORS SUPPLY,DIAMON BLADE-STREET BROOM-NAILS etc,,JLZ,Jose Luis,4543
4544,2024-04-24 00:00:00.000000000,ADA 31 GREYSTONE,JLZ,WHITE CAP,SMART LEVELS- EXTENSION CORDS (replacements),,JLZ,Jose Luis,4544
4545,2024-04-25 00:00:00.000000000,CPO SLAUGHTER LN,DANIEL ORTEGA,TEX-CON,FUEL,,JLZ,Jose Luis,4545
4546,2024-04-26 00:00:00.000000000,CPO SLAUGHTER LN,ISIDRO GARCIA,TEX-CON,FUEL,,JLZ,Jose Luis,4546
4547,2024-04-27 00:00:00.000000000,CPO SLAUGHTER LN,JLZ,CHEVRON,FUEL,,JLZ,Jose Luis,4547
4548,2024-04-29 00:00:00.000000000,ADA 29 JUDGES HILL,VICTOR SANCHEZ,CHEVRON,FUEL,,JLZ,Jose Luis,4548
4549,2024-04-29 00:00:00.000000000,ADA 31 GREYSTONE,CARLOS DIAZ,ACE  CONTRACTORS SUPPLY,CONCRETE SAW,,JLZ,Jose Luis,4549
4550,2024-04-29 00:00:00.000000000,ADA 31 ROSEWOOD,AVISAI,TEX-C0N,FUEL,,JLZ,Jose Luis,4550
4551,2024-04-29 00:00:00.000000000,ADA 29 JUDGES HILL,ALVARO,ACE  CONTRACTORS SUPPLY,LUMBER,,JLZ,Jose Luis,4551
4552,2024-04-29 00:00:00.000000000,ADA 29 JUDGES HILLS,ALVARO,TEX-C0N,FUEL,,JLZ,Jose Luis,4552
4553,2024-05-01 00:00:00.000000000,ADA 31 ROSEWOOD,JLZ,LEO'S,FUEL,,JLZ,Jose Luis,4553
4554,2024-05-01 00:00:00.000000000,ADA 29  JUDGES HILL,CARLOS DIAZ,LEO'S,FUEL,,JLZ,Jose Luis,4554
4555,2024-05-02 00:00:00.000000000,ADA 29 JUDGES HILLS,VICTOR SANCHEZ,CHEVRON,FUEL,,JLZ,Jose Luis,4555
4556,2024-05-05 00:00:00.000000000,CPO 5th STREET,DANIEL ORTEGA,ACE CONTRACTORS SUPPLY,METALFORM STAKES -LUMBER,,JLZ,Jose Luis,4556
4557,2024-05-05 00:00:00.000000000,CPO 5th STREET,DANIEL ORTEGA,TEX-C0N,FUEL,,JLZ,Jose Luis,4557
4558,2024-05-06 00:00:00.000000000,CPO SLAUGHTER LN,ANTONIO GUTIERREZ,TEX-C0N,FUEL,,JLZ,Jose Luis,4558
4559,2024-05-06 00:00:00.000000000,ADA 31 ROSEWOOD,JLZ,LEOS (f150),FUEL,,JLZ,Jose Luis,4559
4560,2024-05-06 00:00:00.000000000,ADA 29 JUDGES HILL,ALVARO,LEO'S,FUEL,,JLZ,Jose Luis,4560
4561,2024-05-07 00:00:00.000000000,CPO SLAUGHTER LN,ISIDRO GARCIA,ACE  CONTRACTORS SUPPLY,LUMBER CONC- TOOLS,,JLZ,Jose Luis,4561
4562,2024-05-07 00:00:00.000000000,CPO SLAUGHTER LN,ISIDRO GARCIA,TEX-C0N,FUEL,,JLZ,Jose Luis,4562
4563,2024-05-07 00:00:00.000000000,ADA 29  JUDGES HILL,CARLOS DIASZ,LEO'S,FUEL,,JLZ,Jose Luis,4563
4564,2024-05-08 00:00:00.000000000,ADA 31 ROSEWOOD,FRANCISCO BOCANEGRA,ACE  CONTRACTORS SUPPLY,LUMBER -HAND TOOLS,,JLZ,Jose Luis,4564
4565,2024-05-08 00:00:00.000000000,ADA 31 ROSEWOOD,FRANCISCO BOCANEGRA,TEX-CON,FUEL,,JLZ,Jose Luis,4565
4566,2024-05-09 00:00:00.000000000,ADA 29 JUDGES HILL,VICTOR  SANCHEZ,TEX-CON,FUEL,,JLZ,Jose Luis,4566
4567,2024-05-09 00:00:00.000000000,CPO 5th STREET,JLZ,LEO'S,FUEL,,JLZ,Jose Luis,4567
4568,2024-05-10 00:00:00.000000000,ADA 29 JUDGES HILLS,CARLOS DIASZ,LEO'S,FUEL,,JLZ,Jose Luis,4568
4569,2024-05-10 00:00:00.000000000,CPO SLAUGHTER LN,DANIEL ORTEGA,TEX-C0N,FUEL,,JLZ,Jose Luis,4569
4570,2024-05-13 00:00:00.000000000,ADA 28 BULL CREEK,GERARDO SANCHEZ,LEO'S,FUEL,,JLZ,Jose Luis,4570
4571,2024-05-13 00:00:00.000000000,ADA 28(all sites),JOSE DE LA CERDA,CHEVRON,FUEL,,JLZ,Jose Luis,4571
4572,2024-05-13 00:00:00.000000000,CPO 6thSTREET,DANIEL ORTEGA,ACE  CONTRACTORS SUPPLY,PLYWOOD,,JLZ,Jose Luis,4572
4573,2024-05-13 00:00:00.000000000,ADA 29 JUDGES HILL,VICTOR SANCHEZ,ACE  CONTRACTORS SUPPLY,"1""1/4 DRILL BIT",,JLZ,Jose Luis,4573
4574,2024-05-14 00:00:00.000000000,ADA 29 JUDGES HILL,ALVARO AGUIRRE,LEO'S,FUEL,,JLZ,Jose Luis,4574
4575,2024-05-14 00:00:00.000000000,ADA 31 FAIRFIELD,CARLOS DIAZ,LEO'S,FUEL,,JLZ,Jose Luis,4575
4576,2024-05-15 00:00:00.000000000,ADA 29 JUDGES HILL,ALVARO AGUIRRE,ACE  CONTRACTORS SUPPLY,"24"" METAL FORM STAKES",,JLZ,Jose Luis,4576
4577,2024-05-15 00:00:00.000000000,ADA 29 JUDGES HILL,ALVARO AGUIRRE,TEX-C0N,FUEL,,JLZ,Jose Luis,4577
4578,2024-05-15 00:00:00.000000000,CPO 6th STREET,DANIEL ORTEGA,TEX-CON,FUEL,,JLZ,Jose Luis,4578
4579,2024-05-15 00:00:00.000000000,ADA 31 ROSEWOOD,JLZ,LEO'S,FUEL,,JLZ,Jose Luis,4579
4580,2024-05-16 00:00:00.000000000,ADA 29 JUDGES HILL,VICTOR SANCHEZ,CHEVRON,FUEL,,JLZ,Jose Luis,4580
4581,2024-05-17 00:00:00.000000000,CPO SLAUGHTER LN,ANONIO GUTIERREZ ,TEX-C0N(dump truck),FUEL,,JLZ,Jose Luis,4581
4582,2024-05-17 00:00:00.000000000,ADA 31 ROSEWOOD,FRANCIZCO B.,TEX-C0N,FUEL,,JLZ,Jose Luis,4582
4583,2024-05-17 00:00:00.000000000,CPO SLAUGHTER LN,ISIDRO GARCIA,TEX-CON,FUEL,,JLZ,Jose Luis,4583
4584,2024-05-17 00:00:00.000000000,CPO SLAUGHTER LN,JLZ,CHEVRON,FUEL,,JLZ,Jose Luis,4584
4585,2024-05-20 00:00:00.000000000,ADA 28 BULL CREEK,GERARDO SANCHEZ,TEX-CON,FUEL,,JLZ,Jose Luis,4585
4586,2024-05-20 00:00:00.000000000,ALL MUÑIZ PROJECTS,JOSE DE LA CERDA,LEO'S,FUEL,,JLZ,Jose Luis,4586
4587,2024-05-20 00:00:00.000000000,ALL MUÑIZ PROYECTS,RAUL LOPEZ,TEX-C0N,FUEL,,JLZ,Jose Luis,4587
4588,2024-05-21 00:00:00.000000000,ADA 29 JUDGES HILL,ALVARO,LEO'S,FUEL,,JLZ,Jose Luis,4588
4589,2024-05-21 00:00:00.000000000,CPO SLAUGHTER LN,ISIDRO GARCIA,ACE,INLET PROTECTION-TRASH BAGS,,JLZ,Jose Luis,4589
4590,2024-05-21 00:00:00.000000000,CPO 6th STREET,DANIEL ORTEGA,TEX-C0N,FUEL,,JLZ,Jose Luis,4590
4591,2024-05-22 00:00:00.000000000,ADA 31 FAIRFIELD,JLZ,LEO'S,FUEL,,JLZ,Jose Luis,4591
4592,2024-05-22 00:00:00.000000000,CPO 6th STREET,DANIEL ORTEGA,CMC,HAMMER DRILL,,JLZ,Jose Luis,4592
4593,2024-05-22 00:00:00.000000000,ADA 31 FAIRFIELD,CARLOS DIAZ,LEO'S,FUEL,,JLZ,Jose Luis,4593
4594,2024-05-27 00:00:00.000000000,ADA 29  JUDGES HILL,ALVARO AGUIRRE,LEO'S,FUEL,,JLZ,Jose Luis,4594
4595,2024-05-27 00:00:00.000000000,CPO 6th STREET,DANIEL ORTEGA,TEX-CON,FUEL,,JLZ,Jose Luis,4595
4596,2024-05-28 00:00:00.000000000,ADA 29 JUDGES HILLS,VICTOR SANCHEZ,TEX-CON,FUEL,,JLZ,Jose Luis,4596
4597,2024-05-28 00:00:00.000000000,ADA 31 FAIRFIELD,CARLOS DIAZ,LEO'S,FUEL,,JLZ,Jose Luis,4597
4598,2024-05-28 00:00:00.000000000,ADA 31 FAIRFIELD,CARLOS DIAZ,ACE  CONTRACTORS SUPPLY,NAILS-CHANFER,,JLZ,Jose Luis,4598
4599,2024-05-29 00:00:00.000000000,CPO SLAUGHTER LN,ANTONIO GUTIERRES,TEX-CON,FUEL(dump truck),,JLZ,Jose Luis,4599
4600,2024-05-29 00:00:00.000000000,CPO 5th STREET,DANIEL ORTEGA,ACE  CONTRACTORS SUPPLY,SLEDGE HAMMER HANDLES,,JLZ,Jose Luis,4600
4601,2024-05-29 00:00:00.000000000,CPO SLAUGHTER LN,ISIDRO GARCIA,ACE  CONTRACTORS SUPPLY,5 GAL SPRAY CAN,,JLZ,Jose Luis,4601
4602,2024-05-30 00:00:00.000000000,ADA 29 JUDGES HILLS,ALVARO AGUIRRE,ACE  CONTRACTORS SUPPLY,LUMBER-METAL FORM STAKES,,JLZ,Jose Luis,4602
4603,2024-05-31 00:00:00.000000000,CPO 5th STREET,DANIEL ORTEGA,TEX-CON,FUEL,,JLZ,Jose Luis,4603
4604,2024-05-31 00:00:00.000000000,CPO SLAUGHTER LN,JLZ,CHEVRON,FUEL,,JLZ,Jose Luis,4604
4605,2024-06-03 00:00:00.000000000,CPO SLAUGHTER LN,ISIDRO GARCIA,ACE  CONTRACTORS SUPPLY,REBAR- SMOOTH DOWELS,,JLZ,Jose Luis,4605
4606,2024-06-03 00:00:00.000000000,ADA 29 JUDGES HILLS,VICTOR SANCHEZ,LEO'S,FUEL,,JLZ,Jose Luis,4606
4607,2024-06-03 00:00:00.000000000,ADA 31 ROSEWOOD,FRANCISCO BOCANEGRA,TEX-CON,FUEL,,JLZ,Jose Luis,4607
4608,2024-06-03 00:00:00.000000000,ADA 29 JUDGES HILLS,ALVARO AGUIRRE,LEO'S,FUEL,,JLZ,Jose Luis,4608
4609,2024-06-03 00:00:00.000000000,SHOP,ULICES,TEX-CON,FUEL,,JLZ,Jose Luis,4609
4610,2024-06-04 00:00:00.000000000,ADA 31 FAIRFIELD,CARLOS DIAZ,LEO'S,FUEL,,JLZ,Jose Luis,4610
4611,2024-06-04 00:00:00.000000000,CPO SLAUGHTER LN,ANTONIO GUTIERRES,TEX-C0N,FUEL (F350),,JLZ,Jose Luis,4611
4612,2024-06-05 00:00:00.000000000,ADA 31 ROSEWOOD,JLZ,CHEVRON,FUEL,,JLZ,Jose Luis,4612
4613,2024-06-05 00:00:00.000000000,CPO 5th STREET,DANIEL ORTEGA,TEX-CON,FUEL,,JLZ,Jose Luis,4613
4614,2024-06-07 00:00:00.000000000,CPO SLAUGHTER LN,ISIDRO GARCIA,ACE CONTRACTORS SUPPLY,BEND BOARD,,JLZ,Jose Luis,4614
4615,2024-06-07 00:00:00.000000000,SHOP,Abraham,TEX-C0N,Fuel,,JLZ,Jose Luis,4615
4616,2024-06-07 00:00:00.000000000,CPO SLAUGHTER LN,ISIDRO GARCIA,TEX-C0N,FUEL,,JLZ,Jose Luis,4616
4617,2024-06-08 00:00:00.000000000,ADA 29 JUDGES HILLS,VICTOR SANCHEZ,LEO'S,FUEL,,JLZ,Jose Luis,4617
4618,2024-06-10 00:00:00.000000000,ADA 31 FAIRFIELD,CARLOS DIAZ,TEX-CON,FUEL,,JLZ,Jose Luis,4618
4619,2024-06-10 00:00:00.000000000,ADA 29 JUDGES HILLS,ALVARO AGUIRRE,TEX-CON,FUEL,,JLZ,Jose Luis,4619
4620,2024-06-10 00:00:00.000000000,ADA 29 JUDGES HILLS,ALVARO AGUIRRE,ACE  CONTRACTORS SUPPLY,LUMMBER (tree protection),,jlz,Jose Luis,4620
4621,2024-06-11 00:00:00.000000000,CAP METRO,ABRAHAM,TEX-C0N,FUEL,,JLZ,Jose Luis,4621
4622,2024-06-11 00:00:00.000000000,CPO SLAUGHTER,JLZ,LEO'S,FUEL,,JLZ,Jose Luis,4622
4623,2024-06-12 00:00:00.000000000,CPO 5th STREET,DANIEL,TEX-C0N,FUEL,,JLZ,Jose Luis,4623
4624,2024-06-13 00:00:00.000000000,ADA 29  JUDGES HILL,VICTOR SANCHEZ,CHEVRON,FUEL,,JLZ,Jose Luis,4624
4625,2024-06-13 00:00:00.000000000,CPO SLAUGHTER LN,ANTONIO GUTIERREZ,TEX-CON,FUEL,,JLZ,Jose Luis,4625
4626,2024-06-14 00:00:00.000000000,ADA 31 ROSEWOOD,FRANCISCO BOCANEGRA,TEX-CON,FUEL,,JLZ,Jose Luis,4626
4627,2024-06-14 00:00:00.000000000,SHOP,ULICES,TEX-C0N,FUEL,,JLZ,Jose Luis,4627
4628,2024-06-14 00:00:00.000000000,ADA 31 FAIRFIELD,ABISAI (spare7),LEO'S,FUEL,,JLZ,Jose Luis,4628
4629,2024-06-15 00:00:00.000000000,ADA 29  JUDGES HILL,JLZ,LEO'S,FUEL,,JLZ,Jose Luis,4629
4630,2024-06-18 00:00:00.000000000,ADA 29 JUDGES HILLS,ALVARO AGJIRRE,ACE  CONTRACTORS SUPPLY,LUMMBER (tree protection),,JLZ,Jose Luis,4630
4631,2024-06-19 00:00:00.000000000,ADA 31 FAIRFIELD,ABISAI (carlos truck),TEX-CON,FUEL,,JLZ,Jose Luis,4631
4632,2024-06-19 00:00:00.000000000,CPO SLAUGHTER,JLZ,TEX-CON,FUEL,,JLZ,Jose Luis,4632
4633,2024-06-19 00:00:00.000000000,ADA 29  JUDGES HILL,ALVARO AGUIRRE,LEO'S,FUEL,,JLZ,Jose Luis,4633
4634,2024-06-20 00:00:00.000000000,CPO SLAUGHTER LN,ISIDRO GARCIA,TEX-CON,FUEL,,JLZ,Jose Luis,4634
4635,2024-06-20 00:00:00.000000000,CPO SLAUGHTER LN,ISIDRO GARCIA,ACE CONTRACTORS SUPPLY,EXPANSION JOINT,,JLZ,Jose Luis,4635
4636,2024-06-24 00:00:00.000000000,ADA 31 ST ELMO,JLZ,CHEVRON,FUEL,,JLZ,Jose Luis,4636
4637,2024-06-24 00:00:00.000000000,CPO,ANTONIO GUTIERRES,TEX-C0N,FUEL,,JLZ,Jose Luis,4637
4638,2024-06-24 00:00:00.000000000,ADA 31 ST ELMO,FRANCISCO BOCANEGRA,TEX-C0N,FUEL,,JLZ,Jose Luis,4638
4639,2024-06-24 00:00:00.000000000,CPO SLAUGHTER LN,ANTONIO GUTIERRES,TEX-CON,FUEL (dump truck),,JLZ,Jose Luis,4639
4640,2024-06-25 00:00:00.000000000,ADA 29 JUDGES HILLS,VICTOR SANCHEZ,TEX-CON,FUEL,,JLZ,Jose Luis,4640
4641,2024-06-25 00:00:00.000000000,CPO SLAUGHTER LN,ISIDRO G.,TEX-C0N,FUEL ,,JLZ,Jose Luis,4641
4642,2024-06-26 00:00:00.000000000,ADA 29  JUDGES HILL,ALVARO AUIRRE,TEX-C0N,FUEL,,JLZ,Jose Luis,4642
4643,2024-06-27 00:00:00.000000000,CPO SLAUGHTER LN,JLZ,CHEVRON,FUEL,,JLZ,Jose Luis,4643
4644,2024-06-27 00:00:00.000000000,ADA 31 FAIRFIELD,ABISAI JOMENEZ,LEO'S,FUEL,,JLZ,Jose Luis,4644
4645,2024-07-01 00:00:00.000000000,CPO SLAUGHTER LN,RUBEN CANO,ACE  CONTRACTORS SUPPLY,EXTENSION CORDS-BLADES-STRING LINE,,JLZ,Jose Luis,4645
4646,2024-07-02 00:00:00.000000000,CPO SLAUGHTER LN,JLZ,TEX-C0N,FUEL,,JLZ,Jose Luis,4646
4647,2024-07-01 00:00:00.000000000,ADA 29 JUDGES HILLS,ALVARO AGUIRRE,ACE  CONTRACTORS SUPPLY,ARDEX,,JLZ,Jose Luis,4647
4648,2024-07-02 00:00:00.000000000,CPO SLAUGHTER LN,RUBEN CANO,TEX-C0N,FUEL,,JLZ,Jose Luis,4648
4649,2024-07-02 00:00:00.000000000,ADA 29 JUDGES HILLS,VICTOR SANCHEZ,ACE CONTRACYTORS SUPPLY,LUMBER (tree protection),,JLZ,Jose Luis,4649
4650,2024-07-02 00:00:00.000000000,ADA 29  JUDGES HILL,ALVARO AGUIORRE,LEO'S,FUEL,,JLZ,Jose Luis,4650
4651,2024-07-03 00:00:00.000000000,ADA 31 FAIRFIELD,ABISAI JIMENEZ,LEO'S,FUEL,,JLZ,Jose Luis,4651
4652,2024-07-05 00:00:00.000000000,ADA 31 ST ELMO,JLZ,LEO'S,FUEL,,JLZ,Jose Luis,4652
4653,2024-07-05 00:00:00.000000000,ADA 29 JUDGES HILLS,VICTOR SANCHEZ,CHEVRON,FUEL,,JLZ,Jose Luis,4653
4654,2024-07-05 00:00:00.000000000,ADA 29 JUDGES HILLS,ALVARO AGUIRRE,ACE  CONTRACTORS SUPPLY,LUMBER (tree protection),,JLZ,Jose Luis,4654
4654,2024-07-05 00:00:00.000000000,CPO SLAUGHTER,ANTONIO GUTIERRES,TEX-C0N,FUEL,,JLZ,Jose Luis,4654
4656,2024-07-05 00:00:00.000000000,CPO SLAUGHTER LN,JLZ,TEX-C0N,FUEL,,JLZ,Jose Luis,4656
4657,2024-07-08 00:00:00.000000000,CPO SLAUGHTER LN,RUBEN CANO,ACE CONTRACTORS SUPPLY,CARBON BLADES,,JLZ,Jose Luis,4657
4658,2024-07-08 00:00:00.000000000,CPO SLAUGHTER LN,ANTONIO GUTIOERREZ,TEX-C0N,FUEL,,JLZ,Jose Luis,4658
4658,2024-07-08 00:00:00.000000000,ADA 31 FAIRFIELD,ABISAI JIMENEZ,ACE CONTRACTORS SUPPLY,LUMBER,,JLZ,Jose Luis,4658
4659,2024-07-09 00:00:00.000000000,CPO SLAUGHTER,ISIDRO GARCIA,TEX-C0N,FUEL,,JLZ,Jose Luis,4659
4660,2024-07-09 00:00:00.000000000,ADA 31 FAIRFIELD,ABISAI JIMENEZ,CHEVRON,FUEL,,JLZ,Jose Luis,4660
4662,2024-07-09 00:00:00.000000000,ADA 29 JUDGES HILLS,ALVARO AGUIRRE,WHITE CAP,CONCRETE WASH OUT PIT,,JLZ,Jose Luis,4662
4663,2024-07-09 00:00:00.000000000,CPO SLAUGHTER LN,ISIDRO GARCIA,ACE CONTRACTORS SUPPLY,CONCRETE SAW,,JLZ,Jose Luis,4663
4664,2024-07-09 00:00:00.000000000,ADA 29 JUDGES HILLS,JLZ,TEX-C0N,FUEL,,JLZ,Jose Luis,4664
4665,2024-07-10 00:00:00.000000000,ADA 31 ST ELMO,FRANCISCO BOCANEGRA,TEX-C0N,FUEL,,JLZ,Jose Luis,4665
4666,2024-07-10 00:00:00.000000000,CPO SLAUGHTER LN,LEYDIEL,WHITE CAP,STRAPS,,JLZ,Jose Luis,4666
4667,2024-07-10 00:00:00.000000000,ADA 31 FAIRFIELD,ABISAI JIMENEZ,TEX-C0N,FUEL,,JLZ,Jose Luis,4667
4668,2024-07-10 00:00:00.000000000,ADA 29 JUDGES HILLS,ALVARO AGUIRRE,ACE CONTRACTORS SUPPLY,NAILS -TIE WIRE,,JLZ,Jose Luis,4668
4669,2024-07-10 00:00:00.000000000,ADA 29 JUDGES HILLS,ALVARO AGUIRRE,TEX-C0N,FUEL ,,JLZ,Jose Luis,4669
4670,2024-07-11 00:00:00.000000000,CPO SLAUGHTER LN,JLZ,ACE CONTRACTORS SUPPLY,4 bundles #4 rebar,,JLZ,Jose Luis,4670
4671,2024-07-15 00:00:00.000000000,ADA 31 FAIRFIELD,JLZ,LEO'S,FUEL,,JLZ,Jose Luis,4671
4672,2024-07-15 00:00:00.000000000,CPO SLAUGHTER LN,RUBEN CANO,ACE CONTRACTORS SUPPLY,BLADE(walk behind saw),,JLZ,Jose Luis,4672
4673,2024-07-15 00:00:00.000000000,ADA 31 FAIRFIELD,CARLOS DIAZ,TEX-CON,FUEL,,JLZ,Jose Luis,4673
4674,2024-07-16 00:00:00.000000000,CPO SLAUGHTER LN,ANTONIO GUTIERRES,TEX-C0N,FUEL (dump truck),,JLZ,Jose Luis,4674
4675,2024-07-16 00:00:00.000000000,ADA 29 JUDGES HILLS,VICTOR SANCHEZ,TEX-CON,FUEL,,JLZ,Jose Luis,4675
4676,2024-07-16 00:00:00.000000000,ADA 31 FAIRFIELD,ABISAI JIMENEZ,LEO'S,FUEL,,JLZ,Jose Luis,4676
4677,2024-07-17 00:00:00.000000000,CPO SLAUGHTER LN,RUBEN CANO,TEX-C0N,FUEL,,JLZ,Jose Luis,4677
4678,2024-07-17 00:00:00.000000000,CPO SLAUGHTER LN,RUBEN CANO,ACE CONTRACTORS SUPPLY,MASONY SHEET,,JLZ,Jose Luis,4678
4679,2024-07-18 00:00:00.000000000,CPO SLAUGHTER LN,ISIDRO GARCIA,ACE CONTRACTORS SUPPLY,TOOLS,,JLZ,Jose Luis,4679
4680,2024-07-18 00:00:00.000000000,CPO SLAUGHTER LN,ISIDRO GARCIA,TEX-CON,FUEL ,,JLZ,Jose Luis,4680
4681,2024-07-18 00:00:00.000000000,CPO SLAUGHTER LN,ANTONIO GUTIERREZ,TEX-CON,FUEL,,JLZ,Jose Luis,4681
4682,2024-07-18 00:00:00.000000000,CPO SLAUGHTER LN,JLZ,ACE CONTRACTORS SUPPLY,SPRAY PAINT,,JLZ,Jose Luis,4682
4683,2024-07-18 00:00:00.000000000,CPO SLAUGHTER LN,JLZ,TEX-C0N,FUEL,,JLZ,Jose Luis,4683
4684,2024-07-19 00:00:00.000000000,CPO SLAUGHTER LN,LEYDIEL,TEX-C0N,FUEL,,JLZ,Jose Luis,4684
4685,2024-07-22 00:00:00.000000000,ADA 31 FAIRFIELD,CARLOS DIAZ,LEO'S,FUEL,,JLZ,Jose Luis,4685
4686,2024-07-23 00:00:00.000000000,ADA 31 FAIRFIELD,ABISAI JIMENEZ,WHITE CAP,POLY ROLL,,JLZ,Jose Luis,4686
4687,2024-07-23 00:00:00.000000000,ADA 31 FAIRFIELD,ABISAI JIMENEZ,ACE CONTRACTORS SUPPLY,TOOLS,,JLZ,Jose Luis,4687
4688,2024-07-23 00:00:00.000000000,ADA 29 JUDGES HILLS,ALVARO AGUIRRE,TEX-CON,FUEL,,JLZ,Jose Luis,4688
4689,2024-07-23 00:00:00.000000000,ADA 31 FAIRFIELD,ABISAI JIMENEZ,TEX-C0N,FUEL ,,JLZ,Jose Luis,4689
4690,2024-07-23 00:00:00.000000000,ADA 31 ST ELMO,JLZ,TEX-C0N,FUEL,,JLZ,Jose Luis,4690
4691,2024-07-23 00:00:00.000000000,ADA 29 JUDGES HILLS,VICTOR SANCHEZ,GEO SOLUTIONS,MULCH SOCKS,,JLZ,Jose Luis,4691
4692,2024-07-24 00:00:00.000000000,ADA 31 ST ELMO,FRANCISCO BOCANEGRA,TEX-CON,FUEL,,JLZ,Jose Luis,4692
4693,2024-07-25 00:00:00.000000000,ADA 29 JUDGES HILLS,viCTOR SANCHEZ,ACE CONTRACTORS SUPPLY,PLYWOOD,,JLZ,Jose Luis,4693
4694,2024-07-25 00:00:00.000000000,CPO SLAUGHTER LN,ISIDRO GARCIA,TEX-CON,FUEL,,JLZ,Jose Luis,4694
4695,2024-07-26 00:00:00.000000000,ADA 31 FAIRFIELD,CARLOS DIAZ,LEOS ,FUEL,,JLZ,Jose Luis,4695
4696,2024-07-26 00:00:00.000000000,ADA 31 ST ELMO,JLZ,CHEVRON,FUEL,,JLZ,Jose Luis,4696
4697,2024-07-30 00:00:00.000000000,ADA 29 JUDGES HILLS,VICTOR SANCHEZ,CHEVRON,FUEL,,JLZ,Jose Luis,4697
4698,2024-07-30 00:00:00.000000000,ADA 31 FAIRFIELD,ABISAI JIMENES,TEX-C0N,FUEL,,JLZ,Jose Luis,4698
4699,2024-07-30 00:00:00.000000000,ADA 29 JUDGES HILLS,ALVARO AGUIRRE,LEOS,FUEL,,JLZ,Jose Luis,4699
4700,2024-07-30 00:00:00.000000000,CPO SLAUGHTER,ISIDRO GARCIA,ACE CONTRACTORS SUPPLY,EPOXY,,JLZ,Jose Luis,4700
4701,2024-07-30 00:00:00.000000000,ADA 31 FAIRFIELD,ABISAI JIMENES,ACE CONTRACTORS SUPPLY,CARBON BLADES,,JLZ,Jose Luis,4701
4702,2024-07-30 00:00:00.000000000,ADA 29 JUDGES HILLS,ALVARO AGUIRRE,ACE CONTRACTORS SUPPLY,GAS CAN -REBAR CAPS,,JLZ,Jose Luis,4702
4703,2024-07-31 00:00:00.000000000,CPO SLAUGHTER LN,ANTONIO GUTIERREZ,TEX-C0N,FUEL,,JLZ,Jose Luis,4703
4704,2024-07-31 00:00:00.000000000,CPO SLAUGHTER LN,JLZ,LEOS,FUEL,,JLZ,Jose Luis,4704
4705,2024-07-31 00:00:00.000000000,ADA 31 FAIRFIELD,CARLOS DIAZ,LEOS,FUEL,,JLZ,Jose Luis,4705
4706,2024-08-02 00:00:00.000000000,CPO SLAUGHTER LN,ANTONIO GUTIERREZ,TEX-CON,FUEL,,JLZ,Jose Luis,4706
4707,2024-08-05 00:00:00.000000000,ADA 31 FAIRFIELD,ABISAI JIMENEZ,LEOS,FUEL,,JLZ,Jose Luis,4707
4708,2024-08-05 00:00:00.000000000,ADA 31 ST ELMO,JLZ,CHEVRON,FUEL,,JLZ,Jose Luis,4708
4709,2024-08-05 00:00:00.000000000,CPO SLAUGHTER LN,ISIDRO GARCIA,TEX-C0N,FUEL,,JLZ,Jose Luis,4709
4710,2024-08-05 00:00:00.000000000,ADA 29  JUDGES HILLS,ALVARO AGUIRRE,LEOS,FUEL,,JLZ,Jose Luis,4710
4711,2024-08-07 00:00:00.000000000,ADA 31 FAIRFIELD,CARLOS DIAZ,LEOS,FUEL,,JLZ,Jose Luis,4711
4712,2024-08-07 00:00:00.000000000,CPO SLAUGHTER LN,JLZ,LEOS,FUEL,,JLZ,Jose Luis,4712
4713,2024-08-08 00:00:00.000000000,ADA 31 ST ELMO,FRANCISCO BOCANEGRA,TEX-C0N,FUEL,,JLZ,Jose Luis,4713
4714,2024-08-08 00:00:00.000000000,ADA 31 ST ELMO,JLZ (f150),CHVEVRON,FUEL,,JLZ,Jose Luis,4714
4715,2024-08-09 00:00:00.000000000,ADA 29 JUDGES HILLS,ALVARO AGUIRRE,TEX-C0N,FUEL,,JLZ,Jose Luis,4715
4716,2024-08-09 00:00:00.000000000,ADA 31 FAIRFIELD,CARLOS DIAZ,TEX-C0N,FUEL,,JLZ,Jose Luis,4716
4717,2024-08-12 00:00:00.000000000,CPO SLAUGHTER LN,ANTONIO GUTIERREZ,TEX-C0N,FUEL,,JLZ,Jose Luis,4717
4718,2024-08-12 00:00:00.000000000,ADA 29 JUDGES HILLS,VICTOR SANCHEZ,TEX-CON,FUEL,,JLZ,Jose Luis,4718
4719,2024-08-12 00:00:00.000000000,ADA 31 FAIRFIELD,ABISAI JIMENEZ,LEOS,FUEL,,JLZ,Jose Luis,4719
4720,2024-08-12 00:00:00.000000000,ADA30 35th,DANIEL ORTEGA,RSS,CONCRETE VIBRATOR,,JLZ,Jose Luis,4720
4721,2024-08-12 00:00:00.000000000,ADA 30  ANDERSON MILLS,OMAR HERNANDEZ,LEOS,FUEL,,JLZ,Jose Luis,4721
4722,2024-08-12 00:00:00.000000000,ADA 30 ANDERSON MILLS,JLZ,LEOS,FUEL,,JLZ,Jose Luis,4722
4723,2024-08-14 00:00:00.000000000,ADA 29 JUDGES HILLS,ALVARO AGUIRRE,ACE CONTRACTORS SUPPLY,SKILL SAW,,JLZ,Jose Luis,4723
4724,2024-08-14 00:00:00.000000000,ADA 31 ST ELMO,FRANCISCO BOCANEGRA,ACE CONTRACTORS SUPPLY,METAL STAKES,,JLZ,Jose Luis,4724
4725,2024-08-14 00:00:00.000000000,ADA 30 ANDERSON MILLS,OMAR HERNANDEZ,ACE CONTRACTORS SUPPLY,CONCRETE SAW,,JLZ,Jose Luis,4725
4726,2024-08-14 00:00:00.000000000,CPO SLAUGHTER LN,ISIDRO GARCIA,TEX- CON,FUEL,,JLZ,Jose Luis,4726
4727,2024-08-15 00:00:00.000000000,ADA 30  ANDERSON MILLS,JLZ,TEX-CON,FUEL,,JLZ,Jose Luis,4727
4728,2024-08-15 00:00:00.000000000,ADA 31 FAIRFIELD,ABISAI JIMENEZ,ACE CONTRACTORS SUPPLY,FORM METAL STAKES,,JLZ,Jose Luis,4728
4730,2024-08-16 00:00:00.000000000,ADA 29 JUDGES HILLS,ALVARO AGUIRRE,LEOS,FUEL,,JLZ,Jose Luis,4730
4731,2024-08-16 00:00:00.000000000,ADA 30  ANDERSON MILLS,OMAR HERNANDEZ,ROAD SAFE,FLEX POSTS PINS,,JLZ,Jose Luis,4731
4732,2024-08-19 00:00:00.000000000,CPO SLAUGHTER LN,ANTONIO GUTIERREZ,WHITE CAP,STRAPS,,JLZ,Jose Luis,4732
4733,2024-08-19 00:00:00.000000000,CPO SLAUGHTER LN,ANTONIO GUTIERREZ,TEX-CON,FUEL,,JLZ,Jose Luis,4733
4734,2024-08-20 00:00:00.000000000,CPO SLAUGHTER LN,JLZ,CHEVRON,FUEL,,JLZ,Jose Luis,4734
4735,2024-08-20 00:00:00.000000000,ADA 30 ANDERSON MILLS,JLZ,4G SPATIAL,FIELD BOOKS,,JLZ,Jose Luis,4735
4736,2024-08-20 00:00:00.000000000,ADA 31 FAIRFIELD,ABISAI JIMENEZ,LEOS,FUEL,,JLZ,Jose Luis,4736
4738,2024-08-22 00:00:00.000000000,ADA 31 ST ELMO,FRANCISCO BOCANEGRA,TEX-CON,FUEL,,JLZ,Jose Luis,4738
4740,2024-08-22 00:00:00.000000000,ADA 29 JUDGES HILLS,VICTOR SANCHEZ,CHEVRON,FUEL,,JLZ,Jose Luis,4740
4741,2024-08-24 00:00:00.000000000,ADA 29 JUDGES HILLS,ALVARO AGUIRRE,LEO'S,FUEL,,JLZ,Jose Luis,4741
4742,2024-08-23 00:00:00.000000000,ADA 31 FAIRFIELD,ABISAI JIMENEZ,WHITE CAP,DRILL BITS-EPOXY,,JLZ,Jose Luis,4742
4743,2024-08-23 00:00:00.000000000,ADA 29 JUDGES HILLS,JLZ,CHEVRON,FUEL,,JLZ,Jose Luis,4743
4744,2024-08-26 00:00:00.000000000,ADA 31 AINSWORT ST,FRANCISCO BOCANEGRA,GEO SOLUTIONS,MULCH LOGS,,JLZ,Jose Luis,4744
4745,2024-08-27 00:00:00.000000000,CPO SLAUGHTER LN,ISIDRO GARCIA,ACE CONTRACTORS SUPPLY,DIAMOND BLADE,,JLZ,Jose Luis,4745
4746,2024-08-27 00:00:00.000000000,CPO SLAUGHTER LN,ISIDRO GARCIA,TEX-CON,FUEL,,JLZ,Jose Luis,4746
4747,2024-08-29 00:00:00.000000000,ADA 29 JUDGES HILLS,VICTOR SANCHEZ,TEX- CON,FUEL,,JLZ,Jose Luis,4747
4748,2024-08-28 00:00:00.000000000,ADA 31 AINSWORTH,JLZ,TEX-CON,FUEL,,JLZ,Jose Luis,4748
4749,2024-08-28 00:00:00.000000000,ADA 31 AINSWORT ST,FRANCISCO BOCANEGRA,ACE CONTRACTORS SUPPLY,SKILL SAW,,JLZ,Jose Luis,4749
4750,2024-08-28 00:00:00.000000000,ADA 31 FAIRFIELD,ABISAI JIMENEZ,TEX- CON,FUEL,,JLZ,Jose Luis,4750
4751,2024-08-29 00:00:00.000000000,CPO SLAUGHTER LN,ANTONIO GUTIERRES,TEX- CON,FUEL ,,JLZ,Jose Luis,4751
4752,2024-08-30 00:00:00.000000000,CPO SLAUGHTER LN,JLZ ,CHEVRON,FUEL,,JLZ,Jose Luis,4752
4753,2024-09-03 00:00:00.000000000,ADA 29  JUDGES HILLS,VICTOR SANCHEZ,ACE CONTRACTORS SUPPLY,6MLL POLY ROLL,,JLZ,Jose Luis,4753
4754,2024-09-04 00:00:00.000000000,ADA 31 AINSWORTH ST,FRANCISCO BOCANEGRA,TEX-CON,FUEL,,JLZ,Jose Luis,4754
4755,2024-09-04 00:00:00.000000000,ADA 31 FAIRFIELD,ABISAI JIMENEZ,TEX-CON,FUEL,,JLZ,Jose Luis,4755
4756,2024-09-04 00:00:00.000000000,ADA 29 JUDGES HILLS,ALVARO AGUIRRE,LEO'S,FUEL,,JLZ,Jose Luis,4756
4757,2024-09-04 00:00:00.000000000,ADA 31 AINSWORTH ST,JLZ,CHEVRON (f250 back),FUEL,,JLZ,Jose Luis,4757
4758,2024-09-05 00:00:00.000000000,CPO SLAUGHTER LN,ANTONIO GUTIERREZ,TEX-CON,FUEL,,JLZ,Jose Luis,4758
4759,2024-09-05 00:00:00.000000000,ADA 31 METRIC BLVD,ABISAI JIMENEZ,ACE CONTRACTORS SUPPLY,LUMBER,,JLZ,Jose Luis,4759
4760,2024-09-05 00:00:00.000000000,CPO SLAUGHTER LN,ISIDRO GARCIA,ACE CONTRACTORS SUPPLY,LUMBER,,JLZ,Jose Luis,4760
4761,2024-09-05 00:00:00.000000000,CPO SLAUGHTER LN,ISIDRO GARCIA,TEX-CON,FUEL,,JLZ,Jose Luis,4761
4762,2024-09-06 00:00:00.000000000,ADA 31 METRIC BLVD,ABISAI JIMENEZ,LEO'S,FUEL,,JLZ,Jose Luis,4762
4763,2024-09-06 00:00:00.000000000,ADA 31 METRIC BLVD,ABISAI JIMENEZ,GEO SOLUTIONS,MULCH LOGS,,JLZ,Jose Luis,4763
4764,2024-09-07 00:00:00.000000000,CPO SLAUGHTER LN,JLZ,CHEVRON,FUEL,,JLZ,Jose Luis,4764
4765,2024-09-09 00:00:00.000000000,ADA 29 JUDGES HILLS,ALVARO AGUIRRE,TEX-CON,FUEL,,JLZ,Jose Luis,4765
4766,2024-09-09 00:00:00.000000000,CPO SLAUGHTER LN,ANTONIO GUTIERREZ ,TEX- CON,FUEL (dump truck),,JLZ,Jose Luis,4766
4767,2024-09-09 00:00:00.000000000,CPO SLAUGHTER LN,ANTONIO GUTIERREZ,TEX-CON,FUEL,,JLZ,Jose Luis,4767
4768,2024-09-11 00:00:00.000000000,CPO SLAUGHTER LN,ISIDRO GARCIA,ACE CONTRACTORS SUPPLY,BLOWER -ANCHORS,,JLZ,Jose Luis,4768
4769,2024-09-11 00:00:00.000000000,ADA 29 JUDGES HILLS,VICTOR SANCHEZ,TEX- CON,FUEL ,,JLZ,Jose Luis,4769
4770,2024-09-11 00:00:00.000000000,ADA 31 METRIC BLVD,JLZ,TEX-CON,FUEL ,,JLZ,Jose Luis,4770
4771,2024-09-11 00:00:00.000000000,ADA 31 METRIC BLVD,ABISAI JIMENEZ,TEX- CON,FUEL ,,JLZ,Jose Luis,4771
4772,2024-09-13 00:00:00.000000000,ADA 29  JUDGES HILLS,ALVARO AGUIRRE,LEOS,FUEL ,,JLZ,Jose Luis,4772
4773,2024-09-16 00:00:00.000000000,CPO SLAUGHTER LN,ANTONIO GUTIERREZ,TEX-CON,FUEL,,JLZ,Jose Luis,4773
4774,2024-09-16 00:00:00.000000000,CPO SLAUGHTER LN,ISIDRO GARCIA,TEX-CON,FUEL,,JLZ,Jose Luis,4774
4775,2024-09-16 00:00:00.000000000,ADA 29 JUDGES HILLS,JLZ,LEOS,FUEL,,JLZ,Jose Luis,4775
4776,2024-09-17 00:00:00.000000000,ADA 31 METRIC BLVD,ABISAI JIMENEZ,LEOS,FUEL ,,JLZ,Jose Luis,4776
4777,2024-09-18 00:00:00.000000000,ADA 29  JUDGES HILLS,ALVARO AGUIRRE,ACE CONTRACTORS SUPPLY,CONCRETE TOOLS,,JLZ,Jose Luis,4777
4778,2024-09-18 00:00:00.000000000,CPO SLAUGHTER LN,ISIDRO GARCIA,ACE CONTRACTORS SUPPLY,ANCHORS,,JLZ,Jose Luis,4778
4779,2024-09-18 00:00:00.000000000,CPO SLAUGHTER LN,ANTONIO GUTIERREZ,TEX-CON,FUEL ,,JLZ,Jose Luis,4779
4780,2024-09-18 00:00:00.000000000,ADA 29  JUDGES HILLS,VICTOR SANCHES,WHITE CAP,CONCRETE SAW,,JLZ,Jose Luis,4780
4781,2024-09-18 00:00:00.000000000,ADA 31 METRIC BLVD,ABISAI JIMENEZ,WHITE CAP,NAILS,,JLZ,Jose Luis,4781
4782,2024-09-18 00:00:00.000000000,ADA 31 AINSWORTH,FRANCISCO BOCANEGRA,TEX- CON,FUEL,,JLZ,Jose Luis,4782
4783,2024-09-19 00:00:00.000000000,CPO AIRPORT BLVD,ISIDRO GARCIA ,ACE CONTRACTORS SUPPLY,SAND BAGS,,JLZ,Jose Luis,4783
4784,2024-09-19 00:00:00.000000000,ADA 31 METRIC BLVD,ABISAI JIMENEZ,LEOS,FUEL,,JLZ,Jose Luis,4784
4785,2024-09-19 00:00:00.000000000,ADA 29 JUDGES HILLS,ALVARO AGUIRRE,LEO'S,FUEL,,JLZ,Jose Luis,4785
4786,2024-09-19 00:00:00.000000000,CPO AIRPORT BLVD,JLZ,LEO'S,FUEL,,JLZ,Jose Luis,4786
4787,2024-09-20 00:00:00.000000000,CPO AIRPORT BLVD,ISIDRO GARCIA,TEX- CON,FUEL,,JLZ,Jose Luis,4787
4788,,,,,,,,Jose Luis,4788
4789,,,,,,,,Jose Luis,4789
4790,2024-09-20 00:00:00.000000000,CPO SLAUGHTER LN,ANTONIO GUTIERREZ,TEX- CON,FUEL,,JLZ,Jose Luis,4790
4791,2024-09-23 00:00:00.000000000,ADA 29 JUDJES HILLS,VICTOR SANCHES,CHEVRON,FUEL,,JLZ,Jose Luis,4791
4792,2024-09-23 00:00:00.000000000,ADA 31 METRIC BLVD,ABISAI JIMENEZ,WHITE CAP,DOWELS,,JLZ,Jose Luis,4792
4793,2024-09-24 00:00:00.000000000,ADA 31 METRIC BLVD,ABISAI-ALVARO-FRANCISCO B.,ACE CONTRACTORS SUPPLY,TOOLS SET,,JLZ,Jose Luis,4793
4794,2024-09-25 00:00:00.000000000,CPO SLAUGHTER LN,ISIDRO GARCIA,ACE CONTRACTORS SUPPLY,FIRE HYDRANT WRENCH,,JLZ,Jose Luis,4794
4795,2024-09-24 00:00:00.000000000,ADA 31 AINSWORTH,JLZ,CHEVRON,FUEL,,JLZ,Jose Luis,4795
4796,2024-09-24 00:00:00.000000000,ADA 29 JUDGES HILLS,ALVARO AGUIRRE,ACE CONTRACTORS SUPPLY,DOWELS,,JLZ,Jose Luis,4796
4797,2024-09-24 00:00:00.000000000,ADA 31 METRIC BLVD,ABISAI JIMENEZ,WHITE CAP,CONCRETE WASH OUT,,JLZ,Jose Luis,4797
4798,2024-09-24 00:00:00.000000000,ADA 31 METRIC BLVD,ABISAI JIMENEZ,LEO'S,FUEL,,JLZ,Jose Luis,4798
4799,2024-09-24 00:00:00.000000000,CPO AIRPORT BLVD,ISIDRO GARCIA,GEO-SOLUTIONS,MULCH LOG,,JLZ,Jose Luis,4799
4800,2024-09-25 00:00:00.000000000,CPO AIRPORT BLVD,ISIDRO GARCIA,ACE CONTRACTORS SUPPLY,LUMBER,,JLZ,Jose Luis,4800
4801,2024-09-25 00:00:00.000000000,CPO AIRPORT BLVD,ISIDRO GARCIA,TEX -CON,FUEL,,JLZ,Jose Luis,4801
4802,2024-09-25 00:00:00.000000000,CPO AIRPORT BLVD,ANTONIO GUTIERREZ,TEX-CON,FUEL,,JLZ,Jose Luis,4802
4803,2024-09-27 00:00:00.000000000,CPO AIRPORT BLVD,JLZ,LEO'S,FUEL,,JLZ,Jose Luis,4803
4804,,,,,,,,Jose Luis,4804
4805,2024-09-27 00:00:00.000000000,ADA 29 JUDGES HILLS,ALVARO AGUIRRE,LEO'S,FUEL,,JLZ,Jose Luis,4805
4806,2024-09-30 00:00:00.000000000,ADA 29 JUDGES HILLS,ALVARO AGUIORRE,ACE CONTRACTORS SUPPLY,DOWELS,,JLZ,Jose Luis,4806
4807,2024-09-30 00:00:00.000000000,ADA 31 METRIC BLVD,ABISAI JIMENEZ,TEX-CON,FUEL,,JLZ,Jose Luis,4807
4808,2024-10-01 00:00:00.000000000,ADA 31 AINSWORTH,FRANCISCO BOCANEGRA,ACE CONTRACTORS SUPPLY,SAND BAGS,,JLZ,Jose Luis,4808
4809,2024-10-02 00:00:00.000000000,ADA 29 JUDGES HILLS,VICTOR SANCHEZ,TEX-CON,FUEL,,JLZ,Jose Luis,4809
4810,2024-10-02 00:00:00.000000000,ADA 29 JUDGES HILLS,ALVARO AGUIRRE,TEX -CON,FUEL,,JLZ,Jose Luis,4810
4811,2024-10-02 00:00:00.000000000,CPO AIRPORT BLVD,ISIDRO GARCIA,LEO'S,FUEL,,JLZ,Jose Luis,4811
4812,2024-10-02 00:00:00.000000000,CPO AIRPORT BLVD,ISIDRO GARCIA,CAPITAL BEARRING,"2""WATER NUZZLE",,JLZ,Jose Luis,4812
4813,2024-10-02 00:00:00.000000000,ADA 31 METRIC BLVD,ABISAI JIMENEZ,TEX -CON,FUEL,,JLZ,Jose Luis,4813
4814,2024-10-02 00:00:00.000000000,ADA 31 METRIC BLVD,ABISAI JIMENEZ,CHEVRON,FUEL,,JLZ,Jose Luis,4814
4815,2024-10-03 00:00:00.000000000,CPO AIRPORT BLVD,ISIDRO GARCIA,WHITE CAP,EXTNSION CORD,,JLZ,Jose Luis,4815
4816,2024-10-03 00:00:00.000000000,ADA 31 AINSWORTH,JLZ,CHEVRON,FUEL,,JLZ,Jose Luis,4816
4817,2024-10-04 00:00:00.000000000,ADA 29 JUDGES HILLS,ALVARO AGUIRRE,LEO'S,FUEL,,JLZ,Jose Luis,4817
4818,2024-10-05 00:00:00.000000000,ADA 31 METRIC BLVD,ABISAI JIMENEZ,LEOS,FUEL,,JLZ,Jose Luis,4818
4819,2024-10-05 00:00:00.000000000,ADA 31 METRIC BLVD,JLZ,CHEVRON,FUEL,,JLZ,Jose Luis,4819
4820,2024-10-07 00:00:00.000000000,ADA 31 AINSWORTH,FRANCISCO BOCANEGRA,ACE CONTRACTORS SUPPLY,FILTER FABRIC,,JLZ,Jose Luis,4820
4821,2024-10-07 00:00:00.000000000,CPO AIRPORT BLVD,ANTONIO GUTIERREZ,LEO'S,FUEL,,JLZ,Jose Luis,4821
4822,2024-10-07 00:00:00.000000000,ADA 31 METRIC BLVD,ABISAI JIMENEZ,ACE CONTRACTORS SUPPLY,TOOLS,,JLZ,Jose Luis,4822
4823,2024-10-07 00:00:00.000000000,ADA 31 AINSWORTH,FRANCISCO BOCANEGRA,TEX- CON,FUEL,,JLZ,Jose Luis,4823
4824,2024-10-07 00:00:00.000000000,CPO AIRPORT BLVD,ISIDRO GARCIA,TEX- CON,FUEL,,JLZ,Jose Luis,4824
4825,2024-10-10 00:00:00.000000000,CPO AIRPORT BLVD,JLZ,LEO'S,FUEL,,JLZ,Jose Luis,4825
4826,2024-10-10 00:00:00.000000000,ADA 31 METRIC BLVD,ABISAI JIMENEZ,LEO'S,FUEL,,JLZ,Jose Luis,4826
4827,2024-10-10 00:00:00.000000000,ADA 31 METRIC BLVD,ABISAI JIMENEZ,WHITE CAP,ROLLER HAMMER,,JLZ,Jose Luis,4827
4828,2024-10-11 00:00:00.000000000,ADA 29 JUDGES HILLS,ALVARO AGUIRRE,ACE CONTRACTORS SUPPLY,CARBON BLADES,,JLZ,Jose Luis,4828
4829,2024-10-11 00:00:00.000000000,ADA 29 JUDGES HILLS,VICTOR SANCHES,ACE CONTRACTORS SUPPLY,DIAMON BLADES,,JLZ,Jose Luis,4829
4830,2024-10-11 00:00:00.000000000,SOD WATERTING,ABRAHAM GONZALEZ,TEX -CON,FUEL,,JLZ,Jose Luis,4830
4831,2024-10-11 00:00:00.000000000,ADA 29 JUDGES HILLS,ALVARO AGUIRRE,LEO'S,FUEL,,JLZ,Jose Luis,4831
4832,2024-10-14 00:00:00.000000000,ADA 31 ENFIELD,FRANCISCO BOCANEGRA,ACE CONTRACTORS SUPPLY,LUMBER,,JLZ,Jose Luis,4832
4833,2024-10-14 00:00:00.000000000,ADA 29  JUDGES HILLS,VICTOR SANCHES,TEX-CON,FUEL,,JLZ,Jose Luis,4833
4834,2024-10-14 00:00:00.000000000,CPO AIRPORT BLVD,JLZ,LEO'S,FUEL,,JLZ,Jose Luis,4834
4835,2024-10-14 00:00:00.000000000,ADA 31 METRIC BLVD,ABISAI JIMENEZ,TEX- CON,FUEL,,JLZ,Jose Luis,4835
4836,2024-10-15 00:00:00.000000000,CPO AIRPOT BLVD,ISIDRO GARCIA,LEO'S,FUEL,,JLZ,Jose Luis,4836
4837,2024-10-15 00:00:00.000000000,ADA 31 ENFIELD,FRANCISCO BOCANEGRA,ACE CONTRACORS SUPPLY,PLYWOOD,,JLZ,Jose Luis,4837
4838,2024-10-15 00:00:00.000000000,ADA 31 ENFIELD,FRANCISCO BOCANEGRA,TEX-CON,FUEL,,JLZ,Jose Luis,4838
4839,2024-10-16 00:00:00.000000000,CPO AIRPORT BLVD,ANTONIO GUTIERREZ,TEX- CON,FUEL,,JLZ,Jose Luis,4839
4840,2024-10-16 00:00:00.000000000,ADA 31 ENFIELD,FRANCISCO BOCANEGRA,ACE CONTRACTORS SUPPLY,INLET PROTECTION,,JLZ,Jose Luis,4840
4841,2024-10-16 00:00:00.000000000,ADA 31 METRIC BLVD,ABISAI JIMENEZ,ACE CONTRACTORS SUPPLY,WHEEL BARREL,,JLZ,Jose Luis,4841
4842,2024-10-17 00:00:00.000000000,CPO AIRPORT BLVD,ISIDRO GARCIA,TEX- CON,FUEL,,JLZ,Jose Luis,4842
4843,2024-10-18 00:00:00.000000000,ADA 31 METRIC BLVD,ABISAI JIMENEZ,LEO'S,FUEL,,JLZ,Jose Luis,4843
4844,2024-10-19 00:00:00.000000000,ADA 31 ENFIELD,JLZ,LEO'S,FUEL,,JLZ,Jose Luis,4844
4845,2024-10-21 00:00:00.000000000,ADA 29  JUDGES HILLS,ALVARO AGUIRRE,TEX- CON,FUEL,,JLZ,Jose Luis,4845
4846,2024-10-21 00:00:00.000000000,ADA 29  JUDGES HILLS,ALVARO AGUIRRE,ACE CONTRACTORS SUPPLY,LUMBER,,JLZ,Jose Luis,4846
4847,2024-10-22 00:00:00.000000000,ADA 31 METRIC BLVD,JLZ,LEO'S,FUEL,,JLZ,Jose Luis,4847
4848,2024-10-23 00:00:00.000000000,,,,,,,Jose Luis,4848
4849,,,,,,,,Jose Luis,4849
4850,2024-10-23 00:00:00.000000000,ADA 31 METRIC BLVD,ABISAI JIMENEZ,LEO'S,FUEL,,JLZ,Jose Luis,4850
4851,,ADA 31 ENFIELD,FRANCISCO BOCANEGRA,ACE CONTRACORS SUPPLY,CONCRETE BAGS,,JLZ,Jose Luis,4851
4852,2024-10-23 00:00:00.000000000,ADA 31 ENFIELD,FRANCISCO BOCANEGRA,TEX-CON,FUEL,,JLZ,Jose Luis,4852
4853,2024-10-28 00:00:00.000000000,ADA 31 METRIC BLVD,ABISAI JIMENEZ,LEO'S,FUEL,,JLZ,Jose Luis,4853
4854,2024-10-29 00:00:00.000000000,ADA 31 ENFIELD,JLZ,LEO'S,FUEL,,JLZ,Jose Luis,4854
4855,2024-10-31 00:00:00.000000000,CPO AIRPORT BLVD,JLZ,O'REILLY,HITCH,,JLZ,Jose Luis,4855
4856,2024-10-31 00:00:00.000000000,ADA 29 JUDGES HILLS,ALVARO AGUIRRE,LEO'S,FUEL,,JLZ,Jose Luis,4856
4857,2024-10-31 00:00:00.000000000,ADA 31 METRIC BLVD,ABISAI JIMENEZ,LEO'S,FUEL,,JLZ,Jose Luis,4857
4858,2024-11-01 00:00:00.000000000,ADA 31 ENFIELD,JLZ,LEO'S,FUEL,,JLZ,Jose Luis,4858
4859,2024-11-04 00:00:00.000000000,ADA 31 ENFIELD,FRANCISCO BOCANEGRA,ACE CONTRACORS SUPPLY,CONCRETE BAGS,,JLZ,Jose Luis,4859
4860,2024-11-04 00:00:00.000000000,ADA 31 ENFIELD,FRANCISCO BOCANEGRA,TEX- CON,FUEL,,JLZ,Jose Luis,4860
4861,2024-11-04 00:00:00.000000000,ADA 31 METRIC BLVD,ABISAI JIMENEZ,TEX -CON,FUEL,,JLZ,Jose Luis,4861
4862,2024-11-06 00:00:00.000000000,CPO AIRPORT BLVD,ISIDRO GARCIA,LEO'S,FUEL,,JLZ,Jose Luis,4862
4863,2024-11-06 00:00:00.000000000,ADA 29 JUDGES HILLS,VICTOR SANCHEZ,WHITE CAP,SMART LEVEL,,JLZ,Jose Luis,4863
4864,2024-11-07 00:00:00.000000000,CPO AIRPORT BLVD,JLZ,LEO'S,FUEL,,JLZ,Jose Luis,4864
4865,2024-11-07 00:00:00.000000000,ADA 29 JUDGES HILLS,NACHO,ACT,COPRUM PIPE,,JLZ,Jose Luis,4865
4866,2024-11-07 00:00:00.000000000,ADA 29 JUDGES HILLS,ALVARO AGUIRRE,TEX -CON,FUEL,,JLZ,Jose Luis,4866
4867,2024-11-07 00:00:00.000000000,ADA 29  JUDGES HILLS,ALVARO AGUIRRE,ACE CONTRACORS SUPPLY,DIAMOND BLADE,,JLZ,Jose Luis,4867
4868,2024-11-07 00:00:00.000000000,ADA 29 JUDGES HILLS,VICTOR SANCHEZ,TEX-CON,FUEL,,JLZ,Jose Luis,4868
4869,2024-11-08 00:00:00.000000000,ADA 28  PADRON,FRANCISCO AGUIRRE,WHITE CAP,SMART LEVEL,,JLZ,Jose Luis,4869
4870,2024-11-08 00:00:00.000000000,ADA 28-CPO,CLEIVER ,LEO'S,FUEL (dump truck),,JLZ,Jose Luis,4870
4871,2024-11-11 00:00:00.000000000,CPO AIRPORT BLVD,ISIDRO GARCIA,TEX -CON,FUEL,,JLZ,Jose Luis,4871
4872,2024-11-11 00:00:00.000000000,ADA 31 METRIC BLVD,ABISAI JIMENEZ,LEO'S,FUEL ,,JLZ,Jose Luis,4872
4873,2024-11-11 00:00:00.000000000,ADA 31 METRIC BLVD,ABISAI JIMENEZ,WHITE CAP,NAILS,,JLZ,Jose Luis,4873
4874,2024-11-11 00:00:00.000000000,ADA 29 JUDGES HILLS,VICTOR SANCHEZ,CENTER LINE,WHEEL STOP,,JLZ,Jose Luis,4874
4875,2024-11-11 00:00:00.000000000,ADA 29 JUDGES HILLS,ALVARO AGUIRRE,ACE CONTRACTORS SUPPLY,CONCRETE SAW,,JLZ,Jose Luis,4875
4876,2024-11-12 00:00:00.000000000,ADA 31 METRIC BLVD,ABISAI JIMENEZ,ACE CONTRACORS SUPPLY,LUMBER,,JLZ,Jose Luis,4876
4877,2024-11-12 00:00:00.000000000,ADA 31 ENFIELD,FRANCISCO BOCANEGRA,ACE CONTRACTORS SUPPLY,CONCRETE BAGS,,JLZ,Jose Luis,4877
4878,,,,,,,,Jose Luis,4878
4879,2024-11-13 00:00:00.000000000,ADA 31 METRIC BLVD,JLZ,LEO'S,FUEL,,JLZ,Jose Luis,4879
4880,2024-11-13 00:00:00.000000000,ADA 31 METRIC BLVD,ABISAI JIMENEZ,LEO'S,FUEL,,JLZ,Jose Luis,4880
4881,2024-11-14 00:00:00.000000000,CPO AIRPORT BLVD,ISIDRO GARCIA,WHITE CAP,CHANFER,,JLZ,Jose Luis,4881
4882,2024-11-14 00:00:00.000000000,ADA 29 JUDGES HILLS,ALVARO AGUIRRE,LEO'S,FUEL,,JLZ,Jose Luis,4882
4883,2024-11-16 00:00:00.000000000,CPO AIRPORT BLVD,JLZ,CAPITAL BEARRING,"2""WATER VALVE HOSE",,JLZ,Jose Luis,4883
4884,2024-11-18 00:00:00.000000000,ADA 31 ENFIELD,FRANCISCO BOCANEGRA,TEX-CON,FUEL,,JLZ,Jose Luis,4884
4885,2024-11-18 00:00:00.000000000,ADA 31 ENFIELD,FRANCISCO BOCANEGRA,ACE CONTRACORS SUPPLY,METAL STAKES,,JLZ,Jose Luis,4885
4886,2024-11-18 00:00:00.000000000,ADA 31 METRIC BLVD,ABISAI JIMENEZ,TEX- CON,FUEL,,JLZ,Jose Luis,4886
4887,2024-11-18 00:00:00.000000000,CPO AIRPORT BLVD,ISIDRO GARCIA,TEX- CON,FUEL,,JLZ,Jose Luis,4887
4888,2024-11-19 00:00:00.000000000,ADA 31 METRIC BLVD,ABISAI JIMENEZ,WHITE CAP ,GRINDER DIAMOND BLADE,,JLZ,Jose Luis,4888
4889,2024-11-20 00:00:00.000000000,CPO AIRPORT BLVD,JLZ,LEO'S,FUEL,,JLZ,Jose Luis,4889
4890,2024-11-20 00:00:00.000000000,ADA 29 JUDGES HILLS,VICTOR SANCHEZ,CHEVRON,FUEL,,JLZ,Jose Luis,4890
4891,2024-11-20 00:00:00.000000000,ADA 31 METRIC BLVD,ABISAI JIMENEZ,WHITE CAP,MAXIMIZER READY MIX,,JLZ,Jose Luis,4891
4892,2024-11-21 00:00:00.000000000,ADA 31 METRIC BLVD,ABISAI JIMENEZ,LEO'S,FUEL,,JLZ,Jose Luis,4892
4893,2024-11-21 00:00:00.000000000,ADA 29 JUDGES HILLS,VICTOR SANCHEZ,ACE CONTRACTORS SUPPLY,MAXIMIZER READY MIX,,JLZ,Jose Luis,4893
4894,,,,,,,,Jose Luis,4894
4895,,,,,,,,Jose Luis,4895
4896,2024-11-22 00:00:00.000000000,ADA 29 JUDGES HILLS,ALVARO AGUIRRE,LEO'S,FUEL,,JLZ,Jose Luis,4896
4897,,,,,,,,Jose Luis,4897
4898,,,,,,,,Jose Luis,4898
4899,,,,,,,,Jose Luis,4899
4900,2024-11-23 00:00:00.000000000,CPO AIRPORT BLVD,JLZ,CHEVRON,FUEL,,JLZ,Jose Luis,4900
4901,2024-11-26 00:00:00.000000000,CAPITOL METRO,BRYAN LOPEZ,TEX- CON,FUEL,,JLZ,Jose Luis,4901
4902,2024-11-26 00:00:00.000000000,CAPITOL METRO,BRYAN LOPEZ,ACE CONTRACORS SUPPLY,5 gal SPRAY CANS,,JLZ,Jose Luis,4902
4903,2024-11-26 00:00:00.000000000,ADA 29 JUDGES HILLS,ALVARO AGUIRRE,TEX- CON,FUEL,,JLZ,Jose Luis,4903
4904,2024-11-27 00:00:00.000000000,ADA 31 ENFIELD,JLZ,LEO'S,FUEL,,JLZ,Jose Luis,4904
4905,2024-11-27 00:00:00.000000000,ADA 31 METRIC BLVD,ABISAI JIMENEZ,LEO'S,FUEL,,JLZ,Jose Luis,4905
4906,2024-11-29 00:00:00.000000000,CAPITOL METRO,BRYAN LOPEZ,TEX- CON,FUEL,,JLZ,Jose Luis,4906
4907,2024-12-02 00:00:00.000000000,CAPITOL METRO,JLZ,LEO'S,FUEL,,JLZ,Jose Luis,4907
4908,2024-12-02 00:00:00.000000000,ADA 31 METRIC BLVD,ABISAI JIMENEZ,LEO'S,FUEL,,JLZ,Jose Luis,4908
4909,2024-12-02 00:00:00.000000000,ADA 31 ENFIELD,FRANCISCO BOCANEGRA,TEX- CON,FUEL,,JLZ,Jose Luis,4909
4910,2024-12-02 00:00:00.000000000,ADA 29 JUDGES HILLS,VICTOR SANCHEZ,TEX-CON,FUEL,,JLZ,Jose Luis,4910
4911,2024-12-02 00:00:00.000000000,ADA 31 METRIC BLVD,ABISAI JIMENEZ,WHITE CAP,TRASH BAGS,,JLZ,Jose Luis,4911
4912,2024-12-03 00:00:00.000000000,ADA 29 JUDGES HILLS,ALVARO AGUIRRE,ACE CONTRACORS SUPPLY,REBAR CAPS,,JLZ,Jose Luis,4912
4913,2024-12-05 00:00:00.000000000,ADA 29  JUDGES HILLS,ALVARO AGUIRRE,LEO'S,FUEL,,JLZ,Jose Luis,4913
4914,2024-12-05 00:00:00.000000000,ADA 31 ENFIELD,JLZ,LEO'S,FUEL,,JLZ,Jose Luis,4914
4915,2024-12-05 00:00:00.000000000,ADA 29 JUDGES HILLS,VICTOR SANCHEZ,ACE CONTRACTORS SUPPLY,QUIKRETE,,JLZ,Jose Luis,4915
4916,2024-12-05 00:00:00.000000000,ADA 31 METRIC,ABISAI JIMENEZ,TEX- CON,FUEL,,JLZ,Jose Luis,4916
4917,2024-12-10 00:00:00.000000000,ADA 31 METRIC,ABISAI JIMENEZ,LEO'S,FUEL,,JLZ,Jose Luis,4917
4918,2024-12-11 00:00:00.000000000,ADA 29 JUDGES HILLS,JLZ,LEO'S,FUEL,,JLZ,Jose Luis,4918
4919,2024-12-11 00:00:00.000000000,ADA 29  JUDGES HILLS,ALVARO AGUIRRE,LEO'S,FUEL,,JLZ,Jose Luis,4919
4920,2024-12-11 00:00:00.000000000,ADA 31 METRIC,ABISAi jimenez,WHITE CAP,MARKING PAINT,,JLZ,Jose Luis,4920
4921,2024-12-12 00:00:00.000000000,ADA 31 ENFIELD,FRANCISCO BOCANEGRA,ACE CONTRACTORS SUPPLY,QUIKRETE,,JLZ,Jose Luis,4921
4922,2024-12-13 00:00:00.000000000,ADA 31 ENFIELD,FRANCISCO BOCANEGRA,TEX-CON,FUEL ,,JLZ,Jose Luis,4922
4923,2024-12-13 00:00:00.000000000,ADA 29  JUDGES HILLS,VICTOR SANCHEZ,LEO'S,FUEL,,JLZ,Jose Luis,4923
4924,2024-12-14 00:00:00.000000000,ADA 31 METRIC,ABISAI JIMENEZ,LEO'S,FUEL,,JLZ,Jose Luis,4924
4925,2024-12-16 00:00:00.000000000,ADA 31 ENFIELD,JLZ,LEO'S,FUEL,,JLZ,Jose Luis,4925
4926,,,,,,,,Jose Luis,4926
4927,2024-12-17 00:00:00.000000000,ADA 31 METRIC,ABISAI JIMENEZ,TEX-CON,FUEL,,JLZ,Jose Luis,4927
4928,2024-12-17 00:00:00.000000000,ADA 29 JUDGES HILLS,ALVARO AGUIRRE,TEX-CON,FUEL,,JLZ,Jose Luis,4928
4929,,,,,,,,Jose Luis,4929
4930,2024-12-19 00:00:00.000000000,ADA 31 ENFIELD,FRANCISCO BOCANEGRA,TEX- CON,FUEL,,JLZ,Jose Luis,4930
4931,2024-12-20 00:00:00.000000000,ADA 29 JUDGES HILLS,JLZ,LEO'S,FUEL,,JLZ,Jose Luis,4931
4932,2024-12-20 00:00:00.000000000,ADA 31 METRIC,ABISAI JIMENEZ,LEO'S,FUEL,,JLZ,Jose Luis,4932
4933,2025-01-02 00:00:00.000000000,ADA 31 METRIC,ABISAI JIMENEZ,WHITE CAP,HAMMER DRILL,,JLZ,Jose Luis,4933
4934,2025-01-02 00:00:00.000000000,ADA 31 ENFIELD,JLZ,LEO'S,FUEL,,JLZ,Jose Luis,4934
4935,2025-01-02 00:00:00.000000000,ADA 29 JUDGES HILLS,ALVARO AGUIRRE,LEO'S,FUEL,,JLZ,Jose Luis,4935
4936,2025-01-03 00:00:00.000000000,ADA 29 JUDGES HILLS,VICTOR SANCHEZ,TEX- CON,FUEL,,JLZ,Jose Luis,4936
4937,,,,,,,,Jose Luis,4937
4938,2025-01-06 00:00:00.000000000,ADA 31 ENFIELD,FRANCISCO BOCANEGRA,LEO'S,FUEL,,JLZ,Jose Luis,4938
4939,,,,,,,,Jose Luis,4939
4940,2025-01-06 00:00:00.000000000,ADA 31 METRIC,ABISAI JIMENEZ,TEX-CON,FUEL,,JLZ,Jose Luis,4940
4941,2025-01-06 00:00:00.000000000,ADA 31 ENFIELD,JLZ,WHITE CAP,CURING BLANKETS,,JLZ,Jose Luis,4941
4942,2025-01-07 00:00:00.000000000,ADA 29 JUDGES HILLS,VICTOR SANCHEZ,ACE CONTRACTORS SUPPLY,QUIKRETE,,JLZ,Jose Luis,4942
4943,2025-01-07 00:00:00.000000000,ADA 29 JUDGES HILLS,ALVARO AGUIRRE,ACE CONTRACTORS SUPPLY,NAILS-LUMBER,,JLZ,Jose Luis,4943
4944,2025-01-08 00:00:00.000000000,ADA 32 WOODROW,ABISAI JIMENEZ,TEX- CON,FUEL,,JLZ,Jose Luis,4944
4945,2025-01-08 00:00:00.000000000,ADA 29  JUDGES HILLS,ALVARO AGUIRRE,TEX- CON,FUEL,,JLZ,Jose Luis,4945
4946,2025-01-08 00:00:00.000000000,ADA 32 WOODROW,ABISAI JIMENEZ,WHITE CAP,CURING BLANKETS,,JLZ,Jose Luis,4946
4947,2025-01-08 00:00:00.000000000,ADA 32 WOODROW,JLZ,GEOSOLUTIONS,MULCH LOG,,JLZ,Jose Luis,4947
4948,2025-01-08 00:00:00.000000000,ADA 32 WOODROW,JLZ,LEO'S,FUEL,,JLZ,Jose Luis,4948
4949,2025-01-09 00:00:00.000000000,ADA 29 JUDGES HILLS,ALVARO AGUIRRE,WHITE CAP,MASONARY CEMENT,,JLZ,Jose Luis,4949
4950,2025-01-13 00:00:00.000000000,ADA 32 WOODROW,ABISAI JIMENEZ,TEX-CON,FUEL,,JLZ,Jose Luis,4950
4951,2025-01-14 00:00:00.000000000,ADA 29 JUDGES HILLS,JLZ,TEX- CON,FUEL,,JLZ,Jose Luis,4951
4952,2025-01-14 00:00:00.000000000,ADA 29  JUDGES HILLS,VICTOR SANCHEZ,ACE CONTRACTORS SUPPLY,UTILITY BRICKS,,JLZ,Jose Luis,4952
4953,2025-01-15 00:00:00.000000000,ADA 29 JUDGES HILLS,JLZ,ACE CONTRACTORS SUPPLY,UTILITY BRICKS (delivered to 973 yard),,JLZ,Jose Luis,4953
4954,2025-01-15 00:00:00.000000000,ADA 29  JUDGES HILLS,ALVARO AGUIRRE,LEO'S,FUEL,,JLZ,Jose Luis,4954
4955,2025-01-15 00:00:00.000000000,ADA 31 ENFIELD,FRANCISCO BOCANEGRA,TEX-CON,FUEL,,JLZ,Jose Luis,4955
4956,2025-01-15 00:00:00.000000000,ADA 32 ENFIELD,FRANCISCO BOCANEGRA,ACE CONTRACTORS SUPPLY,LUMBER-NAILS,,JLZ,Jose Luis,4956
4957,2025-01-16 00:00:00.000000000,ADA 29  JUDGES HILLS,VICTOR SANCHEZ,CHEVRON,FUEL,,JLZ,Jose Luis,4957
4958,2025-01-17 00:00:00.000000000,ADA 32 WOODROW,ABISAI JIMENEZ,LEO'S,AIR ON TRAILER TIRE,,JLZ,Jose Luis,4958
4959,,,,,,,,Jose Luis,4959
4960,2025-01-17 00:00:00.000000000,ADA 32 WOODROW,ABISAI JIMENEZ,LEO'S,FUEL,,JLZ,Jose Luis,4960
4961,2025-01-18 00:00:00.000000000,ADA 29 JUDGES HILLS,JLZ,LEO'S,FUEL,,JLZ,Jose Luis,4961
4962,2025-01-22 00:00:00.000000000,ADA 32 WOODROW,ABISAI JIMENEZ,ACE CONTRACTORS SUPPLY,LUMBER,,JLZ,Jose Luis,4962
4963,2025-01-22 00:00:00.000000000,ADA 29  JUDGES HILLS,ALVARO AGUIRRE,LEO'S,FUEL,,JLZ,Jose Luis,4963
4964,2025-01-23 00:00:00.000000000,ADA 28 all projects,JLZ,A C T,PAVING RINGS,,JLZ,Jose Luis,4964
4965,2025-01-23 00:00:00.000000000,ADA 28 all projects,JLZ,A C T,PAVING RINGS,,JLZ,Jose Luis,4965
4966,2025-01-24 00:00:00.000000000,ADA 31 ENFIELD,JLZ,LEO'S,FUEL,,JLZ,Jose Luis,4966
4967,,,,,,,,Jose Luis,4967
4968,,ADA 32 WOODROW,ABISAI JIMENEZ,TEX-CON,FUEL,,JLZ,Jose Luis,4968
4969,2025-01-27 00:00:00.000000000,ADA 29  JUDGES HILLS,ALVARO AGUIRRE,ACE CONTRACTORS SUPPLY,DIAMOND BLADES -LUMBER,,JLZ,Jose Luis,4969
4970,2025-01-27 00:00:00.000000000,ADA 31 ENFIELD,FRANCISCO BOCANEGRA,CHEVRON,FUEL,,JLZ,Jose Luis,4970
4971,2025-01-28 00:00:00.000000000,ADA 29  JUDGES HILLS,VICTOR SANCHEZ,CHEVRON,FUEL,,JLZ,Jose Luis,4971
4972,2025-01-28 00:00:00.000000000,ADA 31 METRIC,ABISAI JIMENEZ,LEO'S,FUEL,,JLZ,Jose Luis,4972
4973,2025-01-29 00:00:00.000000000,ADA 31 METRIC,JLZ,LEO'S,FUEL,,JLZ,Jose Luis,4973
4974,2025-01-30 00:00:00.000000000,ADA 29  JUDGES HILLS,VICTOR SANCHEZ,WHITE CAP,HAMMER DRILL -NAILS,,JLZ,Jose Luis,4974
4975,2025-01-30 00:00:00.000000000,ADA 29 JUDGES HILLS,ALVARO AGUIRRE,LEO'S,FUEL,,JLZ,Jose Luis,4975
4976,2025-01-31 00:00:00.000000000,ADA 31 METRIC BLVD,ABISAI JIMENEZ,LEO'S,FUEL,,JLZ,Jose Luis,4976
4977,2025-02-03 00:00:00.000000000,ADA 31 ENFIELD,JLZ,LEO'S,FUEL,,JLZ,Jose Luis,4977
4978,2025-02-04 00:00:00.000000000,ADA 31 METRIC BLVD,ABISAI JIMENEZ,LEO'S,FUEL,,JLZ,Jose Luis,4978
4979,2025-02-04 00:00:00.000000000,ADA 31 METRIC BLVD,JLZ,LEO'S,FUEL,,LZ,Jose Luis,4979
4980,2025-02-05 00:00:00.000000000,ADA 33 BOONE ES,ABISAI JIMENEZ,ACE CONTRACTORS SUPPLY,ARDEX,,JLZ,Jose Luis,4980
4981,2025-02-05 00:00:00.000000000,ADA 29 JUDGES HILLS,ALVARO AGUIRRE,TEX-CON,FUEL,,JLZ,Jose Luis,4981
4982,2025-02-05 00:00:00.000000000,ADA 33 BOONE ES,ABISAI JIMENEZ,TEX-CON,FUEL,,JLZ,Jose Luis,4982
4983,2025-02-06 00:00:00.000000000,ADA 29 JUDGES HILLS,VICTOR SANCHEZ,ACE CONTRACTORS SUPPLY,CONCRETE TOOLS,,JLZ,Jose Luis,4983
4984,2025-02-06 00:00:00.000000000,ADA 31 ENFIELD,FRANCISCO  BOCANEGRA,TEX- CON,FUEL,,JLZ,Jose Luis,4984
4985,2025-02-06 00:00:00.000000000,ADA 29  JUDGES HILLS,ALVARO AGUIRRE,LEO'S,FUEL,,JLZ,Jose Luis,4985
4986,2025-02-10 00:00:00.000000000,ADA 33 BOONE ES,ABISAI JIMENEZ,TEX-CON,FUEL,,JLZ,Jose Luis,4986
4987,2025-02-10 00:00:00.000000000,ADA 29 JUDGES HILLS,JLZ,LEO'S,FUEL,,JLZ,Jose Luis,4987
4988,2025-02-10 00:00:00.000000000,ADA 29 JUDGES HILLS,VICTOR SANCHEZ,TEX- CON,FUEL,,JLZ,Jose Luis,4988
4989,2025-02-14 00:00:00.000000000,ADA 33 BOONE ES,JLZ,LEO'S,FUEL,,JLZ,Jose Luis,4989
4990,2025-02-14 00:00:00.000000000,ADA 33 BOONE ES,ABISAI JIMENEZ,TEX- CON,FUEL,,JLZ,Jose Luis,4990
4991,2025-02-14 00:00:00.000000000,ADA 31 ENFIELD,FRANCISCO  BOCANEGRA,ACE,LUMBER,,JLZ,Jose Luis,4991
4992,2025-02-14 00:00:00.000000000,ADA 31 ENFIELD,FRANCISCO  BOCANEGRA,TEX- CON,FUEL,,JLZ,Jose Luis,4992
4993,2025-02-14 00:00:00.000000000,ADA 29 JUDGES HILLS,ALVARO AGUIRRE,LEO'S,FUEL,,JLZ,Jose Luis,4993
4994,2025-02-18 00:00:00.000000000,ADA 33 BOONE ES,ABISAI JIMENEZ,TEX- CON,FUEL,,JLZ,Jose Luis,4994
4995,2025-02-19 00:00:00.000000000,ADA 29 JUDGES HILLS,ALVARO AGUIRRE,LEO'S,FUEL,,JLZ,Jose Luis,4995
4996,2025-02-24 00:00:00.000000000,ADA 31 ENFIELD,JLZ,LEO'S,FUEL,,JLZ,Jose Luis,4996
4997,2025-02-25 00:00:00.000000000,ADA 33 BOONE ES,ABISAI JIMENEZ,ACE CONTRACTORS SUPPLY,REBAR CAPS,,JLZ,Jose Luis,4997
4998,2025-02-25 00:00:00.000000000,ADA 29 JUDGES HILLS,VICTOR SANCHEZ,CHEVRON,FUEL,,JLZ,Jose Luis,4998
4999,2025-02-25 00:00:00.000000000,ADA 29 JUDGES HILLS,JLZ,ACE CONTRACTORS SUPPLY,FORM METAL STAKES,,JLZ,Jose Luis,4999
5000,2025-02-26 00:00:00.000000000,ADA 33 BOONE ES,ABISAI JIMENEZ,TEX-CON,FUEL,,JLZ,Jose Luis,5000
5001,2025-02-26 00:00:00.000000000,ADA 33 BOONE ES,ABISAI JIMENEZ,ACE CONTRACTORS SUPPLY,LUMBER,,JLZ,Jose Luis,5001
5002,2025-02-27 00:00:00.000000000,ADA 29 JUDGES HILLS,VICTOR SANCHEZ,ACE CONTRACTORS SUPPLY,QUIKRETE,,JLZ,Jose Luis,5002
5003,2025-02-27 00:00:00.000000000,ADA 31 ENFIELD,FRANCISCO  BOCANEGRA,TEX- CON,FUEL,,JLZ,Jose Luis,5003
5004,2025-02-28 00:00:00.000000000,ADA 33 BOONE ES,JLZ,LEO'S,FUEL,,JLZ,Jose Luis,5004
5005,2025-03-03 00:00:00.000000000,ADA 33 BOONE ES,ABISAI JIMENEZ,TEX-CON,FUEL,,JLZ,Jose Luis,5005
5006,,,,,,,,Jose Luis,5006
5007,2025-03-03 00:00:00.000000000,ADA 29  JUDGES HILLS,ALVARO AGUIRRE,LEO'S,FUEL,,JLZ,Jose Luis,5007
5008,2025-03-04 00:00:00.000000000,ADA 29 JUDGES HILLS,VICTOR SANCHEZ,TEX- CON,FUEL,,JLZ,Jose Luis,5008
5009,,ADA 29 JUDGES HILLS,JLZ,ACE CONTRACTORS SUPPLY,ELECTRIC CORD REPLACEMENT,,JLZ,Jose Luis,5009
5010,2025-03-05 00:00:00.000000000,ADA 29  JUDGES HILLS,VICTOR SANCHEZ,ACE CONTRACTORS SUPPLY,QUIKRETE,,JLZ,Jose Luis,5010
5011,,,,,,,,Jose Luis,5011
5012,2025-03-06 00:00:00.000000000,ADA 29  JUDGES HILLS,ALVARO AGUIRRE,TEX- CON,FUEL,,JLZ,Jose Luis,5012
5013,2025-03-06 00:00:00.000000000,ADA 29  JUDGES HILLS,ALVARO AGUIRRE,ACE CONTRACTORS SUPPLY,LIFTING STRAP,,JLZ,Jose Luis,5013
5014,2025-03-07 00:00:00.000000000,ADA 33 BOONE ES,ABISAI JIMENEZ,TEX- CON,FUEL,,JLZ,Jose Luis,5014
5015,2025-03-07 00:00:00.000000000,ADA 31 SAN BERNARD,JLZ,LEO'S,FUEL,,JLZ,Jose Luis,5015
5016,2025-03-10 00:00:00.000000000,ADA 31 SAN BERNARD,ALVARO AGUIRRE,LEO'S,FUEL,,JLZ,Jose Luis,5016
5017,2025-03-11 00:00:00.000000000,ADA 31 ENFIELD,FRANCISCO  BOCANEGRA,TEX- CON,FUEL,,JLZ,Jose Luis,5017
5018,2025-03-11 00:00:00.000000000,ADA 31 ENFIELD,FRANCISCO  BOCANEGRA,ACE CONTRACTORS SUPPLY,MORTAR MIX,,JLZ,Jose Luis,5018
5019,2025-03-11 00:00:00.000000000,ADA 31 ENFIELD,FRANCISCO BOCANEGRA,ACE CONTRACTORS SUPPLY,CONCRETE SAW,,JLZ,Jose Luis,5019
5020,2025-03-11 00:00:00.000000000,ADA 33 BOONE ES,ABISAI JIMENEZ,TEX-CON,FUEL,,JLZ,Jose Luis,5020
5021,2025-03-13 00:00:00.000000000,ADA 33 BOONE ES,JLZ,LEO'S,FUEL,,JLZ,Jose Luis,5021
5022,2025-03-17 00:00:00.000000000,ADA 32 ROSEWOOD,ALVARO AGUIRRE,LEO'S,FUEL,,JLZ,Jose Luis,5022
5023,,,,,,,,Jose Luis,5023
5024,,,,,,,,Jose Luis,5024
5025,2025-03-17 00:00:00.000000000,ADA 29 JUDGES HILLS,VICTOR SANCHEZ,CHEVRON,FUEL,,JLZ,Jose Luis,5025
5026,2025-03-18 00:00:00.000000000,ADA 33 BOONE ES,ABISAI JIMENEZ,ACE CONTRACTORS SUPPLY,PORTLAND CEMENT -SHOVELS,,JLZ,Jose Luis,5026
5027,2025-03-18 00:00:00.000000000,ADA 29 JUDGES HILLS,VICTOR SANCHEZ,ACE CONTRACTORS SUPPLY,CHIZELS,,JLZ,Jose Luis,5027
5028,2025-03-18 00:00:00.000000000,ADA 33 BOONE ES,ABISAI JIMENEZ,TEX-CON,FUEL,,JLZ,Jose Luis,5028
5029,2025-03-19 00:00:00.000000000,ADA 29  JUDGES HILLS,VICTOR SANCHEZ,ACE CONTRACTORS SUPPLY,MORTAR MIX,,JLZ,Jose Luis,5029
5030,,,,,,,,Jose Luis,5030
5031,,,,,,,,Jose Luis,5031
5032,,,,,,,,Jose Luis,5032
5033,,,,,,,,Jose Luis,5033
5034,,,,,,,,Jose Luis,5034
5035,,,,,,,,Jose Luis,5035
5036,,,,,,,,Jose Luis,5036
5037,,,,,,,,Jose Luis,5037
5038,,,,,,,,Jose Luis,5038
5039,,,,,,,,Jose Luis,5039
5040,,,,,,,,Jose Luis,5040
5041,,,,,,,,Jose Luis,5041
5042,,,,,,,,Jose Luis,5042
5043,,,,,,,,Jose Luis,5043
5044,,,,,,,,Jose Luis,5044
5045,,,,,,,,Jose Luis,5045
5046,,,,,,,,Jose Luis,5046
5047,,,,,,,,Jose Luis,5047
5048,,,,,,,,Jose Luis,5048
5049,,,,,,,,Jose Luis,5049
5050,,,,,,,,Jose Luis,5050
5051,,,,,,,,Jose Luis,5051
5052,,,,,,,,Jose Luis,5052
5053,,,,,,,,Jose Luis,5053
5054,,,,,,,,Jose Luis,5054
5055,,,,,,,,Jose Luis,5055
5056,,,,,,,,Jose Luis,5056
5057,,,,,,,,Jose Luis,5057
5058,,,,,,,,Jose Luis,5058
5059,,,,,,,,Jose Luis,5059
5060,,,,,,,,Jose Luis,5060
5061,,,,,,,,Jose Luis,5061
5062,,,,,,,,Jose Luis,5062
5063,,,,,,,,Jose Luis,5063
5064,,,,,,,,Jose Luis,5064
5065,,,,,,,,Jose Luis,5065
5066,,,,,,,,Jose Luis,5066
5067,,,,,,,,Jose Luis,5067
5068,,,,,,,,Jose Luis,5068
5069,,,,,,,,Jose Luis,5069
5070,,,,,,,,Jose Luis,5070
5071,,,,,,,,Jose Luis,5071
5072,,,,,,,,Jose Luis,5072
5073,,,,,,,,Jose Luis,5073
5074,,,,,,,,Jose Luis,5074
5075,,,,,,,,Jose Luis,5075
5076,,,,,,,,Jose Luis,5076
5077,,,,,,,,Jose Luis,5077
5078,,,,,,,,Jose Luis,5078
5079,,,,,,,,Jose Luis,5079
5080,,,,,,,,Jose Luis,5080
5081,,,,,,,,Jose Luis,5081
5082,,,,,,,,Jose Luis,5082
5083,,,,,,,,Jose Luis,5083
5084,,,,,,,,Jose Luis,5084
5085,,,,,,,,Jose Luis,5085
5086,,,,,,,,Jose Luis,5086
5087,,,,,,,,Jose Luis,5087
5088,,,,,,,,Jose Luis,5088
5089,,,,,,,,Jose Luis,5089
5090,,,,,,,,Jose Luis,5090
5091,,,,,,,,Jose Luis,5091
5092,,,,,,,,Jose Luis,5092
5093,,,,,,,,Jose Luis,5093
5094,,,,,,,,Jose Luis,5094
5095,,,,,,,,Jose Luis,5095
5096,,,,,,,,Jose Luis,5096
5097,,,,,,,,Jose Luis,5097
5098,,,,,,,,Jose Luis,5098
5099,,,,,,,,Jose Luis,5099
5100,,,,,,,,Jose Luis,5100
5101,,,,,,,,Jose Luis,5101
5102,,,,,,,,Jose Luis,5102
5103,,,,,,,,Jose Luis,5103
5104,,,,,,,,Jose Luis,5104
5105,,,,,,,,Jose Luis,5105
5106,,,,,,,,Jose Luis,5106
5107,,,,,,,,Jose Luis,5107
5108,,,,,,,,Jose Luis,5108
5109,,,,,,,,Jose Luis,5109
5110,,,,,,,,Jose Luis,5110
5111,,,,,,,,Jose Luis,5111
5112,,,,,,,,Jose Luis,5112
5113,,,,,,,,Jose Luis,5113
5114,,,,,,,,Jose Luis,5114
5115,,,,,,,,Jose Luis,5115
5116,,,,,,,,Jose Luis,5116
5117,,,,,,,,Jose Luis,5117
5118,,,,,,,,Jose Luis,5118
5119,,,,,,,,Jose Luis,5119
5120,,,,,,,,Jose Luis,5120
5121,,,,,,,,Jose Luis,5121
5122,,,,,,,,Jose Luis,5122
5123,,,,,,,,Jose Luis,5123
5124,,,,,,,,Jose Luis,5124
5125,,,,,,,,Jose Luis,5125
5126,,,,,,,,Jose Luis,5126
5127,,,,,,,,Jose Luis,5127
5128,,,,,,,,Jose Luis,5128
5129,,,,,,,,Jose Luis,5129
5130,,,,,,,,Jose Luis,5130
5131,,,,,,,,Jose Luis,5131
5132,,,,,,,,Jose Luis,5132
5133,,,,,,,,Jose Luis,5133
5134,,,,,,,,Jose Luis,5134
5135,,,,,,,,Jose Luis,5135
5136,,,,,,,,Jose Luis,5136
5137,,,,,,,,Jose Luis,5137
5138,,,,,,,,Jose Luis,5138
5139,,,,,,,,Jose Luis,5139
5140,,,,,,,,Jose Luis,5140
5141,,,,,,,,Jose Luis,5141
5142,2025-06-09 00:00:00.000000000,ADA 33,Avisai Jimenez,White Cap,Redwood #3,,,Jose Luis,5142
5143,2025-06-09 00:00:00.000000000,ADA 33,Avisai Jimenez,Tex-Con,Diesel Fuel,,,Jose Luis,5143
5144,2025-06-11 00:00:00.000000000,ADA 31,Victor Sanchez,WhiteCap,New Extension cords,,,Jose Luis,5144
5145,2025-06-13 00:00:00.000000000,ADA 32,Ignacio Garza,ACE,"Trailer tools: trash bags, brushes, 3 shovels, extention cords, 2 brooms, 3 floats, 2 sledgehammers, large chalk line, tie wire, gloves",,,Jose Luis,5145
5146,2025-06-13 00:00:00.000000000,ADA 31,Francisco Bocanegra,TexCon,Diesel,,,Jose Luis,5146
5147,2025-06-13 00:00:00.000000000,ADA 33,Avisai Jimenez,Leos,fuel,,,Jose Luis,5147
5148,2025-06-16 00:00:00.000000000,ADA 31 - Enfield,Francisco Bocangera,ACE,2X6's and 2x4's,,,Jose Luis,5148
5149,2025-06-17 00:00:00.000000000,ADA 33,Avisai Jimenez,Leos,fuel,,,Jose Luis,5149
5150,2025-06-18 00:00:00.000000000,ADA 32 - n lamar,Isidro Sanchez,Tex-Con,Fuel,,,Jose Luis,5150
5151,2025-06-18 00:00:00.000000000,ADA 32 - n lamar,Isidro Sanchez,ACE,"Nails, Tie wire, orange safety fence",,,Jose Luis,5151
5152,2025-06-18 00:00:00.000000000,ADA 32,Jose L Zamarripa,TEX CON,FUEL,,,Jose Luis,5152
5153,2025-06-18 00:00:00.000000000,ADA 33,Jose L Zamarripa,WhiteCap,Rotohammer for Alvaro,,,Jose Luis,5153
5154,2025-06-19 00:00:00.000000000,ADA 33 - Parker,Jose L Zamarripa,ACE,"2X6's and 2x4's, tie wire, nails, spray paint",,,Jose Luis,5154
5155,2025-06-20 00:00:00.000000000,ADA 33 - PARKER,Alexander Rosales,TexCon,Fuel,,,Jose Luis,5155
5156,2025-06-20 00:00:00.000000000,ADA 31,Francisco Bocanegra - per Alex C.,ACE,2 red Fuel Cans,,,Jose Luis,5156
5157,2025-06-20 00:00:00.000000000,ADA 31 - JH,Victor Sanchez,Texcon,Fuel,,,Jose Luis,5157
5158,2025-06-20 00:00:00.000000000,ADA 33 - PARKER,Alexander Rosales,WhiteCap,,,,Jose Luis,5158
5159,2025-06-20 00:00:00.000000000,ADA 33,Avisai Jimenez,TexCon,Fuel,,,Jose Luis,5159
5160,2025-06-20 00:00:00.000000000,ADA 33 - PARKER,Jose L Zamarripa,ACE,,,,Jose Luis,5160
5161,2025-06-23 00:00:00.000000000,ADA 33,Avisai Jimenez,WhiteCap,"orange safety fence, concrete blade, nails",,,Jose Luis,5161
5162,2025-06-23 00:00:00.000000000,ADA 31,Francisco Bocanegra,TexCon,fuel,,,Jose Luis,5162
5163,2025-06-24 00:00:00.000000000,ADA 31 - JH,Jose L Zamarripa,Benquest,fuel,,,Jose Luis,5163
5164,2025-06-24 00:00:00.000000000,ADA 33,Avisai Jimenez,Texcon,fuel,,,Jose Luis,5164
5165,2025-06-25 00:00:00.000000000,ADA 32,Isidro Sanchez,Leos,Fuel,,,Jose Luis,5165
5166,2025-06-26 00:00:00.000000000,ADA 33,Avisai Jimenez,Texcon,fuel,,,Jose Luis,5166
5167,2025-06-27 00:00:00.000000000,ADA 33,Alvaro Aguirre,ACE,,,,Jose Luis,5167
5168,2025-06-27 00:00:00.000000000,ADA 33,Alvaro Aguirre,TEXCON,FUEL,,,Jose Luis,5168
5169,2025-06-27 00:00:00.000000000,ADA 33,Jose L Zamarripa,Leos,Fuel,,,Jose Luis,5169
5170,2025-07-02 00:00:00.000000000,SHOP,Abraham Gonzalez,TexCon,fUEL,,,Jose Luis,5170
5171,2025-07-04 00:00:00.000000000,ADA 31 - JH,Jose L Zamarripa,TexCon,FUEL,,,Jose Luis,5171
5172,2025-07-07 00:00:00.000000000,ADA 32,Isidro Sanchez,WhiteCap,,,,Jose Luis,5172
5173,2025-07-07 00:00:00.000000000,ADA 33,Avisai Jimenez,Texcon,fuel,,,Jose Luis,5173
5174,2025-07-07 00:00:00.000000000,ADA 31 - JUDGES HILL,VICTOR SANCHEZ,BENQWEST,FUEL,,,Jose Luis,5174
5175,2025-07-07 00:00:00.000000000,,ALVARO AGUIRRE,TEXCON,FUEL,,,Jose Luis,5175
5176,2025-07-08 00:00:00.000000000,,AVISAI JIMENEZ,TEXCON,FUEL,,,Jose Luis,5176
5177,2025-07-08 00:00:00.000000000,ADA 32,Isidro Sanchez,WhiteCap,Plastic Roll - 1,,,Jose Luis,5177
5178,2025-07-08 00:00:00.000000000,ADA 31 BLANCO,FRANCISCO BOCANEGRA,TEXCON,DIESEL,,,Jose Luis,5178
5179,2025-07-09 00:00:00.000000000,,AVISAI JIMENEZ,TEXCON,FUEL,,,Jose Luis,5179
5180,2025-07-10 00:00:00.000000000,,ISIDRO SANCHEZ,TEXCON,FUEL,,,Jose Luis,5180
5181,2025-07-10 00:00:00.000000000,ADA 33,JOSE L ZAMARRIPA,LEOS,FUEL,,,Jose Luis,5181
5182,2025-07-10 00:00:00.000000000,ADA 33,AVISAI JIMENEZ,GEO,BLACK SILT FENCE,,,Jose Luis,5182
5183,2025-07-11 00:00:00.000000000,,AVISAI JIMENEZ,LEOS,FUEL,,,Jose Luis,5183
5184,2025-07-11 00:00:00.000000000,,FRANK AGUIRRE,ACE,,,,Jose Luis,5184
5185,2025-07-11 00:00:00.000000000,,FRANK AGUIRRE,TEXCON,FUEL,,,Jose Luis,5185
5186,2025-07-14 00:00:00.000000000,,AVISAI JIMENEZ,TEXCON,FUEL,,,Jose Luis,5186
5187,2025-07-15 00:00:00.000000000,SHOP,ABRAHAM GONZALEZ,TEXCON,FUEL,,,Jose Luis,5187
5188,2025-07-16 00:00:00.000000000,,FRANCISCO BOCANEGRA,ACE,"CLAVOS, HOJAS DE CARBON",,,Jose Luis,5188
5189,2025-07-16 00:00:00.000000000,,AVISAI JIMENEZ,ACE,"TIE WIRE, TRASH BAGS, BLADE TO CUT REBAR, CONCRETE BAGS, BATTERIES FOR LEVEL, CONCRETE PLACER",,,Jose Luis,5189
5190,,,,,,,,Jose Luis,5190
5191,,,,,,,,Jose Luis,5191
5192,,,,,,,,Jose Luis,5192
5193,,,,,,,,Jose Luis,5193
5194,,,,,,,,Jose Luis,5194
5195,,,,,,,,Jose Luis,5195
5196,,,,,,,,Jose Luis,5196
5197,,,,,,,,Jose Luis,5197
5198,,,,,,,,Jose Luis,5198
5199,,,,,,,,Jose Luis,5199
5200,,,,,,,,Jose Luis,5200
5201,,,,,,,,Jose Luis,5201
5202,,,,,,,,Jose Luis,5202
5203,,,,,,,,Jose Luis,5203
5204,,,,,,,,Jose Luis,5204
5205,,,,,,,,Jose Luis,5205
5206,,,,,,,,Jose Luis,5206
5207,,,,,,,,Jose Luis,5207
5208,,,,,,,,Jose Luis,5208
5209,,,,,,,,Jose Luis,5209
5210,,,,,,,,Jose Luis,5210
5211,,,,,,,,Jose Luis,5211
5212,,,,,,,,Jose Luis,5212
5213,,,,,,,,Jose Luis,5213
5214,,,,,,,,Jose Luis,5214
5215,,,,,,,,Jose Luis,5215
5216,,,,,,,,Jose Luis,5216
5217,,,,,,,,Jose Luis,5217
5218,,,,,,,,Jose Luis,5218
5219,,,,,,,,Jose Luis,5219
5220,,,,,,,,Jose Luis,5220
5221,,,,,,,,Jose Luis,5221
5222,,,,,,,,Jose Luis,5222
5223,,,,,,,,Jose Luis,5223
5224,,,,,,,,Jose Luis,5224
5225,,,,,,,,Jose Luis,5225
5226,2025-08-11 00:00:00.000000000,,Isidro Sanchez,,,,,Jose Luis,5226
5227,2025-08-11 00:00:00.000000000,,Jose L Zamarripa,,,,,Jose Luis,5227
5228,2025-08-12 00:00:00.000000000,,,,,,,Jose Luis,5228
5229,2025-08-12 00:00:00.000000000,,Avisai Jimenez,Leos,,,,Jose Luis,5229
5230,2025-08-12 00:00:00.000000000,,Isidro Sanchez,,,,,Jose Luis,5230
5231,2025-08-13 00:00:00.000000000,,Abraham Gonzalez,,,,,Jose Luis,5231
5232,2025-08-12 00:00:00.000000000,,Isidro Sanchez,,,,,Jose Luis,5232
5233,2025-08-13 00:00:00.000000000,,Giovanni Rodriguez,,,,,Jose Luis,5233
5234,2025-08-13 00:00:00.000000000,,Victor Sanchez,,,,,Jose Luis,5234
5235,2025-08-13 00:00:00.000000000,,Victor Sanchez,TexCon,,,,Jose Luis,5235
5236,2025-08-13 00:00:00.000000000,,Isidro Sanchez,TexCon,,,,Jose Luis,5236
5237,2025-08-13 00:00:00.000000000,,Isidro Sanchez,ACE,,,,Jose Luis,5237
5238,2025-08-13 00:00:00.000000000,,Jose L Zamarripa,TexCon,,,,Jose Luis,5238
5239,2025-08-13 00:00:00.000000000,,Jose L Zamarripa,Ace,,,,Jose Luis,5239
5240,2025-08-13 00:00:00.000000000,,Avisai Jimenez,WHITECAP,,,,Jose Luis,5240
5241,2025-08-13 00:00:00.000000000,,Bryan Lopez,,,,,Jose Luis,5241
5242,2025-08-13 00:00:00.000000000,,Giovanni Rodriguez,,,,,Jose Luis,5242
5243,2025-08-14 00:00:00.000000000,ADA 33 - Parker,jose l zamarripa,ACE,,,,Jose Luis,5243
5244,2025-08-14 00:00:00.000000000,,Karen Quintanar,,,,,Jose Luis,5244
5245,2025-08-14 00:00:00.000000000,,Karen Quintanar,whitecap,,,,Jose Luis,5245
5246,2025-08-14 00:00:00.000000000,,Avisai Jimenez,,,,,Jose Luis,5246
5247,2025-08-18 00:00:00.000000000,,Jose L Zamarripa,,,,,Jose Luis,5247
5248,,,,,,,,Jose Luis,5248
5249,,,,,,,,Jose Luis,5249
5250,,,,,,,,Jose Luis,5250
5251,,,,,,,,Jose Luis,5251
5252,,,,,,,,Jose Luis,5252
5253,,,,,,,,Jose Luis,5253
5254,,,,,,,,Jose Luis,5254
5255,,,,,,,,Jose Luis,5255
5256,,,,,,,,Jose Luis,5256
5257,,,,,,,,Jose Luis,5257
5258,,,,,,,,Jose Luis,5258
5259,,,,,,,,Jose Luis,5259
5260,,,,,,,,Jose Luis,5260
5261,,,,,,,,Jose Luis,5261
5262,,,,,,,,Jose Luis,5262
5263,,,,,,,,Jose Luis,5263
5264,,,,,,,,Jose Luis,5264
5265,,,,,,,,Jose Luis,5265
5266,,,,,,,,Jose Luis,5266
5267,,,,,,,,Jose Luis,5267
5268,,,,,,,,Jose Luis,5268
5269,,,,,,,,Jose Luis,5269
5270,,,,,,,,Jose Luis,5270
5271,,,,,,,,Jose Luis,5271
5272,,,,,,,,Jose Luis,5272
5273,,,,,,,,Jose Luis,5273
5274,,,,,,,,Jose Luis,5274
5275,,,,,,,,Jose Luis,5275
5276,,,,,,,,Jose Luis,5276
5277,,,,,,,,Jose Luis,5277
5278,,,,,,,,Jose Luis,5278
5279,,,,,,,,Jose Luis,5279
5280,,,,,,,,Jose Luis,5280
5281,,,,,,,,Jose Luis,5281
5282,,,,,,,,Jose Luis,5282
5283,,,,,,,,Jose Luis,5283
5284,,,,,,,,Jose Luis,5284
5285,,,,,,,,Jose Luis,5285
5286,,,,,,,,Jose Luis,5286
5287,,,,,,,,Jose Luis,5287
5288,,,,,,,,Jose Luis,5288
5289,,,,,,,,Jose Luis,5289
7000,2023-07-12 00:00:00.000000000,ADA #23A 9TH,GERARDO,HOME DEPOT,"TRANSUT YELLOW PAINT, AND 2 BRUSHES 3""",,ALBERTO,Alberto,7000
7001,2023-07-12 00:00:00.000000000,DUNCAN,JERONIMO,HOME DEPOT,"HOSE 100 FT, INFRARED THERMOMETER AND TAPE",,ALBERTO,Alberto,7001
7002,2023-07-12 00:00:00.000000000,ADA #23A 9TH,GERARDO,TEX-CON,DIESEL,DDD8990,GERARDO,Alberto,7002
7003,2023-07-13 00:00:00.000000000,DUNCAN,RUBEN,ACE CONTRATOR SUPPLY,WOOD 2X6 AND CONCRETE SPRAYER,LRJ 2949,RUBEN,Alberto,7003
7004,2023-07-13 00:00:00.000000000,DUNCAN,RUBEN,TEX-CON,DIESEL,LRJ 2949,RUBEN,Alberto,7004
7005,2023-07-14 00:00:00.000000000,ADA #23A 9TH,GERARDO,,,DDD8990,GERARDO,Alberto,7005
7006,2023-07-17 00:00:00.000000000,DUNCAN,JERONIMO,ACE CONTRATOR SUPPLY,"TOOLS (Jeronimo has the invoice, he says there are 3 because he made changes of merchandise).",,JERONIMO,Alberto,7006
7007,2023-07-19 00:00:00.000000000,DUNCAN,RUBEN,HOME DEPOT,"PVC PIPES 2"" and 4"" AND BELTS",,ALBERTO,Alberto,7007
7008,2023-07-19 00:00:00.000000000,ZILKER,RICARDO ,ACE CONTRATOR SUPPLY,CURLEX,,RICARDO,Alberto,7008
7009,2023-07-20 00:00:00.000000000,DUNCAN,RUBEN,ACE CONTRATOR SUPPLY,"STEEL STAKES, GAS CAN 5 GAL, CUT DIAMOND AND SCOTCHBLUE",LRJ 2949,RUBEN,Alberto,7009
7010,2023-07-20 00:00:00.000000000,ZILKER,RICARDO ,,DISEL,,RICARDO,Alberto,7010
7011,2023-07-24 00:00:00.000000000,DUNCAN,JERONIMO,ACE CONTRATOR SUPPLY,BRICKS,,DELIVERY,Alberto,7011
7012,2023-07-25 00:00:00.000000000,DUNCAN,RUBEN,TEX-CON,DISEL,LRJ 2949,RUBEN,Alberto,7012
7013,2023-07-25 00:00:00.000000000,DUNCAN,ALBERTO,ACE CONTRATOR SUPPLY,SMART LEVEL AND BLU TOWEL ROLL,,ALBERTO,Alberto,7013
7014,2023-07-25 00:00:00.000000000,ADA #23A 12TH,JULIAN,ACE CONTRATOR SUPPLY,WATER COOLER,,ALBERTO,Alberto,7014
7015,2023-07-26 00:00:00.000000000,DUNCAN,RUBEN,ACE CONTRATOR SUPPLY,PLAYWOOD,LRJ 2949,RUBEN,Alberto,7015
7016,2023-07-26 00:00:00.000000000,T.S. DUNCAN,FRANCISCO,SHELL,DISEL FOR THE SMALL DUMPER,,FRANCISCO,Alberto,7016
7017,2023-07-31 00:00:00.000000000,30TH ST,DANIEL,,DISEL ,,DANIEL,Alberto,7017
7018,2023-08-02 00:00:00.000000000,30TH ST,DANIEL,CMC CONSTRUCTION SERVICE,LUIQUID RELEASE,,ALBERTO,Alberto,7018
7019,2023-08-02 00:00:00.000000000,ADA #23A 9TH,GERARDO,ACE CONTRATOR SUPPLY,TOOLS (TOOL REPLACEMENT),,ALBERTO,Alberto,7019
7020,2023-08-02 00:00:00.000000000,DUNCAN,RUBEN,ACE CONTRATOR SUPPLY,TOOLS,,ALBERTO,Alberto,7020
7021,2023-08-02 00:00:00.000000000,30TH ST,DANIEL,ACE CONTRATOR SUPPLY,SPRAYER,,ALBERTO,Alberto,7021
7022,2023-08-04 00:00:00.000000000,30TH ST,DANIEL,ACE CONTRATOR SUPPLY,TOOLS (TOOL REPLACEMENT),,DANIEL,Alberto,7022
7023,,,,,,,,Alberto,7023
7024,2023-08-07 00:00:00.000000000,ADA #23A 9TH,GERARDO,ACE CONTRATOR SUPPLY,DIAMOND CUTTING BLADE,DDD8990,GERARDO,Alberto,7024
7025,2023-08-08 00:00:00.000000000,30TH ST,DANIEL,TEX-CON,DIESEL,,DANIEL,Alberto,7025
7026,2023-08-09 00:00:00.000000000,30TH ST,DANIEL,,,,DANIEL,Alberto,7026
7027,2023-08-10 00:00:00.000000000,DUNCAN,RUBEN,TEX-CON,DIESEL,LRJ 2949,RUBEN,Alberto,7027
7028,2023-08-10 00:00:00.000000000,DUNCAN,RUBEN,ACE CONTRATOR SUPPLY,NAILS AND SPARE PARTS,LRJ 2949,RUBEN,Alberto,7028
7029,2023-08-10 00:00:00.000000000,ADA #23A 9TH,GERARDO,LEOS,DIESEL,DDD8990,GERARDO,Alberto,7029
7030,2023-08-14 00:00:00.000000000,30TH ST,DANIEL,TEX-CON,DIESEL,,DANIEL,Alberto,7030
7031,2023-08-14 00:00:00.000000000,ADA #23A 12TH,JULIAN,HOME DEPOT,PAINT  SCREW AND GLUE,,ALBERTO,Alberto,7031
7032,2023-08-15 00:00:00.000000000,ADA #23A 12TH,JULIAN,TEX-CON,DIESEL,,,Alberto,7032
7033,2023-08-15 00:00:00.000000000,ADA #23A 9TH,GERARDO,ACT PIPE AND SUPPLY,COVER FOREIGN,DDD8990,GERARDO,Alberto,7033
7034,2023-08-15 00:00:00.000000000,DUNCAN,ALBERTO,ACE CONTRATOR SUPPLY,PAINT IN SPRAY,,ALBERTO,Alberto,7034
7035,2023-08-16 00:00:00.000000000,30TH ST,DANIEL,ACE CONTRATOR SUPPLY,WOOD ,,DANIEL,Alberto,7035
7036,2023-08-16 00:00:00.000000000,,ALBERTO,CMC CONSTRUCTION SERVICE,SMART LEVEL ,,ALBERTO,Alberto,7036
7037,2023-08-17 00:00:00.000000000,TRANSFER STATION,FRANCISCO,SHELL,DIESEL,,FRANCISCO,Alberto,7037
7038,,,,,,,,Alberto,7038
7039,2023-08-19 00:00:00.000000000,ADA #23A 9TH,GERARDO,HOME DEPOT,QUIKRETE,,ALBERTO,Alberto,7039
7040,2023-08-21 00:00:00.000000000,DUNCAN,RUBEN,Prime food Mart,gasoline for cutters,LRJ 2949,RUBEN,Alberto,7040
7041,2023-08-21 00:00:00.000000000,30TH ST,DANIEL,TEX-CON,DIESEL,,DANIEL,Alberto,7041
7042,2023-08-21 00:00:00.000000000,DUNCAN,RUBEN,ACE CONTRATOR SUPPLY,PLYWOOD,LRJ 2949,RUBEN,Alberto,7042
7043,2023-08-22 00:00:00.000000000,TRANSFER STATION,FRANCISCO,TORRES TIRE,TIRE,,FRANCISCO,Alberto,7043
7044,2023-08-22 00:00:00.000000000,30TH ST,DANIEL,HOME DEPOT,SCREW,,ALBERTO,Alberto,7044
7045,2023-08-27 00:00:00.000000000,DUNCAN,,,,,,Alberto,7045
7046,2023-08-27 00:00:00.000000000,TRANSFER STATION D.P.,ABRAHAM,TEX-CON,DIESEL,,ABRAHAM,Alberto,7046
7047,2023-08-28 00:00:00.000000000,30TH ST,DANIEL,TEX-CON,DIESEL,,DANIEL,Alberto,7047
7048,,,,,,,,Alberto,7048
7049,,ADA #23A 12TH,NACHO,,WATER REGISTER BOX,,NACHO,Alberto,7049
7050,2023-08-30 00:00:00.000000000,30TH ST,DANIEL,TEX-CON,DIESEL,,DANIEL,Alberto,7050
7051,2024-08-30 00:00:00.000000000,ADA #23A 9TH,GERARDO,ACE CONTRATOR SUPPLY,,,,Alberto,7051
7052,2023-08-30 00:00:00.000000000,ADA #23A 9TH,GERARDO,TEX-CON,DIESEL,,GERARDO,Alberto,7052
7053,2023-08-30 00:00:00.000000000,30TH ST,DANIEL,ACE CONTRATOR SUPPLY,PAINT IN SPRAY,,DANIEL,Alberto,7053
7054,2023-09-06 00:00:00.000000000,DUNCAN,RUBEN,TEX-CON,DIESEL,,RUBEN,Alberto,7054
7055,2023-09-06 00:00:00.000000000,DUNCAN,RUBEN,ACE CONTRATOR SUPPLY,PAINT,,RUBEN,Alberto,7055
7056,2023-09-07 00:00:00.000000000,30TH ST,GEOVANNI,LEOS,DIESEL,,GEOVANNI,Alberto,7056
7057,2023-09-12 00:00:00.000000000,30TH ST,DANIEL,ACE CONTRATOR SUPPLY,DIAMOND CUTTING BLADE,,DANIEL,Alberto,7057
7058,2023-09-13 00:00:00.000000000,30TH ST,DANIEL,TEX-CON,DIESEL,,DANIEL,Alberto,7058
7059,2023-09-12 00:00:00.000000000,DUNCAN,RUBEN,ACE CONTRATOR SUPPLY,WOOD,,RUBEN,Alberto,7059
7060,2023-09-12 00:00:00.000000000,DUNCAN,RUBEN,TEX-CON,DIESEL,,RUBEN,Alberto,7060
7061,2023-09-14 00:00:00.000000000,DUNCAN,RUBEN,ACE CONTRATOR SUPPLY,WOOD,,RUBEN,Alberto,7061
7062,2023-09-13 00:00:00.000000000,ADA #23A 12TH,JULIAN,ACE CONTRATOR SUPPLY,,,JULIAN,Alberto,7062
7063,2023-09-18 00:00:00.000000000,ADA #23A 9TH,GERARDO,ACE CONTRATOR SUPPLY,STAKES,,GERARDO,Alberto,7063
7064,2023-09-19 00:00:00.000000000,DUNCAN,RUBEN,HOME DEPOT,PIPE,,RUBEN,Alberto,7064
7065,2023-09-19 00:00:00.000000000,30TH ST,DANIEL,,CEMENT,,DANIEL,Alberto,7065
7066,2023-09-19 00:00:00.000000000,DUNCAN,RUBEN,TEX-CON,DIESEL,,RUBEN,Alberto,7066
7067,2023-09-19 00:00:00.000000000,ADA#23A 10TH,ALVARO,ACE CONTRATOR SUPPLY,TOOLS,,ALVAR0,Alberto,7067
7068,2023-09-19 00:00:00.000000000,ADA #23A 9TH,GERARDO,TEX-CON,DIESEL,,GERARDO,Alberto,7068
7069,2023-09-20 00:00:00.000000000,DUNCAN,RUBEN,ACE CONTRATOR SUPPLY,WOOD,,RUBEN,Alberto,7069
7070,2023-09-26 00:00:00.000000000,DUNCAN,RUBEN,,,,RUBEN,Alberto,7070
7071,,,,,,,,Alberto,7071
7072,,,,,,,,Alberto,7072
7073,,,,,,,,Alberto,7073
6000,2023-07-11 00:00:00.000000000,W30 1/2 th St ADA 28,Daniel Ortega,Texcon,Diesel,,,Alejandro,6000
6001,2023-07-11 00:00:00.000000000,Speedway Dr,Omar Hernandez,Leo's,Diesel,,,Alejandro,6001
6002,2023-07-12 00:00:00.000000000,Speedway Dr,Abraham Gonzalez,ACE,"Spray paint, (parking lot)",,,Alejandro,6002
6003,2023-07-12 00:00:00.000000000,Alex Esquivel,Alex Esquivel,Leo's,Diesel truck,,,Alejandro,6003
6004,2023-07-13 00:00:00.000000000,Duval St,Jose Luis Zamarripa,Leo's,Diesel truck,,,Alejandro,6004
6005,2023-07-17 00:00:00.000000000,W30 1/2 th St ADA 28,Daniel Ortega,Texcon,Diesel,,,Alejandro,6005
6006,2023-07-24 00:00:00.000000000,Speedway Dr,Omar Hernandez,Leo's,Diesel,,,Alejandro,6006
6007,2023-07-17 00:00:00.000000000,Alex Esquivel,Alex Esquivel,Leo's,Gasoline ,,,Alejandro,6007
6008,2023-07-20 00:00:00.000000000,30 Th st,Daniel Ortega,Texcon,Diesel,,,Alejandro,6008
6009,2023-07-20 00:00:00.000000000,30Th st ,Daniel Ortega,Ace,Wood 2x4 to tree protection,,,Alejandro,6009
6010,2023-07-21 00:00:00.000000000,Alex Esquivel ,Alex Esquivel ,Leo's,Gasoline,,,Alejandro,6010
6011,2023-07-21 00:00:00.000000000,Guerrero's yard,Abraham ,Ace,Added (burning ave),,,Alejandro,6011
6012,2023-07-24 00:00:00.000000000,Burning ave,Martin Gonzales,Texcon,Diesel,,,Alejandro,6012
6013,2023-07-26 00:00:00.000000000,Guerrero's yard,Abraham ,Ace,Slit fence,,,Alejandro,6013
6014,2028-07-28 00:00:00.000000000,Ave Bruning,Martin Gonzales,Leo's,Diesel,,,Alejandro,6014
6015,2028-07-28 00:00:00.000000000,Duval St,Jose Luis Zamarripa,Leo's,Diesel,,,Alejandro,6015
6016,2028-07-28 00:00:00.000000000,Alex Esquivel,Alex Esquivel,Leo's,Gasoline,,,Alejandro,6016
6017,2023-08-02 00:00:00.000000000,Duval St,Jose Luis Zamarripa,Ace,Wood and tools,,,Alejandro,6017
6018,2023-08-02 00:00:00.000000000,Brining ave,Martin Gonzales,Leo's,Diesel truck,,,Alejandro,6018
6019,2023-08-02 00:00:00.000000000,Duval St,Alex Esquivel,Ace,Floras and llanas,,,Alejandro,6019
6020,2023-08-02 00:00:00.000000000,Speedway Dr,Omar Hernandez,Leo's,Diesel,,,Alejandro,6020
6021,2023-08-04 00:00:00.000000000,Alex Esquivel ,Alex Esquivel,Leo's,Gasoline ,,,Alejandro,6021
6022,2023-08-04 00:00:00.000000000,Ave C,Isidro Garcia,Ace,"Diablo blade,fat max,Tyrolit",,,Alejandro,6022
6023,2023-08-08 00:00:00.000000000,Ave. C,Isidro Garcia,ACE,Wood 2x4 to tree protection,,,Alejandro,6023
6024,2023-08-08 00:00:00.000000000,Burning ave,Martin Gonzales,Texcon,Diesel truck,,,Alejandro,6024
6025,2023-08-08 00:00:00.000000000,Burning ave,Martin Gonzales,ACE,Paint and fence,,,Alejandro,6025
6026,2023-08-09 00:00:00.000000000,Speedway Dr,Omar Hernandez,Leo's,Diesel,,,Alejandro,6026
6027,,Alex Esquivel ,Alex Esquivel ,Leo's,GASOLINE ,,,Alejandro,6027
6028,,Duval St,Jose Luis Zamarripa,Leos,Diesel truck,,,Alejandro,6028
6029,,Speedway Dr,Omar Hernandez,Ace,Miscellaneous ,,,Alejandro,6029
6030,2023-08-22 00:00:00.000000000,Bruning ave,Martin Gonzales,Ace,"Wood, miscellaneous ",,,Alejandro,6030
6031,2023-08-23 00:00:00.000000000,Ave C,Ricardo Garcia ,Leo's,Diesel,,,Alejandro,6031
6032,2023-08-23 00:00:00.000000000,Alex Esquivel ,Alex Esquivel,Leo's,Gasoline,,,Alejandro,6032
6033,2023-08-23 00:00:00.000000000,Speedway Dr,Omar Hernandez,Leo's,Diesel truck,,,Alejandro,6033
6034,2023-08-24 00:00:00.000000000,Duval St,Jose Luis Zamarripa,Ace,Order #181488,,,Alejandro,6034
6035,2023-08-24 00:00:00.000000000,Duval St,Jose Luis Zamarripa,Leo's,Diesel truck,,,Alejandro,6035
6036,2023-08-25 00:00:00.000000000,Ave C,Ricardo Garcia ,Ace,Extensions,,,Alejandro,6036
6037,2023-08-28 00:00:00.000000000,Speedway Dr,Omar Hernandez,Leo's,Diesel,,,Alejandro,6037
6038,2023-08-29 00:00:00.000000000,Alex Esquivel,Alex Esquivel,Leo's,Gasoline,,,Alejandro,6038
6039,2023-08-31 00:00:00.000000000,Ave Bruning,Martin Gonzales,Leo's,Diesel truck,,,Alejandro,6039
6040,2023-08-31 00:00:00.000000000,Alex Esquivel,Alex Esquivel,Ace,Tools for burning site and speedway,,,Alejandro,6040
6041,2023-09-05 00:00:00.000000000,Ave Bruning,Martin Gonzales,RSS,,,,Alejandro,6041
6042,2023-09-07 00:00:00.000000000,Ave C,Ricardo Garcia ,Ace,Tools and misc,,,Alejandro,6042
6043,2023-09-06 00:00:00.000000000,Duval St,Jose Luis Zamarripa,Leo's,Diesel truck,,,Alejandro,6043
6044,2023-09-06 00:00:00.000000000,Alex Esquivel,Alex Esquivel,Leo's,Gasoline black truck (Alex's truck),,,Alejandro,6044
6045,2023-09-07 00:00:00.000000000,Ave C,Ricardo Garcia ,Texcon,Diesel,,,Alejandro,6045
6046,2023-09-07 00:00:00.000000000,Speedway Dr,Omar Hernandez,Leo's,Diesel,,,Alejandro,6046
6047,2023-09-08 00:00:00.000000000,Alex Esquivel,Alex Esquivel,Leo's,Gasoline Kris's truck,,,Alejandro,6047
6048,2023-09-13 00:00:00.000000000,Alex Esquivel,Alex Esquivel,Leo's,Gasonlie ,,,Alejandro,6048
6049,2023-09-13 00:00:00.000000000,Speedway Dr,Omar Hernandez,Leo's ,Diesel,,,Alejandro,6049
6050,2023-09-15 00:00:00.000000000,Ave C,Ricardo Garcia ,Leo's,Diesel,,,Alejandro,6050
6051,2023-09-19 00:00:00.000000000,Alex Esquivel,Alex Esquivel,Leo's,Gasoline,,,Alejandro,6051
6052,2023-09-19 00:00:00.000000000,Bruning ave,Martin Gonzales,Ace,,,,Alejandro,6052
6053,2023-09-26 00:00:00.000000000,Pecan Springs EL,Martin Gonzales,Ace,Wood for forms (2x4s and 2x6s),,,Alejandro,6053
6054,2023-09-26 00:00:00.000000000,ADA 28A  DUVAL ,JOSE ZAMARRIPA,ACE  CONTRACTORS,DIAMOND BLADES- LUMBER-WOOD DRILL,NYZ5821,,Alejandro,6054
6055,2023-10-02 00:00:00.000000000,ADA28,ALBERTO,,Diesel truck,,,Alejandro,6055
6056,,,,,,,,Alejandro,6056
6057,,,,,,,,Alejandro,6057
6058,,,,,,,,Alejandro,6058
6059,,,,,,,,Alejandro,6059
6060,,,,,,,,Alejandro,6060
9121,,,,,,,,Raul,9121
9122,,,,,,,,Raul,9122
9123,,,,,,,,Raul,9123
9124,,,,,,,,Raul,9124
9125,,,,,,,,Raul,9125
9126,,,,,,,,Raul,9126
9127,,,,,,,,Raul,9127
9128,,,,,,,,Raul,9128
9129,,,,,,,,Raul,9129
9130,,,,,,,,Raul,9130
9131,,,,,,,,Raul,9131
9132,,,,,,,,Raul,9132
9133,,,,,,,,Raul,9133
9134,,,,,,,,Raul,9134
9135,,,,,,,,Raul,9135
9136,,,,,,,,Raul,9136
9137,,,,,,,,Raul,9137
9138,,,,,,,,Raul,9138
9139,,,,,,,,Raul,9139
9140,,,,,,,,Raul,9140
9141,,,,,,,,Raul,9141
9142,,,,,,,,Raul,9142
9143,,,,,,,,Raul,9143
9144,,,,,,,,Raul,9144
9145,,,,,,,,Raul,9145
9146,,,,,,,,Raul,9146
9147,,,,,,,,Raul,9147
9148,,,,,,,,Raul,9148
9149,,,,,,,,Raul,9149
9150,,,,,,,,Raul,9150
9151,,,,,,,,Raul,9151
9152,,,,,,,,Raul,9152
9153,,,,,,,,Raul,9153
9154,,,,,,,,Raul,9154
9155,,,,,,,,Raul,9155
9156,,,,,,,,Raul,9156
9157,,,,,,,,Raul,9157
9158,,,,,,,,Raul,9158
9159,,,,,,,,Raul,9159
9160,,,,,,,,Raul,9160
9161,,,,,,,,Raul,9161
9162,,,,,,,,Raul,9162
9163,,,,,,,,Raul,9163
9164,,,,,,,,Raul,9164
9165,,,,,,,,Raul,9165
9166,,,,,,,,Raul,9166
9167,,,,,,,,Raul,9167
9168,,,,,,,,Raul,9168
9169,,,,,,,,Raul,9169
9170,,,,,,,,Raul,9170
9171,,,,,,,,Raul,9171
9172,,,,,,,,Raul,9172
9173,,,,,,,,Raul,9173
9174,,,,,,,,Raul,9174
9175,,,,,,,,Raul,9175
9176,,,,,,,,Raul,9176
9177,,,,,,,,Raul,9177
9178,,,,,,,,Raul,9178
9179,,,,,,,,Raul,9179
9180,,,,,,,,Raul,9180
9181,,,,,,,,Raul,9181
1001,2024-04-03 00:00:00.000000000,CTMA,Mario Muñoz,Leo's,Fuel,HZL-2413,MM,Mario,1001
1002,2024-04-22 00:00:00.000000000,CTMA,Mario Muñoz,Leo's,Fuel,HZL-2413,MM,Mario,1002
1003,2024-04-26 00:00:00.000000000,Teri Rd,Mario Muñoz,Ace Contractors Supply,Materials,HZL-2413,MM,Mario,1003
1004,2024-04-29 00:00:00.000000000,Moak and Trail,Mario Muñoz,Leo's,Fuel and Diesel,,Isidro Sanchez,Mario,1004
1005,2024-04-29 00:00:00.000000000,Moak and Trail,Mario Muñoz,Reilly Auto Parts,Shop towel and materials ,,Isidro Sanchez,Mario,1005
1006,2024-05-02 00:00:00.000000000,Teri Rd,Mario Muñoz,Leo's,Fuel,HZL-2413,MM,Mario,1006
1007,2024-05-01 00:00:00.000000000,Moak and Trail,Mario Muñoz,Ace Contractors Supply,"WD-40, SDSD plus FCH, cutters, pennzoil",,Isidro Sanchez,Mario,1007
1008,2024-05-01 00:00:00.000000000,Moak and Trail,Mario Muñoz,Tex-Con Oil Company,Fuel,,Isidro Sanchez,Mario,1008
1009,2024-05-01 00:00:00.000000000,45st and Speedway,Mario Muñoz,Ace Contractors Supply,Roll clear Poly: Ardex CP concrete patch,HZL-2413,MM,Mario,1009
1010,2024-05-01 00:00:00.000000000,Moak and Trail,Mario Muñoz,GeoSolutions,Mulch Sock,,Isidro Sanchez,Mario,1010
1011,2024-05-01 00:00:00.000000000,Moak and Trail,Mario Muñoz,Leal's Tire Shop,Repairs Tyres,,Isidro Sanchez,Mario,1011
1012,2024-05-03 00:00:00.000000000,Moak and Trail,Mario Muñoz,Tex-Con Oil Company,Gasoline,,Isidro Sanchez,Mario,1012
1013,,,,,,,,Mario,1013
1014,2024-05-02 00:00:00.000000000,Moak and Trail,Mario Muñoz,Ace Contractors Supply,Hose contractor 5/8x50,,Isidro Sanchez,Mario,1014
1015,2024-05-06 00:00:00.000000000,Moak and Trail,Mario Muñoz,Ace Contractors Supply,"Steel demon 4-1/2""",,Isidro Sanchez,Mario,1015
1016,2024-05-08 00:00:00.000000000,Moak and Trail,Mario Muñoz,Leo's,Fuel,HZL-2413,MM,Mario,1016
1017,2024-05-08 00:00:00.000000000,Moak and Trail,Mario Muñoz,Leo's,Fuel and Diesel,HZL-2413,MM,Mario,1017
1018,2024-05-06 00:00:00.000000000,Moak and Trail,Mario Muñoz,Leo's,Fuel and Diesel,,Isidro Sanchez,Mario,1018
1019,2024-05-02 00:00:00.000000000,Moak and Trail,Mario Muñoz,Leo's,Fuel and Diesel,,Isidro Sanchez,Mario,1019
1020,2024-05-07 00:00:00.000000000,Moak and Trail,Mario Muñoz,Leo's,Fuel,,Isidro Sanchez,Mario,1020
1021,2024-05-10 00:00:00.000000000,Moak and Trail,Mario Muñoz,Austin Branch,Varios,,Isidro Sanchez,Mario,1021
1022,2024-05-07 00:00:00.000000000,Moak and Trail,Mario Muñoz,Leo's,Fuel and Diesel,HZL-2413,MM,Mario,1022
1023,2024-05-13 00:00:00.000000000,Teri Rd,Mario Muñoz,Tex-Con Oil Company,Gasoline,,Martin Gonzalezx,Mario,1023
1024,2024-05-14 00:00:00.000000000,Menchaca,Mario Muñoz,Ace Contractors Supply,Varios,,Jose A Zamarripa,Mario,1024
1025,2024-05-10 00:00:00.000000000,Moak and Trail,Mario Muñoz,Leo's,Fuel,,Isidro Sanchez,Mario,1025
1026,2024-05-13 00:00:00.000000000,Menchaca,Mario Muñoz,Leo's,Fuel,HZL-2413,MM,Mario,1026
1027,2024-05-14 00:00:00.000000000,Moak and Trail,Mario Muñoz,Ace Contractors Supply,Ardex,HZL-2413,MM,Mario,1027
1028,2024-05-16 00:00:00.000000000,Moak and Trail,Mario Muñoz,Ace Contractors Supply,Varios,,Isidro Sanchez,Mario,1028
1029,2024-05-16 00:00:00.000000000,William Cannon,Mario Muñoz,Ace Contractors Supply,Varios,,Ruben Cano,Mario,1029
1030,2024-05-20 00:00:00.000000000,Menchaca,Mario Muñoz,Leo's,Fuel,,Jose A Zamarripa,Mario,1030
1031,2024-05-17 00:00:00.000000000,Menchaca,Mario Muñoz,Tex-Con,Fuel,,Jose A Zamarripa,Mario,1031
1032,2024-05-17 00:00:00.000000000,William Cannon,Mario Muñoz,White Cap,Varios,,MM,Mario,1032
1033,2024-05-23 00:00:00.000000000,William Cannon,Mario Muñoz,Leo's,Fuel,,Ruben Cano,Mario,1033
1034,2024-05-18 00:00:00.000000000,William Cannon,Mario Muñoz,Leo's,Fuel,HZL-2413,MM,Mario,1034
1035,2024-05-20 00:00:00.000000000,William Cannon,Mario Muñoz,Ace Contractors Supply,Varios,,Ruben Cano,Mario,1035
1036,2024-05-20 00:00:00.000000000,Moak and Trail,Mario Muñoz,Leo's,Diesel,,Isidro Sanchez,Mario,1036
1037,2024-05-21 00:00:00.000000000,Menchaca,Mario Muñoz,Ace Contractors Supply,Plastic dowel tubes,HZL-2413,MM,Mario,1037
1038,,,,,,,,Mario,1038
1039,2024-05-22 00:00:00.000000000,William Cannon,Mario Muñoz,Ace Contractors Supply,Safety fence,HZL-2413,MM,Mario,1039
1040,2024-05-27 00:00:00.000000000,William Cannon,Mario Muñoz,Leo's,Fuel and Diesel,HZL-2413,MM,Mario,1040
1041,,William Cannon,Mario Muñoz,Ace Contractors Supply,Varios,,Ruben Cano,Mario,1041
1042,2024-05-28 00:00:00.000000000,William Cannon,Mario Muñoz,Leo's,Fuel and Diesel,,Ruben Cano,Mario,1042
1043,2024-05-28 00:00:00.000000000,William Cannon,Mario Muñoz,Texas Concrete,Concrete,,MM,Mario,1043
1044,2024-05-24 00:00:00.000000000,Teri Rd,Mario Muñoz,Tex-Con,Fuel and Diesel,,Martin Gonzalez,Mario,1044
1045,2024-05-24 00:00:00.000000000,Teri Rd,Mario Muñoz,CMC Construction Services,Varios,,Martin Gonzalez,Mario,1045
1046,2024-05-24 00:00:00.000000000,William Cannon,Mario Muñoz,Ace Contractors Supply,Plastic dowel tubes,HZL-2413,MM,Mario,1046
1047,,Slaughter,Mario Muñoz,,Fuel and Diesel,,Isidro Garcia,Mario,1047
1048,,,,,,,,Mario,1048
1049,2024-05-24 00:00:00.000000000,Menchaca,Mario Muñoz,Tex-Con,Fuel and Diesel,,Jose A Zamarripa,Mario,1049
1050,,,,,,,,Mario,1050
1051,,,,,,,,Mario,1051
1052,2024-05-28 00:00:00.000000000,William Cannon,Mario Muñoz,White Cap,Round Nails,HZL-2413,MM,Mario,1052
1053,2024-05-28 00:00:00.000000000,Moak and Trail,Mario Muñoz,Tex-Con,Fuel and Diesel,,Isidro Sanchez,Mario,1053
1054,2024-05-28 00:00:00.000000000,Moak and Trail,Mario Muñoz,Ace Contractors Supply,Varios,,Isidro Sanchez,Mario,1054
1055,2024-05-29 00:00:00.000000000,Teri Rd,Mario Muñoz,Tex-Con,Fuel and Diesel,,Martin Gonzalez,Mario,1055
1056,2024-05-29 00:00:00.000000000,Menchaca,Mario Muñoz,Tex-Con,Fuel and Diesel,,Jose A Zamarripa,Mario,1056
1057,2024-05-30 00:00:00.000000000,Menchaca,Mario Muñoz,Tex-Con,Fuel and Diesel,,Jose A Zamarripa,Mario,1057
1058,2024-05-30 00:00:00.000000000,Menchaca,Mario Muñoz,Tex-Con,Fuel and Diesel,,Jose A Zamarripa,Mario,1058
1059,,William Cannon,Mario Muñoz,,,,Ruben Cano,Mario,1059
1060,2024-05-30 00:00:00.000000000,William Cannon,Mario Muñoz,Ace Contractors Supply,Varios,HZL-2413,MM,Mario,1060
1061,2024-06-03 00:00:00.000000000,William Cannon,Mario Muñoz,Reinforcing Steel Supply,Varios,HZL-2413,MM,Mario,1061
1062,2024-06-04 00:00:00.000000000,Menchaca,Mario Muñoz,Tex-Con,Fuel and Diesel,,Jose A Zamarripa,Mario,1062
1063,2024-06-04 00:00:00.000000000,Teri Rd,Mario Muñoz,Ace Contractors Supply,Varios,,Martin Gonzalez,Mario,1063
1064,2024-06-04 00:00:00.000000000,Teri Rd,Mario Muñoz,Tex-Con,Fuel and Diesel,,Martin Gonzalez,Mario,1064
1065,2024-06-05 00:00:00.000000000,William Cannon,Mario Muñoz,,,,Ruben Cano,Mario,1065
1066,2024-06-05 00:00:00.000000000,William Cannon,Mario Muñoz,Ace Contractors Supply,Plastic roll,HZL-2413,MM,Mario,1066
1067,2024-06-05 00:00:00.000000000,Moak and Trail,Mario Muñoz,Leo's,Fuel and Diesel,,Isidro Sanchez,Mario,1067
1068,,,,,,,,Mario,1068
1069,2024-06-07 00:00:00.000000000,Moak and Trail,Mario Muñoz,Ace Contractors Supply,Varios,,Isidro Sanchez,Mario,1069
1070,,,,,,,,Mario,1070
1071,2024-06-08 00:00:00.000000000,William Cannon,Mario Muñoz,Leo's,Fuel,HZL-2413,MM,Mario,1071
1072,2024-06-10 00:00:00.000000000,Menchaca,Mario Muñoz,Tex-Con,Fuel and Diesel,,Jose A Zamarripa,Mario,1072
1073,,,,,,,,Mario,1073
1074,2024-06-12 00:00:00.000000000,Moak and Trail,Mario Muñoz,Ace Contractors Supply,Varios,,Isidro Sanchez,Mario,1074
1075,2024-06-13 00:00:00.000000000,William Cannon,Mario Muñoz,Ace Contractors Supply,Varios,HZL-2413,MM,Mario,1075
1076,2024-06-13 00:00:00.000000000,CPO Menchaca,Mario Muñoz,Tex-Con,Fuel and Diesel,,Jose A Zamarripa,Mario,1076
1077,2024-06-13 00:00:00.000000000,Moak and Trail,Mario Muñoz,Ace Contractors Supply,Varios,,Isidro Sanchez,Mario,1077
1078,2024-06-13 00:00:00.000000000,CPO Menchaca,Mario Muñoz,Tex-Con,Fuel and Diesel,,Jose A Zamarripa,Mario,1078
1079,2024-06-14 00:00:00.000000000,CPO William Cannon,Mario Muñoz,Ace Contractors Supply,Varios,HZL-2413,MM,Mario,1079
1080,2024-06-17 00:00:00.000000000,Moak and Trail,Mario Muñoz,Leo's,Fuel and Diesel,,Isidro Sanchez,Mario,1080
1081,2024-06-17 00:00:00.000000000,Moak and Trail,Mario Muñoz,Ace Contractors Supply,Varios,,Isidro Sanchez,Mario,1081
1082,2024-06-14 00:00:00.000000000,CPO Menchaca,Mario Muñoz,Ace Contractors Supply,Varios,,Jose A Zamarripa,Mario,1082
1083,2024-06-17 00:00:00.000000000,Teri Rd,Mario Muñoz,CMC Construction Services,Varios,,Martin Gonzalez,Mario,1083
1084,2024-06-17 00:00:00.000000000,Teri Rd,Mario Muñoz,Tex-Con,Fuel and Diesel,,Martin Gonzalez,Mario,1084
1085,2024-06-19 00:00:00.000000000,CPO William Cannon,Mario Muñoz,Tex-Con,Fuel and Diesel,,Ruben Cano,Mario,1085
1086,2024-06-20 00:00:00.000000000,Bull Creek0,Mario Muñoz,Leo's,Fuel,,Gerardo Sanchez,Mario,1086
1087,2024-06-20 00:00:00.000000000,Teri Rd,Mario Muñoz,Texas Concrete,Concrete,,MM,Mario,1087
1088,2024-06-20 00:00:00.000000000,Bull Creek0,Mario Muñoz,Ace Contractors Supply,Varios,,Gerardo Sanchez,Mario,1088
1089,2024-06-20 00:00:00.000000000,Teri Rd,Mario Muñoz,Ace Contractors Supply,Varios,,Martin Gonzalez,Mario,1089
1090,2024-06-20 00:00:00.000000000,Bull Creek0,Mario Muñoz,Ace Contractors Supply,Varios,,Gerardo Sanchez,Mario,1090
1091,2024-06-20 00:00:00.000000000,CPO Menchaca,Mario Muñoz,Tex-Con,Fuel,,Jose A Zamarripa,Mario,1091
1092,2024-06-24 00:00:00.000000000,Moak and Trail,Mario Muñoz,Leo's,Fuel and Diesel,,Isidro Sanchez,Mario,1092
1093,2024-06-25 00:00:00.000000000,CPO Menchaca,Mario Muñoz,Leo's,Fuel,,MM,Mario,1093
1094,2024-06-25 00:00:00.000000000,CPO Menchaca,Mario Muñoz,Tex-Con,Fuel and Diesel,,Jose A Zamarripa,Mario,1094
1095,2024-06-26 00:00:00.000000000,CPO Menchaca,Mario Muñoz,Tex-Con,Fuel and Diesel,,Gerardo Sanchez,Mario,1095
1096,2024-06-27 00:00:00.000000000,Teri Rd,Mario Muñoz,Tex-Con,Fuel and Diesel,,Martin Gonzalez,Mario,1096
1097,2024-06-27 00:00:00.000000000,Moak and Trail,Mario Muñoz,Ace Contractors Supply,Varios,,Isidro Sanchez,Mario,1097
1098,2024-06-27 00:00:00.000000000,CPO Menchaca,Mario Muñoz,Ace Contractors Supply,Varios,,Jose A Zamarripa,Mario,1098
1099,2024-06-28 00:00:00.000000000,Teri Rd,Mario Muñoz,Ace Contractors Supply,Varios,,Martin Gonzalez,Mario,1099
1100,2024-06-28 00:00:00.000000000,Teri Rd,Mario Muñoz,TEx-Con,Fuel and Diesel,HZL-2413,A,Mario,1100
1101,2024-07-01 00:00:00.000000000,Bull Creek0,Mario Muñoz,Leo's,Fuel and Diesel,,Gerardo Sanchez,Mario,1101
1102,2024-07-03 00:00:00.000000000,Rosewood Ave,Mario Muñoz,Ace Contractors Supply,Varios,,Gerardo Sanchez,Mario,1102
1103,2024-07-02 00:00:00.000000000,CPO Menchaca,Mario Muñoz,Ace Contractors Supply,Varios,,Jose A Zamarripa,Mario,1103
1104,2024-07-03 00:00:00.000000000,Rosewood Ave,Mario Muñoz,Geo solutions,Mulch sock,,Gerardo Sanchez,Mario,1104
1105,2024-07-03 00:00:00.000000000,Moak and Trail,Mario Muñoz,Leo's,Fuel and Diesel,,Isidro Sanchez,Mario,1105
1106,2024-07-04 00:00:00.000000000,Rosewood Ave,Mario Muñoz,Tex,Fuel,,Gerardo Sanchez,Mario,1106
1107,2024-07-04 00:00:00.000000000,Moak and Trail,Mario Muñoz,Texas Concrete,Concrete,,MM,Mario,1107
1108,2024-07-05 00:00:00.000000000,Moak and Trail,Mario Muñoz,Ace Contractors Supply,Varios,,Isidro Sanchez,Mario,1108
1109,2024-07-05 00:00:00.000000000,Moak and Trail,Mario Muñoz,Tex-Con,Fuel and Diesel,,Isidro Sanchez,Mario,1109
1110,2024-07-09 00:00:00.000000000,CPO Menchaca,Mario Muñoz,Tex-Con,Fuel,,Jose A Zamarripa,Mario,1110
1111,2024-07-08 00:00:00.000000000,Teri Rd,Mario Muñoz,Leo's,Fuel,HZL-2413,MM,Mario,1111
1112,2024-07-08 00:00:00.000000000,Rosewood Ave,Mario Muñoz,Leo's,Fuel,,Gerardo Sanchez,Mario,1112
1113,2024-07-09 00:00:00.000000000,Rosewood Ave,Mario Muñoz,Leo's,Diesel,,MM,Mario,1113
1114,2024-07-09 00:00:00.000000000,Teri Rd,Mario Muñoz,Ace Contractors Supply,Varios,,Martin Gonzalez,Mario,1114
1115,2024-07-10 00:00:00.000000000,Teri Rd,Mario Muñoz,Ace Contractors Supply,Varios  Bryan's crew,,Abraham ,Mario,1115
1116,2024-07-10 00:00:00.000000000,Teri Rd,Mario Muñoz,Leo's,Fuel Bryan's truck,,Abraham ,Mario,1116
1117,,,,,,,,Mario,1117
1118,2024-07-10 00:00:00.000000000,Teri Rd,Mario Muñoz,Leo's,Fuel,HZL-2413,MM,Mario,1118
1119,2024-07-11 00:00:00.000000000,CPO Menchaca,Mario Muñoz,Ace Contractors Supply,Varius,HZL-2413,MM,Mario,1119
1120,2024-07-11 00:00:00.000000000,CPO W 35th,Mario Muñoz,Leo's,Fuel and Diesel,,Isidro Sanchez,Mario,1120
1121,2024-07-11 00:00:00.000000000,Rosewood Ave,Mario Muñoz,Ace Contractors Supply,Varios,,Gerardo Sanchez,Mario,1121
1122,2024-07-12 00:00:00.000000000,Teri Rd,Mario Muñoz,Ace Contractors Supply,Varios  Bryan's crew,,Abraham ,Mario,1122
1123,2024-07-12 00:00:00.000000000,Cpo Menchaca,Mario Muñoz,Texas Concrete,,,,Mario,1123
1124,2024-07-12 00:00:00.000000000,CPO Menchaca,Mario Muñoz,Ace Contractors Supply,Varios,,Jose A Zamarripa,Mario,1124
1125,2024-07-15 00:00:00.000000000,CPO Menchaca,Mario Muñoz,Ace Contractors Supply,Varios,,Jose A Zamarripa,Mario,1125
1126,2024-07-16 00:00:00.000000000,Teri Rd,Mario Muñoz,Tex-Con,Varios  Bryan's crew,,Abraham ,Mario,1126
1127,2024-07-16 00:00:00.000000000,Teri Rd,Mario Muñoz,Ace Contractors Supply,Vario,HZL-2413,MM,Mario,1127
1128,2024-07-16 00:00:00.000000000,CPO Menchaca,Mario Muñoz,Ace Contractors Supply,Varios,,Jose A Zamarripa,Mario,1128
1129,2024-07-16 00:00:00.000000000,CPO Menchaca,Mario Muñoz,TEx-Con,Fuel and Diesel,,Jose A Zamarripa,Mario,1129
1130,2024-07-18 00:00:00.000000000,Cpo Menchaca,Mario Muñoz,Texas Concrete,,,,Mario,1130
1131,2024-07-17 00:00:00.000000000,Teri Rd,Mario Muñoz,Tex-Con,Fuel and Diesel,,Martin Gonzalez,Mario,1131
1132,2024-07-18 00:00:00.000000000,CPO W 35th,Mario Muñoz,Ace Contractors Supply,Varios,,Isidro Sanchez,Mario,1132
1133,2024-07-18 00:00:00.000000000,CPO W 35th,Mario Muñoz,Leo's,Fuel,HZL-2413,MM,Mario,1133
1134,2024-07-18 00:00:00.000000000,CPO Menchaca,Mario Muñoz,ACT Pipes And Supply,Plain inlet,HZL-2413,MM,Mario,1134
1135,2024-07-20 00:00:00.000000000,CPO W 35th,Mario Muñoz,Leo's,Fuel and Diesel,,Isidro Sanchez,Mario,1135
1136,2024-07-22 00:00:00.000000000,Teri Rd,Mario Muñoz,Ace Contractors Supply,Varios,,Martin Gonzalez,Mario,1136
1137,2024-07-22 00:00:00.000000000,Rosewood Ave,Mario Muñoz,Ace Contractors Supply,Varios,MM,Martin Gonzalez,Mario,1137
1138,2024-07-22 00:00:00.000000000,CPO W 35th,Mario Muñoz,tex-Con,Diesel,,Isidro Sanchez,Mario,1138
1139,2024-07-22 00:00:00.000000000,Rosewood Ave,Mario Muñoz,Tex-Con,Fuel and Diesel,,Gerardo Sanchez,Mario,1139
1140,2024-07-23 00:00:00.000000000,CPO Menchaca,Mario Muñoz,Tex-Con,Fuel and Diesel,,Jose A Zamarripa,Mario,1140
1141,2024-07-23 00:00:00.000000000,Teri Rd,Mario Muñoz,ACT Pipes And Supply,Varios,,Martin Gonzalez,Mario,1141
1142,2024-07-22 00:00:00.000000000,CPO Menchaca,Mario Muñoz,Ace Contractors Supply,Varios,HZL-2413,MM,Mario,1142
1143,2024-07-24 00:00:00.000000000,Teri Rd,Mario Muñoz,Ace Contractors Supply,Varios  Bryan's crew,,Abraham ,Mario,1143
1144,2024-07-24 00:00:00.000000000,Teri Rd,Mario Muñoz,Tex-Con,Fuel  Bryan's crew,,Abraham ,Mario,1144
1145,2024-07-25 00:00:00.000000000,Rosewood Ave,Mario Muñoz,Ace Contractors Supply,Varios,,Gerardo Sanchez,Mario,1145
1146,2024-07-26 00:00:00.000000000,Rosewood Ave,Mario Muñoz,Leo's,Fuel and Diesel,,Gerardo Sanchez,Mario,1146
1147,2024-07-26 00:00:00.000000000,Teri Rd,Mario Muñoz,Tex-Con,Fuel and Diesel,,Martin Gonzalez,Mario,1147
1148,2024-07-29 00:00:00.000000000,CPO W 35th,Mario Muñoz,Leo's,Fuel and Diesel,,Isidro Sanchez,Mario,1148
1149,2024-07-29 00:00:00.000000000,Rosewood Ave,Mario Muñoz,Leo's,Fuel and Diesel,,Gerardo Sanchez,Mario,1149
1150,2024-07-30 00:00:00.000000000,Teri Rd,Mario Muñoz,Tex-Con,Fuel and Diesel,,Martin Gonzalez,Mario,1150
1151,2024-07-31 00:00:00.000000000,CPO W 35th,Mario Muñoz,ace Contractors Supply,Varius,,Isidro Sanchez,Mario,1151
1152,2024-08-01 00:00:00.000000000,Teri Rd,Mario Muñoz,Ace Contractors Supply,Varios,,Martin Gonzalez,Mario,1152
1153,2024-08-01 00:00:00.000000000,CPO Menchaca,Mario Muñoz,Ace Contractors Supply,Varios,HZL-2413,MM,Mario,1153
1154,2024-08-01 00:00:00.000000000,CPO Menchaca,Mario Muñoz,Tex-Con,Fuel and Diesel,,Jose A Zamarripa,Mario,1154
1155,2024-08-01 00:00:00.000000000,CPO Menchaca,Mario Muñoz,Ace Contractors Supply,Varios,,Jose A Zamarripa,Mario,1155
1156,2024-08-02 00:00:00.000000000,CPO Menchaca,Mario Muñoz,Ace Contractors Supply,Varios,HZL-2413,MM,Mario,1156
1157,2024-08-05 00:00:00.000000000,CPO Menchaca,Mario Muñoz,Ace Contractors Supply,Varios,,Jose A Zamarripa,Mario,1157
1158,2024-08-05 00:00:00.000000000,CPO W 35th,Mario Muñoz,Leo's,Fuel and Diesel,,Isidro Sanchez,Mario,1158
1159,2024-08-05 00:00:00.000000000,,Mario Muñoz,,Fuel and Diesel,,Jose de la Cerda,Mario,1159
1160,2024-08-05 00:00:00.000000000,CPO MENCHACA,Mario Muñoz,Leo's,Fuel and Diesel,,,Mario,1160
1161,2024-08-06 00:00:00.000000000,CPO Menchaca,Mario Muñoz,ACT Pipes And Supply,Varios,,Jose A Zamarripa,Mario,1161
1162,2024-08-06 00:00:00.000000000,Rosewood Ave,Mario Muñoz,Tex-Con,Fuel and Diesel,,Gerardo Sanchez,Mario,1162
1163,2024-08-06 00:00:00.000000000,Teri Rd,Mario Muñoz,Tex-Con,Fuel and Diesel,,Martin Gonzalez,Mario,1163
1164,,,,,,,,Mario,1164
1165,2024-08-09 00:00:00.000000000,CPO Menchaca,Mario Muñoz,Tex-Con,Fuel and Diesel,,Jose A Zamarripa,Mario,1165
1166,2024-08-09 00:00:00.000000000,Rosewood Ave,Mario Muñoz,CMC,Varios,,Gerardo Sanchez,Mario,1166
1167,2024-08-09 00:00:00.000000000,CPO Menchaca,Mario Muñoz,Ace Contractors Supply,Varios,HZL-2413,MM,Mario,1167
1168,2024-08-09 00:00:00.000000000,Teri Rd,Mario Muñoz,Ace Contractors Supply,Varios,,Martin Gonzalez,Mario,1168
1169,2024-08-09 00:00:00.000000000,Teri Rd,Mario Muñoz,Tex-Con,Fuel and Diesel,,Martin Gonzalez,Mario,1169
1170,2024-08-12 00:00:00.000000000,CPO W 35th,Mario Muñoz,Leo's,Fuel and Diesel,,Isidro Sanchez,Mario,1170
1171,2024-08-12 00:00:00.000000000,CPO W 35th,Mario Muñoz,Tex-Con,Fuel and Diesel,,Isidro Sanchez,Mario,1171
1172,2024-08-12 00:00:00.000000000,CPO W 35th,Mario Muñoz,Ace Contractors Supply,Varios,,Isidro Sanchez,Mario,1172
1173,2024-08-12 00:00:00.000000000,Varios,Mario Muñoz,Tex-Con,Fuel and Diesel,,Leyder Lopez,Mario,1173
1174,2024-08-12 00:00:00.000000000,Rosewood Ave,Mario Muñoz,RSS,Varios,,MM,Mario,1174
1175,2024-08-12 00:00:00.000000000,Varios,Mario Muñoz,Tex-Con,Fuel and Diesel,,Rogelio Lopez,Mario,1175
1176,2024-08-13 00:00:00.000000000,Rosewood Ave,Mario Muñoz,RSS,Varios,,MM,Mario,1176
1177,2024-08-13 00:00:00.000000000,Rosewood Ave,Mario Muñoz,Leo's,Fuel and Diesel,,Gerardo Sanchez,Mario,1177
1178,2024-08-13 00:00:00.000000000,Mesa Dr,Mario Muñoz,Tex-Con,Fuel and Diesel,,Daniel Ortega,Mario,1178
1179,2024-08-15 00:00:00.000000000,Rosewood Ave,Mario Muñoz,Leo's,Fuel and Diesel,,Gerardo Sanchez,Mario,1179
1180,2024-08-14 00:00:00.000000000,New York,Mario Muñoz,Leo's,Fuel and Diesel,,Francisco Aguirre,Mario,1180
1181,2024-08-14 00:00:00.000000000,CPO W 35th,Mario Muñoz,RSS,Varios,,Isidro Sanchez,Mario,1181
1182,,,,,,,,Mario,1182
1183,2024-08-16 00:00:00.000000000,CPO W 35th,Mario Muñoz,Ace Contractors Supply,Varios,,Isidro Sanchez,Mario,1183
1184,2024-08-16 00:00:00.000000000,Varios,Mario Muñoz,Tex-Con,Fuel and Diesel,,Leyder Lopez,Mario,1184
1185,2024-08-16 00:00:00.000000000,Varios,Mario Muñoz,Tex-Con,Fuel and Diesel,,Raul Lopez,Mario,1185
1186,2024-08-16 00:00:00.000000000,Varios,Mario Muñoz,Leo's,Fuel and Diesel,,Ksren Quintanar,Mario,1186
1187,2024-08-16 00:00:00.000000000,Rosewood Ave,Mario Muñoz,Ace Contractors Supply,Varios,,MM,Mario,1187
1188,2024-08-16 00:00:00.000000000,Varios,Mario Muñoz,Tex-Con,Fuel and Diesel,,Jose de la Cerda,Mario,1188
1189,2024-08-16 00:00:00.000000000,CapMetro,Mario Muñoz,Ace Contractors Supply,Varios,,Bryan Lopez,Mario,1189
1190,2024-08-19 00:00:00.000000000,W35th,Mario Muñoz,RSS,Varios,,MM,Mario,1190
1191,2024-08-19 00:00:00.000000000,Rosewood Ave,Mario Muñoz,Leo's,Fuel and Diesel,,Gerardo Sanchez,Mario,1191
1192,2024-08-20 00:00:00.000000000,CPO W 35th,Mario Muñoz,Leo's,Fuel and Diesel,,Isidro Sanchez,Mario,1192
1193,2024-08-20 00:00:00.000000000,CPO W 35th,Mario Muñoz,Ace Contractors Supply,Varios,,Isidro Sanchez,Mario,1193
1194,2024-08-21 00:00:00.000000000,Rosewood Ave,Mario Muñoz,RSS,Varios,,MM,Mario,1194
1195,2024-08-21 00:00:00.000000000,CPO Menchaca,Mario Muñoz,Tex-Con,Fuel and Diesel,,Jose A Zamarripa,Mario,1195
1196,2024-08-23 00:00:00.000000000,Varios,Mario Muñoz,Leo's,Fuel and Diesel,,Francisco Bocanegra,Mario,1196
1197,2024-08-23 00:00:00.000000000,Rosewood Ave,Mario Muñoz,Leo's,Fuel and Diesel,,Gerardo Sanchez,Mario,1197
1198,2024-08-26 00:00:00.000000000,CPO Menchaca,Mario Muñoz,Ace Contractors Supply,Varios,,MM,Mario,1198
1199,2024-08-28 00:00:00.000000000,CPO Menchaca,Mario Muñoz,Ace Contractors Supply,Varios,,MM,Mario,1199
1200,2024-08-29 00:00:00.000000000,CPO Menchaca,Mario Muñoz,Ace Contractors Supply,Varios,,Jose A Zamarripa,Mario,1200
1201,2024-08-30 00:00:00.000000000,Rosewood Ave,Mario Muñoz,RSS,Varios,,MM,Mario,1201
1202,2024-09-03 00:00:00.000000000,Rosewood Ave,Mario Muñoz,Leo's,Fuel and Diesel,,Gerardo Sanchez,Mario,1202
1203,2024-09-04 00:00:00.000000000,W35th,Mario Muñoz,RSS,Varios,,Isidro Sanchez,Mario,1203
1204,2024-09-04 00:00:00.000000000,W35th,Mario Muñoz,Ace Contractors Supply,Varios,,MM,Mario,1204
1205,2024-09-04 00:00:00.000000000,CPO Menchaca,Mario Muñoz,Tex-Con,Fuel and Diesel,,Jose A Zamarripa,Mario,1205
1206,2024-09-05 00:00:00.000000000,W35th,Mario Muñoz,Leo's,Fuel and Diesel,,Isidro Sanchez,Mario,1206
1207,2024-09-05 00:00:00.000000000,Rosewood Ave,Mario Muñoz,RSS,Varios,,MM,Mario,1207
1208,2024-09-06 00:00:00.000000000,CPO Menchaca,Mario Muñoz,Ace Contractors Supply,Varios,,Jose A Zamarripa,Mario,1208
1209,2024-09-06 00:00:00.000000000,Rosewood Ave,Mario Muñoz,Leo's,Fuel and Diesel,,Gerardo Sanchez,Mario,1209
1210,2024-09-09 00:00:00.000000000,Rosewood Ave,Mario Muñoz,Ace Contractors Supply,Varios,,MM,Mario,1210
1211,2024-09-10 00:00:00.000000000,Rosewood Ave,Mario Muñoz,Tex-Con,Fuel and Diesel,,Gerardo Sanchez,Mario,1211
1212,2024-09-10 00:00:00.000000000,Rosewood Ave,Mario Muñoz,Leo's,Fuel and Diesel,,Gerardo Sanchez,Mario,1212
1213,2024-09-11 00:00:00.000000000,W35th,Mario Muñoz,ACT Pipe and Supply,HDPE,,MM,Mario,1213
1214,2024-09-11 00:00:00.000000000,W35th,Mario Muñoz,Tex-Con,Fuel and Diesel,,Isidro Sanchez,Mario,1214
1215,2024-09-11 00:00:00.000000000,W35th,Mario Muñoz,Leo's,Fuel and Diesel,,Isidro Sanchez,Mario,1215
1216,2024-09-11 00:00:00.000000000,CPO Menchaca,Mario Muñoz,Ace Contractors Supply,Varios,,MM,Mario,1216
1217,2024-09-13 00:00:00.000000000,Varios,Mario Muñoz,Tex-Con,Fuel and Diesel,,Abrham Gonzalez,Mario,1217
1218,2024-09-13 00:00:00.000000000,Rosewood Ave,Mario Muñoz,Ace Contractors Supply,Varios,,MM,Mario,1218
1219,2024-09-13 00:00:00.000000000,W35th,Mario Muñoz,ACT Pipe and Supply,Plain meter,,MM,Mario,1219
1220,2024-09-13 00:00:00.000000000,CPO Menchaca,Mario Muñoz,Ace Contractors Supply,Varios,,Jose A Zamarripa,Mario,1220
1221,2024-09-13 00:00:00.000000000,CPO Menchaca,Mario Muñoz,Tex-Con,Fuel and Diesel,,Jose A Zamarripa,Mario,1221
1222,2024-09-16 00:00:00.000000000,CPO Menchaca,Mario Muñoz,Ace Contractors Supply,Varios,,MM,Mario,1222
1223,2024-09-17 00:00:00.000000000,CPO Menchaca,Mario Muñoz,Ace Contractors Supply,Varios,,MM,Mario,1223
1224,2024-09-12 00:00:00.000000000,W35th,Mario Muñoz,Ace Contractors Supply,Varios,,MM,Mario,1224
1225,2024-09-18 00:00:00.000000000,W35th,Mario Muñoz,Leo's,Fuel and Diesel,,MM,Mario,1225
1226,2024-09-18 00:00:00.000000000,Rosewood Ave,Mario Muñoz,Leo's,Fuel and Diesel,,Gerardo Sanchez,Mario,1226
1227,2024-09-18 00:00:00.000000000,W35th,Mario Muñoz,Ace Contractors Supply,Varios,,MM,Mario,1227
1228,2024-09-19 00:00:00.000000000,Rosewood Ave,Mario Muñoz,Ace Contractors Supply,Varios,Hzl,MM,Mario,1228
1229,2024-09-20 00:00:00.000000000,Padron ES,Mario Muñoz,Ace Contractors Supply,Varios,,MM,Mario,1229
1230,2024-09-23 00:00:00.000000000,Rosewood Ave,Mario Muñoz,Ace Contractors Supply,Varios,,Martin Gonzalez,Mario,1230
1231,2024-09-24 00:00:00.000000000,CPO Menchaca,Mario Muñoz,Tex-Con,Fuel and Diesel,,Jose A Zamarripa,Mario,1231
1232,2024-10-24 00:00:00.000000000,Mokan Trail P4,Mario Muñoz,Leo's,Fuel and Diesel,,Isidro Sanchez,Mario,1232
1233,2024-10-24 00:00:00.000000000,CPO Menchaca,Mario Muñoz,Tex-Con,Fuel and Diesel,,Jose A Zamarripa,Mario,1233
1234,2024-10-25 00:00:00.000000000,Rosewood Ave,Mario Muñoz,Leo's,Fuel and Diesel,,Gerardo Sanchez,Mario,1234
1235,2024-09-25 00:00:00.000000000,CPO Menchaca,Mario Muñoz,ace Contractors Supply,Varios,,MM,Mario,1235
1236,2024-09-27 00:00:00.000000000,Teri Rd,Mario Muñoz,Leo's,Fuel and Diesel,,Martin Gonzalez,Mario,1236
1237,2024-09-27 00:00:00.000000000,CPO Menchaca,Mario Muñoz,Ace Contractors Supply,Varios,,MM,Mario,1237
1238,,CPO Menchaca,Mario Muñoz,Texas Materials,Concrete,,MM,Mario,1238
1239,2024-10-18 00:00:00.000000000,CPO Menchaca,Mario Muñoz,Ace Contractors Supply,Varios,,Jose A Zamarripa,Mario,1239
1240,2024-10-18 00:00:00.000000000,Rosewood Ave,Mario Muñoz,Tex-Con,Fuel and Diesel,,Gerardo Sanchez,Mario,1240
1241,,Teri Rd,Mario Muñoz,Ace Contractors Supply,Varios,,Isidro Garcia,Mario,1241
1242,,Cesar Chavez,Mario Muñoz,Tex-Con,Fuel and Diesel,,Martin Gonzalez,Mario,1242
1243,,Teri Rd,Mario Muñoz,Leo's,Fuel and Diesel,,Antonio,Mario,1243
1244,,Mokan Trail P4,Mario Muñoz,ACe Contractors Supply,Varios,,Isidro Sanchez,Mario,1244
1245,2024-10-01 00:00:00.000000000,Mokan Trail P4,Mario Muñoz,Leo's,Fuel and Diesel,,Isidro Sanchez,Mario,1245
1246,2024-10-01 00:00:00.000000000,Rosewood Ave,Mario Muñoz,Leo's,Fuel and Diesel,,Gerardo Sanchez,Mario,1246
1247,2024-10-02 00:00:00.000000000,Teri Rd,Mario Muñoz,Tex-Con,Fuel and Diesel,,Martin Gonzalez,Mario,1247
1248,2024-10-02 00:00:00.000000000,CpO Menchaca,Mario Muñoz,Tex-Con,Fuel and Diesel,,Jose A Zamarripa,Mario,1248
1249,2024-10-03 00:00:00.000000000,Teri Rd,Mario Muñoz,Ace Contractors Supply,Varios,,Martin Gonzalez,Mario,1249
1250,2024-10-03 00:00:00.000000000,,Mario Muñoz,Tex-Con,Fuel and Diesel,,Abraham Gonzalez,Mario,1250
1251,2024-10-04 00:00:00.000000000,Rosewood Ave,Mario Muñoz,Leo's,Fuel and Diesel,,Gerardo Sanchez,Mario,1251
1252,2024-10-07 00:00:00.000000000,Rosewood Ave,Mario Muñoz,Tex-Con,Fuel and Diesel,,Gerardo Sanchez,Mario,1252
1253,2024-10-07 00:00:00.000000000,Teri Rd,Mario Muñoz,Ace Contractors Supply,Varios,,Martin Gonzalez,Mario,1253
1254,2024-10-07 00:00:00.000000000,Teri Rd,Mario Muñoz,Ace Contractors Supply,Varios,,Martin Gonzalez,Mario,1254
1255,2024-10-07 00:00:00.000000000,Mokan Trail P4,Mario Muñoz,Leo's,Fuel and Diesel,,Isidro Sanchez,Mario,1255
1256,2024-10-08 00:00:00.000000000,Teri Rd,Mario Muñoz,Tex-Con,Fuel and Diesel,,Martin Gonzalez,Mario,1256
1257,,,Mario Muñoz,Texas Materials,Concrete,,MM,Mario,1257
1258,2024-10-08 00:00:00.000000000,Mokan Trail P4,Mario Muñoz,Tex-Con,Fuel and Diesel,,Isidro Sanchez,Mario,1258
1259,2024-10-08 00:00:00.000000000,Mokan Trail P4,Mario Muñoz,Ace Contractors Supply,Varios,,Isidro Sanchez,Mario,1259
1260,2024-10-08 00:00:00.000000000,,Mario Muñoz,Tex-Con,Fuel and Diesel,,Abraham Gonzalez,Mario,1260
1261,2024-10-02 00:00:00.000000000,CPO Menchaca,Mario Muñoz,ACT Pipe,Varios,,MM,Mario,1261
1262,2024-10-09 00:00:00.000000000,Teri Rd,Mario Muñoz,Ace Contractors Supply,Varios,,Martin Gonzalez,Mario,1262
1263,2024-10-10 00:00:00.000000000,Teri Rd,Mario Muñoz,Ace Contractors Supply,Varios,,Martin Gonzalez,Mario,1263
1264,2024-10-10 00:00:00.000000000,Rosewood Ave,Mario Muñoz,CMC,Varios,,Gerardo Sanchez,Mario,1264
1265,2024-10-11 00:00:00.000000000,Teri Rd,Mario Muñoz,RSS supplies,Varios,,Martin Gonzalez,Mario,1265
1266,2024-10-11 00:00:00.000000000,Rosewood Ave,Mario Muñoz,Leo's,Fuel and Diesel,,Gerardo Sanchez,Mario,1266
1267,2024-10-14 00:00:00.000000000,CPO Menchaca,Mario Muñoz,Tex-Con,Fuel and Diesel,,Jose A Zamarripa,Mario,1267
1268,2024-10-14 00:00:00.000000000,CPO Menchaca,Mario Muñoz,Ace Contractors Supply,Varios,,Jose A Zamarripa,Mario,1268
1269,,CPO Menchaca,Mario Muñoz,Texas Materials,Concrete,,,Mario,1269
1270,2024-10-14 00:00:00.000000000,Rosewood Ave,Mario Muñoz,Ace Contractors Supply,Varios,,MM,Mario,1270
1271,2024-10-15 00:00:00.000000000,Mokan Trail P4,Mario Muñoz,Leo's,Fuel and Diesel,,Isidro Sanchez,Mario,1271
1272,2024-10-15 00:00:00.000000000,Teri Rd,Mario Muñoz,Tex-Con,Fuel and Diesel,,Martin Gonzalez,Mario,1272
1273,2024-10-16 00:00:00.000000000,Rosewood Ave,Mario Muñoz,Ace Contractors Supply,Varios,,MM,Mario,1273
1274,2024-10-17 00:00:00.000000000,Mokan Trail P4,Mario Muñoz,Ace Contractors Supply,Varios,,Isidro Sanchez,Mario,1274
1275,2024-10-17 00:00:00.000000000,Rosewood Ave,Mario Muñoz,Leo's,Fuel and Diesel,,Gerardo Sanchez,Mario,1275
1276,2024-11-01 00:00:00.000000000,Teri Rd,Mario Munoz,Leo's,Fuel and Diesel,,Isidro Garcia,Mario,1276
1277,2024-11-04 00:00:00.000000000,Rosewood Ave,Mario Muñoz,ACe Contractors Supply,Varios,,MM,Mario,1277
1278,2024-11-05 00:00:00.000000000,Mokan Trail Phase 4,Mario Muñoz,Leo's,Fuel and Diesel,,Isidro Sanchez,Mario,1278
1279,2024-11-04 00:00:00.000000000,Rosewood Ave,Mario Muñoz,Tex-Con,Fuel and Diesel,,Gerardo Sanchez,Mario,1279
1280,2024-11-05 00:00:00.000000000,Mokan Trail Phase 4,Mario Muñoz,Ace Contractors Supply,Varios,,Isidro Sanchez,Mario,1280
1281,2024-11-06 00:00:00.000000000,Mokan Trail Phase 4,Mario Muñoz,Ace Contractors Supply,Varios,,Isidro Sanchez,Mario,1281
1282,2024-11-07 00:00:00.000000000,Cesar Chavez,Mario Muñoz,Ace Contractors Supply,Varios,,Martin Gonzalez,Mario,1282
1283,2024-11-07 00:00:00.000000000,Rosewood Ave,Mario Muñoz,Leo's,Fuel and Diesel,,Gerardo Sanchez,Mario,1283
1284,2024-11-07 00:00:00.000000000,Cesar Chavez,Mario Muñoz,Ace Contractors Supply,Varios,,Martin Gonzalez,Mario,1284
1285,2024-11-07 00:00:00.000000000,W35TH,Mario Muñoz,Tex-Con,Fuel and Diesel,,Jose A Zamarripa,Mario,1285
1286,2024-11-08 00:00:00.000000000,,Mario Muñoz,Tex-Con,Fuel and Diesel,,Abraham Gonzalez,Mario,1286
1287,2024-11-11 00:00:00.000000000,Mokan Trail Phase 4,Mario Muñoz,Leo's,Fuel and Diesel,,Isidro Sanchez,Mario,1287
1288,2024-11-11 00:00:00.000000000,Rosewood Ave,Mario Muñoz,Leo's,Fuel and Diesel,,Gerardo Sanchez,Mario,1288
1289,2024-11-11 00:00:00.000000000,Cesar Chavez,Mario Muñoz,Ace Contractors Supply,Varios,,Martin Gonzalez,Mario,1289
1290,,,,,,,,Mario,1290
1291,2024-11-11 00:00:00.000000000,Cesar Chavez,Mario Muñoz,Ace Contractors Supply,Varios,,Martin Gonzalez,Mario,1291
1292,2024-11-12 00:00:00.000000000,Mokan Trail Phase 4,Mario Muñoz,Ace Contractors Supply,Varios,,Isidro Sanchez,Mario,1292
1293,2024-11-12 00:00:00.000000000,Cesar Chavez,Mario Muñoz,Tex-Con,Fuel and Diesel,,Martin Gonzalez,Mario,1293
1294,2024-11-13 00:00:00.000000000,Rosewood Ave,Mario Muñoz,Leo's,Fuel and Diesel,,Gerardo Sanchez,Mario,1294
1295,2024-11-13 00:00:00.000000000,Mokan Trail Phase 4,Mario Muñoz,Ace Contractors Supply,Varios,,Isidro Sanchez,Mario,1295
1296,2024-11-13 00:00:00.000000000,Rosewood Ave,Mario Muñoz,Tex-Con,Fuel and Diesel,,Gerardo Sanchez,Mario,1296
1297,2024-11-04 00:00:00.000000000,Teri Rd,Mario Muñoz,Ace Contractors Supply,Varios,,MM,Mario,1297
1298,2024-10-28 00:00:00.000000000,W35TH,Mario Munoz,Tex-Con,Fuel and Diesel,,Jose A Zamarripa,Mario,1298
1299,2024-10-24 00:00:00.000000000,Rosewood Ave,Mario Muñoz,Leo's,Fuel and Diesel,,Gerardo Sanchez,Mario,1299
1300,2024-10-24 00:00:00.000000000,Rosewood Ave,Mario Muñoz,Leo's,Fuel and Diesel,,Abraham Gonzalez,Mario,1300
1301,2024-10-24 00:00:00.000000000,Mokan Trail Phase 4,Mario Muñoz,Tex-Con,Fuel and Diesel,,Isidro Sanchez,Mario,1301
1302,2024-10-28 00:00:00.000000000,Rosewood Ave,Mario Muñoz,CMC,Varios,,MM,Mario,1302
1303,2024-10-28 00:00:00.000000000,Cesar Chavez,Mario Muñoz,Tex-Con,Fuel and Diesel,,Victor Sanchez,Mario,1303
1304,2024-10-28 00:00:00.000000000,Teri Rd,Mario Muñoz,Leo's,Fuel and Diesel,,Isidro Garcia,Mario,1304
1305,2024-11-25 00:00:00.000000000,W38th ST,Mario Muñoz,Leo's,Fuel and Diesel,,Omar Hernandez,Mario,1305
1306,2024-10-28 00:00:00.000000000,Cesar Chavez,Mario Muñoz,Tex-Con,Fuel and Diesel,,Martin Gonzalez,Mario,1306
1307,2024-10-28 00:00:00.000000000,Rosewood Ave,Mario Muñoz,Ace Contractors Supply,Varios,,Gerardo Sanchez,Mario,1307
1308,2024-10-29 00:00:00.000000000,Cesar Chavez,Mario Muñoz,Ace Contractors Supply,Varios,,Martin Gonzalez,Mario,1308
1309,2024-10-29 00:00:00.000000000,W35TH,Mario Munoz,Leo's,Fuel and Diesel,,Jose A Zamarripa,Mario,1309
1310,2024-10-28 00:00:00.000000000,Teri Rd,Mario Muñoz,Leo's,Fuel and Diesel,,Antonio,Mario,1310
1311,2024-10-28 00:00:00.000000000,Teri Rd,Mario Muñoz,Ace Contractors Supply,Varios,,Antonio,Mario,1311
1312,2024-10-30 00:00:00.000000000,Rosewood Ave,Mario Muñoz,Ace Contractors Supply,Varios,,MM,Mario,1312
1313,2024-10-28 00:00:00.000000000,Mokan Trail Phase 4,Mario Muñoz,Leo's,Fuel and Diesel,,Isidro Sanchez,Mario,1313
1314,2024-11-04 00:00:00.000000000,Mokan Trail Phase 4,Mario Muñoz,Tex-Con,Fuel and Diesel,,Isidro Sanchez,Mario,1314
1315,2024-10-31 00:00:00.000000000,Rosewood Ave,Mario Munoz,Leo's,Fuel and Diesel,,Gerardo Sanchez,Mario,1315
1316,2024-10-31 00:00:00.000000000,Mokan Trail Phase 4,Mario Muñoz,Leo's,Fuel and Diesel,,Isidro Sanchez,Mario,1316
1317,2024-11-26 00:00:00.000000000,Cesar Chavez,Mario Muñoz,Leo's,Fuel and Diesel,,Martin Gonzalez,Mario,1317
1318,2024-11-27 00:00:00.000000000,Teri Rd,Mario Muñoz,Ace Contractors Supply,Varios,,Hector Manzanares,Mario,1318
1319,2024-11-27 00:00:00.000000000,Mokan Trail Phase 4,Mario Muñoz,Ace Contractors Supply,Varios,,Isidro Sanchez,Mario,1319
1320,2024-12-02 00:00:00.000000000,Rosewood Ave,Mario Muñoz,Tex-Con,Fuel and Diesel,,Gerardo Sanchez,Mario,1320
1321,2024-12-02 00:00:00.000000000,Mokan Trail Phase 4,Mario Muñoz,Tex-Con,Fuel and Diesel,,Isidro Sanchez,Mario,1321
1322,2024-12-02 00:00:00.000000000,Mokan Trail Phase 4,Mario Muñoz,Leo's,Fuel and Diesel,,Isidro Sanchez,Mario,1322
1323,2024-12-03 00:00:00.000000000,Cesar Chavez,Mario Muñoz,Tex-Con,Fuel and Diesel,,Martin Gonzalez,Mario,1323
1324,2024-12-03 00:00:00.000000000,W 38th,Mario Muñoz,Leo's,Fuel and Diesel,,Omar Hernandez,Mario,1324
1325,2024-12-03 00:00:00.000000000,Mokan Trail Phase 4,Mario Muñoz,Ace Contractors Supply,Varios,,Isidro Sanchez,Mario,1325
1326,2024-12-05 00:00:00.000000000,Rosewood Ave,Mario Muñoz,Leo's,Fuel and Diesel,,Gerardo Sanchez,Mario,1326
1327,2024-12-06 00:00:00.000000000,Cesar Chavez,Mario Muñoz,Leo's,Fuel and Diesel,,Martin Gonzalez,Mario,1327
1328,2024-12-06 00:00:00.000000000,Cesar Chavez,Mario Muñoz,RSS,Varios,,MM,Mario,1328
1329,2024-12-06 00:00:00.000000000,Rosewood Ave,Mario Muñoz,Leo's,Fuel and Diesel,,Gerardo Sanchez,Mario,1329
1330,2024-12-09 00:00:00.000000000,Rosewood Ave,Mario Muñoz,Leo's,Fuel and Diesel,,Gerardo Sanchez,Mario,1330
1331,2024-12-10 00:00:00.000000000,Rosewood Ave,Mario Muñoz,Ace Contractors Supply,Varios,HZL 2314,MM,Mario,1331
1332,2024-12-10 00:00:00.000000000,Rosewood Ave,Mario Muñoz,Leo's,Fuel and Diesel,HZL 2314,MM,Mario,1332
1333,2024-12-11 00:00:00.000000000,Cesar Chavez,Mario Muñoz,Tex-Con,Fuel and Diesel,,Martin Gonzalez,Mario,1333
1334,2024-12-11 00:00:00.000000000,Cesar Chavez,mario Muñoz,Ace Contractors Supply,Varios,,MM,Mario,1334
1335,2024-12-11 00:00:00.000000000,Mokan Trail Phase 4,Mario Muñoz,Ace Contractors Supply,Varios,,Isidro Sanchez,Mario,1335
1336,2024-12-12 00:00:00.000000000,Rosewood Ave,Mario Muñoz,Leo's,Fuel and Diesel,,Gerardo Sanchez,Mario,1336
1337,2024-12-12 00:00:00.000000000,Cesar Chavez,Mario Muñoz,Ace Contractors Supply,Varios,,Martin Gonzalez,Mario,1337
1338,2024-12-13 00:00:00.000000000,Mokan Trail Phase 4,Mario Muñoz,Tex-Con,Fuel and Diesel,,Isidro Sanchez,Mario,1338
1339,,Teri Rd,Mario Muñoz,Texas Materials,Concrete,,MM,Mario,1339
1340,2024-12-16 00:00:00.000000000,Rosewood Ave,Mario Muñoz,Tex-Con,Fuel and Diesel,,Gerardo Sanchez,Mario,1340
1341,2024-12-16 00:00:00.000000000,W 38th,Mario Muñoz,Leo's,Fuel and Diesel,,Omar Hernandez,Mario,1341
1342,2024-12-17 00:00:00.000000000,Cesar Chavez,Mario Muñoz,Tex-Con,Fuel and Diesel,,Martin Gonzalez,Mario,1342
1343,2024-12-17 00:00:00.000000000,W 38th,Mario Muñoz,Buyers barricades,Varios,,MM,Mario,1343
1344,2024-12-17 00:00:00.000000000,Bold Rd,Mario Muñoz,Leo's,Fuel and Diesel,,Isidro Sanchez,Mario,1344
1345,2024-12-17 00:00:00.000000000,Rosewood Ave,Mario Muñoz,O'Rally,Varios,,Gerardo Sanchez,Mario,1345
1346,2024-12-18 00:00:00.000000000,Bold Rd,Mario Muñoz,Tex-Con,Fuel and Diesel,,Isidro Sanchez,Mario,1346
1347,2024-12-19 00:00:00.000000000,Rosewood Ave,Mario Muñoz,Ace Contractors Supply,Varios,,Gerardo Sanchez,Mario,1347
1348,,,,,,,,Mario,1348
1349,2024-12-20 00:00:00.000000000,Bold Rd,Mario Muñoz,Ace Contractors Supply,Varios,,Isidro Sanchez,Mario,1349
1350,2024-12-29 00:00:00.000000000,Mesa Dr,Mario Muñoz,Tex-Con,Fuel and Diesel,,Juan Daniel Ortega,Mario,1350
1351,2024-12-30 00:00:00.000000000,Metric Blvd,Mario Muñoz,Leo's,Fuel and Diesel,,Avisai Jimenez,Mario,1351
1352,2024-12-30 00:00:00.000000000,Airpot Blv,Mario Muñoz,Ace Contractors Supply,Varios,,Isidro Garcia,Mario,1352
1353,2024-12-30 00:00:00.000000000,Airpot Blv,Mario Muñoz,Tex-Con,Fuel and Diesel,,Isidro Garcia,Mario,1353
1354,2025-01-02 00:00:00.000000000,W 38th,Mario Muñoz,Leo's,Fuel and Diesel,,Omar Hernandez,Mario,1354
1355,2025-01-02 00:00:00.000000000,W 38th,Mario Muñoz,Leo's,Fuel and Diesel,,Omar Hernandez,Mario,1355
1356,2025-01-02 00:00:00.000000000,Cesar Chavez,Mario Muñoz,Marcelo,Varios,,Marshall (Ash dem),Mario,1356
1357,2024-12-31 00:00:00.000000000,Rosewood Ave,Mario Munoz,CMC,Varios,,MM,Mario,1357
1358,2025-01-02 00:00:00.000000000,Bold Rd,Mario Muñoz,Ace Contractors Supply,Varios,,Isidro Sanchez,Mario,1358
1359,2025-01-02 00:00:00.000000000,Rosewood Ave,Mario Muñoz,Ace Contractors Supply,Varios,,Gerardo Sanchez,Mario,1359
1360,2025-01-02 00:00:00.000000000,Rosewood Ave,Mario Muñoz,Leo's,Fuel and Diesel,,Gerardo Sanchez,Mario,1360
1361,2025-01-02 00:00:00.000000000,Rundberg ln,Mario Muñoz,Leo's,Fuel and Diesel,,Francisco Aguirre,Mario,1361
1362,2024-01-02 00:00:00.000000000,Vinson Dr,Mario Muñoz,Ace Contractors Supply,Varios,,Jose A Zamarripa,Mario,1362
1363,2024-01-02 00:00:00.000000000,Vinson Dr,Mario Muñoz,Tex-Con,Fuel and Diesel,,Jose A Zamarripa,Mario,1363
1364,2025-01-02 00:00:00.000000000,Bold Rd,Mario Muñoz,Leo's,Fuel and Diesel,,Isidro Sanchez,Mario,1364
1365,2025-01-02 00:00:00.000000000,Mesa Dr,Mario Muñoz,Ace Contractors Supply,Varios,,Juan Daniel Ortega,Mario,1365
1366,2025-01-02 00:00:00.000000000,Mesa Dr,Mario Muñoz,Tex-Con,Fuel and Diesel,,Juan Daniel Ortega,Mario,1366
1367,2025-01-02 00:00:00.000000000,Cesar Chavez,Mario Muñoz,Tex-Con,Fuel and Diesel,,Martin Gonzalez,Mario,1367
1368,2025-01-02 00:00:00.000000000,,Mario Muñoz,Tex-Con,Fuel and Diesel,,Jose de la Cerda,Mario,1368
1369,2025-01-03 00:00:00.000000000,Cesar Chavez,Mario Muñoz,Marcelo,Varios,,Raul Lopez,Mario,1369
1370,,,,,,,,Mario,1370
1371,2025-01-07 00:00:00.000000000,Rosewood Ave,Mario Muñoz,CMC,Varios,,Gerardo Sanchez,Mario,1371
1372,2025-01-09 00:00:00.000000000,Bold Rd,Mario Munoz,Tex-Con,Fuel and Diesel,,Isidro Sanchez,Mario,1372
1373,2025-01-09 00:00:00.000000000,Rosewood Ave,Mario Munoz,Tex-Con,Fuel and Diesel,,Gerardo Sanchez,Mario,1373
1374,2025-01-09 00:00:00.000000000,Cesar Chavez,Mario Munoz,Tex-Con,Fuel and Diesel,,Martin Gonzalez,Mario,1374
1375,2025-01-10 00:00:00.000000000,,Mario Munoz,Tex-Con,Fuel and Diesel,,Abraham Gonzalez,Mario,1375
1376,2025-01-13 00:00:00.000000000,Rosewood Ave,Mario Munoz,Ace Contractors Supply,Varios,,MM,Mario,1376
1377,2025-01-13 00:00:00.000000000,Bold Rd,Mario Munoz,Ace Contractors Supply,Varios,,Isidro Sanchez,Mario,1377
1378,2025-01-13 00:00:00.000000000,Rosewood Ave,Mario Munoz,Leo's,Fuel and Diesel,,Gerardo Sanchez,Mario,1378
1379,2025-01-15 00:00:00.000000000,Cesar Chavez,Mario Munoz,Tex-Con,Fuel and Diesel,,Martin Gonzalez,Mario,1379
1380,2025-01-15 00:00:00.000000000,W 38th,Mario Munoz,Tex-Con,Fuel and Diesel,,Omar Hernandez,Mario,1380
1381,2025-01-16 00:00:00.000000000,Rosewood Ave,Mario Munoz,Ace Contractors Supply,Varios,,MM,Mario,1381
1382,2025-01-16 00:00:00.000000000,Bold Rd,Mario Munoz,Leo's,Fuel and Diesel,,Isidro Sanchez,Mario,1382
1383,2025-01-17 00:00:00.000000000,W 38th,Mario Munoz,Ace Contractors Supply,Varios,,Omar Hernandez,Mario,1383
1384,2025-01-17 00:00:00.000000000,W 38th,Mario Munoz,Ace Contractors Supply,Varios,,MM,Mario,1384
1385,2025-01-17 00:00:00.000000000,Rosewood Ave,Mario Munoz,Leo's,Fuel and Diesel,,Gerardo Sanchez,Mario,1385
1386,2025-01-20 00:00:00.000000000,Bold Rd,Mario Munoz,Tex-Con,Fuel and Diesel,,Isidro Sanchez,Mario,1386
1387,2025-01-22 00:00:00.000000000,Cesar Chavez,Mario Munoz,Tex-Con,Fuel and Diesel,,Martin Gonzalez,Mario,1387
1388,2025-01-23 00:00:00.000000000,Rosewood Ave,Mario Munoz,Leo's,Fuel and Diesel,,Gerardo Sanchez,Mario,1388
1389,2025-01-23 00:00:00.000000000,Bold Rd,Mario Munoz,Ace Contractors Supply,Varios,,Isidro Sanchez,Mario,1389
1390,2025-01-23 00:00:00.000000000,Cesar Chavez,Mario Munoz,Ace Contractors Supply,Varios,,Martin Gonzalez,Mario,1390
1391,2025-01-24 00:00:00.000000000,,Mario Munoz,Tex Materials,,,MM,Mario,1391
1392,2025-01-25 00:00:00.000000000,Bold Rd,Mario Munoz,O'Rally,Varios,,Isidro Sanchez,Mario,1392
1393,2025-01-27 00:00:00.000000000,Bold Rd,Mario Munoz,Ace Contractors Supply,Varios,,Isidro Sanchez,Mario,1393
1394,2025-01-28 00:00:00.000000000,W 38th,Mario Munoz,Leo's,Fuel and Diesel,,Omar Hernandez,Mario,1394
1395,2025-01-28 00:00:00.000000000,Rosewood Ave,Mario Munoz,Leo's,Fuel and Diesel,,Gerardo Sanchez,Mario,1395
1396,2025-01-28 00:00:00.000000000,Cesar Chavez,Mario Munoz,Tex-Con,Fuel and Diesel,,Martin Gonzalez,Mario,1396
1397,2025-01-29 00:00:00.000000000,Rosewood Ave,Mario Munoz,Ace Contractors Supply,Varios,,MM,Mario,1397
1398,2025-02-04 00:00:00.000000000,Rosewood Ave,Mario Munoz,Ace Contractors Supply,Varios,,MM,Mario,1398
1399,2025-01-30 00:00:00.000000000,Rosewood Ave,Mario Munoz,Ace Contractors Supply,Varios,,MM,Mario,1399
1400,2025-01-30 00:00:00.000000000,Bold Rd,Mario Munoz,Ace Contractors Supply,Varios,,Isidro Sanchez,Mario,1400
1401,2025-01-31 00:00:00.000000000,Bold Rd,Mario Munoz,Leo's,Fuel and Diesel,,Isidro Sanchez,Mario,1401
1402,2025-02-03 00:00:00.000000000,CTECC,Mario Munoz,Ace Contractors Supply,Varios,,Antonio ,Mario,1402
1403,2025-02-03 00:00:00.000000000,Cesar Chavez,Mario Munoz,Tex-Con,Fuel and Diesel,,Martin Gonzalez,Mario,1403
1404,,,,,,,,Mario,1404
1405,,,,,,,,Mario,1405
1406,2025-02-04 00:00:00.000000000,Bold Rd,Mario Munoz,Ace Contractors Supply,Varios,,Isidro Sanchez,Mario,1406
1407,,,,,,,,Mario,1407
1408,2025-02-05 00:00:00.000000000,W 38th,Mario Munoz,Leo's,Fuel and Diesel,,Omar Hernandez,Mario,1408
1409,2025-02-04 00:00:00.000000000,Bold Rd,Mario Munoz,Ace Contractors Supply,Varios,,Isidro Sanchez,Mario,1409
1410,,,,,,,,Mario,1410
1411,,,,,,,,Mario,1411
1412,,,,,,,,Mario,1412
1413,2025-02-07 00:00:00.000000000,CTECC,Mario Munoz,Ace Contractors Supply,varios,,Antonio G,Mario,1413
1414,,W 38th,Mario Munoz,Texas materials,Asphalt,,MM,Mario,1414
1415,2025-02-08 00:00:00.000000000,CTECC,Mario Munoz,Tex-Con,Fuel and Diesel,,Antonio G,Mario,1415
1416,2025-02-10 00:00:00.000000000,N Lamar,Mario Munoz,Tex-Con,Fuel and Diesel,,Isidro Sanchez,Mario,1416
1417,2025-02-10 00:00:00.000000000,W 38th,Mario Munoz,Leo's,Fuel and Diesel,,Omar Hernandez,Mario,1417
1418,2025-02-10 00:00:00.000000000,Cesar Chavez,Mario Munoz,Ace Contractors Supply,Varios,,Martin Gonzalez,Mario,1418
1419,2025-02-11 00:00:00.000000000,Rosewood Ave,Mario Munoz,Leo's,Fuel and Diesel,,Gerardo Sanchez,Mario,1419
1420,2025-02-11 00:00:00.000000000,N Lamar,Mario Munoz,Ace Contractors Supply,Varios,,Isidro Sanchez,Mario,1420
1421,2025-02-13 00:00:00.000000000,Cesar Chavez,Mario Munoz,Ace Contractors Supply,Varios,,MM,Mario,1421
1422,2025-02-14 00:00:00.000000000,Cesar Chavez,Mario Munoz,Tex-Con,Fuel and Diesel,,Martin Gonzalez,Mario,1422
1423,2025-02-14 00:00:00.000000000,Cesar Chavez,Mario Munoz,Ace Contractors Supply,Varios,,Martin Gonzalez,Mario,1423
1424,2025-02-17 00:00:00.000000000,Rosewood Ave,Mario Munoz,Leo's,Fuel and Diesel,,Gerardo Sanchez,Mario,1424
1425,2025-02-17 00:00:00.000000000,N Lamar,Mario Munoz,Leo's,Fuel and Diesel,,Isidro Sanchez,Mario,1425
1426,2025-02-18 00:00:00.000000000,W 38th,Mario Munoz,ACT Pipe and supply,Inlet ring,,MM,Mario,1426
1427,2025-02-19 00:00:00.000000000,W 38th,Mario Munoz,Leo's,Fuel and Diesel,,Omar Hernandez,Mario,1427
1428,2025-02-20 00:00:00.000000000,Cesar Chavez,Mario Munoz,RSS,Varios,,MM,Mario,1428
1429,,,,,,,,Mario,1429
1430,2025-02-25 00:00:00.000000000,Rosewood Ave,Mario Munoz,Ace Contractors Supply,Varios,,MM,Mario,1430
1431,2025-02-26 00:00:00.000000000,N Lamar,Mario Munoz,Ace Contractors Supply,Varios,,MM,Mario,1431
1432,2025-02-26 00:00:00.000000000,N Lamar,Mario Munoz,Tex-Con,Fuel and Diesel,,MM,Mario,1432
1433,2025-02-27 00:00:00.000000000,Rosewood Ave,Mario Munoz,Ace Contractors Supply,Varios,,MM,Mario,1433
1434,2025-02-27 00:00:00.000000000,Rosewood Ave,Mario Munoz,Leo's,Fuel and Diesel,,MM,Mario,1434
1435,2025-02-28 00:00:00.000000000,W 38th,Mario Munoz,Ace Contractors Supply,Varios,,MM,Mario,1435
1436,2025-02-28 00:00:00.000000000,W 38th,Mario Munoz,Leo's,Fuel and Diesel,,MM,Mario,1436
1437,2025-03-04 00:00:00.000000000,CTECC,Mario Munoz,Tex-Con,Fuel and Diesel,,MM,Mario,1437
1438,,,,,,,,Mario,1438
1439,2025-03-05 00:00:00.000000000,Rosewood Ave,Mario Munoz,Ace Contractors Supply,Varios,,MM,Mario,1439
1440,2025-03-06 00:00:00.000000000,W 38th,Mario Munoz,Leo's,Fuel and Diesel,,MM,Mario,1440
1441,2025-03-06 00:00:00.000000000,Rosewood Ave,Mario Munoz,Ace Contractors Supply,Varios,,MM,Mario,1441
1442,2025-03-06 00:00:00.000000000,N Lamar,Mario Munoz,Leo's,Fuel and Diesel,,XZ,Mario,1442
1443,2025-03-07 00:00:00.000000000,N Lamar,Mario Munoz,Ace Contractors Supply,Varios,,MM,Mario,1443
1444,2025-03-07 00:00:00.000000000,Rosewood Ave,Mario Munoz,Leo's,Varios,,MM,Mario,1444
1445,2025-03-07 00:00:00.000000000,N Lamar,Mario Munoz,Leo's,Fuel and Diesel,,MM,Mario,1445
1446,2002-03-07 00:00:00.000000000,CTECC,Mario Munoz,Tex-Con,Fuel and Diesel,,MM,Mario,1446
1447,2025-03-07 00:00:00.000000000,E 33rd,Mario Munoz,Ace Contractors Supply,Varios,,MM,Mario,1447
1448,2025-03-11 00:00:00.000000000,N Lamar,Mario Munoz,RSS,Varios,,MM,Mario,1448
1449,2025-03-11 00:00:00.000000000,N Lamar,Mario Munoz,Leo's,Varios,,MM,Mario,1449
1450,2025-03-13 00:00:00.000000000,Rosewood Ave,Mario Munoz,Leo's,Varios,,MM,Mario,1450
1451,2025-03-09 00:00:00.000000000,N Lamar,Mario Munoz,Tex-Con,Fuel and Diesel,,MM,Mario,1451
1452,2025-03-17 00:00:00.000000000,Teri Rd,Mario Munoz,Ace Contractors Supply,Varios,,HZL2413,Mario,1452
1453,2025-03-17 00:00:00.000000000,W 38th,Mario Munoz,Leo's,Fuel and Diesel,,MM,Mario,1453
1454,2025-03-17 00:00:00.000000000,N Lamar,Mario Munoz,RSS,Varios,,MM,Mario,1454
1455,,,,,,,,Mario,1455
1456,2025-03-19 00:00:00.000000000,11th and Red River,Mario Munoz,Tex-Con,Fuel and Diesel,,MM,Mario,1456
1457,,,,Tex-Con,gerado,,,Mario,1457
1458,,,,,,,,Mario,1458
1459,,,,,,,,Mario,1459
1460,,,,,,,,Mario,1460
1461,,,,,,,,Mario,1461
1462,,,,,,,,Mario,1462
1463,,,,,,,,Mario,1463
1464,,,,,,,,Mario,1464
1465,,,,,,,,Mario,1465
1466,,,,,,,,Mario,1466
1467,,,,,,,,Mario,1467
1468,,,,,,,,Mario,1468
1469,,,,,,,,Mario,1469
1470,,,,,,,,Mario,1470
1471,,,,,,,,Mario,1471
1472,,,,,,,,Mario,1472
1473,,,,,,,,Mario,1473
1474,,,,,,,,Mario,1474
1475,,,,,,,,Mario,1475
1476,,,,,,,,Mario,1476
1477,,,,,,,,Mario,1477
1478,,,,,,,,Mario,1478
1479,,,,,,,,Mario,1479
1480,,,,,,,,Mario,1480
1481,,,,,,,,Mario,1481
1482,,,,,,,,Mario,1482
1483,,,,,,,,Mario,1483
